Name of the college,District
A M A L College,Visakhapatnam
A Veeriya Vendayar Memorial Sri Pushpam College,Thanjavur
A. K. Singh College,
A. V. Patel Commerce College,Valsad
A.B.M. College,Purbi Singhbhum
A.B.M. Degree College,Prakasam
A.B.N & P.R.R. College,
A.B.R. College of Engineering & Technology,
A.B.R.L. Degree College,Sant Kabir Nagar
A.C.T. College of Engineering and Technology,Kancheepuram
A.D. Biligowda First Grade College,Mandya
A.D. Mahavidyalaya,Puri
A.D. Patel Institute of Technology,
A.D.M. College for Women,Nagapattinam
A.D.P. College,Nagaon
A.D.V.S. First Grade College,Davanagere
A.E.S. College,Sonbhadra
A.E.S. National College,Kolar
A.G Padmavathi College of Nursing,,
A.G. Hashmi Degree College,Balrampur
A.G.K.M. College,Guntur
A.I. Jat Heroe's Memorial College,Rohtak
A.J. College of Education,Krishna
A.J. Institute of Management,
A.J. Kalasala,Krishna
A.J.K. College of Arts & Science,Coimbatore
A.K. (PG) College,Firozabad
A.K.K. New Law Academy,Pune
A.K.P. Degree College,Bulandshahr
A.L. Choudhury College,Hailakandi
A.M Reddy Memorial College of Pharmacy,
A.M Reddy Memorial College of Pharmacy,Guntur
A.M. College of Education,Nashik
A.M. College of Law.,Mathura
A.M. College,Gaya
A.M. Reddy Memorial College of Engineering and Technology (HM),,
A.M.C.S. College,Kandhamal
A.M.P. law College,Rajkot
A.N. College,Patna
A.N. Varadarjula First Grade College,Hassan
A.N.D. College,Samastipur
A.N.D. Teachers' Training College,Sitapur
A.N.P. Sanskrit Mahavidyalaya,Madhubani
A.N.R. College,Krishna
A.N.S. College,Aurangabad
A.N.S. College,Patna
A.P. Gupta Awam Srimati Geeta Devi Mahila Mahavidyalaya,Gorakhpur
A.P. Mahavidyalaya,Kushinagar
A.P. Residential Degree College,Guntur
A.P. Sen Memorial Girls College,Lucknow
A.P. Singh Mahavidyalaya,Pratapgarh
A.P.A. College for Women,
A.P.C. Mahalaxmi College for women,
A.P.S. Mahavidyalaya,
A.R. Burla Mahila Varishtha Mahavidyalaya,Solapur
A.R. Govindaswamy College of Arts and Commerce,Davanagere
A.R.C. Degree College,Sant Kabir Nagar
A.R.M. First Grade College,Davanagere
A.R.S. Shakhida Arts & C.C. Gediwala Commerce & C.C. Home Science College,
A.S. College for Women,Ludhiana
A.S. College,Kashmir
A.S. College,Ludhiana
A.S. College,Rohtas
A.S. Degree College,
A.S.B.D. Memorial Degree College,Hardoi
A.S.N. Pharmacy College,Guntur
A.S.P. College of Commerce,
A.S.S. Ayurved College,
A.S.S.P. Mandal’s Maharaj J.P. Valvi Arts, Commerce & Shri. V.K.Kulkarni Science College,
A.U. College of Engineering,Visakhapatnam
A.V. College of Science Arts & Commerce,
A.V. Kamalamma College for Women,Davanagere
A.V. Kanthamma College for Women,
A.V.C. College,
A.V.P. College of Arts & Science (Co-Education),,Tirupur
A.V.R. & S.V.R. Engineering College,Kurnool
A.V.V. Degree & P.G. College,Warangal
AAA College of Engineering and Technology,
Aadinath College of Education,Lalitpur
AAER’S Asian College of Science and Commerce,Pune
Aakansha College,Muzaffarnagar
Aala Hazrat Degree College,Bareilly
Aalim Muhammed Salegh College of Engineering,
Aaryabhatta Kala Avam Vigyan Mahavidyalaya.,Gariaband
Aastha Educational Institute,
Aayojan School of Architecture and Design,Pune
Aayojan School of Architecture,Jaipur
Abacus Institute of Engineering and Management,
Abasaheb Marathe Arts and New Commerce, Science College,
Abasaheb Parvekar Mahavidyalaya,Yavatmal
Abbas Khan College for Women,
Abdul Ahad Azad Memorial Degree,Kashmir
Abdul Aziz Ansari Degree College,
Abdul Gaffar Mahavidyalaya,Unnao
Abdul Kalam Institute of Technological Sciences,
Abdul Qaiyum Ansari College,Jehanabad
Abdul Razaq Memorial Degree College,
Abdul Razzaq Degree College,
Abdul Usman Mahavidyalaya,Mau
Abeda Inamdar Senior College of Arts, Science & Commerce,Pune
ABES Engineering College,Ghaziabad
Abha Yadav Smarak Kanya Degree College,Allahabad
Abhai Balika Mahavidyalaya,Allahabad
Abhay College of Commerce and Education,Varanasi
Abhay Mahavidyalaya,Varanasi
Abhay Pratap Singh Degree College,Fatehpur
Abhay Veer Smriti Mahavidyalaya,Etawah
Abhay Yuwa Kalyan Kendra's College of Education,Dhule
Abhay Yuwa Kalyan Kendras Arts Mahila Mahavidyalaya,Dhule
Abhayapuri College,Goalpara
Abhedananda Mahavidyalaya,Birbhum
Abhimanyu Samanta Singhar College,Jaipur
Abhinav Education Society’s College of Education,Pune
Abhinav Pragya Mahavidyalaya,Fatehpur
Abhinav Pragya Mahavidyalaya,Hamirpur
Abhinav Shetkari Shikshan Mandal’s Abhinav College of Arts, Commerce and Science,Thane
Abhinava Sewa Sansthan Mahavidyalaya,
AbhinavPragya Mahavidyalaya,Hamirpur
Abhyudaya Oriental College (Evening),Hyderabad
ABMS Parishad's yashwantrao Chavan Law College,Pune
Abul Kalam Azad Educational Institute,Siddharthnagar
Abul Kalam Azad Mahavidyalaya,,Gonda
Abul Kalam Minority Teachers Training College,West Champaran
Academy of Business Administration,
Academy of Scientific and Innovative Research,Ghaziabad
Accurate Institute of Management & Technology,
ACE Engineering College,Rangareddy
Ace Institute of Management & Technology,Budaun
Acharatlal Girdhar Lal Teachers College,Ahmadabad
Acharaya Chankya Mahavidyalaya,Sultanpur
Achariya Arts and Science College,
Achariya College of Engineering Technology,
Acharya & BM Reddy College of Pharmacy,Bangalore
Acharya B.N. Seal College,
Acharya Baldev College,Jaunpur
Acharya Bangalore B-School,Bangalore
Acharya College of Education,Bangalore
Acharya First Grade College for Women,Kolar
Acharya Girish Chandra Bose College,Kolkata
Acharya Institute of Graduate Studies,Bangalore
Acharya Institute of Management and Sciences,
Acharya Institute of Technology,Bangalore
Acharya Jagadish Chandra Bose College,Kolkata
Acharya Naendra Deo Kisan Degree College,Gonda
Acharya Narayana College,Sultanpur
Acharya Narendra Deo Nagar Nigam Girls Degree (PG) College,Kanpur Nagar
Acharya Narendra Dev College,New Delhi
Acharya Pathasala College of Arts & Science,Bangalore
Acharya Pathashala College of Commerce,Bangalore
Acharya Pathashala Evening College of Arts & Commerce,Bangalore
Acharya Prafulla Chandra College,North Twenty Four Parganas
Acharya Prafulla Chandra Roy Government College,Darjiling
Acharya Sukumar Sen Mahavidyalaya,
Acharya Tara Chand Shastri Mahvidhyalaya,Agra
Acharya Triveni Das Balika Mahavidyalay,,Ghazipur
Acharya Tulsi National College of Commerce,Shimoga
Acharya Vinoba Bhave Degree College,Sultanpur
Acharya’s NRV School of Architecture,Bangalore
Achhruram Memorial College,Puruliya
Achyarya Jawadekar Shikshan Shastra Mahavidyalaya,Kolhapur
ACME College of Engineering,Ghaziabad
Acme Institute of Management & Technology,Agra
ACS College of Engineering,Bangalore
Adaikalamatha College,Thanjavur
Adarash College,Giridih
Adarsh Arts and Commerce College,Gadchiroli
Adarsh Bharti Mahavidyalaya,Jaunpur
Adarsh College of Education,Dewas
Adarsh College of Education,Jammu
Adarsh College of Science, Commerce & Arts,
Adarsh Comprehensive College of Education & Research,Pune
Adarsh Devkali Baba Smarak Mahavidyalaya,Azamgarh
Adarsh Hindi Mahavidyalaya Degree Colege,Nizamabad
Adarsh Institute of Management & Science,Dhar
Adarsh Janta Mahavidyalaya,Etah
Adarsh Janta Mahavidyalaya,Kheri
Adarsh Janta Mahavidyalaya,Mirzapur
Adarsh Kanya Mahavidyalaya,Ambedkar Nagar
Adarsh Krishan College of Education,Mainpuri
Adarsh Mahavidhyalaya,Jodhpur
Adarsh Mahila Mahaviyalaya,Bhiwani
Adarsh Nanhku Ram Mahavidyalay,Jaunpur
Adarsh Samaj Mahavidyalaya,Firozabad
Adarsh Sangit College,Sagar
Adarsh Satendra Mahavidyalaya,Lucknow
Adarsh Science, J.B. Arts and Birla Commerce Mahavidyalaya,Amravati
Adarsh Sewa Bhartiya Mahavidyalaya,Varanasi
Adarsh Shikshan Sanstha’s Kalikadevi Arts, Commerce & Science College,Bid
Adarsh Shri Basudeo Sanskrit Mahavidyalaya,Jaunpur
Adarsh Vidya Mandir College of Education Shiksha Mahavidyalaya,Jaipur
Adarsh Vidya Prasarak Sanstha’s, Adarsh College of Arts & Commerce,Thane
Adarsh Vidya Vardhaka Sangha Shiv Parappasangappa Sajjan Art College,Bangalore
Adarsha Education Society's Arts, Commerce and Science College,Parbhani
Adarsha Shikshna Samiti's Commerce College,Gadag
Adharsh Vidhyalaya College of Arts & Science For Women,Erode
Adharshila College of Education,Meerut
Adhi College of Engineering and Technology,Kancheepuram
Adhi Yamaan College of Engineering,Hosur
Adhiparasakthi College of Arts and Science,Vellore
Adhiparasakthi College of Pharmacy,
Adhiparasakthi Engineering College,Kancheepuram
Adhiyamaan College of Engineering,Hosure
Adhiyaman Arts and Science College for Women,Krishnagiri
Adhunik Institute of Education & Research,Ghaziabad
Adhyapak Mahavidyalaya,Pune
Adhyapak Shiksha Mandal's C.H.C. Arts S.G. Patel Commerce & Babaji B.J. Patel Science College,Nandurbar
Adichunchanagiri Institute of Technology,
Adikari Saraldass College,Cuttack
Adishakati Dhandai Mata Shikshan Prasarak Sanstha’s Late Annasaheb R.D. Deore Arts & Science College,Dhule
Aditanar College of Arts & Science,
Adithya Institute of Technology,Coimbatore
Aditi Mahavidyalaya,
Aditya College of Architecture,Mumbai
Aditya College of Engineering & Technology,East Godavari
Aditya College of Engineering,,Chittoor
Aditya College of Engineering,East Godavari
Aditya College of Law,Agra
Aditya College of Pharmacy,East Godavari
Aditya Degree & PG College,Vizianagaram
Aditya Degree College for Women,
Aditya Degree College for Women, Road No. 5,
Aditya Degree College,
Aditya Degree College,,
Aditya Degree College,,Visakhapatnam
Aditya Degree College,Rajamundry
Aditya Degree College,Visakhapatnam
Aditya Degree College,West Godavari
Aditya Engineering College,East Godavari
Aditya Institute of Management Studies and Research,Mumbai
Aditya Institute of Management, Science and Research,
Aditya Institute of Technology and Management,Srikakulam
Aditya Narayan College,Dumka
Aditya Pharmacy College,East Godavari
Adivasi Arts & Commerce College,Panch Mahals
Adivasi Arts and Commerce College,Sabar Kantha
Adivasi College,Kandhamal
Adivasi Pragati Mandal Sanchalit Comrade Godavari Shamrao Parulekar College of Arts, Commerce and Science,Thane
Adrash College,Sangli
Adusumilli Gopalakrishnaiah & Sugarcabe Growers Siddhartha Degree College of Arts & Science,Krishna
Adv. Sitaram (Babanbhai) Anandramji Baheti Arts, Commerce & Science College,Jalgaon
Advance Computer College,Osmanabad
Advance Institute of Management,Ghaziabad
Advocate Ramkrishnaji Rathi Law College,Washim
Adwaita Mission Training College,Banka
AEC Training College and Centre,Hoshangabad
Aeronautics College,Soraput
Afzal Mashkabee Taher Anasari Government First Grade College,
Afzalgarh Mahavidyalaya,Bijnor
Agalpur Panchayat Samiti College,Balangir
Agarapara College,Bhadrak
Agasti Arts, Commerce and Dadasaheb Rupwate Science College,
Aggarawal Girls Mahavidyalaya,Sawai Madhopur
Aggarwal College,Faridabad
Aghore Kamini Prakash Chandra Mahavidyalaya,Hugli
Agni College of Technology Thalambur Village,
Agni College of Technology,Chennai
Agra College,Agra
Agra Vanasthali Mahavidyalya,Agra
Agrasen Mahavidyalaya,Raipur
Agrasen Post Graduate College,Bulandshahr
Agrawal College,Jaipur
Agurchand Manmull Jain College,Chennai
Ahalia School of Optometry and Research Centre,,Palakkad
Ahir College,
Ahmedabad Arts and Commerce College,Ahmadabad
Ahmedabad Commerce (G.B. Shah Commerce) College,Ahmadabad
Ahmedabad Homoeopathic Medical College,Ahmadabad
Ahmedabad Physiotherapy College,Ahmadabad
Ahmednagar College,
Ahmednagar Zilla Maratha Vidya Prasarak Samaj's New Arts, Commerce & Science College,
AIMAN COLLEGE OF ARTS AND SCIENCE FOR WOMEN,Tiruchirappalli
Aishwarya College of Education Sansthan,Udaipur
Aishwarya College of Education,Jodhpur
Aizawl Government College,Aizawl
Aizawl North College,Aizawl
Ajab Narayan Harish Chandra Smarak Mahavidyalaya,Pratapgarh
Ajara Mahavidyalaya,Kolhapur
Ajay Binay Institute of Technology,Cuttack
Ajay Pal Singh Degree College,,Hardoi
Ajmer Sangeet College,Ajmer
Akal College of Education for Women,
Akal Degree College For Women,Sangrur
Akal Degree College,Sangrur
Akarapu Sharath Chandrika Devi Memorial College for Women,Warangal
Akashdeep Teachers Tarining Girls College,Jaipur
Akbar Peerbhoy College of Commerce & Economics,Mumbai
Akbarpur Degree College,Kanpur Dehat
AKG College,Lucknow
Akhand Anand Arts and Commerce College,Surat
Akhil Bhartiya Sanskrit Hindi Vidyapeeth,Begusarai
Akhilbhagya Degree College,Gorakhpur
Akhtari Qureshi Girls Degree College,Bijnor
Akkamahadevi Mahila Mahavidyalaya,Bidar
AKLR Govt. Oriental College,Hyderabad
Akshara Institute of Management Studies,
Akshay Academy College,Indore
Akshaya College of Engineering and Technology,Coimbatore
Akshyawat College,Vaishali
Akui Kamalabala Women’s College,Bankura
Al Hafeez College,Bhojpur
Al Jamia Arts and Science College,Malappuram
Al Salama Institute of Architecture Dist. Malappuram - 679 338,Malappuram
Al Shifa College of Arts and Science,Malappuram
Al- Shifa College of Pharmacy,Malappuram
Al-Ameen Arts, Science & Commerce College,Bangalore
Al-Ameen College of Education,Bangalore
Al-Ameen College of Law,Bangalore
Al-Ameen College of Pharmacy,Bangalore
Al-Ameen College,
Al-Ameen Engineering College,Erode
Al-Ameen Institute of Information Sciences,Bangalore
Al-Ameen Institute of Management Studies,Bangalore
Al-Ameen Memorial Minority College,Kolkata
Al-Ameen Tippu Sultan Shaheed Degree College,Bangalore
Al-Azhar College of Arts and Science,Idukki
Al-Azhar College of Pharmacy,Idukki
Al-Azhar Dental College,Idukki
Al-Azhar Law College,
Al-Azhar Medical College, & Super Specialty Hospital,
Al-Azhar Training College,Idukki
Al-Barkaat Institute of Education,Aligarh
Al-Habeeb Teacher’s Training College,Bokaro
Al-Iqra Teacher’s Training College,Dhanbad
Al-Noor College of Education,Kashmir
Al-Shifa College of Nursing,  Lemon Valley,Malappuram
Al-Shifa College of Paramedical Science,Malappuram
Alagappa Chettiar College of Engineering and Technology,
Alagappa Government Arts College,Sivagangai
Alagappa University College of Education,Pasumpon Thevar Thirumagan
Alaka Mahavidyalaya,Jagatsinghapur
Alankar Mahila P.G. Mahavidyalaya,Jaipur
Albertian Institute of Science and Technology (AISAT),
Aldel Education Trust’s St. John College of Engineering and Management,Palghar
Aldel Education Trust’s St. John College of Humanities & Science, St. John Technical and Educational Campus,,Palghar
Aldel Education Trust’s St. John Institute of Pharmacy and Research,Palghar
Alder College,Kohima
Alena Mahavidyalaya,Sultanpur
Alhaz Sunai Bibi Choudhury College,Nagaon
Aligarh College of Education,Aligarh
Aligarh College of Engineering & Management,Aligarh
Aligarh Muslim University,Aligarh
Alipurduar College,Jalpaiguri
Alipurduar Mahila Mahavidyalaya,
All Ameen Haji Dada First Grade College of Arts, Science & Commerce,Hassan
All Bengal Teachers' Training College,Kolkata
All India Institute of Medical Sciences, Bathinda
All India Institute of Medical Sciences, Bathinda,Bathinda
All India Institute of Medical Sciences, Bhopal
All India Institute of Medical Sciences, Bhopal,Bhopal
All India Institute of Medical Sciences, Bhubaneswar
All India Institute of Medical Sciences, Bhubaneswar,Bhubaneswar
All India Institute of Medical Sciences, Bibinagar
All India Institute of Medical Sciences, Bibinagar,Bibinagar
All India Institute of Medical Sciences, Deoghar
All India Institute of Medical Sciences, Deoghar,Deoghar
All India Institute of Medical Sciences, Gorakhpur
All India Institute of Medical Sciences, Gorakhpur,Gorakhpur
All India Institute of Medical Sciences, Jodhpur
All India Institute of Medical Sciences, Jodhpur,Jodhpur
All India Institute of Medical Sciences, Kalyani
All India Institute of Medical Sciences, Kalyani,Kalyani
All India Institute of Medical Sciences, Mangalagiri
All India Institute of Medical Sciences, Mangalagiri,Mangalagiri
All India Institute of Medical Sciences, Nagpur
All India Institute of Medical Sciences, Nagpur,Nagpur
All India Institute of Medical Sciences, New Delhi
All India Institute of Medical Sciences, New Delhi,New Delhi
All India Institute of Medical Sciences, Patna
All India Institute of Medical Sciences, Patna,Patna
All India Institute of Medical Sciences, Raebareli
All India Institute of Medical Sciences, Raebareli,Raebareli
All India Institute of Medical Sciences, Raipur
All India Institute of Medical Sciences, Raipur,Raipur
All India Institute of Medical Sciences, Rishikesh
All India Institute of Medical Sciences, Rishikesh,Rishikesh
All India Institute of Speech & Hearing,Mysore
All India Shri Shivaji Memorial Society’s College of Engineering,Pune
All India Shri Shivaji Memorial Society’s College of Hotel Management and Catering Technology,Pune
All India Shri Shivaji Memorial Society’s College of Pharmacy,Pune
All India Shri Shivaji Memorial Society’s Institute of Information Technology,Pune
All Saints College,Thiruvananthapuram
All-India Khilafat Committee College of Education,Mumbai
Allahabad Degree College,Allahabad
Allama Iqbal College,Nalanda
Almadina College of Education,Mahbubnagar
Almighty Degree College,
Alok Vigyan Mahavidyalaya,Ajmer
Alpha Arts and Science College,Chennai
Alphonsa Arts and Science College,Wayanad
Alphonsa College,Kottayam
Alpine College of Education,
Alva’s College,
Alva’s Institute of Engineering and Technology,Dakshina Kannada
Alvi Girls Degree College,
Amal College of Advanced Studies,Malappuram
Amal Jyothi College of Engineering,Kottayam
Amar Bhartiya Mahavidyalaya,Gwalior
Amar Nath Girls Degree College,Mathura
Amar Shaheed B.A.S.J.S. Memorial College,Rupnagar
Amar Shaheed Baba Ajit Singh Jujhar Singh Memorial College of Pharmacy,ropar
Amar Shaheed Kanchan Singh Mahavidyalaya,Fatehpur
Amar Shaheed Thakur Duriyav Singh Degree College,Fatehpur
Amar Shahid Rao Ram Baksh Singh Degree College,Unnao
Amar Singh College,Bulandshahr
Amar Singh Mahavidyalaya,Rae Bareli
Amar Singh Memorial Degree Collge,
Amar Singh Rajpoot Memorial Mahavidyalaya,Hamirpur
Amar Veerangana Rani Durgawati  Shaskiya Mahavidyalaya,Damoh
Amarawati Devi Mahavidhyalay,Gorakhpur
Amardeep College,Firozabad
Amardeep Singh Shergil Memorial College,Jalandhar
Amareshwar Arts & Commerce College,Bidar
Amarjeet Singh Shiksha Smarak Mahila Mahavidyalaya,Mau
Amarnath Mishra P.G. College,Ballia
Amaryuti Satsang College,Deoghar
Amba K.P.S.B.P. College of Education,Sant Kabir Nagar
Ambah Postgraduate College,Morena
Ambai Arts College,Tirunelveli
Ambay College of Law,Ghaziabad
Ambay Girls Degree College,
Ambedkar College of Arts & Science,Malappuram
Ambedkar College,North Tripura
Ambedkar Degree College,Meerut
Ambegaon Taluka Vidya Vikas Mandal’s B. D. Kale Mahavidyalaya,,Pune
Ambika Prasad Degree College,Chandauli
Ambika Pratap Narain Post - Graduat College,Basti
Ambika Ram Devi Degree College,
Ambikabai Jadhav Mahila Mahavidyalaya,Thane
Ambli Dodda Bharmappa First Grade College,Bellary
AMC Engineering College,Bangalore
AMC Group of Educational Institutions,,Palakkad
Amdanga Jugal Kishore Mahavidyalaya,North Twenty Four Parganas
Amdar Shashikant Shinde Mahavidyalaya,Satara
Amer Maharaja College,Jaipur
Amguri College,Sivaganga
Amir Hasan Sakur Ahmed College,Madhubani
Amiruddaula Islamia Degree College,Lucknow
Amit Mahavidyalaya,Kushinagar
Amman College of Arts & Science,Dindigul
Amogha Institute of Professional and Technical Education,Ghaziabad
Amolakchand Mahavidyalaya,Yavatmal
Amolakchand Vidhi Mahavidyalaya,Yavatmal
Amrat Kapadia Navjivan Women's College,Hyderabad
Amrawati Devi Degree College,Pratapgarh
Amridula Islamia Degree College,Lucknow
Amrit Ganga Degree College,Allahabad
Amrit Lal Mahavidyalaya,Mahrajganj
Amrita Sai Institute of Science & Technology,Krishna
Amrita Singh Memorial Degree College,Aligarh
Amritsar Group of Colleges,Amritsar
Amruta Institute of Engineering & Management Sciences,
Amruteshwar Arts, Commerce & Science College,Pune
Amrutvahini Sheti and Shikshan Vikas Sansthan’s Amrutvahini College of Engineering,Pune
Amtunna Bano Mahila Mahavidyalaya,Kannauj
Anand Arts College,Anand
Anand Chandra College of Commerce,Jalpaiguri
Anand College of Education,Agra
Anand Commerce College,Anand
Anand Degree College,
Anand Education College,Anand
Anand Homowopathic Medical College and Research Institute,Anand
Anand Institute of Higher Technology,Kancheepuram
Anand Law College,Anand
Anand Mahila Mahavidyalaya,Azamgarh
Anand Mercantile College of Science, Management & Computer Technology,Anand
Anand Niketan College of Agriculture,Chandrapur
Anand Niketan College,Chandrapur
Anand Pharmacy College,Anand
Anand Vihar College for Women,Bhopal
Ananda Chandra College,Jalpaiguri
Ananda Chandra Training College,Jalpaiguri
Ananda College,Sivagangai
Anandamohan College,Kolkata
Anandapur College,
Anandi Devi Institute of Higher Education,Hatras
Anandi Janki Mahila Mahavidyalaya,Purnia
Anandras Dhonde Alias Babaji Mahavidyalaya,Bid
Anantha Lakshmi Institute of Technology and Sciences,
Anantha Lakshmi Institute of Technology and Sciences,Anantapur
Ananthacharya Indological Research Institute,Mumbai
Anantrao Pawar College,Pune
Anantrao Thopte Arts, Science & Commerce College,Pune
Anchal College,Bargarh
Anchalik Kishan College,Bargarh
Anchalik Sahayog Degree College,
Anchalika Degree College,Ganjam
Anchalika Degree Mahavidyalaya,Dhenkanal
Anchalika Degree Mahavidyalaya,Ganjam
Anchalika Degree Mahavidyalaya,Mayurbhanj
Anchalika Mahavidyalaya,
Anchalika Mahavidyalaya,Mayurbhanj
Anchalika Mahavidyalaya+3,
Anchalika Panchayat College,Jaipur
Anchalika Science Degree College,Ganjam
Andhra Bashabhi Vardhini Govt. College,Warangal
Andhra Christian College,Guntur
Andhra Loyola College,Krishna
Andhra Loyola Institute of Engineering and Technology,Vijayawada
Andhra Luthern College for Education,Guntur
Andhra Mahila Sabha School of Informatics,Hyderabad
Andhra Medical College,Visakhapatnam
Andhra Muslim College,Guntur
Andhra Vidyahi Vardhani Degree & P.G. College,Warangal
Andhra Women's Sanskrit College,Visakhapatnam
Angappa College of Arts & Science,Coimbatore
Angel Charities, Fr. C. Rodrigues Institute of Technology,,Mumbai
Angel College of Engineering and Technology,Tiruppur
Angoori Devi College of Law Education,Bulandshahr
Angppa College of Arts & Science,Coimbatore
Angul Mahila Mahavidyalaya,
Aniket College of Social Work,Wardha
Anil Neerukonda Institute of Technology & Sciences,Visakhapatnam
Anitha Venkateswara Rao College of Education,Guntur
Anjali Institute of Management and Science,Agra
Anjani Girdhari Adarsh Mahavidyalaya,
Anju Priyanka Degree College,
Anjum Mahila Mahavidyalaya,,Kushinagar
Anjuman Arts, Science & Commerce College,
Anjuman Arts, Science & Commerce College,Bijapur
Anjuman Arts, Science and Commerce College,Dharwad
Anjuman B.Ed College,Kheda
Anjuman College of Arts and Commerce,Belgaum
Anjuman Education Trust B.Ed College,Kheda
Anjuman Education Trust M.Ed. College,Kheda
Anjuman Imadaut Tulba's Arts, Commerce & Science  Night College,Nashik
Anjuman-E-Islam's Nehru Arts, Science and commerce College,Dharwad
Anjuman-I-Islam’s Kaleskar Technical Campus, School of Engineering & Technology,
Anjuman-I-Islam’s Kaleskar Technical Campus, School of Pharmacy,
Anna Adarsh College for Women Shanthi Colony,Chennai
Annada College,Hazaribagh
Annai College of Arts & Science,
Annai Fathima College of Arts and Science,Madurai
Annai Mathammal Sheela Engineering College,Namakkal
Annai Vailankanni Arts & Science College,Thanjavur
Annai Vailankanni College of Engineering,
Annai Velankanni College,
Annamacharya College of Pharmacy,Y.S.R.
Annamacharya Institute of Technology & Science,
Annamacharya Institute of Technology & Sciences,Chittoor
Annamacharya Institute of Technology & Sciences,Y.S.R.
Annamacharya Institute of Technology and Sciences,
Annamacharya PG College of Computer Studies.,
Annammal College of Education for Women,
Annapoorana Engineering College,Salem
Annapurnadevi Vidya Prasarak Sanstha Sanchalit, Late. Annasaheb Pitambar Shankar Wadile Arts College,Dhule
Annasaheb Dange College of B Pharmacy,Sangli
Annasaheb Dange College of Engineering & Technology,Sangli
Annasaheb Gundewar College,Nagaon
Annasaheb Magar Mahavidyalaya,Pune
Annasaheb Vartak College of Arts & Kedarnath Malhotra College of Commerce & E.S. Andrades College of Science,Thane
Annasaheb Waghire Arts, Science and Commerce College,Pune
Annavaram Satyavati Devi  Govt. College for Women,East Godavari
Anooplal Yadav Mahavidyalaya,Supaul
Ansal Institute of Technology,Gurgaon
Ansar Arabic College,Malappuram
Antyoday Mahavidyalaya, Devgram,Nagpur
Anubis Degree College,Bareilly
Anubose Institute of Technology,Khammam
Anupama Rai Memorial College of Education,
Anuradha Engineering College,Buldana
Anurag College of Pharmacy,Nagpur
Anurag Engineering College,Nalgonda
Anurag Group of Institutions,Rangareddy
Anushri Mahavidyalaya,
Anvarul Islam Arabic College,Malappuram
Anvarul Islam Women’s Arabic College,Malappuram
Anwar - Ul - Uloom College (Afternoon) of Arts & Commerce,Hyderabad
Anwar-Ul-Uloom College of Business Management,Hyderabad
Anwarul-Uloom College,Hyderabad
AP.S.M. College,Begusarai
Apeejay College of Fine Arts,Jalandhar
Apeejay Institute of Management & Engineering Technical Campus.,Jalandhar
Apeejay Sareswati College for Girls,Bhiwani
Apex College,Nagaur
Apital Law College,
Apollo College, Opp. Veterinary College,Durg
Appasaheb Birnale College of Pharmacy,Sangli
Appasaheb Ragunathrao Bhaurao  Garud Arts, Commerce  & Science College,Jalgaon
Appaswami Mahavidyalaya,Washim
Apsam College of Education,Bhojpur
Aqsa Women’s Degree College,Thane
Aquinas College,
Arambagh Girls’ College,Hugli
Araria College,Araria
Arasu Engineering College,Thanjavur
Aravali P.G. College,,Sikar
Archana Girls Degree College,
Arcot Sri Mahaalakshmi Women’s College,
Arignal Anna Government Arts College,Viluppuram
Arignar Anna College,Kanniyakumari
Arignar Anna Government Arts & Science College,Karaikal
Arignar Anna Government Arts College for Men,Namakkal
Arignar Anna Government Arts College for Women,Vellore
Arignar Anna Government Arts College,Salem
Arignar Anna Government Arts College,Tiruchirappalli
Arignar Anna Government Arts College,Tiruvannamalai
Arihant Charitable Trust’s Arihant Charitable Minority B.S.W College,
Arihant College,Indore
Aristotle P.G. College,Rangareddy
Arjan Dass College,Firozpur
Arjun College of Technology & Sciences,Hyderabad
Arjun College of Technology,Coimbatore
Arjun Girls Degree College,Mau
Arjun Prasad Mahila Mahavidyalaya,Ambedkar Nagar
Arjun Singh Mahavidyalaya,Varanasi
Arjunganj Vidhya Mandir Degree College,Lucknow
Armapore Degree (PG) College,Kanpur Nagar
Armed Forces Medical College,Pune
Army Institute o Education,Gautam Buddha Nagar
Army Institute of Technology (AIT),Pune
Aronai College,Kokrajhar
Arpit Girls Degree College,
Arputha College of Arts and Science,Pudukkottai
Arts & Commerce College,
Arts & Commerce College,Buldana
Arts & Commerce College,Chandrapur
Arts & Commerce College,Chhindwara
Arts & Commerce College,Jalgaon
Arts & Commerce College,Pune
Arts & Commerce College,Sangli
Arts & Commerce College,Satara
Arts & Commerce College,Surat
Arts & Commerce Degree College,Bhandara
Arts & Commerce Girls Mahavidyalaya,Raipur
Arts & Science College for Women,
Arts & Science College,
Arts and Commerce College,
Arts and Commerce College,Amravati
Arts and Commerce College,Nashik
Arts and Commerce College,Pune
Arts and Commerce College,Sangli
Arts and Commerce College,Satara
Arts and Commerce College,Yavatmal
Arts and Commerce Mahila Mahavidyalaya,Bid
Arts and Science College,Amravati
Arts and Science College,Bid
Arts and Science Mahila Mahavidyalaya,Budaun
Arts College fo Education,
Arts College,
Arts College,Buldana
Arts College,Panch Mahals
Arts College,Sabar Kantha
Arts Degree College,Rewa
Arts, Comm. & Science College,Nanded
Arts, Commerce & Science College,
Arts, Commerce & Science College,Amravati
Arts, Commerce & Science College,Jalgaon
Arts, Commerce & Science College,Nanded
Arts, Commerce & Science College,Nashik
Arts, Commerce & Science College,Wardha
Arts, Commerce & Science College,Yavatmal
Arts, Commerce and Science College,
Arts, Commerce and Science College,Chandrapur
Arts, Commerce and Science College,Kolhapur
Arts, Commerce and Science College,Pune
Arts, Commerce and Science College,Sangli
Arts, Commerce College,Amravati
Arts, Commerce College,Satara
Arts, Comomerce & Science College,Nashik
Arts, Comomerce & Science College,Pune
Arts, Science & Commerce College,
Arts, Science & Commerce College,Jalna
Arts, Science & Commerce College,Nashik
Arts, Science & Commerce College,Osmanabad
Arts, Science & Commerce College,Pune
Arts, Science & Commerce College,Sangli
Arts, Science and Commerce College,
Arts, Science and Commerce College,Amravati
Arts, Science and R.A. Patel Commerce College,
Arul Anandar College,Madurai
Arulmigu Kalasalingam College of Arts & Science,Virudhunagar
Arulmigu Kalasalingam College of Education,Virudhunagar
Arulmigu Kalasalingam College of Engineering,Virudhunagar
Arulmigu Kalasalingam College of Pharmacy,Virudhunagar
Arulmigu Palaniandavar College of Arts & Culture,Dindigul
Arumugam Pillai Seethai Ammal College,Sivagangai
Arun Kumar Keshari Mahila Mahavidyalaya,Sonbhadra
Aruna Memorial Saraswati Mahavidyalaya,Mau
Arunachala College of Engineering for Women,
Arunai Engineering College,Tiruvannamalai
Arunodaya Dnyan Prasarak Mandal's Women's College of Arts, Commerce & Home Science,Jalgaon
Arvindbabu Deshmukh Mahavidyalaya,Nagpur
Arya College of Engineering & Information Technology,Jaipur
Arya College of Engineering,
Arya College of Pharmacy,
Arya College,Ludhiana
Arya College,Panipat
Arya Girls College,Ambala
Arya Kanya Degree College,Allahabad
Arya Kanya Degree College,Almora
Arya Kanya Degree College,Hardoi
Arya Kanya Mahavidyalya,Kurukshetra
Arya Kanya Pathshala Degree College,Ghaziabad
Arya Kanya Post Graduate College,Jhansi
Arya Khajano Devi Mahavidyalaya,
Arya Mahila Degree College,Shahjahanpur
Arya Mahila P.G. College,Varanasi
Arya Shikshak Prashikshan Mahavidyalaya,Sikar
Arya Vidyapeeth Kanya Mahavidyalaya,Bharatpur
Arya Vidyapeeth Mahila Teachers' Training college,Bharatpur
Arya Vidyapith College,Kamrup
Aryabhatta College,New Delhi
Aryakul College of Education,Lucknow
Aryakul College of Pharmacy & Research Sitapur,Sitapur
Aryakul College of Pharmacy & Research,
Aryan Institute of Management & Computer Studies,Agra
Aryavart Institute of Higher Education,Lucknow
Asan Memorial College of Engineering & Technology,
Asannagar Madan Mohan Tarkalankar College,Nadia
Asansol Engineering College,Kolkata
Asansol Girls College,
ASC Degree College,Bangalore
Asha Bhagwan Bux Singh Mahavidyalaya,
Asha Mahavidyalaya,Ghazipur
Asha Mahavidyalaya,Varanasi
Asha Singh Mahavidyalaya,Ballia
Asharfi Lal Shukla Mahavidyalaya,Jalaun
Ashbhai Maganbhai Patel College of Commerce,Mumbai
Ashok & Rita Patel Institute of Integrated Study & Research in Biotechnology And Allied Sciences (Aribas),Anand
Ashok Mahavidyalaya,Basti
Ashok Mahavidyalaya,Unnao
Ashok Shukla Mahila Mahavidyalaya,Jalaun
Ashoka College of Education,Jammu
Ashoka Education  Foundation’s Ashoka International Centre for Educational Studies & Research,Nashik
Ashoka Education Foundation’s, Ashoka Center for Business and Computer Studies,Nashik
Ashoka Women’s Engineering College,,Kurnool
Ashrampatana Degree College,
Ashtang Ayruved College,Pune
Ashti Taluka Shikshan Prasarak Mandal's Adv. B.D. Hambarde Mahavidyalaya,
Ashutosh College,
Ashwaghosh Education and Vyayam Prasarak Mandal’s Women’s College of Bachelor in Computer Application,
Asian Educational Institute,
Asian Vidhi Evam Nayaik Vigyan Mahavidyalaya,Bareilly
Asian Worker Dev Institute,
Asim Siddique Memorial Degree College,Budaun
Aska Science College,Ganjam
Asom Sattriya Sangit Mahavidyalaya,Jorhat
ASS & SPS's Sh. Dh. Aggarwal Arts, RA Commerce and C.C.S. And M.G.A. Science College,
Assam Engineering College,Kamrup
Assam Medical College,Dibrugarh
ASSMP'S College of Arts,
Assumption College,
Astron College of Education,
Asufu Christian Institute,Senapati
Atal Behari College,
Atal Bihari Vajpayee Government College,
Atal Bihari Vajpayee Government Degree College,
Atal Bihari Vajpayee Government Degree College,Una
Atal Bihari Vajpayee Indian Institute of Information Technology and Management, Gwalior
Atal Bihari Vajpayee Indian Institute of Information Technology and Management, Gwalior,Gwalior
Atal Bihari Vajpayee Institute of Medical Science & Dr. Ram Manohar Lohia Hospital,
Atal Bihari Vajpayee Nagar Nigam Degree College,,Lucknow
Atar Singh Degree College,
Atarra Post Graduate College,
Atash College of Management & Technology,
Atharva Educational Trust’s Atharva College of Engineering,,Mumbai
Athawale College of Social Work,
Athmallik College,
Ati Bal Singh Mahavidyalaya,
Atma Prakash Adarsh Mahavidyalaya,Ghazipur
Atma Ram Mahavidyalaya,Budaun
Atma Ram Sanatan Dharma College,New Delhi
Atman College of Education,Jammu
ATME College of Engineering,Mysore
Atmiya Institute of Technology & Science,
Atria Institute of Technology,
Attabira College,
Audisankara College of Engineering & Technology,Sri Potti Sriramulu Nellore
Audisankara Institute of Technology,Sri Potti Sriramulu Nellore
Audyogik Shikshan Mandal’s College of Commerce, Science and Information Technology (CSIT),Pune
Audyogik Shikshan Mandal’s Institute of Business Management & Research (IBMR),Pune
Audyogik Shikshan Mandal’s Institute of International Business & Research (IIBR),Pune
Audyogik Shikshan Mandal’s Institute of Management & Computer Studies,Mumbai
Audyogik Shikshan Mandal’s Institute of Professional Studies (IPS),Pune
Audyogik Tantra Shikshan Sanstha ATSS College of Business Studies & Computer Application,Pune
Aul College,
Aurora’s P.G. College-MBA,
Aurora’s P.G. College-MCA,Hyderabad
Aurora’s Post Graduate College (MBA),Hyderabad
Aurora’s Post Graduate College (MCA),Hyderabad
Aurora’s Technological and Research Institute,
Auurveda & Unani Tibbia College,
Auxilium College of Arts & Science for Women,,
Auxilium College,
Avadh Girls Degree College,
Avanthi Institute of Engineering & Technology,Hyderabad
Avanthi Institute of Engineering and Technology,Visakhapatnam
Avanthi Institute of Engineering, and Technology,Vizianagaram
Avanthi Institute of Pharmaceutical Sciences,  Cherukupally Village,Vizianagaram
AVN Institute of Engineering & Technology,,Rangareddy
AVS College of Arts & Science,Salem
AVS Engineering College,Salem
Avvaiyar Government College for Women,
Awadh Bihari Sanskrit Mahavidyalaya,Khagaria
Awadh Bihari Singh Mahavidyalaya,Vaishali
Awadh Centre of Education for Women,
Awadh Narayan Singh Mahavidyalaya,
Awadhesh Singh Mahavidyalaya,
Awadhesh Suresh Singh Smarak Mahavidyalaya,
Awadhoot Bhagwan Ram P. G. College,
Ayachi Mithila Mahila College,Darbhanga
Ayodhya Prasad Dwivedi Degree College,
Ayodhya Prasad Memorial Degree College,
Ayodhya Prasad Mishra Mahavidyalaya,Unnao
Ayurved Mahavidyalaya,
Ayurvedi Mahavidyalaya Samiti's,
Ayurvedic College,
Ayya Nadar Janaki Ammal College,
Ayyan Thiruvalluvar College of Arts & Science,
Azad College of Education,
Azad Hind Four Smriti Mahavidyalaya,
Azad Hind Mahavidyalaya,
Azad Mahavidyalaya,
Azad Mahavidyalaya,Azamgarh
Azad Mahavidyalaya,Siddharthnagar
Azeem Memorial National Degree College,Sitapur
B C Bhoomaraddi College of Arts, Commerce & Science College,
B V K Degree College,Visakhapatnam
B. Baruah College,Kamrup
B. P. Poddar Institte of Management and Technology,Kolkata
B. Parauerwarahha Arts & Commerce College,
B. Raghunath Arts, Commerce and Science College,
B.A.J.S.S. Arts & Commerce College for Women,
B.A.J.S.S. First Grade Arts College,
B.B. Arts & N.B. & B.P. Science, Commerce College,
B.B. College,
B.B. Kishan College,Barpeta
B.B. Mahavidyalaya,
B.B.D. Government College,
B.B.H. College,Prakasam
B.B.K.D.A.V. College For Women,
B.B.N. College,
B.B.S. Public Degree College,
B.B.S. Raj Mahavidyalaya,Azamgarh
B.C.M. College of Education,
B.C.T. Kumaon Engineering College,
B.D. College,Patna
B.D. Shah College of Education,
B.D.D.B. Mahila Mahavidyalaya,
B.D.M. Mahavidyalaya,Mathura
B.D.M. Municipal Girls Degree College,
B.D.T. College of Engineering,
B.E.A. College of Education,
B.E.S. College of Education,
B.E.S. College,
B.E.S. Evening College of Arts & Commerce,Bangalore
B.E.S'S Marchant's Arts & Commerce College,
B.E.T. Sadathunnisa College,Bangalore
B.Ed College,
B.G.B.S. Women's College,West Godavari
B.G.S Science Academy, Jnanagangothri Campus,Chikkaballapura
B.H.B. College,Barpeta
B.H.H Degree College for Women,Guntur
B.J. Medical College,Pune
B.J. Vanijya Mahavidyalaya,
B.J.B. Morning College,
B.J.S. Rampuria Jain College,
B.K. Birla College of Arts, Science & Commerce,Thane
B.K. Birla Institute of Higher Education,,
B.K. Majumdar Institute of Business Administration-H.L.B.B.A.,
B.K. Mody Government Pharmacy College,
B.K. Patel Arts & Smt. L.M. Patel Commerce College,
B.K.M. Science College,
B.K.R. Girls Degree College,Ghazipur
B.K.S.N. Govt. College,
B.L. Academy of Higher Education,
B.L. Jindal Sui Wala College,
B.L.D.E. Association Basaveshwar Arts & Commerce College 4,
B.L.D.E. Association’s Smt. Bangaramma Sajjan Arts and Commerce College for Women,
B.L.D.E.A. Sdjanayogi Shri Siddeswar Swami College of Education,
B.L.D.E.A.'S Dr. Bachana Pitamchar P.G. Halakatti College of Engg. & Technology,
B.L.M. Girls College,
B.L.N.L. Bohra College,Sahibganj
B.M. College of Commerce,Pune
B.M. College,Madhubani
B.M. Memorial Degree College,Ambedkar Nagar
B.M. Ruia Girls’ College,
B.M. Shetty First Grade College,
B.M. Sreenivasaiah College for Women,
B.M.A. College,Darbhanga
B.M.B. Girls College,
B.M.D. College,Vaishali
B.M.S. College of Engineering,
B.M.S. College of Law,
B.M.S. Government First Grade College,
B.N. Bandodkar College of Science,
B.N. College of Education,Banka
B.N. College of Education,Jammu
B.N. College of Physical Education,
B.N. College,Dhubri
B.N. College,Patna
B.N. Degree College,
B.N. Girls College,
B.N. Jalan College,
B.N. Patel Institute of Paramedical and Science,Anand
B.N.A.S. Mahavidyalaya,
B.N.K.B. Post - Graduate college,
B.N.M. College,Munger
B.N.M.A. College,
B.N.M.V. College,Madhepura
B.N.S. Girls Degree College of Education,
B.N.V. College,Hamirpur
B.P. Baria Science Institute,Navsari
B.P. Chaliha College,Kamrup
B.P. Mahavidyalaya,Gonda
B.P. Poddar Institute of Management & Technology,Kolkata
B.P. Singh Degree College,
B.P. Sulakhe Commerce College,Solapur
B.P.C.A.'S College of Physical Education,Mumbai
B.P.H.E. Society’s Centre for Studies in Rural Development Institute of Social Work and Research,Ahmadnagar
B.P.H.E. Society’s Institute of Management Studies (Career Development & Research),Ahmadnagar
B.P.S. College of Education,Ahmadnagar
B.P.S. College,Gopalganj
B.P.S. Govt. Medical College for Women,
B.Parameshwarappa Arts And Commerce College,Chitradurga
B.R. Mahila College,Munger
B.R. Tambakad Arts and Commerce First Grade College,Haveri
B.R.B.S. Degree College,
B.R.D. Government Degree College,Sonbhadra
B.R.D. Medical College,Gorakhpur
B.S. College of Physical Education,Belgaum
B.S. College,Lohardaga
B.S. College,Patna
B.S. Educational Kanya Mahavidyalaya,Sitapur
B.S.A. College,Mathura
B.S.K College,Sahibganj
B.S.K. College,Dhanbad
B.S.M. (P.G.) College,Hardwar
B.S.N. Vocational College,Lucknow
B.S.P. College,Mathura
B.S.S. College,Saharsa
B.S.S. Mahavidyalaya,
B.S.S.G. Government College,Ludhiana
B.T. Chanaiah Gowramma Government First Grade College,Kodagu
B.T. Evening College,Chittoor
B.T. Women’s Degree College,
B.T.L. First Grade College,Bangalore
B.V. Parikh Janta College,Purbi Singhbhum
B.V. Raju College,West Godavari
B.V.B. College of Engg. And Technology,Dharwad
B.V.V. Sangha's Basaveshwar Law College,Bagalkot
B.V.V. Sangha's Basaveshwar Science College,Bagalkot
B.V.V. Sangha’s College of Education,Bagalkot
B.V.V. Sangha's S.C. Nandimath Law College,Bagalkot
B.V.V. Sangha's Shri S. R. Kanthi Arts, Commerce And Science College,
B.V.V.S. Akkamahadevi Women’s Arts, Science & Commerce College,Bagalkot
B.V.V.S'S Basaveshwar College of Physical Education,Bagalkot
B.V.V.Sangha’s Institute of Management Studies, Vidyagiri,Bagalkot
B.Y.K. Commerce College,Nashik
Baba Baijnath Degree College,Kanpur Nagar
Baba Baijnath ji Mahavidyalaya,Azamgarh
Baba Baijnath Mahavidyalaya,Azamgarh
Baba Banda Singh Bahadur Engineering College,Fatehgarh Sahib
Baba Bariyar Shah Mahavidyalaya,Sultanpur
Baba Barua Das Degree College,Ambedkar Nagar
Baba Barua Das Shikshan Sansthan Mahila Mahavidyalaya,Ambedkar Nagar
Baba Bhole Maa Parwati Maa Shobhawati Adarsh Mahavidyalaya,Sultanpur
Baba Bhootnath Mahavidyalaya,Paschim Champaran
Baba Bhrigu Mahavidyalaya,
Baba Bihari Lal Educational Institute,Ambedkar Nagar
Baba Budha College,Amritsar
Baba Domandev Mahavidyalaya,,
Baba Farid College of Engineering and Technology,
Baba Farid College of Management and Technology.,Bareilly
Baba Gajadhar Das Balika P.G. College,Ghazipur
Baba Gajjan Das Balika Mahavidyalaya,Ghazipur
Baba Ganesh Datt Degree College,Jaunpur
Baba Gangadas Government Girls College,Jaipur
Baba Gayadeen Baidya Babu Ram Mahavidyalaya,Gonda
Baba Heera Singh Deepa Singh Jee Primary Teachers Training College,Bhojpur
Baba Indradev Girls Educational Institute,Ghazipur
Baba Institute of Technology and Science,
Baba Jagdev Das Maa Amarawati Shivpujan Mahavidyalaya,Mau
Baba Jagdev Yadav Degree College,Allahabad
Baba Jageshwar Nath Mahavidyalaya,Chandauli
Baba Jai Gurudev Smriti Mahavidyalaya Tighra,
Baba Jai Ram Dwivedi Mahavidyalaya,
Baba Kashi Nath Mahavidyalaya,Ballia
Baba Khetanath Mahila Mahavidyalaya,Alwar
Baba Mathuradas Sitaram Mahavidyalaya,Ballia
Baba Mohanram Kissan (Co-Edu.) P.G. College,Alwar
Baba Naik Mahavidyalaya,Sangli
Baba Naipal Smarak Mahavidyalaya,Azamgarh
Baba Namdev University College,Gurdaspur
Baba Panchalingeswar Degree College,
Baba Parmahans Tribhuwan Smarak Mahila Mahavidyalaya,Mau
Baba Parvat Nath Degree College,Sant Kabir Nagar
Baba Prasiddha Narayan Mahavidyalaya,Jaunpur
Baba Raghav Das Post - Graduate College,Deoria
Baba Raghavadas Bhagwan Das Degree College,Deoria
Baba Raghavadas Bhagwandas Mahila Mahavidyalaya,Deoria
Baba Ramcharitra Mahavidyalaya,Ghazipur
Baba Ramdal Surajdev Smarak Mahavidyalaya,Ballia
Baba Ramdas Mahavidyalaya,Bareilly
Baba Ramdev Smarak Mahavidyalaya,Ghazipur
Baba Ramnath Smarak Mahavidyalaya,Ambedkar Nagar
Baba Ramnath Utkarsh Mahavidyalaya,Azamgarh
Baba Ramtahal Das Vishal Mahavidyalaya,Azamgarh
Baba Rishideo Singh  Mahavidyalaya,Ballia
Baba Sadhav Ram Degree College,Azamgarh
Baba Sahab Dr. Bhim Rao Ambedkar Mahavidyalaya,Jaunpur
Baba Saheb Bhim Rao Ambedkar  Government Co-Education College,,Jalandhar
Baba Saheb Dr. Ambedkar Mahavidyalaya,Firozabad
Baba Sahoru Das Smarak (B.S.D.S.) Mahavidyalaya,Azamgarh
Baba Sri Chand Ji Govt. College,Sangrur
Baba Sukhdev Smarak Mahavidyalaya,Ambedkar Nagar
Baba Tapeshwar Mahila Mahavidyalaya,Mau
Baba Thanidas Balika Mahavidyalaya,
Baba Tufani Singh Mahavidyalaya,Chandauli
Baba Vishambhar Das Government Girls College,Sikar
Baba Vishwanath Mahavidyalay,Ghazipur
Baba Vishwanath Mahavidyalaya,Varanasi
Baba Vishwanath Mahavidyalya,Azamgarh
Baba Vishwanath Shikshan Prashikshan Mahavidyalaya,Faizabad
Baba Viswanath Krishak Mahavidyalaya,Azamgarh
Baba Zorawar Singh F.S. Girls Khalsa College,Rupnagar
Babaji Datey Kala Ani Vanijya Mahavidyalaya,Yavatmal
Babasaheb Bhimrao Ambedkar Law College,Lucknow
Babasaheb Chitale Mahavidyalaya,Sangli
Babasaheb Naik College of Engineering,Yavatmal
Babasaheb Ram Sanskrit Mahavidyalaya,Darbhanga
Babbar Akali Memorial Khalsa College,Hoshiarpur
Babe Ke Ayurvedic Medical College & Hospital,Moga
Babe Ke College of Education,Firozpur
Babe Ke College of Education,Moga
Babe Ke Institute of Nursing,Moga
Baboo Ram Singh Mahavidyalaya,Sonbhadra
Babu Anant Ram Janta College,Kaithal
Babu Basant Lal Mahavidyalaya,
Babu Basantlal Rajnarayan Mahavidyalaya,Mirzapur
Babu Bheesham Singh Institute of Higher Education,Rae Bareli
Babu Brij Bihari Singh Mahavidyalaya,Kushinagar
Babu Fateh Bahadur Singh Degree College,Allahabad
Babu Gulab Singh Gaharwar Mahavidyalaya,Mirzapur
Babu Hari Ram Singh Mahavidyalaya,Allahabad
Babu Ishwari Prasad Rawal Memorial College,,
Babu Jagan Prasad Baijnath Sanskrit Mahavidyalaya,Varanasi
Babu Jagjivan Ram Govt. Degree College,Hyderabad
Babu Jai Shanker Gaya Prasad Mahavidyalaya,Unnao
Babu Jangi Singh Degree College,Gorakhpur
Babu K.P. Singh Mahavidyalaya,Azamgarh
Babu Kamta Prasad Jain Mahavidyalaya,Baghpat
Babu Lal Makharia Girls College,
Babu Lalji Singh Mahavidyalaya,Gorakhpur
Babu Mahipati Singh Mahavidyalaya,
Babu Nakki Singh Smarak Mahavidyalaya,Azamgarh
Babu Purushottam Das Radha Raman Das Mahavidyalaya,Gorakhpur
Babu Raghunath Ji Mahila Mahavidyalaya,Azamgarh
Babu Ram Degree College,
Babu Ram Rukmani Devi Mahavidyalaya,Kanpur Dehat
Babu Ram Yadav Mahavidyalaya,Mainpuri
Babu Rameshwar Singh College,Mahoba
Babu Rampal Singh Mahavidyalaya,Moradabad
Babu Sant Bux Mahavidyalaya,Pratapgarh
Babu Shivpattar Rai Smarak Balika Mahavidyalaya,Azamgarh
Babu Shobha Ram Govt. Arts College,Alwar
Babu Singh Mahavidyalaya,Kannauj
Babu Sundar Singh Mahavidyalaya,Bahraich
Babu Tahsildar Shahi Mahavidyalaya,Kushinagar
Babu Udrej Shikshan Sansthan,Jaunpur
Babu Vasudeo Singh Smarak Mahavidyalaya,
Babu Vishnu Pratap Singh Smarak Mahavidhyalaya,Kushinagar
Babu Vishram Singh Mahavidyalaya,Gorakhpur
Babua Ji Degree College,Deoria
Babubhai M.Shah Mahavidyalay,Jhunjhunun
Babulal Makharia Girls College (Kanya Mahavidyalaya),Jhunjhunun
Baburam Kailashi Devi Mahila Mahavidyalaya,Mau
Baburam Mohanlal Mahavidyalaya,Auraiya
Baburao Patil College of Arts and Science,Solapur
Baburaoji Gholop College of Arts, Science & Commerce,Pune
Baby John Memorial Government College,
Baccha Chand Smarak Dwaba Vikas Mahavidyalaya,Gorakhpur
Bachchi Devi Mahavidyalaya,Gorakhpur
Badagala Sesharmma & Jagannadha Rao Degree College,Srikakulam
Badampahar Degree College,Mayurbhanj
Badli Mahavidyalaya,Sultanpur
Badri Narayan Singh Mahavidyalaya,Pratapgarh
Badrinarayan Barwale Mahavidyalaya,Jalna
Badrinarayan College,Rohtas
Badruka College of Commerce & Arts (Afternoon),Hyderabad
Badruka College of Commerce & Arts,Hyderabad
Baftist College,Kohima
Baghmara College,Dhanbad
Bagnan College,
Bahadur Yadav Memorial Mahavidyalaya,Deoria
Bahan Mayawati Mahavidyalaya,Ghazipur
Baharagora College,
Bahauddin Govt. Arts College,Junagadh
Bahauddin Govt. Science College,Junagadh
Bahera College,Darbhanga
Bahirhi Smarak Mahavidyalaya,Parbhani
Bahjoi Mahavidyalaya,sambhal
Bahona College,Jorhat
Bahratiya Mahavidyalaya,Amravati
Bahu - uddeshiya Sewa Shiksha Sansthan Mahila Mahavidyalaya,Kannauj
Bahujan Samaj Shikshan Prasarak Mandal Arts, Commerce and Science College,Dhule
Baidyanath College of Education,Nawada
Baijnath Chaudhary Government College for Women,
Baijnath Pandey Arya Sanskrit College,Siwan
Baijnath Ramnaresh Mahavidyalaya,Azamgarh
Baikunth Teachers’ Training College,Siwan
Baikunthi Devi Kanya Mahavidyalaya,Agra
Baikunthnath Mahavidyalaya,Gonda
Bailadila College (Arvind College),
Baisimouza Degree College,Jagatsinghapur
Baiswara Degree College,Bareilly
Bajaj College of Science,Wardha
Bajali College,Barpeta
Bajkul Milani Mahavidyalaya,
Bajrang Degree College,Pratapgarh
Bal Ganga Mahavidyalaya,Garhwal
Bal Govind Patel Smarak Degree College,Allahabad
Bal Mandhir Mahila Teachers' Training College,Jaipur
Bal Vikas Mahavidyalaya,Auraiya
Bal Vikas Mahavidyalaya,Bijnor
Bala Devi Roshan Lal College of Higher Education,Pilibhit
Balagarh Bejoy Krishna Mahavidyalaya,Hugli
Balaji College,Ghazipur
Balaji Institute of Technology and Science,Warangal
Balanga College,Puri
Balangi Mahavidyalaya,
Balarampur College,Puruliya
Balasaheb Desai College,Satara
Balasaheb Kharadekar College,Sindhudurg
Balasore Art & Crafts College,
Balasore Law College,
Balasore Mahila Degree College,
Balavoomi Mahavidyalaya,
Balawan College,
Balbabhai Damodardas College,Ahmadabad
Balbhim College of Arts, Science & Commerce,Bid
Baldeo Das Santlal Mahila College,
Baldev Institute of Management, Technology & Sciences,Jammu
Baldev Shridhar Mahavidyalaya,Ghazipur
Bali Ram Bhagat College,Samastipur
Baliapal College of Physical Education,
Balikhand +3 College,
Balikoda College,Jagatsinghapur
Balikuda Women’s College,Jagatsinghapur
Balimela College of Science and Technology,Malkangiri
Ballari Business College,
Ballari Institute of Technology & Management,
Ballary Rudrappa Education Trust’s Arts, Commerce and Science College,Haveri
Balram Mahavidyalaya,Allahabad
Balrampur City Montessori Girl’s Degree College,Balrampur
Balugaon College,
Balurghat B.Ed. College,Dakshin Dinajpur
Balurghat College,Dakshin Dinajpur
Balurghat Mahila Mahavidyalaya,Dakshin Dinajpur
Balwant College,Sangli
Balwant Vidyapeeth rural Institute,Agra
Bamanpukur Humayun Kabir Mahavidyalaya,
Bamra Trust Fund College,Sambalpur
Banaras Hindu University,Varanasi
Banaras Institute of Teacher’s Education,Varanasi
Banarasi Das Arya Girls College,Jalandhar
Banarhat Kartik Oraon Hindi Government College,Jalpaiguri
Baneswar Sarathibala Mahavidyalaya,
Bangabasi College,Kolkata
Bangabasi Evening College,Kolkata
Bangabasi Morning College,Kolkata
Bangalore City College,Bangalore
Bangalore Institute of Technology,Bangalore
Bangalore Medical College,
Bangtol College,Chirang
Banikanta College of Teachers' Education,Kamrup
Banipur Mahila Mahavidyalaya,North Twenty Four Parganas
Bankatlal Badruka College for Inforamation Technology,Hyderabad
Bankatlal Rajram Boob College of Commerce,Raichur
Bankey Bahadur Singh Mahavidyalaya,Ballia
Bankey Bihari Kanya Mahavidyalaya,Budaun
Banki College,Cuttack
Bankim Sardar College,South Twenty Four Parganas
Bankura Christian College,Bankura
Bankura Sammilani College,Bankura
Bankura Sammilani Medical College,Bankura
Bankura Unnayani Institute of Engineering,Bankura
Bankura Zilla Saradamani Mahila Mahavidyapith,Bankura
Bannari Amman Institute of Technology,Erode
Banshi College of Education,
Banshidhar Mahavidyalaya,Jalaun
Banshidhar Sharda Devi Mahavidyalaya,Mainpuri
Bansichand Mahavidyalaya,Gorakhpur
Bansilal Ramnath Agarwal Charitable Trust’s Vishwakarma Institute of Management,Pune
Bansilal Ramnath Agarwal Charitable Trust's Vishwakarma Institute of Technology,Pune
Bansilal Ramnath Agarwal Charitable Trust’s, Vishwakarma College of Arts, Commerce and Science,Pune
Bansilal Ramnath Agarwal Charitable Trust’s, Vishwakarma Institute of Information Technology,Pune
Bansraj Jaishri Degree College,Gorakhpur
Bansur PG College,Alwar
Bant Anchalika College,Bhadrak
Bantala College of Higher Education,
Banwari Devi Ashok Kumar Smarak Mahavidyalaya,Shrawasti
Banwari Sahu Mahavidyalaya,Latehar
Banwari Shankar College,Saharsa
Banwarilal Bhalotia College,
Baosi Banikanta Kakati College,Barpeta
Bapatla College of Arts & Science,Guntur
Bapatla Engineering College,Guntur
Bapu Mahavidyalaya,Chhatarpur
Bapu Mahavidyalaya,Ghazipur
Bapu Post Graduate College,Gorakhpur
Bapujee College,
Bapuji College,Barpeta
Bapuji First Grade College,Chitradurga
Bapuji Grameena Vikas Samiti's Arts & Commerce College,
Bapuji Institute of Engineering & Technology,Davanagere
Bapumiya Sirajoddin Patel Arts Commerce & Science College,Buldana
Bapurao Deshmukh College of Engineering,Wardha
Bar Ramrao Deshmukh Arts & Smt. Indiraji Kapadiya Commerce & Nyayamurti Krishna Rao Deshmukh Science College,Amravati
Bar S.K. Wonkheda University College of Education,Nagpur
Bar. Sheshrao Wankhede College of Arts and Commerce,Nagpur
Bar. Sheshrao Wankhede Mahavidyalaya,Nagpur
Barabazar Bikram Tudu Memorial College,Puruliya
Barabir College,
Barama College,Nalbari
Barapur Degree College,Bhadrak
Barasahi Panchaya Samit College,Mayurbhanj
Barasat College,
Barasat Government College,
Barbhag College,Nalbari
Bareilly College,
Barfiya Lal Juwantha Government Degree College,Uttarkashi
Barik Mahavidyalaya,Moradabad
Baring Union Christian College,
Baripada College,
Barjora College,
Barkhu Ram Verma Mahila Mahavidyalaya,Azamgarh
Barnagar College,Barpeta
Barpali College,
Barpeta Girls College,Barpeta
Barpeta Road Howly College,Barpeta
Barrackpore Rastraguru Surendranath College,
Baruah Law College,Kamrup
Baruipur College,
Baruneswar Mahavidyalaya,
Basanagonda Giraddi Govt. First Grade College,
Basant Degree College,
Basant Ram Nagina Mahavidyalaya,Chandauli
Basanti Devi College,
Basanti Devi Degree College,
Basavaraddi Arts and Commerce College,Dharwad
Basaveshwar Arts College,
Basaveshwar Engg. College,
Basaveshwara College of Commerc & Arts,
Basaveshwara Degree College,
Basaveshwara Veerashaiva Vidyavardhak  Sangha’s Basaveshwara Arts, Science & Commerce College,Bagalkot
Basdev Singh Mahila Mahavidyalaya,
Baselios Poulose II Catholicos College,
Baselius College,
Basheer Khan Mahila Mahavidyalaya,Ghazipur
Bashumiya Saukar Government First Grade College,
Bashumiyan Sahukar Government First Grade College,Raichur
Basirhat College,
Basmatti Devi Sankatha Prasad Mahila Mahavidyalaya,Varanasi
Basudev Degree College,Lucknow
Basudev Godabari Degree College,Sambalpur
Basudev Somani College,Mysore
Basugaon College,Chirang
Basundhara Teacher’s Training College,Muzaffarpur
Batadraba Sri Sri Sankardev College,Nagaon
Bauhre Hari Singh College,Aligarh
Bavisgam B.Ed. College,
Baxi Jagabandhu Bidyadhar College,
Baya Abadhut College,Jagatsinghapur
Bayalsi Degree College,
BDS Gurukul of Education,
BDS School of Law,
Beacon Institute of Technology,
Beant College of Engineering & Technology,
Bebe Nanaki University College,
Bebe Nanki Khalsa College For Women,
Beeju Patnayak Sonkar Balika Degree College,Ghazipur
Beena Singh Mahila Mahavidyalaya,
Beerbal Degree College,
Begunia College,
Behala College,
Behalal College of Commerce,
Behali Degree College,Sonitpur
Behramji Jijabhai Medical College,
Bejoy Narayan Mahavidyalaya,
Belapur Education Society’s, Arts & Commerce College,
Belavani Mahavidyalaya,
Belavoomi Mahavidyalaya,
Belda College,
Belgaum Diocese Board of Education and Social Welfare Our Lady of Fatima College of Commerce,
Belgaum Diocese Board of Education Fatima College of Business Administration,
Belpahar College,
Beltola College,Kamrup
Bengal Fine Arts College,North Twenty Four Parganas
Bengal Institute of Science & Technology,Puruliya
Bengal Institute of Technology & Management,
Bengal Music College,
Bengtol College,Chirang
Beni Madhav Singh Mahavidyalaya,
Beni Prasad Singh Somvanshi Mahavidyalaya,
Beni Singh College,Rohtas
Berhampore College,
Berhampore Girl's College,
Berhampur City College,
Berhampur College,
Besant Evening College,
Besant Theosophical Government Degree College,Chittoor
Besant Women's College for Women,
Bethani Christian College,
Bethlahem Institute of Engineering,,
Bethuadabari College,
Bethune College,
Betnoti College,
Bh. S.R. & V.L.M. Degree College,West Godavari
Bhabha Atomic Research Centre,
Bhadarwar Vidya Mandir Degree College,
Bhadrak Institute of Engineering & Technology,
Bhadrak Morning College,
Bhadrak Women's College,
Bhadrakali College,Chatra
Bhadri Vishal Degree (PG) College,
Bhagalpur Evening College,Bhagalpur
Bhagalpur National College,Bhagalpur
Bhagat Phool Singh Memorial Girls College,
Bhagat Singh Govt. P. G. College,Ratlam
Bhagauti Prasad Singh Mahavidyalaya,
Bhagavan Chandra Sanskrit Mahavidyalaya,
Bhagawan Buddha Homoeopathic Medical College & Hospital,Bangalore
Bhagawan Sri Satyasai Baba College,Guntur
Bhagawandeen Singh Patel Mahavidyalaya,Chitrakoot
Bhagawant Pandey Mahavidyalaya,
Bhagini Mandal Chopda’s College of Social work,
Bhagini Nivediat College,
Bhagirath Ji Silawat Government College,Indore
Bhagirathi Bai Narayanrao Maanay College,
Bhagirathi Devi Mahavidyalaya,
Bhagirathi Institute of Management and Technology,,Bijnor
Bhagirathi Krishak Mahavidyalaya,
Bhagirathi Singh Smarak Mahavidyalaya,
Bhagwan Aadinath College of Education,Lalitpur
Bhagwan Adarsh Mahavidyalaya,
Bhagwan Devi Maiku Lal Mahavidyalaya,
Bhagwan Mahavidyalaya, (Arts, Commerce & Science),
Bhagwan Parshu Ram College,Kurukshetra
Bhagwan Shri Satya Sai Educastion Society's Shri Satya Sai Institute of Home Science,
Bhagwan Sri Krishna College of Education For Women,
Bhagwan Suri Sulhya Sai Education Society's Shri Suthya Sai Institute fo Home Science (For Women),
Bhagwandin Arya Kanya Degree College,
Bhagwandin Yadav Mahavidyalaya,Allahabad
Bhagwant Singh Institute of Professional Studies,
Bhagwant Singh Mahavidyalaya,
Bhagwanti Education Centre Degree College,
Bhagwantrao Arts & Science College,Gadchiroli
Bhagwantrao Arts College,
Bhagwantrao Shivajirao Patil Mahavidyalaya,
Bhagwat College,
Bhagwat Dutt Balika Mahavidyalaya,
Bhagwat Jha Azad College,
Bhagwat Prasad Memorial Mahavidyalaya,,
Bhagwat Prasad Smarak Mahavidyalaya,Rae Bareli
Bhagwati College of Law,Meerut
Bhagwati College of Management & Technology,
Bhagwati Institute of Mangement and Technology,
Bhagwati Institute of Technology & Science,
Bhagwati Prasad Mahavidyalaya,Banda
Bhagwati Prasad Mohini Devi Mahavidyalay,Ambedkar Nagar
Bhagwati Sher Singh Memorial Degree College,
Bhagyawanti Devi Devta Singh Mahila Mahavidhyalaya,
Bhagyawati Mahila Mahavidyalaya,Sultanpur
Bhai Assa Singh Girls College,
Bhai Kishanrao Deshmukh Mahavidyalaya,
Bhaila Degree College,
Bhairab College,
Bhairab Ganguly College,
Bhairabi College (+3),
Bhairavnath Shikshan Mandal’s Bhairavnath Vidnyan Mahavidyalaya,Pune
Bhakt Mata Karma Govt. College,Raipur
Bhakta Bala B.Ed. College,Nadia
Bhaktavallabh Dhola Arts & Commerce College,
Bhalchandra Institute of Education & Management,
Bhalerao Science College,Nagpur
Bhandarkar Oriental Research Institute,
Bhandrakar's Arts and Science College,
Bhangar Mahavidyalaya,
Bhanmati Smarak Mahavidyalya,Ambedkar Nagar
Bhanrao Kaktkar College,
Bharat College of Education,Jammu
Bharat Friends Association’s Bharat College of Arts & Commerce,Thane
Bharat Institute of Engineering and Technology,Rangareddy
Bharat Institute of Technology,
Bharat Institute of Technology,Rangareddy
Bharat Mahavidyalaya,
Bharat Mishra Sanskrit Mahavidyalaya,Saran
Bharat Saraswati Mandir sansad sanchalit,
Bharat Sewak Samaj Mahila Mahavidyalaya,
Bharat Shikshan Prasarak Mandal, Latur Jaikranti Arts Senior College,
Bharat Shikshan Sanshta’s Arts, Science & Commerce College,
Bharat Singh Rawat Rajkiya Mahavidyalaya,
Bharata Mata College,
Bharateeya Jain Sanghatana's Arts, Science & Commerce College,Pune
Bharatesh College of Computer Application,Belgaum
Bharatesh Education Trust’s Global Business School,Belgaum
Bharath College of Science and Management,
Bharathamatha College of Arts and Science,Palakkad
Bharathi College of Education,
Bharathi Women’s College (Autonomous),
Bharathi Women's College,
Bharathiar Palkalaikoodam,
Bharathiar University Arts & Science College,
Bharathiar University Arts and Science College,
Bharathiar University Arts and Science College,Coimbatore
Bharathiar University Arts and Science College,Erode
Bharathidasan College of Arts & Science,
Bharathidasan Government College for Women,
Bharathidasan University College for Women,
Bharathidasan University College,
Bharathidasan University Constituent College,Tiruchirappalli
Bharathiyar Arts & Science College for Women,Salem
Bharathiyar Institute of Engineering for Women,Salem
Bharati College,
Bharati Vidyapeeth College of Architecture,Mumbai
Bharati Vidyapeeth College of Engineering,
Bharati Vidyapeeth College of Pharmacy,
Bharati Vidyapeeth’s College of Engineering,
Bharati Vidyapeeth's College of Engineering,Pune
Bharati Vidyapeeth’s College of Pharmacy,
Bharati Vidyapeeth's Dr. Patangarao Kadam Mahavidyalaya,
Bharati Vidyapeeth’s Institute of Management Studies & Research,
Bharati Vidyapeeth’s New Law College,
Bharati Vihar Mahavdiyalaya,
Bharatiya Jain Sanghatana’s Arts, Science & Commerce College,Pune
Bharatiya Mahavidyalaya,Amravati
Bharatiya Samajik Vidnyane Va Loksahiya Sanshodhan Sanstha,
Bharatiya Samskruthi Vidyapeeth Arts & Commerce College for Women,
Bharatiya Vidya Bhavan’s Hazarimal Somani College of Arts and Science and Jayaramdas Patel College of Commerce and Management Studies,
Bharatiya Vidya Bhavan’s Sardar Patel Institute of Technology,
Bharti Mahila Mahavidyalaya,
Bharti Vidyapeeth's Matoshri Bayabai Shripatrao Kadam Kanya Mahavidyalaya,
Bhartiya College of Education,Jammu
Bhartiya Institute of Higher Education,
Bhartiya Kapil Muni Degree College,
Bhartiya Krishak Mahavidyalaya,
Bhartiya Mahavidyalaya,
Bhartiya Sahitya Sanskrit College,
Bhartiya Vidhya Mandir College of Law,
Bhartiya Vidya Bhavan's Shri Ishavrlal L.P. Arts Science & J. Shah Commerce College,
Bhas College,
Bhaskar Degree College,Jammu
Bhaskara Charya College of Applied Science,
Bhatkanande Sangit Mahavidyalaya,
Bhattar College,
Bhausaheb Lahane Dnyanprakash Arts College,
Bhavan’s Mehta Mahavidyalaya,
Bhavan's Shri Amritlal Kalidas Doshi Mahila College,
Bhavan’s Tripura College of Teacher Education,
Bhavan’s Vivekananda College of Science Humanities & Commerce,
Bhavana's New Science College,
Bhavdiya Educational Institute,
Bhavna's New Science College (Evening),
Bhawabhuti Mahavidyalaya,
Bhawani Prasad Pandey Mahavidyalaya,
Bhawanipur Anchalik College,Barpeta
Bheema Institute of Technology & Science,Kurnool
Bheemanna Khandre Institute of Technology,
Bherulal Patidar Govt. P.G. College,
Bhilai Institute of Technology,Durg
Bhilai Mahila Mahavidyalaya,
Bhim Rao Ambedkar College,
Bhimabhol College,
Bhimavaram Institute of Engineering & Technology,,
Bhimthadi Education Society’s, Late. K.G. Kataria College,Pune
Bhismagiri College,
Bhiwandi Nizampur Nagarpalika College,
Bhiwapur Mahavidyalaya,
Bhogawati Mahavidyalaya,
Bhoj Reddy Engineering College for Women,Hyderabad
Bhola Nath Mishra Degree College,Jaunpur
Bhonsale Military College,
Bhopal School of Social Sciences,Bhopal
Bhowanipur Education Society College,
BHS First Grade College,Bangalore
Bhuban Women’s Degree College,
Bhupal Nobles P.G. College,
Bhusawal Arts, Science & P.O. Nahata Commerce college,
Bhuvan Malti Teachers’s Training College,
Bibhuti Kanungo College of Arts and Crafts,
Bibi Raza College Degree for Women,
Bidhan Chandra College,
Bidhannagar College,
Bihar College of Engineering,Patna
Bihar College of Pharmacy,Patna
Bihar Institute of Technology,
Bihari Lal Degree College & Professional Studies,Bara Banki
Bihari Lal Smarak Kisan Mahavidyalaya,
Bihari Mahila Mahavidyalaya,
Bihpuria College,Lakhimpur
Bihpuria P.G.T College,Lakhimpur
Bijanbari Degree College,,
Bijapur District Physically Handicapped Welfare Association’s Matoshree Ambawa Khed Arts and Commerce College,
Bijepur College,
Bijni College,Kokrajhar
Bijoy Krishna Girls College,
Biju Patnaik College,
Biju Patnaik Institute of Information Technology and Management Studies,,
Biju Pattnaik College of Science & Education,
Biju Pattnaik Degree College,
Biju Pattnaik Degree Women's College,
Bikali College,Goalpara
Bikramjeet Goswami Memorial College,Puruliya
Bilal Education Society’s College of Education for Women,Bidar
Bilasipara College,Dhubri
Binandi Chandra Medhi College,Kamrup
Binapani Sanskrit Mahavidyalaya,
Binayak Acharya College,Ganjam
Bindeshwari Degree College,
Bindeshwari Dubey Awasiya Mahavidyalaya,
Bindeshwari Mahavidyalaya,
Binod Bihari Mahato College,
Bipin Behari Degree College,
Bir Bikram Evening College,
Bir Lachit Borphukan College,Sivasagar
Bir Narain Chand College,Purnia
Bir Raghab Moran Government Model College,,Tinsukia
Biraja Women's Degree College,
Biramangol College,
Birapara College,
Birbhum Institute of Engineering and Technology,
Birbhum Mahavidyalaya,
Birchand Patel Smarak Mahavidyalaya,Vaishali
Bird Society' Bachelor of Social Work College,
Bird's Society Bachelor of Social Work College,
Birjhora Kanya Mahavidyalaya,Bongaigaon
Birjhora Mahavidyalaya,Bongaigaon
Birla Government College,
Birla Vishvakarma Mahavidyalaya,
Birmaharajpur College,
Birpur College,
Birsa College,
Bishnu Samantray College,
Bishop Abraham Memorial College,
Bishop Ambrose College,Coimbatore
Bishop Appasamy College of Arts & Science,
Bishop Benziger College of Nursing,Kollam
Bishop Chulaparambil Memorial College,
Bishop Cotton Women's Christian College,
Bishop Cotton Women’s Christian Law College,Bangalore
Bishop Heber College,Tiruchirappalli
Bishop Kurialalcherry College For Women,
Bishop Moore College,
Bishop Speechly College for Advanced Studies,
Bissau College,
Biswanath College,Sonitpur
Biswasray Science College,Ganjam
Biyani Girls B.Ed. College,
Biyani Girls College,
BLDE Association's New Arts College,
Bldea Commerce BHS Arts & TGP Science College,
Blooming Buds Degree College,
Blossom Arts and Science College,Malappuram
BM. H.E.C.'S College of Commerce,
BMS Institute of Technology & Management,Bangalore
BMS School of Architecture,Bangalore
BNM Institute of Technology,Bangalore
Bodofa U.N. Brahma College,Kokrajhar
Bohare Narayan Singh Arya Mahavidyalaya,Mathura
Bohre Natthi Lal Mudgal Mahavidhyalaya,Agra
Bojirout Memorial College,
Bokaro Mahila College,
Bokaro Steel City College,
Bokaro Steel Mines College,
Bolpur College,
Bombay College of Pharmacy,
Bombay Natural History Society,
Bombay Teachers' Training College,
Bon Maharaj Institute of Management & Technology,
Bon Secours College for Women,
Bon Secours College of Education,Thanjavur
Bonaigarh College,
Bonam Venkata Chalamayya Engineering College,East Godavari
Bonam Venkata Chalamayya Institute of Technology & Science,East Godavari
Bongaigaon College,Bongaigaon
Bonnie Foi College,Bhopal
Bora Institute of Management Sciences,Lucknow
Bordoloni Central College,Dhemaji
Borhat Bhabani Prasad Baruah Memorial College,Sivasagar
Borholla College,Jorhat
Boston College for Professional Studies,
Botadkar Arts and Commerce College,
Boudh Panchayat College,
Br. Nath Pai Art, Commerce and Science Women’s College,
Br. Nath Pai B. Ed College,,Sindhudurg
Brahaspati Mahila Mahavidyalaya,
Brahmanand Degree (PG) College,
Brahmananda Keshab Chandra College,
Brahmani College,
Brahmanjharilo Mahavidyalaya,
Brahmaputra Degree College,Lakhimpur
Brahmarshi Sahajanand Saraswati College,Bhojpur
Brahmavart Degree College,
Brahmlin Shri Pujari Maharaj Mahavidyalaya,Jaunpur
Braj Bhushan Sanskrit College,Gaya
Braj Bhushan Singh Mahavidyalaya,Etawah
Braj Lal Prasad Mahavidyalaya,Patna
Braj Raj Sahodra Mahavidyalaya,Sultanpur
Braja Mohan Thakur Law College,Purnia
Brajabandhu Mahavidyalaya,
Brajkishor Vishnu Kumar Mahavidyalaya,Jalaun
Brajraj Singh College,
Brajrajnagar College,
Bramh Dev Indramati Tripathi,
Bramha Dev Mahavidyalaya,Allahabad
BRCM College of Engineering & Technology,Bhiwani
Bright Future Degree College,Pilibhit
Bright Moon Girls P.G. College,
Brij Behari Sahai Mahavidyalaya,
Brijlal Biyani Science College,
Brijlal Pandey Mahavidyalaya,Gonda
Brijlal Smarak Mahavidyalaya,Mahrajganj
Brijlal Varma Memorial Mahavidyalaya,
Brijraj Singh Degree College,Allahabad
Brijraj Singh Girls Degree College,Allahabad
Brilliant Grammar School Educational Society’s Group of Institutions-,Hyderabad
Brilliant Institute of Engineering & Technology,,
Brindavan  College,Bangalore
Brindavan College of Engineering,Bangalore
Brindavan Institute of Technology & Science,Kurnool
BRS College (College of Rural Studies),
Brundaban Chandra College,
Brundaban Subudhi College,
Budaun Institute of Management & Technology,Budaun
Budaun Keshri Choudhry Badan Singh Memorial Degree College,
Buddha Balika Degree College,
Buddha Mahavidyalaya,
Buddha PG College,
Buddist Education Institute of Mahila Mahavidyalaya,
Budge Budge College,
Budge Budge Institute of Technology (BBIT),Kolkata
Budha Vidyapeeth Degree College,
Budhdham Sharnam Mahavidyalaya,Ghazipur
Budhni Devi Smarak Mahavidhyalaya,Bahraich
Builders Engineering College,,Tiruppur
Bundelkhand College,
Bundelkhand Institute of Engineering & Technology,
Buniadpur Mahavidyalaya,
Bunts Sangh’s, S.M. Shetty College of Science, Commerce and Management Studies,Mumbai
Bunts Sangha Mumbai Anna Leela College of Commerce and Economics and Shobha Jayaram Shetty College for BMS,  Shashi Manmohan Shetty Higher Education Complex,Mumbai
Burdwan Medical College & Hospital,
Burdwan Raj College,
Burhani College of Commerce and Arts,
Burla College,
BVC College of Engineering, Palacharla,West Godavari
BVRIT Hyderabad College of Engineering for Women,Hyderabad
BVVS'S Arts & Commerce College,
BVVS's Basaveshwar Commerce College,
C-Edge College,
C-Impact Institute,
C. & S.H. Desai Arts College and L.K.L. Doshi Commerce College,
C. Abdul Hakeem College of Engineering & Technology,
C. Abdul Hakeem College,
C. Achuta Menon Government College,
C. Bhimasena Rao National College of Law,
C. Kandaswami Naidu College for Women,
C. M. Dubey Post Graduate College,
C.B. Gupta Agriculture Degree College,
C.B. Gupta B.S.S. Mahavidyalaya,Lucknow
C.B. Khedgi's Basaveshwar Science Rajavijay Sinh Commerce and Raja Jaysinh Arts College,
C.B. Patel Arts College,
C.B.M. College,
C.C. Sheth College of Commerce,
C.C.R.D. College,
C.D. Girls Degree College,Lucknow
C.D. Jain College of Commerce,
C.E. Society's Bhagirathibai Purupetre Arts Sitabai Mangilal Agarwal Science & Kasturibai Khander Chaudhary Commerce College,
C.E.D.  College of Education,Kashmir
C.G. Belled Govt. First Grade College,
C.H. Mohammed Koya Memorial, Government Arts and Science College,
C.I. College,
C.J. Patel Arts & Commerce College,
C.K.G.M. Government College,
C.L. Baid Mehta College of Pharmacy,
C.L. Jain College,
C.M. Bhola College,Madhubani
C.M. College of Science,Darbhanga
C.M. College,Darbhanga
C.M.H. College of Legal Studies,Jammu
C.M.J. College,Madhubani
C.M.K. National Girls College,
C.M.P. Degree College,
C.M.R. Institute of Management Studies,Bangalore
C.M.S. Academy of Management and Technology,Coimbatore
C.M.S. College of Engineering & Technology,Coimbatore
C.M.S. College of Science & Commerce,Coimbatore
C.M.S. College,
C.N. Arts and B.D. Commerce college,
C.N. College,Muzaffarpur
C.N.B. College,Sheikhpura
C.P. & Berar Education Society's Arts & Commerce College,
C.P. Mahila Mahaviyalaya,
C.P. Patel & F.H. Shah Commerce College,
C.P. Ramaswami Aiyar Institute of Indological Research,,Chennai
C.R Reddy Degree College,
C.R. Arya College,
C.R. Kisan College,
C.S. Jain College of Education,
C.S. Mahavidyalaya,
C.S. Memorial Degree College,
C.S.I. College of Nursing Dr. Somervell Memorial C.S.I. Medical College & Hospital,
C.S.R. Sarma College,Prakasam
C.S.S.R. & S.R.R.M. Degree & P.G. College,Y.S.R.
C.S.T.E Society's S.S.N.  Arts & Commerce College,Belgaum
C.S.T.S. Governemnt Kalasala,West Godavari
C.U. Shah Arts College,
C.U. Shah City Commerce College,
C.U. Shah Commerce College,
C.U. Shah Science College,
C.V. Raman College of Engineering,
C.Z. Patel College of Business and Management,
Cachar College,Cachar
Calcutta Girls B.T. College,
Calcutta Girls College,
Calcutta Institute of Technology,
Calcutta National Medical College,
Cambridge Institute of Technology,
Camp Education Society Dr. Arvind B.Telang Sr. College of Arts, Science and Commerce,Pune
Canara College,
CANARA Engineering College,
Cancer Chikitsalya(Jan Vikas Nyas) Nursing Mahavidyalaya,
Cancer Research Institute,
Cane Growers Nehru Degree (PG) College,
Cane Societies Nehru Degree (PG) College,
Capital College of Higher Education,
Capt. Ram Singh Degree College,
Captain Sukhwasi Singh Smarak Janta Mahavidyalaya,
Captain Vishal Singh Degree College,
Captain Williamson Memorial Government College,
Cardamom Planter's Association College,
CARE Group of Institutions,Tiruchirappalli
Career College,Bhopal
Career Convent Girls Degree College,Lucknow
Carmel College of Arts, Science & Commerce for Women,
Carmel College,
Carmel Vidya Bhavan Trust’s Christ College,Pune
Catholicate College,
Caussanel College of Arts and Science,Ramanathapuram
Cauvery College for Women,
Cauvery College of Engineering & Technology,
Cauvery College,
Centenary College of Physical Education,
Central Institute of Business Management Research & Development,Nagpur
Central MontessoryMahila Degree College,,
Central Research Institute,
Central Women's College of Education,
Centre for Development Studies & Activities,
Centre For Research On New International Economic Order,
Centre for Studies and Research on Life and Works of Sardar Vallabhbhai Patel (CERLIP),
CES College of Arts & Commerce,
Ch. B.R. Mahavidyalaya,Farrukhabad
Ch. Badansingh Mahavidyalaya,
Ch. Balluram Godara Government Girls College,
Ch. Bansi Lal Government College for Women,Bhiwani
Ch. Bansi Lal Govt. College,
Ch. Bechelal Mahavidyalaya,
Ch. Bijendra Singh Mahavidhyalaya,,
Ch. Chandan Singh Mahavidyalaya,
Ch. Charan Singh Government Degree College,
Ch. Charang Singh Shivden Singh College,
Ch. Devi Lal Memorial Engg.  College,
Ch. Devi Lal Memorial Girls College,Panipat
Ch. Devi Singh Mahavidyalaya,Mainpuri
Ch. Gajraj Singh Mahavidyalaya,
Ch. Harchand Singh Mahavidyalaya,
Ch. Hari Singh Kanya Mahavidyalaya,
Ch. Indal Singh Mahavidyalaya,
Ch. Ishwar Singh Kanya Mahavidyalaya,
Ch. J.S.S.S. Mahavidyalaya,,
Ch. Jamadar Singh Mahavidyalaya,
Ch. Jamadar Singh Mahila Degree College,
Ch. Jaswant Mahavidyalaya,
Ch. Jeevan Singh Memorial  Mahavidyalaya,Aligarh
Ch. Jhamman Singh Degree College,Aligarh
Ch. Khazan Singh Mahavidyalaya,Unnao
Ch. Madhav Singh Smarak Mahavidyalaya,
Ch. Mohar Singh Mahavidyalaya,
Ch. Mukhtyar Singh Yadav Degree College,
Ch. Nathu Singh Mahavidyalaya,
Ch. Natthu Singh Degree College,Mainpuri
Ch. Natthu Singh Yadav Mahavidyalaya,
Ch. Nihal Singh Mahavidyalaya,Pilibhit
Ch. Raghunath Singh Mahavidyalaya,
Ch. Ram Singh Mahavidyalaya,
Ch. Shiv Kumar Singh Smarak Mahavidyalaya,
Ch. Shivnath Singh Shandliya (PG) College,
Ch. Shri Ram Yadav Mahavidyalaya,
Ch. Suraj Singh Mahavidyalaya,
Ch. Tarachand Janta Degree College,
Ch. Veerbhan Singh Mahavidyalaya,
Chadalawada Ramanamma Engineering College,Chittoor
Chaiduar College,Sonitpur
Chaitanya Bahuuddeshiya Sanstha’s Institute of Management Studies,
Chaitanya Bharathi Institute of Technology,Y.S.R.
Chaitanya Bharti Institute of Technology,
Chaitanya College,Janjgir - Champa
Chaitanya Degree & P.G. College for Women,,Visakhapatnam
Chaitanya Degree College,
Chaitanya PG College,
Chaiytugayta (Alor) Government College,Kondagaon
Chajju Ram College of Education,
Chakan shikshan Mandal's Arts and Comm. College,Pune
Chakdaha College,
Chalapathi Institute of Engineering & Technology,Guntur
Chalapathi Institute of Pharmaceutical Sciences,Guntur
Chalapathi Institute of Technology,Guntur
Chaman Lal Law College,
Chaman Lal Mahavidhyalaya,Tehri Garhwal
Chamarajendra Academy of Visual Arts,Mysore
Chameli Devi Group of Institutions,Indore
Champaran Group of Institutions,
Champaran Group of Institutions,West Champaran
Champhai College,
Chanakya Shikshan Mahavidyalaya,
Chanakya Teachers Training College,
Chanchal College,
Chand Bi Bi College of Education for Women,
Chandakanthaiah Memorial Arts & Science College,
Chandan Singh Kanya Mahavidyalaya,Jhansi
Chander Shekhar Azad Institute of Science & Technology,
Chandernagore Government College,
Chanderprabhu Jain College of Higher Studies & School of Law,
Chandi Das Mahavidyalaya,
Chandibali College,
Chandigarh Business School of Administration,
Chandigarh Engineering College,
Chandigarh Engineering College,,
Chandigarh School of Business,
Chandmal Tarachand Bara College of Arts, Commerce & Science,Pune
Chandra Bali Singh Urmila Mahavidyalaya,
Chandra Bhan Devi Sewak Mahavidyalaya,
Chandra Gupt Maurya Prabhavansh Mahila Mahavidyalaya,
Chandra Kamal Bejbarua College,Jorhat
Chandra Kamal Bezbarua Commerce College,Jorhat
Chandra Kamal Mahavidyalaya,
Chandra Nath Bezbarua College,Golaghat
Chandra Pal Singh Degree College,
Chandra Prabha Mahavidyalaya,
Chandra Prabha Sharma Mahavidyalaya,
Chandra Sekhar College,
Chandra Shekhar Azad Degree College,Muzaffarnagar
Chandra Shekhar Azad Mahavidyalaya,,Aligarh
Chandra Shekher Shyamraji Mahavidyalaya,
Chandrabai Shantappa Shendure College,
Chandrabhan Singh Mahavidyalaya,Faizabad
Chandrabhan Singh Memorial Shikshan Sansthan,Kanpur Dehat
Chandrabhanu Mahavidyalaya,Azamgarh
Chandrakali Mahavidyalaya,Allahabad
Chandrakanti Ramwati Devi Arya Mahila PG College,
Chandraketugarh Sahidullah Smriti Mahavidyalaya,
Chandrakona Vidyasagar Mahavidyalaya,
Chandrapur College,
Chandrashekhar Baba Keshav Mahavidyalaya,Ballia
Chandrashekhar Mahavidyalaya,Mau
Chandrika Jain Degree Mahavidyalaya,
Chandulal Chandrakar Govt. College,
Changu Kana Thakur Arts, Commerce & Science College,
Channabasaveshwara Institute of Technology,Tumkur
Channabasweshwar Pharmacy College (Degree),
Chanukya First Grade College of Commerce,Davanagere
Chapra Bangaljhi Mahavidyalaya,
Charaibahi College,Morigaon
Charak Institute of Education,
Charigarh Mahavidyalaya,
Charu Chandra College,
Chatia College,
Chatra College,
Chatra Ramai Pandit Mahavidyalaya,
Chatrapati Shivaji M.S.D. College,Lalitpur
Chatrapur Women’s College,
Chatrapur Women’s Degree College,Ganjam
Chaudhari Banwari Lal Mahavidyalaya,
Chaudhari Mahaveer Prasad Memorial Mahavidyalay,
Chaudhary  Charan Singh Degree College,
Chaudhary Badri Prasad Sitaram Mahavidyalaya,
Chaudhary Bashir Khan Mahavidyalaya,
Chaudhary Charan Singh Mahavidyalaya,
Chaudhary Charan Singh Mahavidyalaya,Faizabad
Chaudhary Gaya Prasad Mahavidyalaya,
Chaudhary Gayasuddin Mahavidyalaya,
Chaudhary Harnam Singh Mahavidyalaya,
Chaudhary Kiran Academy,Agra
Chaudhary Lalta Prasad Singh Bauddha Mahavidyalaya,Balrampur
Chaudhary Mahadev Prasad Mahavidyalaya,
Chaudhary Mahendra Singh Degree College,
Chaudhary Ram Charitra Parmeshwar Prasad Mahavidyalaya,
Chaudhary Shivkumar Patel Mahila Mahavidyalay,,
Chaudhary Sughar Singh Educational Academy,Etawah
Chaudhary Tulsiram Yadav Mahavidyalaya,
Chauri Belha Mahavidyalaya,
Chausan College of Education,
Chauson College of Education,
Chebrolu Engineering College,Guntur
Chebrolu Hanumaiah Institute of Pharmaceutical Sciences,Guntur
Chedalal Mahavidyalaya,Hardoi
Chellammal Women's College of Pachaiyappa's Trust,
Chembur Colony Yuvak Mandal’s Hashu Advani College of Special Education,Mumbai
Chembur Sarvankash Shikshanshastra Mahavidyalaya,
Chembur Trombay Education Society’s N.G. Acharya & D.K. Marathe College of Arts, Science and Commerce,
Chenab College of Education,Jammu
Chendhuran College of Engineering and Technology,Pudukkottai
Chennai Institute of Technology,Chennai
Cheran College of Engineering,Karur
Cherraan’s Arts Science College,
Chetana's Hazarimal Somani College of Commerce and Economics, Smt. Kusumtai Chaudhari College of Arts,Mumbai
Chettinad College of Engineering and Technology,Karur
Chezhian College of Education,
Chhaju Ram Memorial Jat College,
Chhamaria Anchalik College,Kamrup
Chhatra Bali Singh Law College,
Chhatradhari Mahavidyalaya,
Chhatrapati Sahu Ji Mahila Mahavidyalaya,Chitrakoot
Chhatrapati Shahu Institute of Business Education and Research,Kolhapur
Chhatrapati Shahu Ji Maharaj Mahavidyalaya.,Chitrakoot
Chhatrapati Shivaji College,
Chhatrapati Shivaji Degree College,,
Chhatrapati Shivaji Kala Mahavidyalaya,
Chhatrapati Shivaji Mahavidyalaya,
Chhatrapati Shivaji Night College of Arts and Commerce,
Chhatrasal Govt. College,
Chhatraveer Raje Sambhaji Prashasakiya Mahavidyalaya,Chandrapur
Chhattisgarh Mahtari Mahavidyalaya,Dhamtari
Chhattisgarh Vanijya Avam Vigyan Mahavidyalaya,Durg
Chhaygaon College,Kamrup
Chhote Lal Damodar Prasad Sibban Lal Degree College,
Chhote Lohiya  Mahavidyalaya, Kashidham,
Chikiti Mahavidyalaya,
Chikitsak Samuha’s Sir Sitaram and Lady Shantabai Patkar College of Arts and Science and V.P. Varde College of Commerce and Economics,Mumbai
Chikkaiah Naicker College,Erode
Chikkanna Government Arts College,Coimbatore
Chikodi Taluka Education Society’s College of Education,
Chikodi Taluka Education Society’s College of Physical Education (B.P.Ed.),
Chila Roy College,Dhubri
Chilukuri Nageshwar Rao Government First Grade College,
Chimanbhai Patel College of Agriculture,Banas Kantha
Chinchani Tarapur Education Society’s Shri Purshottamdas Laldas Shroff College of Arts & Commerce,Thane
Chinmaya Degree College,
Chintalapati Satyavathi Devi St. Theresa's College for Women,West Godavari
Chintamani Arts Mahavidyalaya,
Chintamani College of Arts & Science,
Chintamani College of Commerce,Chandrapur
Chintamani College of Science,
Chintamani Mahavidyalaya,
Chintamanrao College of Commerce,
Chirala Engineering College,Prakasam
Chiranjeevi Reddy Institute of Engineering & Technology,Anantapur
Chirawa College,
Chishtiya College of Arts,
Chitalo Mohavidyalaya,
Chitra Degree College,
Chitroda College,
Chittranjan College,
Chopra Kamala Paul Smriti Mahavidyalaya,Uttar Dinajpur
Chorampa College,
Chota Nagpur Law College,
Chotanagpur College,
Chotu Ram College of Education,
Choudhari College of Education,
Choudhari Yadunath Singh Degree College,
Choudhary Charan Singh College,Rohtas
Choudhary Charan Singh Shivdan Singh College,
Choudhary Digvijay Singh Mahavidyalaya,Jalaun
Choudhary Surendra Singh Mahavidyalaya,
Choudwar College,
Chouksey College of Science & Commerce,
Christ Academy Institute of  Advanced  Studies,,Bangalore
Christ Church (PG) College,
Christ College (Arts, Science & Commerce),
Christ College of Engineering,  Christ College Road,
Christ College,
Christ College,Bhopal
Christ College,Idukki
Christian Academy College,
Christian College,
Christian Eminent Mahavidyalaya, (Academy of Management, Professional Education & Research),
Christian Medical College,
Christian Medical College,Ludhiana
Chundi Ranganayakulu College,Guntur
Churachandpur College,
Cinnamara College,Jorhat
Citizen Girls College,
Citizen Welfare Education Society’s Dr. Manzoor Hasan Ayyubi College of Education,
City Academy Degree College,
City Academy Law College,Lucknow
City College of Commerce & Business Administration,
City College of Management,Lucknow
City College of Management,Shahjahanpur
City College,
City Degree College,,Bijnor
City Engineering College,Bangalore
City Model College,Kanpur Nagar
City Public Degree College,
City Public Mahila Degree College,
CK College of Engineering and Technology,Cuddalore
Clara’s College of Commerce,Mumbai
Cluny Women’s College,
CM College of Arts & Science Mount Razi,Wayanad
CMA’s Women’s Arts and Commerce Degree College,Belgaum
CMH College of Education,Jammu
CMR College of Engineering & Technology,
CMR College of Pharmacy,
CMR Engineering College,Rangareddy
CMR Institute of Technology,
CMR Institute of Technology,Bangalore
CMR Technical Campus,
CNR Arts and Science College,,
Co-operative Arts & Science College,
Coimbatore Institute of Engineering and Technology,
Coimbatore Institute of Technology,Coimbatore
College of  Veterinary  & Animal Sciences,
College of Accountancy And Management Studies,
College of Applied Education & Health Science,
College of Applied Science,,Palakkad
College of Applied Science,Kottayam
College of Applied Science,Malappuram
College of Applied Science,Palakkad
College of Applied Science,Pathanamthitta
College of Applied Science,Thrissur
College of Applied Sciences,Idukki
College of Architecture,
College of Art & Design,
College of Arts & Science,
College of Arts and Crafts,Patna
College of Arts,
College of Arts, Science & Technology,
College of Basic Science and Humanities,
College of Basic Science and Humanities,Banas Kantha
College of Basic Sciences & Humanities,
College of Basic Sciences & Humanities,Hisar
College of Basic Sciences,
College of Business Administration (CBA),berhampur
College of Commerce, Arts & Science,Patna
College of Computer Science and Information Technology,
College of Dairy Science,Amreli
College of Dairy Technology,Latur
College of Dentistry,
College of Education & Technology,
College of Education,
College of Education,Bilaspur
College of Education,Pune
College of Education,Sabar Kantha
College of Engineeing,Visakhapatnam
College of Engineering & Technology,
College of Engineering & Technology,Akola
College of Engineering and Management,
College of Engineering Bhubaneswar (CEB),
College of Engineering,
College of Engineering,Pune
College of Engineering,Solapur
College of Fine Arts (Karnataka-Chitrakala Parishad),
College of Fine Arts,
College of Fine Arts,Mysore
College of Fishery Sciences,Nagpur
College of Home Science,
College of Home Science, Govind Ballabh Pant University of Agriculture & Technology,
College of Horticulture,Mahesana
College of Law IPS Academy,Indore
College of Library & Information Science,
College of Life Science Cancer Chikitsalya,
College of Management Studies,Visakhapatnam
College of Material Management,
College of Military Engineering,
College of Nursing,
College of Pharamcy,
College of Pharmaceutical Science,
College of Physical Education & MGT Studies,Bhopal
College of Physical Education,
College of Physical Education,Pasumpon Thevar Thirumagan
College of Professional Ed1ucation,
College of Renewable Energy & Environmental Engineering,Banas Kantha
College of Social Work & Arts,
College of Social Work,
College of Teacher Education (CTE),
College of Teacher Education,
College of Teachers Education,
College of Technology,
College of Textile Technology,
College of Veterinary and Animal Sciences,
College of Veterinary and Animal Sciences,Thrissur
College of Veterinary Science & Animal Husbandry,
College of Veterinary Science and Animal Husbandry,
College of Veterinary Science and Animal Husbandry,Adilabad
College of Veterinary Science and Animal Husbandry,Mathura
College of Visual Arts,
College of Vocational Studies,
Colonal Jagannath Singh Mahavidyalaya,
Columbia College,Raipur
Columbia Institute of Pharmacy,
Commander Arjun Singh Bhadauriya Mahavidyalaya,Etawah
Commerce College,Kokrajhar
Comprehensive College of Education,Sri Potti Sriramulu Nellore
Consortium Minorities Association, Arts and Commerce College,
Cooach Behar College,
Cooch Behar Government Engineering College,
Coorg Institute of Technology,Kodagu
Cordia College,
Cosmic College of Education,Jammu
Cosmos College of Education,
Cotton College,Kamrup
Creative Educational Society’s College of Pharmacy,Kurnool
Crescent School of Education and Training,,West Champaran
Cross Land College,
CSI College of Engineering,The Nilgiris
CT Institute of Engineering,
CT Institute of Managemnet & Information Technology,Jalandhar
Cuttack College,
CVR College of Engineering,
D L R Degree College,East Godavari
D N R College,Bhimavaram
D P I A S E,
D R G  Govt. Degree College,West Godavari
D. Banumaiah's College of Commerce & Arts,Mysore
D. K. T. E. Society's Textile &  Engineering Institute,Kolhapur
D. R. College,Golaghat
D. S. R. Degree College,Bareilly
D. Y. Patil Educational Federation’s, Dr. D.Y. Patil College of Engineering & Innovation,Pune
D. Y. Patil Institute of Master of Computer Applications and Management,Pune
D.A. Pandu Memorial R.V. Dental College,
D.A.N. College of Education for Women,
D.A.V. (P.G) College,
D.A.V. Centenary College,
D.A.V. Centnary College,
D.A.V. College for Girls,
D.A.V. College for Women,
D.A.V. College of Education For Women,
D.A.V. College of Education,
D.A.V. College,
D.A.V. College,Ghazipur
D.A.V. Degree College,
D.A.V. Girls College,
D.A.V. Institute of Engineering & Technology (DAVIET),Jalandhar
D.A.V. Institute of Physiotherapy & Rehabilitation,Jalandhar
D.A.V. Mahavidyalaya,
D.A.V. Mahila Mahavidyalaya,Dhanbad
D.A.V. Post Graduate College,Siwan
D.A.V. Post Graduate College,Varanasi
D.A.V. Sansthan,Jaunpur
D.A.V. Velankar College of Commerce,
D.A.V.Sansthan,Jaunpur
D.B. College,Madhubani
D.B.F. Dayanand College of Arts & Science,
D.B.K.N. College,Samastipur
D.B.S. (P.G.) College,
D.B.S. Degree (PG) College,
D.B.S.K. Girls Degree College,Azamgarh
D.C. Barua Girls College,Jorhat
D.C.S.K. Post - Graduate College,
D.D. Bhoyar Arts & Science College,Nagpur
D.D. Chokshi College of Secondary Education,
D.D. College,Dehradun
D.D. Mahila Mahavidyalaya,
D.D. Shinde Sarkar College,
D.D. Thaker Arts & K.J. Patel Commerce College,
D.E. Society's Kirti M. Doongursee College of Arts, Science & Commerce,
D.E.P.G. College,
D.E.S. Sau Kusum Tai Dabke Law College,
D.G. Melmalagi Ayurved Medical College,
D.G. Ruparel College of Arts, Science & Commerce,
D.G. Shikshan Mahavidyalaya,
D.G.B. Dayanand College of Education,
D.G.B. Dayanand Law College,Solapur
D.H.S.K. College,Dibrugarh
D.J. Academy for Managerial Excellence,Coimbatore
D.J. College of Dental Sciences and Research,
D.J. College of Engineering & Technology,
D.J. College,
D.K. College,Bhojpur
D.K. Govt. College for Women,Sri Potti Sriramulu Nellore
D.K. Mahila Mahavidyalaya,Gadchiroli
D.K.D.L. Degree College,,Kaushambi
D.K.V. Arts and Science College,
D.L.R. Arts and Science College (Co-Ed),
D.L.S. Mahavidyalaya,
D.M. College of Arts,
D.M. College of Commerce,
D.M. College of Education,
D.M. College of Science,
D.M. College of Teacher Education,
D.M. Patel Arts & S.S. Patel Commerce College,
D.M.S. Mandal’s College of Business Administration,Belgaum
D.M.S. Mandal's College of Computer Applications,Belgaum
D.N. Jain College,
D.N. Post Graduate College,
D.N.R. College of Engineering & Technology,West Godavari
D.P. Bhosale College,
D.P. Mahavidyalaya,Budaun
D.P. Vipra College,Bilaspur
D.P. Vipra Law College,
D.P.G Degree College,
D.P.M. Institute of Education,
D.P.S. Degree College,
D.R. Goenka Women’s Degree College,West Godavari
D.R. Mandal's Uttar Maharashtra College of Commerce,
D.R. Nayapalli College,
D.R.G. Mahavidyalaya,Aligarh
D.R.J. Government Girls College,
D.R.M. Science College,Davanagere
D.R.N.S.C.V.S. College,Guntur
D.R.V.D.A.V. Centenary College,
D.S. College,Katihar
D.S. Educational Institute,
D.S.M. College,
D.S.M. Degree College,
D.S.N. Degree (PG) College,
D.V. Degree College,
D.V.M. College of Education,
D.V.M. Mahavidyalaya & Technical College,Bijnor
D.V.S. College of Arts & Science,
D.V.S. Evening College,
D.Y. Patil College of Engineering & Technology,Kolhapur
D.Y. Patil Education Society’s D.Y. Technical Campus, Faculty of Engineering & Faculty of Management,Kolhapur
Daar-Ul-Rehmat Trust’s A.E. Kalsekar Degree College,Thane
Dada Ji Mahavidyalaya,
Dada Patil Mahavidyalaya,
Dada Patil Rajale Arts and Science College,
Dadasaheb Balpande College of Pharmacy,Nagpur
Dadhibaman College,
Dadhimati Teachers Training College,
Dadi Institute of Engineering & Technology,Visakhapatnam
Daggubati Chanchu Ramayye Memorial Degree College,Prakasam
Dahiwadi College,
Daita Madhusudana Sastry Sri Venkateswara Hindu College of Engineering,Krishna
Dakshin Kamrup College,Kamrup
Dakshin Kamrup Girls College,Kamrup
Dakshina Bharat Hindi Prachar Sabha,Chennai
Dakshina Bharat Hindi Prachar Sabha’s Law College,
Dalgoma Anchalik College,Goalpara
Dalit Mitra Kadam Guruji Science College,
Dalmia College,
Dalvir Singh Degree College,
Damacherla Sakkubayamma Government College for Women,Prakasam
Damber Singh College,
Damdama College,Kamrup
Damdei Christian College,
Damyanti Raj Anand Govt. Degree College,
Damyantitai Deshmukh B.Ed. College,
Dan Sahay Memorial Degree College,
Dang Seva Mandal's Arts College,
Dang Seva Mandal’s Dadasaheb  Bidkar Arts, Science &  Commerce College,
Danielson Degree College,
Dapoli Education Society’s Dapoli Urban Bank Senior Science College,
Darbhanga Medical College,Darbhanga
Darjeeling Governement College,
Daroga Prasad Rai Degree College,Siwan
Darrang College,Sonitpur
Darshan Singh Memorial Degree College,Bareilly
Darshan Singh Smriti Mahavidyalaya,Kanpur Dehat
Darul Irshad Arabic College,
Darul Uloom Arabic College,
Dasarth Dev Memorial College,
Dashmesh Girls College,
Dashmesh Khalsa College,
Dashrath Prasad Singh Institute of Teachers Education, VPO.- Prahladpur,Muzaffarpur
Dashrath Sansthan,Ghazipur
Dashrath Singh Smarak Mahavidyalaya,Gonda
Dashrath Verma Mahavidyalaya,
Dasmesh Girls College of Education,
Datta Meghe Institute of Engineering, Technology & Research,Wardha
Datta Meghe Institute of Management Studies,
Datta Science College,Amravati
Dattaji Rao Kadam Arts, Commerce & Science College,
Dau Kalyan Singh Sonwani Mahavidyalaya,Dhamtari
Dau Uttam Sao Government College Machandur,Durg
Daudnagar College,Aurangabad
Daulat Ram College,
Daulatbhai Triedi Law College,
DAV College for Girls,
DAV Degree College,
David Hare Training College,
Daya Awadh Mahavidyalaya,Faizabad
Daya Nand College,
Daya Shankar Mahila Mahavidyalaya,Allahabad
Dayal Degree College,
Dayal Singh College (Evening Classes),
Dayal Singh College,
Dayananad Mathradas College,
Dayanand Academy Of Management Studies,
Dayanand Anglo Vedic (PG) College,
Dayanand Arya Kanya Degree College,
Dayanand Arya Kanya Mahavidyalaya,
Dayanand Arya Vedic Mahavidyalaya,
Dayanand Ayurvedic College,Jalandhar
Dayanand Bachhrawan Degree College,
Dayanand College of Arts,
Dayanand College of Commerce,
Dayanand College of Law,
Dayanand college,
Dayanand Danku Paraga Gyan Uday Mahavidyalaya,
Dayanand Dinanath College, Institute of Pharmacy,
Dayanand Girls (PG) College,
Dayanand Law College,
Dayanand Mahila Mahavidyalaya,
Dayanand Medical College & Hospital,Ludhiana
Dayanand Science College,
Dayanand Vidyapeeth College of Law,Meerut
Dayanand Women's Training College,
Dayananda Evening College of Arts & Commerce,
Dayananda Sagar Academy of Technology & management,
Dayananda Sagar College of Arts, Science & Commerce,Bangalore
Dayananda Sagar College of Dental Sciences,
Dayananda Sagar College of Engineering,
Dayashankar Jagdish Bahadur Mahila Mahavidyalaya,Pratapgarh
Dayavihar Degree College,
Dayawanti Punj Training Institute,
Dayawati College of Law,Ghaziabad
De Paul College,  Avverahalli,Mandya
Debra Thana Sahid Kshudiram Smriti Mahavidyalaya,
Deccan Education Society’s Shri Navalmal Firodia Law College,Pune
Deen Bandhu Mahavidyalaya,Siddharthnagar
Deen Dayal College,
Deen Dayal Upadhyay Government Degree College,
Deen Dayal Upadhyay Govt. Degree College,
Deen Dayal Upadhyaya College,
Deen Dayal Upadhyaya Government Degree College,
Deenbandhu Deenanath Mahavidyalaya,
Deep Narayan Singh College,Banka
Deep Narayan Surya Kumar Smriti Mahavidyalaya,Ambedkar Nagar
Deep Narayan Yadav Degree College,
Deepshikha College of Technical Education,Jaipur
Deepshikha Teacher Training College,Jaipur
Deesa Nagarpanchayat Arts and Commerce College,
Defence Services Staff College,
Degloor College,
Degree College of Physical Education,
Degree College Of Physical Education,
Degree College,
Degree College,Supaul
Dehradun Institute of Technology,
Dekha Devi Rasiwasia College,Dibrugarh
Delhi College of Arts & Commerce,
Delhi College of Engineering,
Delhi Institute of Pharma Ceutical Science and Research,
Delhi School of Professional Studies & Research,
Demow College,Sivasagar
Dempo Charities Trust’s Dhempe College of Arts & Science,
Dental College,
Dental College,Azamgarh
Deo Chander Mahavidyalaya,Vaishali
Deo Indrawati Mahavidyalaya,
Deo Narayan Yadav College,Madhubani
Deo Shanker Haldha Choudhary Sanskrit Mahavidyalaya,Madhubani
DEO Sundari Memorial College,Munger
Deoband College of Higher Education,
Deogarh College,
Deoghar College,
Deogiri College,
Deomornoi Degree College,,Darrang
Dera Natung Government College,
Derabis College,
Dergaon Kamal Dowerah College,Golaghat
Derozio Memorial College,
Des's Bangurnagar Arts, Science and Commerce College,
Desai Chandulal Manilal Arts and Commerce College,
Desh Bagat College,
Desh Bandhu College,
Desh Bandhu Gupta Government College,Panipat
Desh Deepak Adarsh Mahavidyalaya,
Deshbandhu College for Girls,
Deshbandhu Mahavidyalaya,
Deshbhakta Anandrao Balawantrao Naik Arts & Science College,
Deshbhakta Ratnappa Kumbhar College of Commerce,
Deshbhakta Sambhajirao Garad Mahavidyalaya,
Deshrani Rajpoot Mahavidyalaya,Hamirpur
Dev Bux Baldev Smarak Mahavidyalaya,Faizabad
Dev College,
Dev Education College,
Dev Samaj College for Girls,
Dev Samaj College for Women,
Dev Samaj College of Education for Women,
Dev Samaj College of Education,
Dev Sangha Institute of Professional Studies & Educational Research,
Dev Sanskriti College of Education & Technology,
Deva Matha College,
Deva Nagri College,
Devaki Amma Memorial College of Pharmacy, Chelembra, PO. Pulliparamba, Dt. Malappuram-673 634,Malappuram
Devan Bahadur Padma Rao Mudalier College for Women,
Devanampriya Ashok Government First Grade College,Raichur
Devanga Arts College,
Devanshi Girls College of Education.,
Devanshu Samaj Kalyan Sewa Mahavidyalaya,
Devarasetty Adilakchuma Women's College,Y.S.R.
Devaswom Board College,
Devaswon Board College,
Devaswon Board Pampa College,
Devchand College,
Devchandra Dalsingar Bhartiya Vidyapeeth Mahavidyalaya,
Devendra Degree College,
Devendranath Jantha Degree College,
Devi Ahilya Girls Arts & Commerce Degree College,
Devi Sharan Ram Chander Degree College,
Devi Shyamrathi Mahavidyalaya,
Devi Singh Kesarbai College,
Devineni Venkata Ramana & Dr. Hima Sekhar MIC College of Technology,Krishna
Deviprasad Goenka Management College of Media Studies,Mumbai
Devki Devi Jain Memorial College for Women,
Devrukh Shikshan Prasarak Mandal’s Nyayadhish Tatyasaheb Athalye Arts, Vedmurti S.R. Sapre Commerce and Vidhidnya Dadasaheb Pitre Science College,
Devta Mahavidyalaya,
Dewan Abdul Gani College,
Dewan Institute of Management Studies,Meerut
Dewan Law College,Meerut
Dewanhat Mahavidyalaya,
Dhaanish Ahmed College of Engineering,
Dhaanish Ahmed Institute of Technology,Coimbatore
Dhakhakha College,Lakhimpur
Dhamanagar College,
Dhamangaon Education Society’s College of Engineering and Technology,
Dhamdhama Anchalik College,Nalbari
Dhampur Degree College,Bijnor
Dhanabagiyam Krishnaswamy Mudaliar College for Women,
Dhanaji Nan Mahavidyalaya,
Dhanaji Nana Chaudhari Vidya Prabhodhini Sanchalit Shirish Madhukarrao Chaudhari College,Jalgaon
Dhanaji Nana Chaudhari Vidya Prabodhini Sanchalit Loksevak Madhukarrao Choudhari College of Social Work,Jalgaon
Dhanalakshimi College of Education,Guntur
Dhanalakshmi College of Engineering,
Dhanalakshmi College of Physical Education,Guntur
Dhanalakshmi Srinivasan College of Arts & Science For Women,
Dhanalakshmi Srinivasan College of Engineering (CBE),Coimbatore
Dhanalakshmi Srinivasan College of Engineering and Technology,Kancheepuram
Dhanalakshmi Srinivasan Engineering College,
Dhananjayrao Gadgil College of Commerce,
Dhandaimata Education Society Sanchalit, Arts College,Jalgaon
Dhanekula Institute of Engineering and Technology,Krishna
Dhaneswar Yadav Mahila Mahavidyalaya,Jaunpur
Dhanraj Baid Jain College,
Dhanraj Kunwar Girls Degree College,
Dhanwate National College,
Dharama Samaj Sanskrit College,Muzaffarnagar
Dharamamurthi Rao Bahadur Calavala Cunnan, Chetty's Hindu College,
Dharamapuram Ganambigai Government Arts College for Women,
Dharampal Singh Chandraul Mahavidyalaya,
Dharampeth M.P. Deo Memorial Science College,
Dharamsamaj Sanskrit College,
Dharamveer Institute of Education & Technology Noorpur,
Dharamveer Singh Memorial Degree College,Moradabad
Dharanidhar College,
Dharichhana Kunwari Memorial College,Buxar
Dharm Jyoti Mahavidyalaya,
Dharma Appa Rao College,Krishna
Dharma Devi Badri Prasad Smarak Mahavidyalaya,Sultanpur
Dharma Devi Mahavidyalaya,Jaunpur
Dharma Samaj P.G. College,
Dharmanagar Government College,
Dharmapuram Adhinam Arts College,
Dharmasala Mahavidyalaya,
Dharmasinh Desai Institute of Commerce,
Dharmavant College of Science & Commerce,
Dharmendra Singh Memorial College,Meerut
Dharmendrasinhji Arts College,
Dharmraj Singh College of Education,Chitrakoot
Dharwad Institute of Mental Health and Neuro Sciences,Dharwad
Dheerendra Pal Singh Institute of Higher Education,Mainpuri
Dhemaji College,Dhemaji
Dhemaji Commerce College,Dhemaji
Dhemaji Girl’s College,Dhemaji
Dhenkanal College,
Dhenkanal Law College,
Dhenkanal Mahila Mahavidyalaya,
Dhing College,Nagaon
Dhirajlal Degree College,
Dhirajlal Gandhi College of Technology,Salem
Dhirendra Mahila Mahavidyalaya,
Dhondhe Ram Degree College,
Dhote Bhandu Science College,
Dhruba Chandra Halder College,
Dhruv Narayan Mahila Mahavidyalay,
Dhruva Narayan Mahila Mahavidyalaya,
Dhubri Girls’ College,Dhubri
Dhule Education Society's College of Education,
Dhule Education Society’s M.D. Palesha Commerce College,
Diamond College of Commerce & Science,Nagpur
Dibru College,Dibrugarh
Dibrugarh H.S. Kanoi Commerce College,Dibrugarh
Digambar Jain Adarsh Mahila Sanskrit PG Mahavidyalaya,
Digambarrao Bindu Arts, Commerce and Science College,Nanded
Digamber Degree College,
Digboi College,Tinsukia
Digboi Mahila Mahavidyalaya,Tinsukia
Digvijai Nath P.G. College,
Digvijay Nath L.T. Training College,
Dikhowmukh College,Sivaganga
Dimapur Government College,
Dimoria College,Kamrup
Dimow Chariali College,Dhemaji
Dina Krishna College,
Dinabandhu Institute,
Dinabandhu Mahavidyalaya,
Dinabandhu Sahu Law College,
Dinbandhu Andrew's College,
Dinhata College,
Dinkarrao K. Shinde College of Education,Kolhapur
Dinkarrao Ram Chandra Mane Mahavidyalaya,
Dinsha Patel College of Nursing,
Dinshan Daboo Law College,
Diphu Government College,Karbi Anglong
Disha - A Resource Centre for the Disabled,Jaipur
Disha College of Management Studies,Raipur
Disha College,
Disha Institute of Science & Technology,
Dispur College,Kamrup
Divine College,Pilibhit
Divya Kirpal Mahavidyalaya,
Divyanand Vidya Mandir Mahavidyalaya,
Dixit College of Higher Education,
Dixit Mahavidyalaya,,Aligarh
Diyawanath Kewala Shankar Mahavidyalaya,
DMI College of Engineering,Kancheepuram
Dnyan Bharati Society's Sau. Sitabai Ramkrushna Karandikar College of Commerce Late Mehernosh Bowan Burijar Irani College of  Arts,
Dnyan Prabodhini Mandal’s Shree Mallikarjun College of Arts & Commerce,
Dnyandeep College of Administration,Nagpur
Dnyaneshwar Gramonnati Mandal’s Hon. Balasaheb Jadhav Arts, Commerce & Science College,Pune
Dnyanpasak Shikshan Mandal's College of Arts, Commerce and Science,
Dnyanprassarak Mandal’s College and Research Centre,
Dnyanvardhini Trust's Sonubhau Baswant College of Arts and Commerce,
Doaba College,
Dogra College of Education,Jammu
Dogra Degree College,Jammu
Dogra Law College,Jammu
Dolphin (P.G.) Institute of Biomedical & Natural Science,
Dombivli Yuvak Education Trust, Royal College of Science & Commerce,Thane
Dombnili S.P. Mandal's S.K.V. Pendherkar Arts, Science & Commerce College,
Dominant College of Education,Dausa
Domkal Girls’ College,Murshidabad
Don Bosco Arts and Science College,
Don Bosco College of Arts & Science,Thoothukudi
Don Bosco College of Engineering,,
Don Bosco College of Sciences and Management,
Don Bosco College,
Don Bosco College, Mannuthy,Thrissur
Don Bosco College,,
Don Bosco College,Golaghat
Don Bosco College,Kohima
Don Bosco College,Wayanad
Don Bosco Institute of Technology,Bangalore
Donyi-Polo Government College,
Doodhnath Smarak Mahavidyalaya,Sultanpur
Doodhsakhar Mahavidyalaya,
Doom Doom College,Tinsukia
Doon Business School,Dehradun
Doon College of Education for Women,
Doon College of Education,
Doon College of Law,
Doranda College,
Doying Gumin College,
DPBS College, Anupshahr,Bulandshahr
Dr Moopen’s Medical College,
Dr. A. C. Homoeopathic Medical College and Hospital,
Dr. A.H. Rizvi Degree College,
Dr. A.P.J. Abdul Kalam Government College,Kolkata
Dr. A.V. Baliga College of Art & Science,
Dr. A.V. Baliga College of Commerce,
Dr. Akhtar Hasan Rizvi Shia Degree College,Jaunpur
Dr. Ambedkar (Degree College),
Dr. Ambedkar Arts, Science & Commerce College,
Dr. Ambedkar College of Arts & Commerce,Pune
Dr. Ambedkar College of Commerce and Economics,
Dr. Ambedkar College of Education,Bangalore
Dr. Ambedkar College of Law,
Dr. Ambedkar College of Social Work,
Dr. Ambedkar College,
Dr. Ambedkar Degree College of Arts and Commerce,
Dr. Ambedkar Degree College,
Dr. Ambedkar First Grade Arts College,
Dr. Ambedkar First Grade College,
Dr. Ambedkar Government Arts College,
Dr. Ambedkar Government Degree College,
Dr. Ambedkar Government Law College,
Dr. Ambedkar Institute of Management Studies and Research,Nagpur
Dr. Ambedkar Institute of Technology for Handicapped,Kanpur Nagar
Dr. Ambedkar Institute of Technology,Bangalore
Dr. Ambedkar Memorial Institute of Information Technology & Management Science,
Dr. Ambedkar Smarak Evam Smt. Rajkishori Devi MahilaMahavidyalaya,
Dr. Amit Kumar Singh Kanya Mahavidyalaya,Ghazipur
Dr. Annasaheb G.D. Bendale Mahila Mahavidyalaya,
Dr. Anuradha Tripathi Memorial Balika Degree College,Auraiya
Dr. Anushka Vidhi Mahavidyalaya,
Dr. APJ Abdul Kalam Government College,
Dr. Arun Motghare Mahavidyalaya,Bhandara
Dr. Asha Smriti Mahavidyalaya,Lucknow
Dr. Ashok Kumar Smarak Mahavidyalaya,
Dr. Awdhesh Prakash, Sharma Smarak Mahavidyalaya,Bara Banki
Dr. B. Ambedkar College of Arts, Commerce & Science,
Dr. B. Lal Institute of Biotechnology,
Dr. B. R. Ambedkar National Institute of Technology, Jalandhar
Dr. B. R. Ambedkar National Institute of Technology, Jalandhar,Jalandhar
Dr. B.B. Hegde First Grade College,Udupi
Dr. B.C. Roy Engineering College,
Dr. B.K. Baruah College,Nagaon
Dr. B.P.S. College,Agra
Dr. B.R. Ambedkar College (Arts, Sc. & Commerce),
Dr. B.R. Ambedkar First Grade College,
Dr. B.R. Ambedkar Government College,Kaithal
Dr. B.R. Ambedkar Government Law College,
Dr. B.R. Ambedkar Govt. Girls P.G. College,
Dr. B.R. Ambedkar Janamshatabdi Mahavidyalaya,
Dr. B.R. Ambedkar Krishak Degree College,
Dr. B.R. Ambedkar Law College,
Dr. B.R. Ambedkar Mahavidyalaya,Banda
Dr. B.R. Ambedkar P.G. College,Jaipur
Dr. B.R. Ambedkar Rajkiya Mahavidyalaya,
Dr. B.R. Ambedkar Satabarshiki Mahavidyalaya,North Twenty Four Parganas
Dr. B.R.R. Govt. College,
Dr. Baba Saheb Ambedkar College of Arts & Commerce,
Dr. Baba Saheb Ambedkar National Institute of Social Science,
Dr. Babasaheb Ambedkar College of Arts, Science & Commerce,
Dr. Babasaheb Ambedkar College of Engineering & Research,Nagpur
Dr. Babasaheb Ambedkar College of Social Work,Dhule
Dr. Babasaheb Ambedkar Commerce and Maharshi Vitherl Ramji Shinde Arts College,Pune
Dr. Babasaheb Ambedkar Commerce, Dr. M.V.R. Shinde, Arts College,Pune
Dr. Babasaheb Ambedkar Education Society’s B. Shankaranand Arts and Commerce College,Belgaum
Dr. Babasaheb Ambedkar Mahavidyalaya,
Dr. Babasaheb Ambedkar Memorial College of Law,
Dr. Babasaheb Nandurkar Sharirik Shikshan Mahavidyalaya,
Dr. Balasaheb Ambedkar College of Arts & Commerce,
Dr. Bhagwat Sahay Govt. College,Gwalior
Dr. Bhanuben Mahendra Nanavati College of Home Science,
Dr. Bhavar Singh Porte Government College,
Dr. Bheem Rao Ambedkar Mahavidyalaya,
Dr. Bhim Rao Ambedkar Degree College,
Dr. Bhim Rao Ambedkar Degree College,Banda
Dr. Bhim Rao Ambedkar Govt. College,
Dr. Bhim Rao Ambedkar Mahavidyalaya,
Dr. Bhim Rao Ambedkar Rajkiya Mahavidyalaya,Kannauj
Dr. Bhimrao Ambedkar Baudhha Mahavidyalaya,
Dr. Bhimrao Ambedkar Government College,
Dr. Bhimrao Ambedkar Government College,Mahasamund
Dr. Bhimrao Ambedkar Government P.G. College,
Dr. Bhimrao Ambedkar Mahavidyalaya,
Dr. Bhimrao Ambedkar Mahavidyalaya,Gonda
Dr. Bhimrao Ambedkar Rajkiya Mahavidyalaya,
Dr. Bhimrao Ambedkar Rajkiya Mahavidyalaya,Jodhpur
Dr. Bhupendra Nath Dutta Smriti Mahavidyalaya,
Dr. C.D. Deshmukh Commerce & Sau. K.G. Tamhane Arts College,
Dr. C.V. Raman College of Administration and Network Sciences,Davanagere
Dr. Chandrama Singh Mahila Mahavidyalaya,Varanasi
Dr. Cheeday Satyanarayana Degree & P.G. College,West Godavari
Dr. D. P. Singh Mahavidyalaya,Shahjahanpur
Dr. D. Y. PatilPratishthan’s,  Dr. D.Y. Patil Institute of Management Studies,Pune
Dr. D.G. Shetty Educational Society’s R.S. Shetty College of Commerce,
Dr. D.P. Singh Mahavidyalaya,Shahjahanpur
Dr. D.Y. Patil Educational Federation Dr. D.Y. Patil Institute of Management & Entrepreneur Development,Pune
Dr. D.Y. Patil Pratishthan,
Dr. D.Y. Patil Unitech Society Pune's Dr. D.Y. Patil Arts, Commerce and Science College,Pune
Dr. D.Y. Patil Unitech Society's Dr. D.Y. Patil Arts, Commerce and Science College,Pune
Dr. Datar Science Dr. Behera aRts & Shri P.J. Commerce College,
Dr. G. Shankar Government Women's First Grade College and P.G. Study Centre,
Dr. G.R. Damodaran College of Science,Coimbatore
Dr. Ganesh Dass D.A.V. College of Education for Women,
Dr. Ghali College,
Dr. Ghanshyam Singh Mahavidyalaya,
Dr. Gopalrao Khedkar Mahavidyalaya,
Dr. Govind Prasad Rani Devi Patel Mahavidyalaya,
Dr. H.N. Sinha Arts and Commerce College,
Dr. Harekrushna Mahatab College,
Dr. Hari Shankar Mishra Mahavidyalaya,
Dr. Harivansh Rai Bachchan Mahavidyalaya,
Dr. Islam Majeed Teacher’s Training College,
Dr. Islam Majid Degree College,
Dr. J.J. Magdum College of Engineering,Kolhapur
Dr. Jadunath College,
Dr. Jagannath Mishra College,
Dr. Jagannath Mishra College,Muzaffarpur
Dr. Jagnnath Mishra Sanskrit College,Madhubani
Dr. Jhasaketan Sahu College,Sambalpur
Dr. Jyothirmayi Degree College,Kurnool
Dr. K. Shivaramakarantha Government First Grade College,
Dr. K.R.R.M. Degree College,Guntur
Dr. K.S.P.R. College of Education,Guntur
Dr. K.V. Subba Reddy Institute of Pharmacy,Kurnool
Dr. K.V. Subba Reddy Institute of Technology,Kurnool
Dr. Kailash Nath Singh Mahavidyalaya,
Dr. Kailashnath Katju Vidhi Mahavidyalaya,
Dr. Kanailal Bhattacharyya College,
Dr. Lankapalli Bullayya College,Visakhapatnam
Dr. Lohiya Karpoori V.D. College,Samastipur
Dr. Lohiya Mahila Mahavidyalaya,
Dr. M.K.. Umathe Arts & Ramchandrarao Mokhare Commerce College,
Dr. M.V. Shetty College of Physiotherapy,
Dr. M.V. Shetty College of Social Work,
Dr. M.V. Shetty College of Speech and Hearing,,
Dr. Mahalingam College of Engineering and Technology,,Pollachi
Dr. Mahendra Kumar Chhote Lal Bind Mahavidyalaya,Allahabad
Dr. Manrakhan Lal Sahu Government College.,Durg
Dr. Meghnad Saha College,Uttar Dinajpur
Dr. MGR Janaki College of Arts and Science for Women,
Dr. Milind Bimbe College,Jalgaon
Dr. Mithilesh Mani Tripathi Adarsh Degree College,Siddharthnagar
Dr. MPS Memorial College of Business Studies,
Dr. Mrs. Indira Bai B. Pathak Mahila Mahavidyalaya,
Dr. N.G.P. Arts & Science College,Coimbatore
Dr. N.G.P. Institute of Technology,Coimbatore
Dr. N.S.A.M. First Grade College,
Dr. N.S.A.M. First Grade College,Bangalore
Dr. Nobin Bordoloi College,Jorhat
Dr. P.  Dayananda Pai - P. Satisha Pai Government First Grade College,Dakshina Kannada
Dr. P.D. Patil College of Computer Science & Management Studies,
Dr. P.D.B.H. Government Post-Graduate College,
Dr. P.G.A.S. Samiti’s Pandit Panchaxara Gavaigalavara Music College,
Dr. P.N. Singh Degree College,Saran
Dr. Panjabrao Deshmukh College of Law,
Dr. Parashuram Deen Bandhu Mahavidyalaya,Ambedkar Nagar
Dr. Parshuram Mishra Institute of Advanced Study In Education,
Dr. Pushpendra Singh Smarak Mahavidyalaya,
Dr. R. Ahmed Dental College and Hospital,
Dr. R.A.N.M. Arts & Science College,Erode
Dr. R.K. Shanmugam College of Arts & Science,Viluppuram
Dr. R.K. Shanmugam College of Education,Viluppuram
Dr. R.M.L.S. College,Muzaffarpur
Dr. R.P. Richharia Degree College,
Dr. R.V. Arts and Science College,Coimbatore
Dr. Radha Bai Govt. Navin Kanya Mahavidyalaya,
Dr. Rafiq Zakaria College for Women,
Dr. Rajendra Prasad Memorial Girls Degree College,
Dr. Ram Bahadur Singh Memorial Mahavidyalaya,
Dr. Ram Krishna Thakur Janta Sanskrit Mahavidyalaya,Madhubani
Dr. Ram Kumar Gayatri Devi Degree College,,
Dr. Ram Manohar Lohia Degree College,
Dr. Ram Manohar Lohia Government Degree College,
Dr. Ram Manohar Lohia Mahavidhyalaya,
Dr. Ram Manohar Lohia Mahavidyalaya,
Dr. Ram Manohar Lohia, Chobisa Mahavidyalaya,
Dr. Ram Manohar Lohiya Balika Mahavidyalaya,Pratapgarh
Dr. Ram Manohar Lohiya Degree College,
Dr. Ram Manohar Lohiya Government Degree College,Jaunpur
Dr. Ram Manohar Lohiya Mahavidyalaya,
Dr. Ram Manohar Lohiya Mahavidyalaya,Gorakhpur
Dr. Ram Manohar Lohiya Subedar Mahavidyalaya,
Dr. Ram Manohur Lohiya Mahavidyalaya,
Dr. Ram Narayan Mahila Mahavidyalaya,
Dr. Rama Prasanna Maniram Singh Mahavidyalaya,
Dr. Rammanohar Lohia College of Law,
Dr. Rammanohar Lohiya Mahila Mahavidyalaya,Jhansi
Dr. Ramnaresh Mahavidyalaya,Azamgarh
Dr. Ramraj Singh Mahila Mahavidyalaya,Nalanda
Dr. Rishikant Siddarth Mahavidyalaya,
Dr. Rishikant Siddarth Mahavidyalaya,Etah
Dr. Rizvi College of Law,
Dr. Rohini Kanta Barua Law College,
Dr. S. & S.S. Gandhy Government Engineering College,
Dr. S. Gopalaraju Government First Grade College,Bangalore
DR. S.C GulhanePrerna College of Commerce Science and Arts.,Nagpur
Dr. S.K. Sinha Women's College,Purbi Champaran
Dr. S.N.N. Government Degree College,
Dr. S.P. Singh College of Teacher Education,
Dr. S.R. Chandrasekhar Institute of Speech and Hearing,Bangalore
Dr. Samala Ramaiah Janakamma Degree College,Sri Potti Sriramulu Nellore
Dr. Sampurnanand Medical College,
Dr. Samuel George Institute of Engineering & Technology,Prakasam
Dr. Samuel George Institute of Pharmaceutical Sciences,Prakasam
Dr. Saravepalli Radhakrishna Government Arts College,
Dr. Sarojini B.S.W. College,Dharwad
Dr. Shadi Lal College of Education,
Dr. Shashi Bhushan Institute of Education,Hailakandi
Dr. Shashi Kant Singh Mahavidyalaya,Varanasi
Dr. Shiv Uma Gupta Degree College,Fatehpur
Dr. Shivanand Nautiyal Government Post Graduate College,Chamoli
Dr. Shivling Shivacharaya Maharaj Pratishtan’s College of Education (B.Ed.),Latur
Dr. Shyama Prasad Mukherjee Degree College,
Dr. Shyama Prasad Mukherjee Govt. Degree College,
Dr. Shyamprasad Mukharji Arts College,
Dr. Sivanthi Aditanar College of Physical Education,
Dr. SNS College of Education,
Dr. SNS Rajalakshmi College of Arts & Science,Coimbatore
Dr. Subhash Mahila Arts Commerce and Home Science College,
Dr. Subhash Mahila College of Education,
Dr. Sudhir Chandra Sur Institute of Technology and Sports Complex,Kolkata
Dr. Susheela Grameen Mahavidyalaya,
Dr. Sushila Tiwari Private Mahavidyalaya,
Dr. T. Thimmaiah Institute of Technology,
Dr. T. Thimmaiah Institute of Technology,,
Dr. T.M.A. Pai College of Education,
Dr. Uday Jasraj Ratna Mahila Mahavidyalaya,
Dr. Umayal Ramanathan College for Women,
Dr. V S K Govt Degree College,Visakhapatnam
Dr. V.H. Dave Homoeopathic Medical College and S.I. Patel Homeopathic Hospital,
Dr. V.M. Medical College,
DR. V.R.K Women’s College of Engineering & Technology,
Dr. Virambhai Rajabhai Godhaniya College of Arts Commerce Home Science and Information Technology for Girls,
Dr. Virendra Swarup Institute of Professional Studies,
Dr. Vishwambhar Singh Pratap Singh Mahavidyalaya,
Dr. Vithalrao Vikhe Patil Foundation’s Medical College & Hospital,
Dr. Vithalrao Vikhe Patil Foundation’s, College of Nursing,,Ahmadabad
Dr. Z.H. Degree College,
Dr. Z.H.T.T. College,Darbhanga
Dr. Zakir Husain College,Sivagangai
Dr. Zakir Hussain First Grade College,
Dr.B.R. Ambedkar College,
Draupadi Devi Vindhayachal Degree College,
DRIEMS,
DRK Institute of Science & Technology,Hyderabad
Dronacharya College of Education,
Dronacharya College of Engineering,
Dronacharya Govt. College,
DSBG Govt. First Grade College,
Duddupudi Degree College for Women,Raichur
Dudhnath Singh Smarak Mahavidyalaya,Jaunpur
Dudhnoi College,Goalpara
Dugheshwar Nath Sanskrit Mahavidyalaya,
Duja Devi Degree College,
Dukhulal Nibaran Chandra College,
Dulari Devi Degree College,
Dulari Mahila Mahavidyalaya,Ambedkar Nagar
Duleshwari Sukhdev (D.S.) Memorial Girls Degree College,Ballia
Duliajan College,Dibrugarh
Duliajan Girls’ College,Dibrugarh
Dum Dum Motijeel College,
Dum Dum Motijheel Rabindra Mahavidyalaya,
Dumakal College,
Dumkal Institute of Engineering & Technology,Murshidabad
Dumri Mahavidyalaya,Gumla
Dunguripali College,
Durama College,West Garo Hills
Durga College of Education,Jammu
Durga Mahavidyalaya,
Durga Narain Degree (PG) College,
Durgabai Deshmukh College of Special Education(Visual Impairment),
Durgadevi Saraf Institute of Management Studies,
Durgadut Chunnilal Sagarmal Khandelwal Post-Graduate College,
Durgapur Government College,
Durgapur Institute of Advanced Technology & Management,
Durgapur Institute of Legal Studies,Barddhaman
Durgapur Women's College,
Durgawati Radheshyam Balika Mahavidyalaya,Ghazipur
Dushyant Singh Bhale Sultan Mahavidyalaya.,
Dutika Sahu College,
Duvvuru Ramanamma Women's Degree College,
Dwaba Sanskrit Prachar Samiti Mahavidyalaya,
Dwaraka Doss Goverdhan Doss Vaishnav College,
Dwarika Prasad Mahavidyalaya,
Dwarika Prasad Sinha Mahila Mahavidyalaya,Ballia
Dwarka Nath College,Patna
Dwijendralal College,
Dyal Singh College,Karnal
E.C.I. Mahila Mahavidyalaya,
E.G.S. Pillay Engineering College,
E.K. Nayanar Memorial Government College,
E.M.E.A. College of Arts & Science,
E.M.G. Yadava Women's College,
E.R.K. Arts and Science College,
Easa College of Engineering and Technology,Coimbatore
East Calcutta Girls' College,
East N West Teacher’s Training College,Saharsa
East Point College of Engineering & Technology,
East West Institute of Technology,Bangalore
Eastern Christian College,
Eastern Karbi Anglong College,Karbi Anglong
Easwari Engineering College,Chennai
Edayathangudy G.S. Pillay Arts & Science College,Nagapattinam
Education B.Ed College,
Education College,Murshidabad
Edurite College of Management Studies,
Egra Sarada Shasibhusan College,
EGS Pillay College of Education,Nagapattinam
Ekalabya Panchayat Samiti College (+3),
Ekamra Mahavidyalaya,
Eklavya Mahavidyalaya,
Eknath Sitarama Divekar College,Pune
Ekram Nabi Khan Girls Degree College,Sant Kabir Nagar
Ekshala College of Education,
Eliezer Joldan Memorial College,Ladakh
Ellenki College of Engineering & Technology,,
Elphinstone College,Mumbai
Emarti Devi Women's College,
Emerald Height College for Women,
Engineering College,
Er. Perumal Manimekalai College of Engineering,Krishnagiri
Er. R.S.V. Mahavidyalaya,
Eram College,Bara Banki
Eram Girls Degree College,Lucknow
Erode Arts and Science College,Erode
Erode Sengunthar Engineering College,
Eswar College of Engineering,
Evening College,
Ewing Christian College,
Excel Business School,Komarapalayam
Excel College of Engineering and Technology,Komarapalayam
Excel College of Technology,Komarapalayam
Excel Engineering College,Komarapalayam
Excelsior Education Society’s K.C. College of Engineering & Management Studies and Research,
Excelssior Education Society’s, K.B. College of Arts and Commerce for Women,
F. Education Society's Girls College,
F.A. Ahmed College,Kamrup
F.A.A. Government Degree (PG) College,
F.D. Arts And Commerce College for Women,
F.E.S. Girls College,
F.M. College,
F.S. College of Education,
Fabtech Education Society's Fabtech Technical Campus-College of Engineering & Research,Solapur
Fairfield Institute of Management & Technology,New Delhi
Faisal Degree College,Balrampur
Faiz-E-Am Degree College,
Faiz-E-Am Modern Degree College,
Fakir Chand College,
Fakiragram College,Kokrajhar
Falahe Ummat Girls Degree College,
Falakata College,
Fanikeshwar Nath Government College,,Gariaband
Faridul Haque Memorial Degree College,Jaunpur
Farook College,
Farook Training College,
Fateh Bahadur Singh Shivshanker Singh Mahavidyalaya,Ballia
Fateh Chand College For Women,
Father Muller College,
Father Muller Medical College,
Fatima College,
Fatima Degree College,,Balrampur
Fatima Hind Mahila Mahavidyalaya,Azamgarh
Fatima Mahavidyalaya,Hardoi
Fatima Mata National College,
Fatima Michael College of Engineering and Technology,Madurai
Fazl Ali College,
Federal Institute of Science and Technology (FISAT),Ernakulam
Feku Singh Mahavidyalaya,
Fergusson College,Pune
Feroze Gandhi Degree (PG) College,
Feroze Gandhi Memorial Govt. College,
Field Marshal K.M. Cariappa College,
First Grade College K.G.F.,
First Grade College of Arts, Science & Commerce,
First Grade College,
First Grade College,Kodagu
First Lady Teacher Mata Savitri Bai Phoole Government Girls College,Rewari
Footwear Design and Development Institute,Multiple Campus
Forbesganj College,Purnia
Forensic Science Laboratory,
Forest College & Research Institute,
Forkating College,Golaghat
Forte Institute of Technology,
Fr. Angel College of Arts And Commerce,
Fr. Conceicao Rodrigues College of Engineering.,Mumbai
Frame College,Dausa
Francis Xavier Engineering College,
Franklin College of Education,Kashmir
Fule – Ambedkar College of Social Work,
Fundi Singh Launa Rajkiya Mahavidyalaya,
Future Institute of Engineering and Management,South Twenty Four Parganas
G S Krishna Memorial Law College,East Godavari
G. H. Raisoni College of  Commerce Science & Technology,,Nagpur
G. N. Girls College,Patiala
G. Narayanamma Institute of Technology & Science, For Woman,Hyderabad
G. Pulla Reddy College of Pharmacy,
G. Pulla Reddy Engineering College,Kurnool
G. Pullaiah College of Engineering and Technology,Kurnool
G. Singh Degree College,
G. Venkatswamy Naidu College,
G.B. Murarka Arts & Commerce College,
G.B. Pant Degree College,
G.B. Pant Engineering College,
G.B. Pant Hospital,
G.B. Pant Memorial Govt. College,
G.B. Tatha Tatyasaheb Khare Commerce, Parvatibai Gurupad Dhere Arts & Shri Mahesh Janardan Bhosale Science College,Ratnagiri
G.B.M. College,Gaya
G.D. College,Begusarai
G.D. College,Murshidabad
G.D. David Foundation’s Trinity College of Commerce,
G.D. Modi College of Arts,
G.D. Sawant Arts, Commerce, Science & B.C.S. College,
G.D.M. College,Nalanda
G.E. Society's N.B. Thakur Law College,
G.E. Socity Arts and Commerce College,
G.E.C.G.S. Patil Arts & Commerce College,
G.G.D.S.D. College,
G.G.N. Khalsa College,
G.H. Raisoni Academy of Engineering & Technology,
G.H. Raisoni College of Engineering & Management,
G.H. Raisoni College of Engineering & Management,Pune
G.H. Raisoni College of Engineering,
G.H. Raisoni Educational & Medical Foundation’s G.H. Raisoni College of Arts, Commerce & Science,Pune
G.H. Raisoni Institute of Engineering & Technology,Pune
G.H. Raisoni Institute of Engineering and Technology,
G.H. Raisoni Institute of Enginering and Business Management,
G.H. Raisoni Institute of Information Technology,
G.H. Raisoni Institute of Management & Research,
G.H. Raisoni Institute of Management & Research,Pune
G.H. Raisoni School of Business Management,
G.H. Raisoni School of Management,
G.H. Sanghavi Shikshan Mahavidyalaya,
G.H.G. Harparkaash College of Education for Women,
G.H.G. Khalsa College of Education,
G.H.G. Khalsa College,
G.H.R. Education Foundation Society Sadabai Raisoni Women’s College,Nagpur
G.H.S. Government College,
G.K. Goswami Government College,
G.K.M. College of Engineering & Technology,Chennai
G.K.S.M. Govt.College,
G.L. Bajaj Institute of Technology & Management,,
G.L. Choudhury College,Barpeta
G.L.A. College,
G.L.M. College,Purnia
G.M. College,
G.M. Evening College,
G.M. Law College,
G.M.D. Arts & B.W. Commerce & Science College,
G.M.R.D. College,Samastipur
G.N. Patel College of Dairy Science and Food Technology,Banas Kantha
G.N. Women’s Educational Institute,Ghazipur
G.N.W. Socity's Arts and Commerce First Grade College,
G.P. Government women's College,
G.P.S. Degree College,
G.R. Damodaran Academy of Management,Coimbatore
G.S. Arya Danya Mahavidyalaya,
G.S. Ayurved Mahavidyalaya,
G.S. College of Commerce & Economics,
G.S. College of Commerce and Economics,
G.S. College of Commerce,
G.S. College of Science, Arts & Commerce,
G.S. College,Hatras
G.S. Degree College,
G.S. Hindu Degree College,
G.S. Lohia College,Tinsukia
G.S. Mahavidyalaya,
G.S. Science College,
G.S. Tompe Arts, Commerce  & Science College,
G.S.D.N. Mahaviayalaya,
G.S.M. College of Advance Education,
G.S.R.M. Memorial Degree College,
G.T. Patil Arts Commerce and Science College,
G.T.N. Arts College,
G.T.P. College of Education for Women,Warangal
G.T.R.M. Govt. Degree College,Kurnool
G.V. College of Education,
G.V.S.M. Govt. Degree College,Prakasam
Gadadhar Shlok Mahavidyalaya,
Gadibrahma College,
Gadibrahma Women’s College,
Gagan College of Management & Technology,
Gagan Mahavidyalaya,Aligarh
Gairul Nisha Girls Degree College,
Gajadhar Bhagat College,Bhagalpur
Gajadhar Singh Mahavidyalaya,Ghazipur
Gajraj Singh Memorial Degree College,
Galaxy College of Education,Jammu
Galsi Mahavidyalaya,
Galuguri Bapi Raju Degree College,East Godavari
Ganapathi Seethai Ammal College,Manamadurai
Gandh Institute of Engineering & Technology,
Gandhi Adarsh College,
Gandhi Centenary B.T. College,
Gandhi Degree College,
Gandhi Degree College,Jhansi
Gandhi Engineering College,
Gandhi Faizeam College,
Gandhi Girls College,
Gandhi Gram College,Wardha
Gandhi Institute for Education & Technology,
Gandhi Institute for Technological Advancement,
Gandhi Institute for Technology (GIFT),
Gandhi Institute of Professional and Technical Studies,
Gandhi Mahavidyalaya,
Gandhi Medical College,Bhopal
Gandhi Medical College,Hyderabad
Gandhi Memorial College of Education,Jammu
Gandhi Memorial College,Kashmir
Gandhi Memorial National College,
Gandhi P.R. College,Bhopal
Gandhi Samarak Dev Nagri College,
Gandhi Shanti Niketan Degree College,
Gandhi Shatabdi Smarak Mahavidyalaya,
Gandhi Shikshan Bhavan's Smt. Surajba College of Education,
Gandhi Smarak Degree College,
Gandhi Smarak Triveni Mahavidyalaya,
Gandhi T.T College,
Gandhi Vidya Niketan Degree College,
Gandhi Vocational College,Guna
Gandhigram Women’s B.Ed. College,Wardha
Gandhinagar Charitable Trust Sanchalit Samarpan Arts & Commerce College,Gandhinagar
Ganesar College of Arts & Science,
Ganesh Baksh Harvansh Bahadur Mahvidyalaya,Rae Bareli
Ganesh College of Engineering,Salem
Ganesh Prasad Sailesh Kumar Mahavidyalay,Bara Banki
Ganesh Shankar vidyarthi Memorial Medical College,
Ganga Degree College,
Ganga Devi Kapil Dev Tiwari Mahavidyalaya,Sant Kabir Nagar
Ganga Devi Lal Bahadur Degree College,Bara Banki
Ganga Devi Mahila College,Patna
Ganga Devi Ram Sajeevan  Mahavidyalaya,
Ganga Devi Yadav Memorial Mahila Mahavidyalaya.,Bara Banki
Ganga Gauri Mahavidyalaya,
Ganga Institute of Architecture and Town Planning,Jhajjar
Ganga Institute of Education,Jhajjar
Ganga Institute of Technology and Management,Jhajjar
Ganga Prasad Mahavidyalaya,Mirzapur
Ganga Ram Seth Degree College,Shahjahanpur
Ganga Shyodan Singh Kanya Mahavidyalaya,
Ganga Singh College,Chhatarpur
Ganga Singh Mahavidyalaya,
Gangadharpur Mahavidyalaya,
Gangadharpur Shikshan Mandir,
Gangamai Education Trust's Arts, Commerce and Science College,
Gangarampur College,
Gangasheel Mahavidyalaya,Bareilly
Gangasheel School of Nursing,Bareilly
Gangavathi Bhagyamma Memorial Rural College,
Gangotri Devi Mahila Degree College,
Ganjam College,
Ganjam Law College,Ganjam
Ganjdundwara College,
Ganji Prasad Mahavidyalaya,Chandauli
Ganna Kisan Mahavidyalaya,
Ganna Krashak Mahavidyalaya,Hardoi
Ganna Krishak PG Degree College,
Ganna Utpadak Mahavidyalaya,
Ganpath Sehay Degree College,
Ganpatrao Arawade College of Commerce,
Garden City College of Science & Mangement Studies,Bangalore
Gargaon College,Sivaganga
Gargi College,
Garhbeta College,
Gate Degree College,
Gate Institute of Technology and Management Sciences,
Gates Institute of Technology,Anantapur
Gauhati College,Kamrup
Gaur Brahman College of Education,
Gaur Brahman Degree College,
Gaura Devi Mahila Mahavidyalaya,Basti
Gaurav B.T.C. Mahila College,
Gaurav Mahavidyalaya,Varanasi
Gauri Bhaiya Mahavidyalaya,Ballia
Gauri Shankar Dwivedi Mahavidyalaya,
Gauri Shankar Girls Degree College,
Gauri Shankar Mahavidyalaya,
Gauri Shanker Rai Kanya Mahavidyalaya,
Gaurishankar (G.S.) Mahavidyalaya,Jaunpur
Gautam Buddh Mahavidyalaya,
Gautam Buddha Degree College,
Gautam Buddha Girls Degree College,
Gautam Buddha Mahavidyalaya,
Gautam Budh Government Degree College,
Gautam Budh Mahavidyalaya,
Gautam Budh Teachers Training College,Nalanda
Gautam Budha Mahavidyalaya,
Gautam Budha Mahila Mahavidyalaya,
Gautam Girls College,
Gautam Teacher’s Training College,Nalanda
Gautama Buddha Balika Mahavidyalaya,
Gaya College,Gaya
Gaya Prasad Mahavidyalaya,Chitrakoot
Gaya Prasad Smarak Government Mahila Degree College,
Gaya Prasad Verma Mahavidyalaya,
Gayadeen Maurya Smriti Mahavidyalaya,
Gayadei Mahila Mahavidyalaya,
Gayathri College of Science & Management,Srikakulam
Gayatree Vidyapeeth Degree College,
Gayatri Devi College of Education,
Gayatri Devi Degree College,Gorakhpur
Gayatri Mahavidyalaya,
Gayatri Smarak Mahavidyalaya,Aligarh
Gayatri Vidya Parishad College for Degree and P.G Courses (Autonomous),Visakapatnam
Gayatri Vidya Parishad College of Engineering for Women,Visakhapatnam
Gayatri Vidya Parishad College of Engineering,Visakhapatnam
Gazole Mahavidyalaya,Maldah
GD Rungta College of Science and Technology,bhilai
GDMM College of Engineering and Technology,Krishna
Geeta Singh Mahila Mahavidyalaya,
Geetanjali B.Ed. College,
Geetanjali College of Pharmacy,Rangareddy
Geetanjali Institute of Technical Studies,Udaipur
Geethanjali College of Engineering & Technology,
Geethanjali Institute of Science & Technology,Sri Potti Sriramulu Nellore
Gelakey College,Sivasagar
GEMS Arts and Science College,Malappuram
General Shivdev Singh Diwan Gurbachan  Singh Khalsa College,
General Zorawar Singh Memorial Degree College,Jammu
Ghana Kanta Borah College,Jorhat
Ghanakanta Baruah College,Morigaon
Ghanshyam Urvashi Mahvidyalaya,Allahabad
Ghanteswar Degree College,
Ghatshila College,
Ghess College,
Ghoshpukur College,Darjiling
Ghousia College of Engineering,
Ghulam Nabi Azad Arts, Commerce & Science College,
Ghuna Devi College,Ballia
Giani Gurbaksh Singh D.A.V. Centenary College,
GIET Degree College,
GIET Degree College,East Godavari
GIET Engineering College,
GIET School of Pharmacy,
Gill Institute of Higher Education,amroha
Gindo Devi Girls College,
Ginni Devi Modi Girls' P.G. College,
Ginnidevi Satyanarayan Sekhsarai Girls (P.G) College,
Girand Singh Memorial Degree College,Moradabad
Girdari Lal Dogra Memorial Degree College,Jammu
Giridih College,
Girija Devi Degree College,Farrukhabad
Girijananda Chowdhury Institute of Management and Technology (GIMT),
Girijananda Chowdhury Institute of Management and Technology (GIMT),Sonitpur
Girijananda Chowdhury Institute of Pharmaceutical Science,
Girish Narayan Mishra College,Rohtas
Girls Degree College,
Girls’ College,Kokrajhar
Girraj Govt. College,
Gita Vidya Mandir Girls College,
Gitarattan International Business School,
Global Academy of Technology,Bangalore
Global College of Pharmacy,
Global Educare Foundation’s Global College of Business Administration,hubli
Global Group of Institutes,Amritsar
Global Institute of Education,
Global Institute of Engineering & Technology,Rangareddy
Global Institute of Engineering and Technology,Vellore
Global Institute of Management Sciences,
Glorious College of Management & Technology,Bareilly
GLS (Induben & Ratilal K. Desai) Institute of Computer Applications,
GLS (J.P. Shah) Institute of Business Administration,
GM Institute of Technology,Davanagere
GMDC Sponsored MV & MP Ramani Arts & R K Khetani Commerce College,Kachchh
GMR Institute of Technology,Srikakulam
Gnanam School of Business,,Thanjavur
Gnanamani College of Education,
Gnanamani College of Engineering,Namakkal
Gnanamani College of Technology,Namakkal
Gnanamani Institute of Management Studies,
Goa College of Architecture,
Goa College of Home Science,
Goa College of Music,
Goa College of Pharmacy,
Goa Medical College,
Goa Vidya Prasarak Mandal’s Dr. Dada Vaidya College of Education,
Goa Vidyaprasarak Mandal’s Gopal Govind Poy Raiturcar College of Commerce and Economics,
Goalpara College,Goalpara
Gobardanga Hindu College,
Gobi Arts And Science College,Erode
Gobind Ballabh Pant Degree College,
Gobinda Prasad Mahavidyalaya,Bankura
Gobindgarh Public College,
Gochar Mahavidyalaya,
Godavari Foundation’s Dr. Ulhas Patil Homoeopathic Medical College & Hospital,Jalgaon
Godavari Foundation’s Godavari College of Engineering,Jalgaon
Godavari Institute of Engineering & Technology,East Godavari
Godda College,
Goel Institute Higher Studies Mahavidyalaya,Lucknow
Goenka College of Commerce & Business Administration,
Gogamukh College,Dhemaji
Gojan School of Business and Technology,
Gokahle Education Society’s Dr. T.K. Tope Arts and Commerce Night (Senior) College,
Gokaraju Rangaraju College of Pharmacy,
Gokaraju Rangaraju Institute of Engineering & Technology,
Gokhale Centenary College,
Gokhale Education Society’s Arts, Commerce and Science College,
Gokhale Education Society’s Arts, Commerce and Science College,Palghar
Gokhale Education Society's B.Y.K.(Sinnai) College of Commerce,
Gokhale Education Society’s N.B. Mehta (Valwada) Science College,
Gokhale Education Society’s Shri Bhausaheb Vartak Arts, Commerce & Science College,
Gokhale Education Society’s Shrimati Manjulabai Raojisa Kashatriya Arts, Fine-Arts, Babubhai Kapdia Commerce and Athawale-Kulkarni Home Science Mahila Mahavidyalaya,
Gokhale Memorial Girls' College,
Gokhul Karpoori Phuleshwari Degree College,Samastipur
Gokul Babu Degree College,Jodhpur
Gokul Das Hindu Girls College,
Gokul Kelvani Mandal Sanchalit Gardi Arts and Commerce College,
Gokul Prabhati Ruler College,
Gokula Krishna College of Engineering,,
Gokula Krishna College of Pharmacy,
Golaghat Commerce College,Golaghat
Golaghat Law College,Golaghat
Gold Field College of Education,Bangarpet
Gondal Nagarpalika Sanchalit Mahila Arts, Commerce and Home Science College,gondal
Gonna Institute of Information Technology,Visakhapatnam
Gonzaga College of Arts and Science for Women,Krishnagiri
Goodwill Christian College for Women,
Gop College,
Gopabandhu Ayurvedic Mahavidyalaya,
Gopabandhu Choudhury College,
Gopabandhu Science College,
Gopal Chandra Memorial College of Education,
Gopal Krishna Gokhale College,
Gopal Rao Patel Govt. Degree College,
Gopalan College of Engineering and Management,Bangalore
Gopaldas Jhamatmal Advani Law College,
Gopalganj Mahila Mahavidyalaya,Gopalganj
Gopalji Mahavidyalaya,
Gopalpur College,
Gopeshwar College,Gopalganj
Gopi Krishan Piramal T.T. College,
Gopichand Arya Mahila College,
Gopikabai Sita Ram Gawaride Arts & Commerce College,
Gopilal Murlidhar Sanghi College Commerce,
Gopinath Mahavidyalaya,
Gopinath Singh Mahila Mahavidyalaya,
Gorakshpithadhishwar Mahant Awedynath Mahavidyalaya,
Goreswar College,Kamrup
Gori Devi Government College For Women,
Gorubathan Government College,
Gorumahisani Iron College,
Gossaigaon B.Ed College,  Nepalpara (Habrubil),Kokrajhar
Gossaigaon College,Kokrajhar
Gossner College,
Goswami Ganesh Dutta S.D. College,
Goswami Ganesh Dutta Sanatan Dharma College,Patiala
Goswami Tulsidas Rajkiya Mahavidyalaya,
Gour Mahavidyalaya,
Gour Mohan Roy College,
Gourav Guin Memorial College,
Gourmohan Sanchin Mandal Mahavidyalaya,
Gouthami Institute of Technology and Management for Women,
Goverdhan Das Binnani Mahavidyalaya,
Governement Degree College,
Governemnt College Jawalaji,Kangra
Governemnt College of Education,
Governemnt College,
Governemnt D.B. Girl's Postgraduate College,
Governemnt Degree College,
Governemnt Girls Degree College,
Governemnt Sanskrit College,Patna
Governemnt Teacher's Training College,Saharsa
Governemnt Victoria College,
Government  College for Women,
Government  Degree College,
Government  Degree College,Sehore
Government  Degree College,Warangal
Government  Science College,
Government (Shaskiya) College,Tikamgarh
Government Adarsh Girls College,Sheopur
Government Arts & Commerce College,
Government Arts & Commerce College,,
Government Arts & Commerce College,Bharuch
Government Arts & Commerce College,Junagadh
Government Arts & Commerce College,Surat
Government Arts & Commerce College,Tapi
Government Arts & Science College for Women,
Government Arts & Science College for Women,Coimbatore
Government Arts & Science College,
Government Arts & Science College,,Tirupur
Government Arts & Science College,Krishnagiri
Government Arts & Science College,Palakkad
Government Arts & Science College,Perambalur
Government Arts & Science College,Thoothukkudi
Government Arts & Science College,Thrissur
Government Arts and Commerce College,
Government Arts and Commerce College,Amreli
Government Arts and Commerce College,Anand
Government Arts and Commerce College,Sabar Kantha
Government Arts and Science College for Women,Dharmapuri
Government Arts and Science College for Women,Malappuram
Government Arts and Science College,
Government Arts and Science College,,
Government Arts and Science College,,Malappuram
Government Arts and Science College,,Patan
Government Arts and Science College,Alappuzha
Government Arts and Science College,Ernakulam
Government Arts and Science College,Erode
Government Arts and Science College,Kozhikode
Government Arts and Science College,Namakkal
Government Arts and Science College,Palakkad
Government Arts and Science College,Panch Mahals
Government Arts and Science College,Ramanathapuram
Government Arts and Science College,Thrissur
Government Arts and Science College,Tiruppur
Government Arts and Science College,Virudhunagar
Government Arts and Science,Chennai
Government Arts College for Men,
Government Arts College for Women,
Government Arts College for Women,Salem
Government Arts College,
Government Arts College,Banas Kantha
Government Arts College,Coimbatore
Government Arts College,Karur
Government Arts College,Kota
Government Arts College,Narmada
Government Arts College,Nilgiri
Government Arts College,Panch Mahals
Government Arts College,Salem
Government Arts College,Sikar
Government Arts College,Valsad
Government Arts Girls College,Kota
Government Arts Science & Commerce College,
Government Arts, Commerce & Postgraduate College,
Government Arts, Science and Commerce College,Raigarh
Government Arya Degree College,Kangra
Government Ayurved Mahavidyalaya,
Government Ayurvedic College,Hyderabad
Government B.Ed College,
Government B.Ed. College,
Government B.Ed. Training College,,
Government Bangur College,
Government Bangur P.G. College,
Government Bikram College of Commerce,
Government Brennen College of Teacher Education,
Government Brijindra College,
Government City College,
Government College for Girls,
Government College For Girls,
Government College for Girls,Kurukshetra
Government College for Girls,Sirsa
Government College for Men,
Government College for Men,Kurnool
Government College for Women,
Government College for Women,Ambala
Government College for Women,Bhiwani
Government College for Women,Chikkaballapura
Government College for Women,Hisar
Government College for Women,Jammu
Government College for Women,Rewari
Government College for Women,Sirsa
Government College of Arts & Craft,
Government College of Arts & Science,
Government College of Arts,
Government College of Commerce & Economics,
Government College of Education,
Government College of Education,Chandigarh
Government College of Engineering & Ceramic Technology,
Government College of Engineering & Technology,Jammu
Government College of Engineering and Leather Technology,
Government College of Engineering,
Government College of Engineering,Nagpur
Government College of Engineering,Salem
Government College of Engineering,Tirunelveli
Government College of Nursing,Hyderabad
Government College of Pharmacy,Amravati
Government College of Pharmacy,Satara
Government College of Physical Education for Women,
Government College of Physical Education,
Government College of Pysical Education,
Government College of Teacher Education,
Government College of Technology,Coimbatore
Government College Peringome,Kannur
Government College Ramganjmandi,Kota
Government College Sangrah,,Sirmaur
Government College Sarona (Salhebhata),
Government College,
Government College,  Jodhpur,Jodhpur
Government College,  Makronia Bujurg,
Government College,  Rajgarh,
Government College, Bali,Pali
Government College, Gharghoda,,Raigarh
Government College, Kotri,
Government College, Rajpur, Dist. Balrampur – 497 118,Balrampur
Government College,,Jhajjar
Government College,,Sirmaur
Government College,Alwar
Government College,Ashoknagar
Government College,Balod
Government College,Balrampur
Government College,balrampur-ramanujganj
Government College,Barmer
Government College,Betul
Government College,Bhind
Government College,Bikaner
Government College,Bilaspur
Government College,Chittaurgarh
Government College,Churu
Government College,Damoh
Government College,Datia
Government College,Durg
Government College,Faridabad
Government College,Gwalior
Government College,Hamirpur
Government College,Hassan
Government College,Hisar
Government College,Hoshangabad
Government College,Jabalpur
Government College,Jaipur
Government College,Jaisalmer
Government College,Jashpur
Government College,Jhajjar
Government College,Jhunjhunun
Government College,Jodhpur
Government College,Kabeerdham
Government College,Khandwa
Government College,Korba
Government College,Kota
Government College,Kurukshetra
Government College,Lower Subansiri
Government College,Mahendragarh
Government College,Mandi
Government College,Moradabad
Government College,Morena
Government College,Pali
Government College,Panchkula
Government College,Papum Pare
Government College,Raigarh
Government College,Raisen
Government College,Ratlam
Government College,Rewa
Government College,Rewari
Government College,Rohtak
Government College,Sagar
Government College,Satna
Government College,Sehore
Government College,Sheopur
Government College,Shimla
Government College,Shivpuri
Government College,Sirmaur
Government College,Surajpur
Government College,Udaipur
Government College,Vidisha
Government College,Wayanad
Government College,Yamunanagar
Government Commerce College D,Jamnagar
Government Commerce College,
Government Commerce College,Sikar
Government D.B.K.K. Singh Arts & Commerce College,
Government D.S.V. Sanskrit College,
Government Danteshwari Girls College,
Government Danteshwari P.G. College,Bastar
Government Darbar Shastri Sanskrit College,
Government Degree  College,
Government Degree  College,Shimla
Government Degree College (Women),Kashmir
Government Degree College for Women,Adilabad
Government Degree College for Women,Chittoor
Government Degree College for Women,Hyderabad
Government Degree College for Women,Medak
Government Degree College for Women,Visakhapatnam
Government Degree College Kanjinag,Pulwama
Government Degree College Surankote,Jammu
Government Degree College Tulail,Bandipore
Government Degree College,
Government Degree College,,Bandipore
Government Degree College,,Kathua
Government Degree College,,Nizamabad
Government Degree College,,Sirmaur
Government Degree College,Adilabad
Government Degree College,Aligarh
Government Degree College,Almora
Government Degree College,Anantapur
Government Degree College,Bandipore
Government Degree College,Baramula
Government Degree College,Basti
Government Degree College,budgam
Government Degree College,Bulandshahr
Government Degree College,Chamoli
Government Degree College,Chandauli
Government Degree College,Deoria
Government Degree College,Dewas
Government Degree College,Dhalai
Government Degree College,East Godavari
Government Degree College,Garhwa
Government Degree College,Ghaziabad
Government Degree College,Guna
Government Degree College,Guntur
Government Degree College,Hyderabad
Government Degree College,Jammu
Government Degree College,Kangra
Government Degree College,Kanpur Dehat
Government Degree College,Kashmir
Government Degree College,Khammam
Government Degree College,Krishna
Government Degree College,Kulgam
Government Degree College,Kullu
Government Degree College,Kurnool
Government Degree College,Kushinagar
Government Degree College,Ladakh
Government Degree College,Mahbubnagar
Government Degree College,Mandi
Government Degree College,Mau
Government Degree College,Medak
Government Degree College,Nalgonda
Government Degree College,Nizamabad
Government Degree College,North Tripura
Government Degree College,Pithoragarh
Government Degree College,Prakasam
Government Degree College,Pulwama
Government Degree College,Rajnandgaon
Government Degree College,Ramban
Government Degree College,Rangareddy
Government Degree College,Reasi
Government Degree college,Saharanpur
Government Degree College,Samba
Government Degree College,Shimla
Government Degree College,Sirmaur
Government Degree College,Solan
Government Degree College,Sonbhadra
Government Degree College,South Tripura
Government Degree College,Sri Potti Sriramulu Nellore
Government Degree College,Srikakulam
Government Degree College,Sukma
Government Degree College,Udhampur
Government Degree College,Una
Government Degree College,Visakhapatnam
Government Degree College,Vizianagaram
Government Degree College,Warangal
Government Degree College,West Godavari
Government Degree College,Y.S.R.
Government Degree College,Yadgir
Government Degree College.,Kangra
Government Degree College.,Kathua
Government Degree Colllege,Mandi
Government Dental College & Hospital,Patiala
Government Dental College And Hospital,Amritsar
Government Dental College of Hospital,Nagpur
Government Dhuleshwar Sanskrit College,Jaipur
Government Digvijai College,Rajnandgaon
Government Dungar College,
Government Dy. S.P. Aman Thakur Memorial Degree College,
Government Engineering College,
Government Engineering College,,Thiruvananthapuram
Government Engineering College,Aravalli
Government Engineering College,Banas Kantha
Government Engineering College,Bellary
Government Engineering College,Bharuch
Government Engineering College,Bhavnagar
Government Engineering College,Bilaspur
Government Engineering College,Chamarajanagar
Government Engineering College,Chandrapur
Government Engineering College,Gandhinagar
Government Engineering College,Kachchh
Government Engineering College,Kozhikode
Government Engineering College,Palakkad
Government Engineering College,Panch Mahals
Government Engineering College,Patna
Government Engineering College,Rajkot
Government Engineering College,Thrissur
Government Engineering College,Valsad
Government Engineering College,Wayanad
Government Evening College,Kozhikode
Government First Grade Collage,Bellary
Government First Grade Collage,Kodagu
Government First Grade Collage,Mandya
Government First Grade Collage,Mysore
Government First Grade College and Centre For Post Graduate Studies,
Government First Grade College for  Women,
Government First Grade College for Women,
Government First Grade College for Women,,
Government First Grade College for Women,Dakshina Kannada
Government First Grade College for Women,Dharwad
Government First Grade College for Women,Mandya
Government First Grade College for Women,Mysore
Government First Grade College for Women,Ramanagara
Government First Grade College for Women,Tumkur
Government First Grade College for Women.,Bangalore
Government First Grade College for Women’s,
Government First Grade College for Women’s,Yadgir
Government First Grade College,
Government First Grade ColLege,
Government First Grade College,,
Government First Grade College,,Bagalkot
Government First Grade College,,Chamarajanagar
Government First Grade College,Bagalkot
Government First Grade College,Bangalore
Government First Grade College,Bangalore Rural
Government First Grade College,Belgaum
Government First Grade College,Bidar
Government First Grade College,Bijapur
Government First Grade College,Chamarajanagar
Government First Grade College,Chikkaballapura
Government First Grade College,Chikmagalur
Government First Grade College,Chitradurga
Government First Grade College,Dakshina Kannada
Government First Grade College,Davanagere
Government First Grade College,Dharwad
Government First Grade College,Gadag
Government First Grade College,Gulbarga
Government First Grade College,Hassan
Government First Grade College,Haveri
Government First Grade College,Kodagu
Government First Grade College,Kolar
Government First Grade College,Koppal
Government First Grade College,Mandya
Government First Grade College,Mysore
Government First Grade College,Raichur
Government First Grade College,Ramanagara
Government First Grade College,Shimoga
Government First Grade College,Tumkur
Government First Grade College,Udupi
Government First Grade College,uttar kannada
Government First Grade College,Uttara Kannada
Government First Grade College,Yadgir
Government First Grade Degree College,
Government First Grade Women’s College,
Government First Grade Women’s College,Raichur
Government First Grade Women’s College,Shimoga
Government First Grade Women’s College,Tumkur
Government First Graduate College,
Government First Grande College,Kolar
Government Gajanan Madhav Muktibodh College,Kabeerdham
Government General Degree College at Kushmandi,Dakshin Dinajpur
Government General Degree College,
Government General Degree College,Nadia
Government General Degree College,Paschim Medinipur
Government General Degree College,Puruliya
Government Girls College,
Government Girls College,Bhind
Government Girls College,Churu
Government Girls College,Guna
Government Girls College,Hoshangabad
Government Girls College,Jhabua
Government Girls College,Jhalawar
Government Girls College,Karauli
Government Girls College,Patna
Government Girls College,Raisen
Government Girls College,Sikar
Government Girls Degree College,
Government Girls P.G. College,
Government Girls Post Graduate College,
Government Girls’ General Degree College,Kolkata
Government GNA Degree College,
Government Guru Nanak College,
Government Hadi Rani College,
Government Higher Education Teachers' Training College,
Government Home Science College,
Government Institute of Advanced Study in Education,
Government Institute of Education (P.G.) for Women,
Government Institute of Forensic Science,Nagpur
Government K.L. Arts & Commerce College,
Government Kachna Dhurwa College,Gariaband
Government Kalidas Mahavidyalaya,Surajpur
Government Kamalanagar College,
Government Kamla Devi Mahila Mahavidyalaya,
Government Kamla Raja Girls Post Graduate Autonomous College,
Government Keonjhar Women's College,
Government Khawzawl College,
Government Kirti College,
Government KKTM College,
Government Lal Chakradhar Shah College,
Government Lal Kalind Singh College,Uttar Bastar Kanker
Government Law College,
Government law College,
Government Law College,Ajmer
Government Law College,Alwar
Government Law College,Bharatpur
Government Law College,Bhilwara
Government Law College,Bundi
Government Law College,Churu
Government Law College,Ganganagar
Government Law College,Hassan
Government Law College,Kamrup
Government Law College,Kota
Government Law College,Pali
Government Law College,Ramanagara
Government Law College,Sirohi
Government Law P.G. College,Bikaner
Government M.H. College of Home Science and Science for Women,
Government Maharaja's Acharya Sanskrit College,
Government Maharana Acharya Sanskrit College,
Government Maharana Acharya Sanskrit College,Udaipur
Government Maharani Sundarshan College for Women,
Government Maharishi Valmiki College,
Government Mahavidyalaya,
Government Mahendra College,
Government Mahendra Karma Girls College,
Government Mahila Degree College,
Government Medical College,
Government Medical College,Amritsar
Government Medical College,Patiala
Government Meera Girls College,
Government Model College,
Government Model College,Durg
Government Model College,Golaghat
Government Model Degree College,Champawat
Government Motilal Vigyan Mahavidyalaya,
Government Mukutdhar Pandey College,Korba
Government Music College,
Government Naveen College,
Government Naveen College, Tokapal,Bastar
Government Naveen College,,Koriya
Government Naveen College,Bijapur
Government Naveen College,Durg
Government Naveen College,Janjgir - Champa
Government Naveen College,Korba
Government Naveen College,Mahasamund
Government Naveen Girls College,
Government Naveen Mahavidyalaya,Rajnandgaon
Government Navin College,Janjgir - Champa
Government Navin College,Koriya
Government Nehru Mahavidyalaya,
Government Nehru Memorial College,
Government Nehru Post Graduate College,
Government Nemichand Jain Arts Commerce & Science College,
Government New Law College,
Government Niranjan Kesharwani College,
Government Nizamia Tibbi College,Hyderabad
Government P.G. College,
Government P.G. College,Jodhpur
Government Paluram Dhanania Commerce and Arts College,Raigarh
Government Phujhar College,
Government Physical Education for Women,
Government Post Graduate College for Women,
Government Post Graduate College,
Government Post-Graduate College,
Government PostGraduate College,
Government Pt. J.L.N. Science & Arts College,
Government Raja Post-Graduate College,
Government Rajeevlochan Arts & Commerce College,
Government Rajkumar Dheeraj Singh College,Surguja
Government Rajmata Vijayaraje Sindhiya Girls College,Kabeerdham
Government Ramanuj Pratap Singhdeo Post Graduate College,
Government Ramnarayan Chellaram College of Commerce & Management,
Government Ranbir College,
Government Rani Durgawati College,Balrampur
Government Rani Suryamukhi Devi College,
Government Ripudaman College,
Government Rourkela Evening College,
Government S.P.M.R. College of Commerce,Jammu
Government Saiha College,
Government Sanskrit College,
Government Sanskrit College,Gwalior
Government Sant Gahira Guru Rameshwar College,Raigarh
Government Science College Autonomous,
Government Science College,
Government Science College,,Valsad
Government Science College,Bhavnagar
Government Science College,Surat
Government Science College,Tapi
Government Shaheed Venkat Rao College,
Government Shahid Koushal Yadav College,Balod
Government Shakambhar P.G. College,Jaipur
Government Shashtri Sanskrit College,
Government Shastri Sanskrit College,
Government Shastri Sanskrit College,Ajmer
Government Shastri Sanskrit College,Jaipur
Government Shastri Sanskrit College,Sawai Madhopur
Government Shastri Sanskrit Mahavidyalaya,
Government Shivalik College,
Government Shree Eklingnath Acharya Sanskrit College,
Government Siddha Medical College,
Government Sri Krishnarajendra Silver Jubilee Technological Institute,Bangalore
Government T.C.L. PG College,
Government T.Training College,Coimbatore
Government Teacher's Training College,
Government Teachers Training College,Samastipur
Government Teachers' Training College,
Government Thakur Ranmat Singh College,Rewa
Government Thirumagal Mills College,
Government Training Collee,
Government Training College,
Government Vidarbha Institute of Science & Humanities,
Government Women's College,
Government Women's College,Koraput
Government Women’s College,Mysore
Government Women's College,Patna
Government Women's College,Sambalpur
Government Women’s First Grade College,
Government Zawlnuam College,
Governmnet College of Education,
Governmnet School of Arts,
Governmnet Science College,Ganjam
Govind Mahavidhyalay,Aligarh
Govind National College,
Govind Ramnath Kare College of Law,
Govind Ramnath Kare of Law,
Govind Sarang Shaskiya Vidhi Mahavidyalaya,
Govinda Dasa College,
Govinda Pai Memorial Govt. College,
Govindammal Aditanar College for Women,
Govindbhai Jorabhai Patel Ayurveda College & Research Centre,
Govindlal Kanhaiyalal Joshi (Night) Commerce College,Latur
Govindpur College,
Govindrao Wanjari College of Engineering & Technology,
Govindrao Wanjari College of Law,
GovindraoVarjwaker Arts &  Commerce College,
Govt College Shivnagar,Kangra
Govt Degree College,East Godavari
Govt Degree College,Kangra
Govt Degree College,Kurnool
Govt Degree College,Mandi
Govt Degree College,Srikakulam
Govt, Degree College for Women,
Govt, Degree College,Visakhapatnam
Govt.  College,Bhopal
Govt. Abhyanandan Sanskrit College,Shahdol
Govt. Adarsh Science College,
Govt. Adarsh Science College,Rewa
Govt. Agrasen College,
Govt. Aizawl West College,Aizawl
Govt. Anand Music Mahavidyalaya,
Govt. Anney Bharti Arts & Commerce College,
Govt. Arts & Commerce College,
Govt. Arts & Commerce College,Hoshangabad
Govt. Arts & Commerce Degree College,
Govt. Arts & Commerce Science College,Sidhi
Govt. Arts & Science College,
Govt. Arts & Science College,Chennai
Govt. Arts and Commerce College,
Govt. Arts and Commerce Degree College,Shahdol
Govt. Arts College (Autonomous),
Govt. Arts College & Commerce,Bhopal
Govt. Arts College For Woman,sivagana
Govt. Arts College for Women,Ramanathapuram
Govt. Arts College,
Govt. Arts College,Ramanathapuram
Govt. Arts Degree College,
Govt. Arts science & Commerce College,
Govt. Ashtang Ayurvedic College,
Govt. Ayurved College,Rewa
Govt. Ayurveda College,
Govt. Ayurvedic College,
Govt. Ayurvedic Mahavidyalaya,
Govt. B.P. Arts & Commerce College,
Govt. Bilasa Girls P.G. College,
Govt. Brennen College,
Govt. Chandravijay Mahavidyalaya,
Govt. Chhatrasal Degree College,
Govt. Chhatrasal Maharaja Mahavidyalaya,
Govt. College (Evening Course),Srikakulam
Govt. College Bibirani,
Govt. College College,
Govt. College for Boys,
Govt. College for Boys,Kolar
Govt. College for Girls,
Govt. College for Men,Y.S.R.
Govt. College for Women,
Govt. College For Women,
Govt. College for women,
Govt. College for Women,Guntur
Govt. College for Women,Jammu
Govt. College for Women,Kashmir
Govt. College for Women,Mahendragarh
Govt. College for Women,Srikakulam
Govt. College of Arts & Craft,
Govt. College of Arts & Science and Commerce,
Govt. College of Arts and Commerce,
Govt. College of Arts Science and Commerce,
Govt. College of Arts, Science & Commerce,
Govt. College of Education,
Govt. College of Education,Jammu
Govt. College of Education,Kashmir
Govt. College of Education,Mysore
Govt. College of Education,Rewa
Govt. College of Engineering,
Govt. College of Indian Medicine,
Govt. College of Pharmacy,
Govt. College of Physical Education,
Govt. College of Physical Education,Kashmir
Govt. College of Teacher Education,
Govt. College of Teacher Education,Golaghat
Govt. College of Teachers Education,Kokrajhar
Govt. College,
Govt. College, Matanhail,,Jhajjar
Govt. College,,Jhalawar
Govt. College,Anantapur
Govt. College,Bhopal
Govt. College,East Godavari
Govt. College,Korba
Govt. College,Satna
Govt. College,Sidhi
Govt. College,Srikakulam
Govt. College,Umeria
Govt. College,Y.S.R.
Govt. College(Co-Education),
Govt. Commerce College,
Govt. Degre College,Chittoor
Govt. Degree College (Evening Courses),Rajamundry
Govt. Degree College (W),
Govt. Degree College for Women,
Govt. Degree College For Women,
Govt. Degree College for Women,chotto
Govt. Degree College for Women,Jammu
Govt. Degree College for Women,Kashmir
Govt. Degree College for Women,West Godavari
Govt. Degree College,
Govt. Degree college,
Govt. Degree College,  Haliya,
Govt. Degree College,Anantapur
Govt. Degree College,Chittoor
Govt. Degree College,District Srikakulam
Govt. Degree College,East Godavari
Govt. Degree College,Guntur
Govt. Degree College,Jammu
Govt. Degree College,Kashmir
Govt. Degree College,Krishna
Govt. Degree College,Kullu
Govt. Degree College,Kurnool
Govt. Degree College,Prakasam
Govt. Degree College,Rewa
Govt. Degree College,Shahdol
Govt. Degree College,Sidhi
Govt. Degree College,Sri Potti Sriramulu Nellore
Govt. Degree College,Srikakulam
Govt. Degree College,Tehri Garhwal
Govt. Degree College,Visakhapatnam
Govt. Degree College,Vizianagaram
Govt. Degree College,Y.S.R.
Govt. Degree Girls College,
Govt. Dental College and Hospital,
Govt. Dental College,
Govt. Dhanvantari Ayurvedic College,
Govt. Dr. Inderjeet Singh College Govt. Degree College,
Govt. Dr. Waman Wasudev Patankar Girls P.G. College,
Govt. E. Raghavendra Rao P.G. Science College,
Govt. E.V. Post Graduate College,
Govt. Education Institute,
Govt. Eklvya Mahavidyalaya,
Govt. Engineering College,
Govt. Engineering College,Rewa
Govt. First Grade Arts & Commerce College,
Govt. First Grade Arts of Comm. College,
Govt. First Grade College A.S.C.,
Govt. First Grade College for Boys,
Govt. First Grade College For Women,
Govt. First Grade College,
Govt. first grade college,
Govt. First Grade College,,
Govt. First Grade College,Bangalore
Govt. First Grade College,Dakshina Kannada
Govt. First Grade College,Davanagere
Govt. First Grade College,Mysore
Govt. G.R. Medical College,
Govt. Gandhi Memorial Science College,Jammu
Govt. Gandhi,
Govt. Ganesh Shankar Vidhyarthi College,Ashoknagar
Govt. Geetanjali Girls Post Graduate College,Bhopal
Govt. Girls College,
Govt. Girls College,Ganjbasoda
Govt. Girls College,Hoshangabad
Govt. Girls College,Raisen
Govt. Girls College,Rewa
Govt. Girls College,Sehore
Govt. Girls College,Sidhi
Govt. Girls Degree College,
Govt. Girls Degree College,Satna
Govt. Girls P. G. College,Sawai Madhopur
Govt. Girls P.G. College,
Govt. Girls Post-Graduate College,
Govt. Govind Degree College,
Govt. Graduate College,
Govt. Hamida Arts & Commerce College,
Govt. Home Science College,
Govt. Home Science College,Hosangabad
Govt. Hrangbana College,
Govt. Indira Gandhi Home Science College,Shahdol
Govt. Institute of Fine Arts Kala Niketan,
Govt. Institute of Fine Arts,
Govt. Institute of Science Education (P.S.M.),
Govt. J. Yoganandam Chhattisgarh College,
Govt. J.M.P. College,
Govt. Jalad Trimurti College,Satna
Govt. Jamuna Prasad Verma P.G. Arts Commerce College Govt. Jamuna Prasad Verma P.G. Arts Commerce College,
Govt. Junnerdeo Mahavidyalaya,
Govt. Kaktiya P.G. College,Bastar
Govt. Kalidas Girls College,
Govt. Kamla Modi Girls College,
Govt. Kamla Nehru Mahila Mahavidyalaya,
Govt. Kangla Manjhi College,
Govt. Kasturba Girls Degree College,
Govt. Kranti Kumar Bhartiya College,
Govt. Kusum Mahavidyalaya,
Govt. L.B.S. College,
Govt. Lahiri College,
Govt. Larang Sai Leading College,
Govt. Law College,
Govt. Law College,Rewa
Govt. Laxmaneshwar College,
Govt. Laxmi Saraswati Gopal Krishna Mahavidyalaya,
Govt. Madhav Mahavidyalaya,
Govt. Madhav Music College,
Govt. Madhav Sadashivrao Golvalkar College,Rewa
Govt. Madhav Science College,
Govt. Mahakoshal Arts & Commerce Mahavidyalaya,
Govt. Mahamaya College,
Govt. Maharaja College,
Govt. Maharaja Martand Degree College,Shahdol
Govt. Maharani Laxmi Bai Girls College,
Govt. Maharani Laxmibai Girls P.G. College,
Govt. Maharishi Arvind Graduate College,
Govt. Mahatma Gandhi Mahavidyalaya,
Govt. Mahatma Gandhi Memorial College,
Govt. Mahila Mahavidyalaya,
Govt. Mankanwarbai Mahila Arts & Commerce College,
Govt. Mata Karma Girls College,Mahasamund
Govt. Medical College,
Govt. Medical College,Jammu
Govt. Medical College,Kashmir
Govt. Medical College,Mysore
Govt. Music College,
Govt. Music Degree College,
Govt. Nagarjuna P.G. College of Science,
Govt. Narmada Mahavidyalaya,
Govt. National College,
Govt. Naveen College,
Govt. Navin Girls College,
Govt. Nehru Degree College,
Govt. Nehru Degree College,Shahdol
Govt. Nehru Sanskrit College,
Govt. New Science College,
Govt. O.F.K. College,
Govt. P. G. Commerce & Arts College,
Govt. P.G. College for Women,Jammu
Govt. P.G. College,
Govt. Pench Valley PG Mahavidyalaya,
Govt. PG College,
Govt. Postgraduate College,
Govt. Psychology Sandrashan College,
Govt. Ram Bhajan Rai N.E.S. Post Graduate College,Jashpur
Govt. Ramchandra Vishwanath College,
Govt. Ramvijay Pratap Singh Degree College,Shahdol
Govt. S.K. College,Rewa
Govt. S.N.M. Grils Degree College,
Govt. S.N.U. College,
Govt. S.S. Agarwal College,
Govt. S.S.P. Arts, Commerce & Law College,
Govt. Sanjay Gandhi Memorial College,Sidhi
Govt. Sanjay Gandhi Samriti College,
Govt. Sanskrit College,
Govt. Sanskrit Degree College,
Govt. Science & Commerce College,
Govt. Science College,
Govt. Science College,Bilaspur
Govt. Science College,Chhindwara
Govt. Science College,Chitradurga
Govt. Science College,Gandhinagar
Govt. Science College,Hassan
Govt. Shastri Sanskrit College,Jhunjhunun
Govt. Shrimant Madhvrao Scindil Post Graduate College,Shivpuri
Govt. State Level Law College,
Govt. Sukharam Nage College,
Govt. Swami Atmanand College,
Govt. Swami Vivekanand Mahavidyalaya,Rewa
Govt. T. Romana College,
Govt. Taranath V.P.'s Ayurveda College,
Govt. Teachers' Traininig College,Bhagalpur
Govt. Thakur Niranjan Singh Mahavidyalaya,
Govt. Tilak College,
Govt. Tulsi College,Shahdol
Govt. V.R.S. Degree College,
Govt. Vikram College,
Govt. Vishwanath Yadav Tamskar P.G. Savshasi Mahavidyalaya,
Govt. Vivekanand College,
Govt. Vivekananda Mahavidyalaya,Satna
Govt. Vrinda Sahai Degree College,
Govt. Zirtiri Residential Science College,
Govternment Arts & Science College,
Grace Valley College of Arts & Science,Malappuram
Gracious College of Education,Raipur
Gram Bharti College,Patna
Gram Panchayat Degree College,
Gram Samaj Degree College,
Gram Vikas Mandal’s Krantiveer Navalbhau Arts College,
Gram Vikas Sanstha's Arts & Science College,Nandurbar
Gram Vikas Sanstha’s Arts College,Nandurbar
Gram Vikas Santhstha's College of Arts,
Gram Vikas Shikshan Mandal, Marwad Sanchalit Late Nhanabhau Mansaram Tukaram Patil Arts College,
Gramaudyogik Shikshan Mandal’s Marathwada Institute of Technology,Aurangabad
Gramaynchal Mahila Vidyapeeth Mahavidyalaya,
Gramin Arts, Science & Commerce College,
Gramin Ayurved College,
Gramin Mahila Mahavidyalaya,
Gramin Mahila Mahavidyalaya,Azamgarh
Gramin Science Vocational College,
Gramoday Mahavidyalaya,Hardoi
Gramodaya Mahavidyalaya and Shodh Sansthan,
Gramodaya Mahavidyalaya,
Gramodhar Mahavidyalaya,
Gramodya Ashram Degree College,
Gramseva  Mahavidyalaya,
Gramya Bharti Vidyapith,
Gramyanchal Mahavidyalaya,
Grant Medical College,
Graphi Era Institute of Technology,
Green Agra Mahavidyalaya,
Green Field College,Sitapur
Green Heaven Institute of Management and Research,Nagpur
Green Valley College of Education, Research & Trainings,Kashmir
Green Valley College of Education,Kashmir
Grow More College of Education,
GRT Institute of Engineering and Technology,
GRY Institute of Pharmacy Borawan,Khargone-451 228,
GSSS Institute of Engineering & Technology for Women,Mysore
Gudlavalleru Engineering College,Krishna
Gudleppa Hallikari Arts, Science And Commerce College,
Gujarat Arts & Commerce College Evening,
Gujarat Arts & Science College,
Gujarat Commerce College,
Gulab Devi PG Girls College,
Gulab Mahavidyalaya,
Gulab Singh Mahila Mahavidyalaya,Allahabad
Gulabchand Pukraj Porwal Arts and Commerce And Veeramanna Veerayya Salinath Science College,
Gulabi Devi Mahavidyalaya,Jaunpur
Gulkandi Lalaram Mahavidyalaya,Mathura
Gulzar Memorial College of Education,Kashmir
Gunjahalli Hirenagappa College of Commerce,
Guntur Engineering College,
Guntur Medical College,Guntur
Gunupur College,
Gupta College of Technological Sciences,
Gupta College,Bangalore
Gurah Devi Shyam Bihari Mahavidyalaya,
Gurajada College of Education,Srikakulam
Gurmat College,
Guru Gobind Singh College for Women,
Guru Gobind Singh College of Education (For Women),
Guru Gobind Singh College of Pharmacy,
Guru Gobind Singh College,Barnala
Guru Gobind Singh Government College,
Guru Gobind Singh Khalsa College for women,
Guru Gobind Singh Khalsa College,
Guru Harekrushna Behera College of Art & Culture,
Guru Harikishan Degree College,
Guru Karshni Mahavidyalaya,Mirzapur
Guru Kashi College,
Guru Kripa College of Professional Studies,Raisen
Guru Nanak Academy Girls Degree College,
Guru Nanak Bhai Lalo Ramghaaria College For Women,
Guru Nanak College For Women,
Guru Nanak College of Arts, Science & Commerce,
Guru Nanak College of Education & Trainings,Kashmir
Guru Nanak College of Education For Women,
Guru Nanak College of Science,
Guru Nanak College,
Guru Nanak college,
Guru Nanak College,Mansa
Guru Nanak Degree College,Bijnor
Guru Nanak Dev Educational Institution,Kheri
Guru Nanak Dev Engineering College,
Guru Nanak Dev Khalsa Girls College,
Guru Nanak Dev University College,
Guru Nanak Dev University College,,Pathankot
Guru Nanak Dev University College,Pathankot
Guru Nanak Girls College,
Guru Nanak Girls Degree (PG) College,
Guru Nanak Government College,
Guru Nanak Institute of Hotel Management,
Guru Nanak Institute of Pharmaceutical Science and Technology,Kolkata
Guru Nanak Institute of Technology,
Guru Nanak Institute of Technology,Nagpur
Guru Nanak Institute of Technology,Rangareddy
Guru Nanak Institutions Technical Campus,
Guru Nanak Khalsa College for Women,
Guru Nanak Khalsa College of Arts, Science & Commerce,
Guru Nanak Khalsa College,
Guru Nanak Khalsa Girls College,
Guru Nanak National College For Women,
Guru Nanak National College,
Guru Nanak Nav Bharat College,
Guru Nanak Prem karamsar College,
Guru Niranjananand Mahavidyalaya,
Guru Phoolchand Mahavidyalaya,
Guru Sahay Mahavidyalay,
Guru Teg Bahadur College,
Guru Teg Bahadur Khalsa College of Education,
Guru Tegh Bahadur Khalsa College for Women,
Guru Tegh Bahadur National College,
Guru Vashishth Mahavidyalaya,Gonda
Gurucharan College,Cachar
Gurudas College,
Gurukul College,Bijnor
Gurukul Mahavidyalaya,
Gurukul Mahila Arts & Commerce College,Porbandar
Gurukul Mahila Mahavidyalaya,
Gurukul Sanskrit Mahavidyalaya,Sitamarhi
Gurunanak College of Pharmacy,Nagpur
Gurunanak Dev Engineering College,
Guruvayurappan Institute of Management,Coimbatore
Gushkara Mahavidyalaya,
Guthikonda Sreeramulu (Arts & Science) Degree College,Sri Potti Sriramulu Nellore
GVM's College of Education,
GVRS Govt. Degree College,Kurnool
Gwalior Nursing College,
Gyan Bharti Institute of Management Studies,
Gyan Chand Jain Commerce College,
Gyan Deep Degree College,Hardoi
Gyan Ganga College of Excellence,Jabalpur
Gyan Ganga College of Technology,Jabalpur
Gyan Ganga Institute of Technology & Science,
Gyan Ganga Institute of Technology and Sciences,,
Gyan Jyoti Mahavidyalaya,
Gyan Mahavidyalaya,
Gyan Mandir College,
Gyan Veer Mahavidyalaya,
Gyandeep Kanya Mahavidyalaya,Sitapur
Gyanodaya Mahavidyalaya,
Gyanpeeth Degree College,Baksa
Gyatri Devi Sewak Mahavidyalaya,Sitapur
Gyayak Sanskrit T.T. College,
H. & H.B. Kotak Institute of Science,
H.A. College of Commerce,
H.A. Rab Girls Degree College,Mau
H.B. B.Ed. College,Thane
H.B. College,Jabalpur
H.B.H. Mahavidyalaya,Saharanpur
H.C. Boraiah Memorial Sc/St First Grade College,
H.C. P.G. College,
H.C. Women's College,
H.C.D.G. College,Sivaganga
H.D. Jain College,Bhojpur
H.G.P. Shikshan Prasarak Mandal’s Pansare Mahavidyalaya,
H.H. Memorial law College,
H.H. The Raja's College,
H.J. Thim College of Arts & Science,
H.K. Veerana Gowdh First Grade College,
H.K.E. Society’s A.V. Patil Degree College of Arts, Science & Commerce,
H.K.E. Society's P.D.A. Engineering College,
H.K.E. Society’s Sree Veerendra Patil Degree College of Science, Arts and Commerce,Bangalore
H.K.E. Socity's Basaveshwar College of Education,
H.K.E.'s Smt. V.G. College for Women's,
H.K.E.'S' Smt. Chinamma Bisappapatil Arts & Commerce college,
H.K.E' Society M.S.I. Arts & Science Degree College,
H.K.E's Sri Prabhu Arts & Science and J.M. Bohra Commerce College,
H.K.E'S, S.S. Margol College of Arts, Science & Commerce,
H.L. College of Commerce,
H.L. Degree College,
H.L. Institute of Commerce,
H.L. Institute of Computer Applications,
H.L. Patel Arts and Commerce College,
H.L.G Govt. College,
H.L.M Law College,Ghaziabad
H.L.M. College,
H.L.M. Girls College,
H.M. Mahavidyalaya,
H.M. Patel Institute of English Training and Research,
H.M.H. Degree College,
H.M.U. Hashmi College of Law,
H.M.V. Arts and Commerce College,
H.N. Bahuguna Degree College,
H.N. Dodhi Arts & R.N. Doshi College of Commerce,
H.N.B. Government P.G. College,
H.P.P.C. Govt. First Grade College,
H.P.S. College,Madhubani
H.P.T. Arts & R.Y.K. Science College,
H.R. College of Commerce & Ecomonics,
H.R. College,Saran
H.R. College,Siwan
H.R. Sri Ramalu Memorial Arts & Science College,
H.S. College,Madhepura
H.S. College,Munger
H.S. Mahavidyalaya,Hatras
H.S.A. Degree College,
H.V. Desai College of Arts, Science & Commerce College,Pune
H.V. Sanskar Mahavidyalya,
Habraghat Mahavidyalaya,Goalpara
Haffkine Institute for Training Research and Testing Panel,
Hafiz Rahmat Khan Degree College,Pilibhit
Hajee Karutha Rowther Howdia College,
Haji Anfar Ali College,Nagaon
Haji Ismail Mahavidyalay,
Haji Mohd. Khasim Saheb & Mohd. Galab Saheb Memorial College of Education,Guntur
Haji Nawab Ali Degree College,Sitapur
Haji Rashidan Begam & Haji Sahab Jahan Education Institute.,
Haji Waris Ali Shah Memorial Degree College,Bara Banki
Hajjin Sadika Begum Mahavidyalaya,
Hakikullah Chaudhary Mahavidyalaya,
Halakura College,Dhubri
Haldaur Degree College,Bijnor
Haldia Government College,
Haldia Institute of Dental Sciences and Research,Purba Medinipur
Haldia Institute of Health Sciences,Purba Medinipur
Haldia Institute of Management,Purba Medinipur
Haldia Institute of Maritime Studies and Research,Purba Medinipur
Haldia Institute of Technology,
Haldia Law College,Purba Medinipur
Halflong Government College,North Cachar Hills
Halim Muslim Degree (PG) College,
Hallmark Business School,Tiruchirappalli
Hamidi Kashmiri Memorial Government Degree College,Srinagar
Hamidia Girls Degree College,
Handa College of Education,Jammu
Handia Baba Post Graduate College,,Chitrakoot
Handia P.G. College,
Handique Girls' College,Kamrup
Haneef Memorial Muslim Degree College,
Hans Raj College,
Hans Raj Mahila Mahavidyalaya,
Hansraj Jiwandas College of Education,
Hansraj Ram Laldei Degree College,
Hanuman Singh Degree College,
Hanuman Vyayam Prasarak Mandal’s College of Engineering & Technology,Amravati
Hanumant Pal Mahavidyalaya,Kaushambi
Hanuwan Vyayan Shala Krida Mandal's Physical Education College,
Happy Valley Business School,Coimbatore
Har Pratap Singh Yadav Mahavidyalaya,
Harakadli Ajja Education Simiti’s Smt. K.S. Jigalur Arts and Commerce Women’s College,
Harakejamd Chouradia College,
Hardev Mahavidyalaya,Chandauli
Hardevanand Mahila Mahavidyalaya,Chandauli
Harendra – Chitra College,Barpeta
Harhi College,Lakhimpur
Hari Chandra Mahavidyalaya,
Hari Institute of Technology,
Hari Mangal Mahavidyalaya,
Hari Narain Singh Institute of Teachers Education,
Hari Prasad Chandrawati Shikshan Prashikshan Mahavidyalaya,,Ambedkar Nagar
Hari Prasad Nirmala Wits Mahavidyalaya,Faizabad
Hari Prasad Shah Mahavidyalaya,Saharsa
Hari Sahnker Prasad Law College,
Hari Singh Arya Degree College,Jhansi
Harideojoshi Rajkiya Kanya Mahavidyalaya,
Harihar Prasad Mahavidyalaya,
Harimohan Margshri Kanya Mahavidyalaya,
Harinam Singh Baghel Vigyan and Praudogiki Mahavidyalaya,Rae Bareli
Harinandan Mahavidyalaya,
Haringata Mahavidyalya,
Haripal Ji Smarak Mahavidyalaya,Mau
Harish Chandra Degree College,
Harishchandra Chaudhary Mahavidyalaya,Sonbhadra
Harishchandra Degree College,Sonbhadra
Harishchandra Mahavidyalaya,
Harishchandra Mahavidyalaya,Ghazipur
Harkamaya College of Education,
Harlal Institute of Management and Technology,
Harlal School of Law,
Harmal Panchakroshi Shikshan Mandal’s Ganpat Parsekar College of Education,
Harmukh College of Education,Kashmir
Harpal Singh Memorial Mahavidyalaya,
Harsahay Degree College,
Harsaran Dass Dental College,
Harsh Mahila Mahavidyalaya,
Harsh Vidya Mandir (P.G.) College,
Harvansh Daya Parkash Shyamo Devi Degree College,
Hasananmba College of Education,
Hasanath College,Bangalore
Hashmi Girls Degree College,
Hasnath College for Women,
Hassan Shah Kohie – Hami Memorial Govt. Degree College,Kashmir
Hatichong College,Nagaon
Hatidhura College,Kokrajhar
Hatsingimari College,Dhubri
Hausila Prasad Singh Smarak Mahila Mahavidyalaya.,Sultanpur
Hawabagh Women's College,
Hazi A.K. Khan College,Murshidabad
Hazi Abdul Qayyum Memorial Degree College,Allahabad
Hazi Newaz Ali Mahavidyalaya,Gonda
Hazi Taufeeq Ali Mahavidyalaya,
Heera Singh Yadav Mahavidyalaya,Ghazipur
Heeralal Yadav Balika Degree College,
Hemant Degree College,Pratapgarh
Hemo Prova Borbora Girls’ College,Golaghat
Hemuji Chandele College,
Hemvati Nandan Bahuguna Rajkiya Mahavidyalaya,
Henry Baker College,
Her Highness Maharani Sethu Parvathi Bai, S.S.S. College for Women,
Heramba Chandra College,
Heritage Institute of Tech.,
Hi - Tech Institute of Engineering & Technology,
Hi-Tech Institute of Technology,
HICT Shiksha Mahavidyalaya,Gwalior
Hierank  Business  School,
Higher and Technical Institute Mizoram,Lunglei
Hilji College,
Hill College,
Hill People’s College of Education & Trainings,Jammu
Hill-Top Degree College,
Himachal Pradesh University Evening College,
Himalayan College of Education,Jammu
Himalayan Institute of Engineering & Technology,Sirmaur
Himalayan Institute of Management,Sirmaur
Himalayan Institute of Pharmacy,Sirmaur
Himalayan Pharmacy Institute,
Hind Mahavidyalaya,
Hind Seva Parishad’s Public Night Degree College,Mumbai
Hindi Mahavidyalaya,
Hindi Seva Mandal’s Shri Sant Gadge Baba College of Engineering & Technology,Jalgaon
Hindi Seva Mandal’s Shri Sant Gadge Baba College of Engineering and Technology,Jalgaon
Hindi Teacher's Training College,
Hindi Vidya Prachar Samiti’s College of Law,,Mumbai
Hindol College,
Hindu College of Education,
Hindu College of Pharmacy,Guntur
Hindu College,
Hindu College,Guntur
Hindu College,Krishna
Hindu Degree College,
Hindu Girls College,
Hindu Girls' College,
Hindu Kanya College,
Hindu Kanya Mahavidyalaya (PG) College,
Hindu Kanya Mahavidyalaya,
Hindustan Business School,
Hindustan College of Arts & Science,Chennai
Hindusthan College of Arts and Science,Coimbatore
Hindusthan College of Education,Coimbatore
Hindusthan College of Engineering and Technology,
Hindusthan Institute of Technology,Coimbatore
Hindusthan School of Architecture,Coimbatore
Hingalganj Mahavidyalaya,North Twenty Four Parganas
Hira Nand Mahavidyalaya,
Hirachand Nemchand College of Commerce,
Hirakud College,
Hiralal Bharat College,
Hiralal Mazumdar Memorial College for Women,
Hiralal Ramniwas Post - Graduate College,
Hiraman Mahatam Mahavidyalaya,
Hirasugar Institute of Technology,
Hiremegalagere Patil Siddanagowda Degree College,
Hislop College,
Hitkari Co-Operative Shrmjivi Evening College,
Hitkarini Arts, Commerce & Science College,
Hitkarini Law College,
Hitkarini Mahila College,
Hitkarini Prashikshan Mahila Mahavidyalaya,
HKBK College of Engineering,
HKBK Degree College,
Hnahthial College,
Hojai College,Nagaon
Hojai Girls’ College,Nagaon
Holi Cross Home Science College,
Holkar Science College,
Holy Cross College of Nursing,Surguja
Holy Cross College,
Holy Cross Engineering College,Thoothukudi
Holy Cross Institute of Management and Technology,,
Holy Mary Institute of Technology & Science,Rangareddy
Holy-Wood Academy, Kolhapur’s Sanjeevan Engineering and Technology Institute,Kolhapur
Hon Shri Annasaheb Dange Arts, Commerce & Science College,
Hon’ble Loksevak Madhukarrao Chaudhari College of Pharmacy,
Hooghly Engineering & Technology College,
Hooghly Mohsin College,
Hooghly Women's College,
Hope Foundation’s International Institute of Information Technology,Pune
Hoyasaleswara College,
Hoysala College of Management,
Hrimohan Ghosh College,
Hrudyanada Samarak Mahavidyalaya,
Hrushikesh Ray Degree Mahavidyalaya,
Hukum Singh Bora Government Post Graduate College,Almora
Hukum Singh Memorial Girls Degree College,Saharanpur
Hulasi Devi Smriti Mahavidyalaya,
Hulkoti Co-operative Education Society’s Arts, Science and Commerce College,
Hutatma Jaywantrao Patil Mahavidyalaya,
Hutatma Rajguru Mahavidyalaya,Pune
Hutatma Rashtriya Arts & Science College,
Hyderabad Institute of Technology and Management,
I.A School of Management Studies,
I.B. College,
I.D. Memorial Degree College,  Anand Vihar,Ghazipur
I.D.S.G. Govt. College,
I.G. Govt. college,
I.G. Mahila Mahavidyalaya,
I.G. National College,
I.I.M.T. College of Education,
I.I.M.T. College of Management,
I.I.M.T. College of Medical Sciences,
I.I.M.T. College of Science and Technology,
I.I.M.T. Engineering College,
I.I.M.T. Law College,
I.L.S. Law College,Pune
I.M. Nanawati Law College,
I.M.I.R.C. College of Law,
I.M.P.S. Degree College,
I.M.S. Law College,
I.P. (P.G.) College, Campus 2, Bulandshahr,Bulandshahr
I.P. Degree College,
I.P.S. Academy,
I.T.S. Centre for Dental Studies & Research,
I.T.S. Dental College, Hospital & Research Centre,
I.T.S. Engineering College,
I.T.S. Institute of Health & Allied Science,
IAMR B.Ed. College,
IAMR College of Engineering,
IAMR Law College,Ghaziabad
Ibotombi Institute of Education,
ICARE Institute of Medical Sciences and Research & Dr. Bidhan Chandra Roy Hospital,Purba Medinipur
Ichchharam Singh Mahavidyalaya,
Idar Ajand Patidar H.K.M. Arts College & P.N. Patel Commerce College,
IDEAL College of Arts & Science,East Godavari
Ideal Degree College,Bara Banki
Ideal Girls College,
Ideal Institute of Management and Technology,
IDEAS - Institute of Design Education & Architectural Studies,Nagpur
Idhaya College for Women,
Idhaya College of Arts and Science for Women,
Idhaya Engineering College of Women,Viluppuram
IEC College of Engineering & Technology,Gautam Buddha Nagar
IES College of Engineering,Thrissur
IES College of Technology,Bhopal
IFET College of Engineering,
IFIM College,Bangalore
IIM Ahmedabad,Ahmedabad
IIM Amritsar,Amritsar
IIM and Commerce,
IIM Bangalore,Bangalore
IIM Bodh Gaya,Bodh Gaya
IIM Calcutta,Kolkata
IIM Indore,Indore
IIM Jammu,Jammu
IIM Kashipur,Kashipur
IIM Kozhikode,Kozhikode
IIM Lucknow,Lucknow
IIM Nagpur,Nagpur
IIM Raipur,Raipur
IIM Ranchi,Ranchi
IIM Rohtak,Rohtak
IIM Sambalpur,Sambalpur
IIM Shillong,Shillong
IIM Sirmaur,Paonta Sahib
IIM Tiruchirappalli,Tiruchirappalli
IIM Udaipur,Udaipur
IIM Visakhapatnam,Visakhapatnam
IIMT College of Engineering,Gautam Buddha Nagar
IIPM School of Management,Sundargarh
IISER, Berhampur
IISER, Berhampur,Berhampur
IISER, Bhopal
IISER, Bhopal,Bhopal
IISER, Kolkata
IISER, Kolkata,Kolkata
IISER, Mohali
IISER, Mohali,Mohali
IISER, Pune
IISER, Pune,Pune
IISER, Thiruvananthapuram
IISER, Thiruvananthapuram,Thiruvananthapuram
IISER, Tirupati
IISER, Tirupati,Tirupati
IIT (BHU) Varanasi,Varanasi
IIT (Indian School of Mines) Dhanbad,Dhanbad
IIT Bhilai,Bhilai
IIT Bhubaneswar,Bhubaneswar
IIT Bombay,Mumbai
IIT Delhi,New Delhi
IIT Dharwad,Dharwad
IIT Gandhinagar,Gandhinagar
IIT Goa,Farmagudi
IIT Guwahati,Guwahati
IIT Hyderabad,Hyderabad
IIT Indore,Indore
IIT Jammu,Jammu
IIT Jodhpur,Jodhpur
IIT Kanpur,Kanpur
IIT Kharagpur,Kharagpur
IIT Madras,Chennai
IIT Mandi,Mandi
IIT Palakkad,Palakkad
IIT Patna,Patna
IIT Roorkee,Roorkee
IIT Ropar,Ropar
IIT Tirupati,Tirupati
Illahia College of Arts and Science,
Imanul Hai Khan Law College,
Immaculate College of Education for Women,
Immanuel College,
Imphal Arts College,
Imphal College,
Indapur Taluka Gramvikas Pratishthan’s, Vishwasrao Ransing College, (Arts, Commerce & Science),,Pune
Indas Mahavidyalaya,Bankura
Inder Dev Institute of Education of Technology,
Inderprastha Dental College & Hospital,
Inderprastha Engineering College,,Ghaziabad
India Culture League Society’s Motilal Jhunjhunwala College of Arts, Science & Commerce,
Indian Academy Degree College,Bangalore
Indian Drugs Research Association,
Indian Education Society’s College of Architecture,
Indian Institute of Engineering Science and Technology, Shibpur, West Bengal
IIIT, Agartala, Tripura
IIIT, Allahabad, Uttar Pradesh
IIIT, Bhagalpur, Bihar
IIIT, Bhopal, Madhya Pradesh
IIITDM, Jabalpur, Madhya Pradesh
IIITDM, Kancheepuram, Tamil Nadu
IIITDM, Kurnool, Andhra Pradesh
IIIT, Dharwad, Karnataka
IIIT, Guwahati, Assam
IIIT, Kalyani, West Bengal
IIIT, Kota, Rajasthan
IIIT, Kottayam, Kerala
IIIT, Lucknow, Uttar Pradesh
IIIT, Nagpur,Maharashtra
IIIT, Pune, Maharashtra
IIIT, Raichur, Karnataka
IIIT, Ranchi, Jharkhand
IIIT, Senapati, Tripura
IIIT, Sonepat, Haryana
IIIT, Sri City, Andhra Pradesh
IIIT, Surat, Gujarat
IIIT, Tiruchirappalli, Tamil Nadu
IIIT, Una, Himachal Pradesh
IIIT, Vadodara, Gujarat
Indian Institute of Legal Studies, Siliguri, West Bengal
Indian Institute of Petroleum and Energy,Visakhapatnam, Andhra Pradesh
Indian Institute of Social Welfare & Business Management,Kolkata
Indian School of Hospitality, Gurugram, Haryana
Indian Statistical Institute,Kolkata
Indira Gandhi (Sr.) College, Nanded, Maharashtra
Indira Gandhi Arts & Commerce College, 
Indira Gandhi Arts & Science College,
Indira Gandhi Balika Niketan College,
Indira Gandhi College of Arts & Science,
Indira Gandhi College of Education,,Kancheepuram
Indira Gandhi College of Engineering and Technology for Women,Kancheepuram
Indira Gandhi Degree College,
Indira Gandhi Girls Degree College,Gorakhpur
Indira Gandhi government College,
Indira Gandhi Government Degree College,
Indira Gandhi Institute of Phusical Education and Sports Science,
Indira Gandhi Institute of Technology,Dhenkanal
Indira Gandhi Mahila Degree Mahavidyalaya,
Indira Gandhi Mahila Mahavidyalaya,
Indira Gandhi Medical College,
Indira Gandhi Rajkiya Mahila Mahavidyalaya,
Indira Gandhi Rashtriya Uran Akademi,
Indira Gandhi Women’s College,
Indira Institute of Management Sciences,
Indira Institute of Management,Pune
Indira Mahavidyalaya,
Indira Priya Darshini Government Degree College (Women),
Indira Priyadarshini College,
Indira Priyadarshini Govt. Degree College for Women,
Indira Priyadarshini Govt. Girls P.G. College of Commerce,
Indira Smriti Mahavidyalaya,Satna
Indirabai Meghe Mahila Mahavidyalaya,
Indirani College of Nursing,
Indirapuram Institute of Higher Studies,Ghaziabad
Indo - American College,
Indo Soviet Friendship College of Pharmacy,Moga
Indore Christian College,
Indore Institute of Law,Indore
Indore Institute of Pharmacy,Indore
Indore Institute of Science and Technology,Indore
Indore School of Social Work,
Indra Ganesan College of Engineering,Tiruchirappalli
Indra Priyadarshini College,
Indradev Ramnaval Banafar Mahavidyalaya,Ghazipur
Indrajeet Mahila Mahavidyalaya,Azamgarh
Indrakali Mahavidyalaya,
Indrani Mahavidyalaya,Pune
Indrapal Singh M.S.D. Mahavidyalaya,Lalitpur
Indrapati Mahavidyalaya,
Indraprastha College for Woman,
Indraprastha College of Education,
Indraprastha Institute of Management & Technology,,Saharanpur
Indraraj Arts, Commerce & Science College,
Indrasan Singh Swatantrata Sangram Senani Rajkiya Mahavidyalaya,
Indravati Mahavidyalaya +3,
Indrawas Kumari Memorial Degree College,
IndSearch Institute of Management Studies & Research,Pune
Indu Devi Rampati Mahila Mahavidyalaya,Kushinagar
Infant Jesus College of Arts and Science for Women,,
Info Institute of Engineering,Coimbatore
Innovative Institute of Education and Technology,
Innovative Institute of Law,
Insight Institute of Education and Training,Kashmir
Institute for Education & Technical Sciences,Ghaziabad
Institute of  Management Studies,
Institute of Advanced Studies in Education,
Institute of Advanced Study in Education,
Institute of Advanced Study in Education,Kurnool
Institute of Aeronautical Engineering,
Institute of Aplied Medicines & Research,
Institute of Asian Studies,
Institute of Aviation Medicine,
Institute of Bioinformatics and Applied Biotechnology (IBAB),Bangalore
Institute of Computer Science & Technology,
Institute of Education For Women,
Institute of Education,
Institute of Engineering & Management,Kolkata
Institute of Engineering & Technology,
Institute of Engineering and Technology,
Institute of Environment & Management,
Institute of Evening Studies,
Institute of Excellence in Higher Educastion,
Institute of Genetic Engineering,
Institute of Health Sciences,Khordha
Institute of Home Economics,
Institute of Hospitality Management and Sciences,
Institute of Indian Culture,
Institute of Informatics & Management Sciences,
Institute of Information Management and Technology,
Institute of Information Technology & Management,Janak Puri
Institute of Innovation in Technology & Management,
Institute of Language Research,
Institute of Language Studies and Applied Social Sciences (ILSASS),
Institute of Language Teaching,Rajkot
Institute of Leadership Entrepreneurship and Development,Kolkata
Institute of Management & Computer Studies,
Institute of Management & Sciences,
Institute of Management Education,
Institute of Management Studies,
Institute of Management Studies,Ghaziabad
Institute of Management Study,
Institute of Management Training & Research,
Institute of Mass Communication Film and Television Studies,
Institute of Nursing Education,
Institute of Oriental Philosophy,
Institute of Pharmaceutical Education and Research,
Institute of Pharmacy & Technology,Cuttack
Institute of Post Graduate Ayurvedic Education and Research,
Institute of Post Graduate Medical Education & Research,
Institute of Professional Education and Research,Bhopal
Institute of Professional Excellence & Management,
Institute of Professional Studies & Research,Cuttack
Institute of Professional Studies,
Institute of Public Enterprise,
Institute of Road and Transport,Erode
Institute of Rural Education- IRE,,Thoubal
Institute of Science & Technology for Advanced Studies & Research (ISTAR),
Institute of Science and Technology,
Institute of Science and Technology,Paschim Medinipur
Institute of Science,
Institute of Science, Poona’s College of Computer Sciences,Pune
Institute of Teacher Education,
Institute of Teaching and Research in Ayurveda,Jamnagar
Institute of Technical Education & Research Centre,
Institute of Technology & Management,
Institute of Technology & Science,
Institute of Technology and Management,
Integral Degree College,Rampur
Integrated Academy of Management and Technology,Ghaziabad
Integrated School of Law,
International College of Engineering,
International College,Lakhisarai
International Institute of Business Studies,Bangalore
International Institute of Tamil Studies,
International School of Informatics & Management,Jaipur
International School of Media and Entertainment Studies,
International School of Technology & Sciences for Women,
IPEM Law Academy,
IPS Academy, Institute of Business Management and Research,Indore
IPS Academy, Institute of Engineering & Science,Indore
IPS Academy,Indore
Iqbal College,
Iqbal Institute of Technology and Management,Srinagar
Isabella Thouburn College,
Ishan  Institute of Management and Technology,
Ishan Institute of Law,Gautam Buddha Nagar
Ishan Institute of Management & Technology,Gautam Buddha Nagar
Ishrawati Devi Mahavidyalaya,Sultanpur
Ishwar Deshmukh College of Physical Education,
Ishwar Prasad Mahavidyalaya,
Ishwardeen Bhagwat Singh Mahavidyalaya,Fatehpur
Ishwari Prasad Ramkali Devi Mahavidyalaya,
Ishwari Prasad Ramkali Devi Mahavidyalaya,Shahjahanpur
ISIC Institute of Rehabilition Sciences,
ISL Engineering College,
Islamia Arts & Science College,
Islamia College for women,Kashmir
Islamia College of Commerce,
Islamia College of Law,,Saharanpur
Islamia College of Science & Commerce,Kashmir
Islamia College,Sikar
Islamia Degree College,
Islamia Degree College,Saharanpur
Islamia Faridiya College of Education,Jammu
Islamia Karimia Degree College,
Islamiah College,Vellore
Islamiah Women’s Arts and Science College,
Islamiya Degree College,Saharanpur
Islamiya Mahila Mahavidyalaya,
Islampur College,
Ismail National Mahila (P.G.) College,Meerut
Ismail Yusuf College of Arts, Science & Commerce,Mumbai
Ismailsaheb Mulla Law College,Satara
ISO Degree College,  Sharafi Complex,
Ispat College,Sundargarh
Iswar Chandra Vidyasagar College,South Tripura
Iswar Saran Degree College,
J J College of Engineering and Technology,Trichy
J. Buana College,Lunglei
J. K. College of Education,Jammu
J. P. Institute of Education,Meerut
J. Thankima College,Aizawl
J.B. College,Jorhat
J.B. Institute of Engineering & Technology,Hyderabad
J.B. Sawant Education Society’s Tikambhai Metha Commerce College,Raigarh
J.B. shah Girls College,Jhunjhunun
J.B.S. Dhanour College,Muzaffarpur
J.B.S. Mahavidyalaya,Bara Banki
J.B.S.P. Mandal’s Arts & Science College,
J.C. D.A.V. College,Hoshiarpur
J.C. Kumarappa Mahavidyalaya,Bhavnagar
J.C. Mills Girls College,Gwalior
J.C.E. Trust Sanchilit Commerce College,Junagadh
J.D. Birla Institute,Kolkata
J.D. College of Engineering & Management,Nagpur
J.D. Patil Sangludkar arts & Commerce College,Amravati
J.D. Women's College,Patna
J.D.C. Bytco Institute of Management Studies & Research,Nashik
J.D.J.B. Anand Degree College,Ambedkar Nagar
J.D.M.V.P Co-op. Samaj’s Arts, Commerce & Science College,Jalgaon
J.D.M.V.P. Co-op. Samaj’s Arts, Science & Commerce  College,Jalgaon
J.D.S. Degree College,Bareilly
J.D.S.G. College,Golaghat
J.G. College of Commerce,Dharwad
J.G. College,Ahmadabad
J.H. Bhalodia Women’s College,Rajkot
J.J. College of Education,Pudukkottai
J.J. College,Gaya
J.J. College,Hazaribagh
J.J.College of Arts & Science,Pudukkottai
J.J.College,Bhojpur
J.J.M. Medical College,Davanagere
J.K.K. Munirajah College of Technology,
J.K.K. Nataraja College of Arts & Science,Namakkal
J.K.K. Nataraja College of Engineering and Technology,Namakkal
J.K.K. Nataraja Dental College & Hospital,
J.K.K. Nattraja College of Pharmacy,Namakkal
J.K.S. College,
J.L. Nehru Degree College,Etah
J.L. Nehru Law College,Mandsaur
J.L. Nehru Memorial Mahavidyalaya,Hoshangabad
J.L.N. College,Pashchimi Singhbhum
J.L.N. College,Patna
J.L.N. College,Rohtas
J.L.N. Degree College,Bilaspur
J.L.N. Government College For Women,Patiala
J.L.N.M. College,Purbi Champaran
J.M Shah Arts and Commerce College,
J.M. College,Hazaribagh
J.M. Patel Arts Commerce & Science College,Bhandara
J.M.D.P.L. Mahila College,Madhubani
J.M.J. College for Women,Guntur
J.M.S. College,Munger
J.N. College,Cuttack
J.N. College,East Siang
J.N. College,Madhubani
J.N. College,Ranchi
J.N. Government Engineering College,Mandi
J.N.N. Institute of Engineering,
J.P. College,Bhagalpur
J.P. Institute of Engineering & Technology,Meerut
J.P. Mahila College,Saran
J.P. Pardiwala Arts and Commerce College,Valsad
J.P. Verma Science Mahavidyalaya,Hardoi
J.P.G.D. Degree College,
J.P.R. Girls Degree College,Azamgarh
J.P.S Mahavidyalaya,
J.S. College of Education,Firozabad
J.S. College,Budaun
J.S. College,Sitamarhi
J.S. Hindu Post-Graduate College,Moradabad
J.S.M. Academy Salarpur,Meerut
J.S.M.'S Smt. I.G. Kulkarni Arts, J.B. Sawant Science & Sau J.D. Kunte Commerce College,Raigarh
J.S.S. Banashankari Arts, commerce and Shanti Kumar Gubbi Science College,Dharwad
J.S.S. College for Women (Autonomous,Mysore
J.S.S. College for Women,Bangalore
J.S.S. College for Women,Mysore
J.S.S. College of Arts and Commerce,Chamarajanagar
J.S.S. College of Arts, Commerce & Science,
J.S.S. College of Arts, Commerce & Science,Mysore
J.S.S. College of Arts, Commerce and Science,Mysore
J.S.S. College of Pharmacy,Mysore
J.S.S. College,Mysore
J.S.S. Kisan Veer Mahavidyalaya,
J.S.S. Law College,Mysore
J.S.S. Science Arts & Commerce College,
J.S.S. Sh. Tammannappa Chikkodi Arts & Commerce College,
J.V. Jain College,
J.V.R.R. Memorial College of Education,Kurnool
J.Z. Shah Arts & H.P. Desai Commerce College,
Jabalpur College of Computers & Communication,
Jabalpur Engineering College,
Jabalpur Public College,Jabalpur
Jadavpur Vidapith College of Education,
Jadhav Education Society’s Shri K.A. Lokapur Arts, Science and Commerce College,
Jadid Anjuman E-Talem Arts, Science & Commerce Girls College,
Jadonang Memorial College,
Jadupati +3 College,
Jagadambha College of Engineering and Technology,Yavatmal
Jagadguru Swami Krishnacharya Mahavidyalaya.,
Jagan Institute of Management Studies,
Jagannath College,
Jagannath Degree College,
Jagannath Degree College,bolangir
Jagannath International Management School,New Delhi
Jagannath Mahavidyalaya, (Degree College),
Jagannath Munna Lal Choudhary Mahila Mahavidyalaya,
Jagannath Prasad Mahavidyalaya,
Jagannath Prasad Smarak College of Education,
Jagannath Prasad Smarak College of Law,
Jagannath Prasad Smarak Mahavidhyalay,
Jagannath Prasad Smarak Mahavidyalaya,Allahabad
Jagannath Singh Kanya Mahavidyalaya,
Jagannath Singh Kanya Mahavidyalaya,Kanpur Dehat
Jagarlamudi Kuppuswamy Choundry College,Guntur
Jagat Arts, Commerce and Indiraben Hariharbhai Patel Science College,
Jagat Narayan Mahavidhyalaya.,Ambedkar Nagar
Jagat Taran Girls Degree College,
Jagatpur Degree College,
Jagatraj Mahavidyalaya,Hamirpur
Jagdam College,Saran
Jagdamba Education Society’s S.N.D. College of Engineering & Research Centre,Nashik
Jagdamba Mahavidyalaya,
Jagdamba Sanskrit Mahavidyalaya,Darbhanga
Jagdamba Sharan Singh Educational Institute,Gonda
Jagdeesh Prasad Yadav Shiv Kumar Singh Yadav Mahavidyalaya,Lakhimpur
Jagdeo Memorial College,Kaimur (Bhabua)
Jagdish Prasad Pandey Smarak Mahavidyalaya,
Jagdish Singh Mahavidyalaya,Ballia
Jagiroad College,marigaon
Jagjiwan Mahavidyalaya,Rohtas
Jagjiwan Ram Sharmik College,Munger
Jaglal Chaoudhary College,Saran
Jagmohan College of Law,Baghpat
Jagnnath Kishore College,
Jagpat Singh Singraur Degree College,Allahabad
Jagpati Mahila Mahavidyalaya,Azamgarh
Jagran College of Arts, Science and Commerce,
Jagrani Devi College,
Jagruti Institute of Engineering & Technology,
Jagvati Devi Moolchand Baboo Ram Institute of Life Science & Higher Education,Pilibhit
Jai Bajrang Shiv Gulam Mahavidyalaya,
Jai Bhagwan Sevabhavi Sanstha’s Late. Shankarrao Gutte Gramin Arts, Commerce & Science College,Bid
Jai Bharati College,
Jai Bundelkhand Institute of Science & Education Management & Technology,Jhansi
Jai Bundelkhand Mahavidyalaya,Mahoba
Jai Ganesh Shiv Sagar Mahila Mahavidyalaya,
Jai Gurudev Ram Sumiran Ram Kripal Mahavidyalaya,Sant Kabir Nagar
Jai Hind College, Basantsing Institute of Science & J.T. Lalvani College of Commerce and Sheila Gopal Raheja College of Management,
Jai Hind Educational Trust's Zulal Bhilajirao Patil College,
Jai Kishan Balika Mahavidyalaya,Unnao
Jai Ma Durga Dharmawati Mahavidyalayala,
Jai Ma Sudami Devi Balika Mahavidyalaya,Ghazipur
Jai Maa Bhagwati Sonachal Mahavidyalaya,
Jai Maa Institute of Education,Mainpuri
Jai Maa Vaishno Mahavidyalaya,Azamgarh
Jai Maa Varahi Mahavidyalaya,Gonda
Jai Mata Dulhami Tribhuwan Mahavidyalaya,
Jai Mata Rani Smt. Dhansira Mahavidyalaya,
Jai Mauni Baba Deva Girdhari Mahavidyalaya,
Jai Murti College,
Jai Narayan Mohanlal Purohit Government P.G. College,Jodhpur
Jai Narayan Singh Chamela Devi Mahavidyalaya,
Jai Narayan Smarak Degree College,
Jai Prakash Mahavidyalaya,
Jai Prakash Mahila Mahavidyalaya,
Jai Prakash Rai Mahavidyalaya,
Jai Shankar Kripa Mahavidyalaya,Ambedkar Nagar
Jai Shree Bala Ji Mahavidyalaya,
Jain Asthanak Vasi Girls Degree College,
Jain College of Education,
Jain College,
Jain Degree College,
Jain Institute of Technology,Davanagere
Jain Jawan College,
Jain Kanya Pathshala (P.G.) College,
Jainath Memorial Mahavidyalay,
Jaintia Eastern College,
Jaipuria Institute of Management,
Jairams Arts and Science College,Karur
Jajwalyadev Government Navin Girls College,
Jalagam Vengal Rao Govt. College,
Jaleswar College,Goalpara
Jaleswar Women's College,
Jalna Education Society's R.G. Bagdia Arts, S.B. Lakhotia Commerce & R.Bezonji Science College,
Jalpaiguri Government Engineering College,
Jalpaiguri Law College,
Jamal Mohammed College,
Jamalpur College,Mungeli
Jamalpur Mahavidyalaya,
Jamankira +3 College,Sambalpur
Jambeswar Degree Mahavidyalaya,Baleshwar
Jamda Anchalika Mahavidyalaya,
Jamia Urdu College of Education,Aligarh
Jamini Mazumder Memorial College,Dakshin Dinajpur
Jamini Ray College,
Jamkhed Mahavidyalaya,
Jammu & Kashmir Institute of Mathematical Sciences,,Srinagar
Jamna Lal Ram Lal Keemti Girls College,
Jamner Taluka Education Society's Gitabai Dattaraya Mahajan Arts, Shri Keshrimal Rajmal Navlakha Commerce and Manohar Seth Dhariwal Science College,
Jamshedpur Co-Operative College,
Jamshedpur Women's College,
Jamshedpur Worker's College,
Jamtara College,
Jamtara Mahila Sandhya Mahavidyalaya,
Jamuna Devi Naresh Chandra Mahavidyalaya,Jalaun
Jamuna Keshav Singh Memorial Mahavidyalaya,
Jamuna Prasad Bhagwan Das Mahajan Degree College,
Jamuna Prasad Memorial College,Bareilly
Jamuni Lal College,Vaishali
Jan Bharati Mahavidyalaya,Ghazipur
Jan Nayak Ch. Devi Lal College of Education,Sirsa
Jan Nayak Ch. Devi Lal Dental College,Sirsa
Jan Nayak Ch. Devi Lal Institute of Business Management,Sirsa
Jan Nayak Ch. Devi Lal Memorial College of Engineering,Sirsa
Jan Nayak Ch. Devi Lal Memorial College of Pharmacy,Sirsa
Jan Nayak Ch. Devi Lal Memorial College,Sirsa
Jana college of Education,
Janak Dulari Mahila Mahavidyalaya,
Janapriya College,Barpeta
Janata College,
Janata College,Cachar
Janata College,Kokrajhar
Janatha Government First Grade College,Davanagere
Jang Bahadur Singh Patel Degree College,Allahabad
Jangi Mahavidyalaya,
Jangipur College,
Jangraj Challadura College,
Janhit College of Law,
Janhit Degree College,
Janhit Institute of Education & Information,
Janhit Institute of Education,
Janhit Mahavidyalaya,Jaunpur
Janjatiya Sandhya (Degree) Mahavidyalaya,
Janki Devi Bajaj Government Girls College,Kota
Janki Devi Memorial College,
Janki Prasad Chaudhary Mahila Degree College,
Janki Prasad Verma Memorial Mahila Mahavidyalaya,
Janseva Shikshan Mandal’s Shantarambhau Gholap Arts, Science and Gotirambhau Pawar Commerce College,
Jansons School of Business,Coimbatore
Janta College,Rewa
Janta Degree College,
Janta Kala Vanijya Mahavidyalaya,
Janta Kanya Mahavidyalaya,
Janta Koshi College,Darbhanga
Janta Mahavidyalaya (PG) College,
Janta Mahavidyalaya,
Janta Mahavidyalaya,Rampur
Janta Mahavidyalaya,Rewa
Janta Shivratri College,
Janta Swarup Degree College,
Janta Vadic Degree College,
Janta Vedic College,
Janta Vidya Mandir Ganpat Rai Rasiwasia College,Bhiwani
Japfu Christain College,
Jashbhai Maganbhai Patel College of Commerce,
Jashipur College,
Jasrana Degree College,
Jata Shankar Gupta Degree College,Jaunpur
Jatadhari Postgraduate College,
Jatindra Rajendra Mahavidyalaya,
Jatiya Kabi Birakishore College,
Jawahar Arts, Science & Commerce College,
Jawahar Bharati Degree College,Sri Potti Sriramulu Nellore
Jawahar College of Education,
Jawahar Lal Lodhi Degree College,Bareilly
Jawahar Lal Nehru Degree College,
Jawahar Lal Nehru Government College,Kullu
Jawahar Lal Nehru Medical College,Bhagalpur
Jawahar Lal Nehru Memorial College,Sitamarhi
Jawahar Lal Nehru Smarak P.G College,Mahrajganj
Jawahar Science College,
Jawahar Shikshan Prasarak Sanstha’s College of Education,
Jawaharlal College of Engineering and Technology,Palakkad
Jawaharlal Darda Institute of Engineering and Technology,Yavatmal
Jawaharlal Institute of P.G. Medical Education & Research,
Jawaharlal Institute of Postgraduate Medical Education and Research,Pondicherry
Jawaharlal Nehru Arts, Commerce & Science College,
Jawaharlal Nehru College of Education,
Jawaharlal Nehru College of Social Work,
Jawaharlal Nehru College,Bhopal
Jawaharlal Nehru College,Kamrup
Jawaharlal Nehru Degree & PG College,
Jawaharlal Nehru Government College,
Jawaharlal Nehru Institute of Advanced Studies (JNIAS),
Jawaharlal Nehru Institute of Education, Science & Technological,
Jawaharlal Nehru Medical College,
Jawaharlal Nehru Memorial Post - Graduate College,
Jawaharlal Nehru National College of Engineering,
Jawaharlal Nehru Smiriti Mahavidyalaya,Vidisha
Jawaharlal Nehru Teachers Training College,
Jawharlal Nehru College,
Jay Bajrang Mahila Mahavidyalaya,
Jay Giriraj Dharan Mahavidyalaya,
Jay Prakash Sandhya Degree Mahavidyalaya,
Jay Ram Janki Mahavidyalaya,
Jay Shiv Mahavidyalaya,amroha
Jay Shriram Group of Institutions,
Jaya Engineering College,
Jaya Nanda College,Darbhanga
Jaya Ram Raj Upadhyaya Balika Mahavidyalaya,
Jayamukhi Institute of Technological Sciences,
Jayaprakash Narayan College of Engineering,Hyderabad
Jayaraj Annapackiam College for Women,
Jayaram College of Engineering & Technology,
Jayawad Mahavidyalaya,
Jayawant Shikshan Prasarak Mandal’s Imperial College of Engineering & Research,Pune
Jayawant Shikshan Prasarak Mandal’s Rajarshi Shahu College of Engineering,Pune
Jaypur Panchanan Roy College,
Jaysingpur College,
Jaywant Shikashan Prasarak Mandal’s Jayawantrao Sawant College of Engineering,Pune
JCT College of Engineering and Technology,Coimbatore
JDMVP Co-op Samaj's Sh. S.S. Patil Arts. S.B.T.T.S. Commerce & G.R. Pandit Science College,
Jeet Bahadur Singh Mahavidyalaya,Sultanpur
Jeevan Jyot Educational Charitable Trust Reena Mehta College of Arts, Science, Commerce & Management Studies,Thane
Jeevan Rekha Pratisthan’s Mahila B.C.A. Mahavidyalaya,Latur
Jeevandeep Mahavidyalaya,Varanasi
Jeevandeep Shaikshanik Sanstha’s Poi’s Arts, Commerce & Science College,
Jeevandeep Shaishanik Sanstha’s Poi’s, Arts, Commerce & Science College,Thane
Jeewan Deep Women College of Education,Ghazipur
Jehlum Education Trust College of Education,Kashmir
Jei Mathaajee College of Engineering,
Jengraimukh College,Jorhat
Jeppiaar Institute of Technology,Chennai
Jerusalem College of Engineering,Chennai
Jesus And Mary College,
Jesus Mary Joseph (J.M.J) Degree College for Women,
Jethabhai & Jhaverbhai College of Science,
Jethiba K. Patel Arts College & B.A. Patel & D.B. Vyas Commerce College,
Jeypore Law College,
Jhabbu Singh Memorial College,
Jham Baba Degree College,
Jhamman Lal Degree College,
Jhanji Hem Nath Sarma College,Sivasagar
Jhargram Raj College (Girls’ Wing),
Jhargram Raj College,
Jharkhand College,
Jhaulal Gajodhar Prasad Mahila Mahavidyalaya,
Jhauwa Dharm Nagar Sanskrit Mahavidyalaya,Gorakhpur
Jhinki Devi Smarak Mahavidyalaya,
Jhulelal Institute of Technology,Nagpur
Jhunjhunwala P.G. College,Faizabad
Jhunjnunwala Mahavidyalaya,
Jiadhal College,Dhemaji
Jialal Institute of Education,
Jibantala Rokeya Mahavidyalaya,South Twenty Four Parganas
Jijamata College of Science & Arts,
Jijamata Education Society’s Arts Science and Commerce College,
Jijamata Kala Mahavidyalaya,Yavatmal
Jiral College,
Jiri College,
JIS College of Engineering,
Jitendra Chauhan College of Law,
Jiwach Mahavidyalaya,Muzaffarpur
JMF’s Vande Mataram Degree College of Arts, Commerce & Science,
Jnan Vikas Mandal’s Mohanlal Raichand Mehta College of Commerce Diwali Maa College of Science Amritlal Raichand Mehta College of Arts Dr. R.T. Doshi College of Computer Science,
Jnana Jyothi Degree College,Bangalore
Jnana Prabodhini Institute of Psychology,
JNM College for Advance Studies and Technology,Varanasi
JNTU College of Engineering,
JNTU College of Engineering,East Godavari
JNTUA College of Engineering,Anantapur
JNTUA College of Engineering,Y.S.R.
JNTUH College of Engineering,
JNTUK University College of Engineering,Vizianagaram
Joda Women's College,
Jodh Singh Namdhari Mahila College,
Jodhpur Institute of Engineering & Technology,Jodhpur
Jogesh Chandra Chaudhuri College,
Jogesh Chandra Chaudhuri Law College,Kolkata
Joginpally B.R Pharmacy College,Hyderabad
Joginpally B.R. Engineering College,Rangareddy
Jogmaya Devi College,
Johnson College,
Jokhan Mahavidyalaya,
Jokhu Lal Piyari Devi Mahavidyalaya,Mirzapur
Jonai Girls’ College,Dhemaji
Jorhat College (AMULGUMATED),Jorhat
Jorhat Engineering College,Jorhat
Jorhat Institute of Science & Technology,Jorhat
Jorhat Kendriya Mahavidyalaya,Jorhat
Jorhat Law College,Jorhat
Joseph Arts and Science College,Viluppuram
Joya Gogai College,Golaghat
JP College of Arts & Science,Tirunelveli
JPM Arts and Science College,,Idukki
JSPS'S Ajjappa Gadami Arts and Commerce College,
JSS Academy of Techncial Education,Bangalore
JSS Academy of Technical Education,
JSS College of Nursing,Mysore
JSS College of Physiotherapy,Mysore
JSS Institute of Speech and Hearing,Dharwad
JSS Institute of Speech and Hearing,Mysore
JSS Sakaari Law College,
JSS Shri Manjunatheshwara Institute of Under-Graduate & Post-Graduate Studies,
JSS Sri Manjunatheshwara College of Education,Dharwad
Jubilee College,
Jubilee Memorial College,Mokokchung
Jubilee Mission College of Nursing,
Jubilee Mission Medical College & Research Institute,Thrissur
Jugal Kishore Mahavidyalaya,
Juhari Devi Girls Postgraduate College,
Junabhadra College,
Jung Bahadur Rai Mahavidyalaya,
Juria College,Nagaon
Justice Baseer Ahmed Sayeed College for Women,
Juthalal Sanskrit Mahavidyalaya,
Jwala Devi Mahavidyalaya,Pratapgarh
Jwala Devi Vidya Mandir (PG) Degree College,
Jwala Prasad Singh Mahila Mahavidyalaya,Sultanpur
Jyothi Engineering College,Thrissur
Jyothishmathi Institute of Technology & Science,Karimnagar
Jyothy Institute of Technology,
Jyothy Institute of Technology,Bangalore
Jyoti College of Management Science & Technology,
Jyoti Vikash Degree College,
Jyotiba College of Physical Education,
Jyotinivas College,
K G R L Degree College,West Godavari
K. J. Somaiya Comprehensive College of Education,
K. Ramakrishnan College of Engineering,Tiruchirappalli
K. Ramakrishnan College of Technology,Tiruchirappalli
K.B. College,
K.B. Jha College,Katihar
K.B. P.G. College,
K.B. Women's College,
K.B.A. Mahavidyalaya,Mainpuri
K.B.H. Law College,
K.B.N. College,Krishna
K.B.P. College,
K.C. Adarsh Mahavidyalaya,
K.C. College of Education,Jammu
K.C. Dass Commerce College,Kamrup
K.C. Education Society's Institute of Management and Research,
K.C. Gurukul College of Education,Jammu
K.C. Law College,
K.C. Seth Arts College,
K.C.L. Institute of Laws,Jalandhar
K.C.S. College of Education (Women),Jammu
K.C.T.C. College,Purbi Champaran
K.D. College of Commerce & General Studies,
K.D. College,
K.D. Dental College & Hospital,
K.D.B. Degree College,
K.D.N. Mahavidyalaya,Azamgarh
K.D.S. Baghel Memorial Degree College,Agra
K.D.S. College,Khagaria
K.E. Board’s First Grade Arts and Commerce College,
K.G. Arts & Science College,
K.G.K. (P.G.)College,Moradabad
K.G.N. College,
K.G.S. Mahavidyalaya,
K.H. Govt. Degree College,Anantapur
K.H. Madhvani Arts and Commerce College,
K.J. Somaiya Centre for Buddhist Studies,
K.J. Somaiya College of Arts and Commerce,
K.J. Somaiya College of Arts, Commerce & Science,
K.J. Somaiya College of Engineering,
K.J. Somaiya College of Science & Commerce,
K.J. Somaiya Institute of Engineering and Information Technology,Mumbai
K.J. Somaiya Institute of Management Studies & Research,
K.K. Das College,
K.K. Parekh Commerce College,
K.K. Shah Jarodwala Maninagar Science College,
K.K. Wagh Education Society’s, K.K. Wagh Arts, Commerce, Science and Computer Science College,Nashik
K.K. Wagh Institute of Engineering Education and Research,
K.K. Wagh Shikshan Sanstha’s K.K Wagh Arts, Commerce, Science and Computer Science College,,Nashik
K.K.E.C.S. Institute of Management,Bangalore
K.K.M. College,
K.K.S. Women's College,
K.K.W. Arts, Science & Commerce College,
K.L. Adarsh Mahavidyalay,,Hamirpur
K.L. College of Engineering,Guntur
K.L. E. Society’s College of Education,
K.L. Mehta Dayanand College for Women,
K.L.B.D.A.V. College for Girls,
K.L.D.A.V. Degree College,
K.L.E. Institute of Technology,
K.L.E. Society’s Arts and Commerce College,
K.L.E. Society’s College of Education,
K.L.E. Society's S. Nijalingappa College,
K.L.E. Society's Shree Mrityunjaya College of Arts & Commerce,
K.L.N. Arts and Sciences College,Sivaganga
K.L.N. College of Engineering,Pottapalayam
K.L.N. College of Information Technology,Sivaganga
K.L.S. College,
K.M. Agrawal College of Arts Commerce & Science,
K.M. Asghar Husain College of Education,
K.M. College of Education,
K.M. College of Education,Bhiwani
K.M. Govt. College,
K.M. Kundani College of Pharmacy,
K.M.D. College,
K.M.E. Society’s  G.M. Momin Women’s College,
K.M.G. College of Arts & Science,
K.M.R.D. Jain College For Women,
K.N. Bhise Arts, Commerce and Vinayakrao Patil Science College,
K.N. Mahila College,
K.N.Government Arts College for Women,
K.N.M. Govt. Arts & Science College,
K.N.V.V. Sanghals Arts & Commerce College,
K.O. Shah Municipal Arts and Commerce College,
K.P. College,
K.P. Govt. College,
K.P. Mishra Government Girls Degree College,
K.P. National College of Arts & Science,
K.P. Patel Mahila Mahavidyalaya,Bareilly
K.P. Training College,
K.P. Uccha Shiksha Sansthan,
K.P. Uchha Shiksha Sansthan,Allahabad
K.P.B. Hinduja College of Commerce,
K.P.E.S. Siddharth Arts & Commerce Degree College,
K.P.S. Degree College,
K.R. College of Arts & Science,
K.R. Desai Arts and Commerce College,
K.R. Girls Degree College,
K.R.B. Girls' College,Kamrup
K.R.C.E. Society's G.G.D. Arts B.M.P. Commerce & S.V.S. Science College,
K.R.E. College,
K.R.K. Govt. Degree College,Prakasam
K.R.M.D.A.V. College,
K.R.R. Govt. Arts & Science College,
K.R.T. Arts, B.H. Commerce and A.M. Science College,
K.S. College,
K.S. Institute of Technology,Bangalore
K.S. Rangasamy College of Technology,Tiruchengode
K.S. Rangaswamy College of Arts and Science,
K.S. Saket Post -Graduate College,
K.S. Samiti's Vijayanaggar College of Education,
K.S. School of Engineering and Management,,Bangalore
K.S. Wani Institute of Advanced Studies in Marathi,
K.S.E.R.T. College of Education,Kashmir
K.S.G. College of Arts & Science,
K.S.G.M. College,
K.S.R. College of Engineering,Namakkal
K.S.R. Institute for Engineering and Technology,Namakkal
K.S.R. Mahavidyalaya,
K.S.R.M. College of Engineering,Y.S.R.
K.S.S Arts, Commerce & Science College,
K.S.S. Arts and Commerce College,
K.S.S. Mahavidyalaya,
K.S.S.'s Krantiveer Sangalli Rayanna College of Education,
K.S.T. College,
K.S.U.B. College,
K.T. Reddy Women's College,Krishna
K.T.S. Govt. Degree College,Anantapur
K.T.S.P. Mandal' KMC College,
K.V. Science College,
K.V. Subba Reddy Degree College,Kurnool
K.V.G. College of Engineering,Dakshina Kannada
K.V.M. College of Special Education,
K.V.P. Sanstha's Kisan Arts, Comm. & Sci. College,
K.V.P. Society's Arts and Commerce College,
K.V.P.S.'S Ayurved Mahavidyalaya,
K.V.R. & K.V.R. & M.K.R. College,Guntur
K.V.R. College,Krishna
K.V.R. Govt. College for Women,Kurnool
K.V.S.R. Siddhartha College of Pharmaceutical Sciences,Vijayawada
K.V.V.S College of Science and Technology,Pathanamthitta
K.W.T.'S Divekar College of Commerce,
K.Z.S. Science College,
Kaamadhenu Arts And Science College,Erode
Kabi Jagadram Roy Government General Degree College,Bankura
Kabi Joydeb Mahavidalaya,
Kabi Nazrul College,
Kabi Nazrul Mahavidyalaya,
Kabi Samrat Upendra Bhanja College of Teacher Education,
Kabi Sukanta Mahavidyalaya,
Kabikankan Mukundaram Mahavidyalaya,
Kabisurya Baladev Vigyan Mahavidyalaya,
Kabli Mal Ramji Dass Jain College For Women,
Kabutari Devi Rajeshwar Tripathi Smarak Mahila Mahavidyalaya,
Kadambinipal Women’s College,
Kahrdiha Degree College,
Kai Sushilatai Gaikwad Bahhuudeshiy Sanstha’s Bharat Ratna Indira Gandhi College of Engineering,Solapur
Kai. Babasaheb Deshmukh Gorthekar Arts, Commerce & Science Mahavidyalaya,
Kai. Rasika Mahavidyalaya,
Kai. Yashodabai Dagadu Saraf Charitable Trust’s College of Pharmacy,
Kailash Institute of Nursing and Para-Medical Sciences,
Kailash Women’s College,Salem
Kailashi Devi Shravan Kumari Mahavidyalaya,Jalaun
Kakasaheb Chavan Mahavidyalaya,
Kakatiya Govt College,
Kakatiya Institute of Technology & Science,
Kakatiya Medical College,Warangal
Kakching Khunou College,
Kakinada Aditya Degree College,Srikakulam
Kakinada Institute of Engineering & Technology for Women,
Kakinada Institute of Engineering & Technology-II,
Kakinada Institute of Engineering & Technology,
Kakinada Institute of Technological Sciences,,
Kakinada Institute of Technology & Science,East Godavari
Kakojan College,Jorhat
Kala Vigyan Mahavidyalaya,
Kalabari College,Sonitpur
Kalaguru Bishnu Rabha Degree College,Udalguri
Kalai Kaviri College of Fine Arts,Tiruchirappalli
Kalaignar Karunanidhi Government Arts College for Women,Pudukkottai
Kalaignar Karunanidhi Institute of Technology,
Kalakshetra Foundation,Chennai
Kalawati Girls Degree College,Sultanpur
Kalawati Gorakh Mahavidyalaya,Azamgarh
Kalawati Snatak Mahavidyalaya,
Kaliabor College,Nagaon
Kaliachak College,
Kalicharan Degree College,
Kalikadham Mahavidyalaya,
Kalimpong College,
Kalinagar Mahavidyalaya,
Kalindi College,
Kalinga Degree College,
Kalinga Mahavidyalaya,Kondhmala
Kalipada Ghosh Terai Mahavidyalaya,
Kaliyaganj College,
Kalka Dental College,Meerut
Kalka Prasad Narayan Das Mahavidyalaya,
Kallam Haranadhareddy Institute of Technology,Guntur
Kalli Devi Kanya Mahavidyalaya,Mirzapur
Kalmath Sri Channabasava Swamy Arts & Commerce College For Women,Koppal
Kalna College,Nadia
Kalpa Devi Ramdev Rai Balika Mahavidyalaya,
Kalpa Mahila Mahavidyalaya,
Kalpana Shikshan Prashikshan Sansthan Mahavidyalaya,
Kalpananand Balika Mahavidyalaya,Etawah
Kalpataru First Grade Science College,
Kalpi Degree College,
Kalra College of Education,Jammu
Kalyan Post Graduate College,
Kalyan Wholesale Merchant’s Education Society’s Laxman Devram Sonawane Arts & Commerce College,
Kalyani Charitable Trust's K.R. Sapkal College of Management Studies,
Kalyani Girl’s Degree College,
Kalyani Government Engineering College,
Kalyani Mahavidyalaya,
Kalyani Mithila Sanskrit Mahavidyalaya,
Kamakhya Pemton College,
Kamakhyalal Bajoria College,
Kamaksha Prasad Pratap Narayan Mishra College of Education & Technology,Pratapgarh
Kamakshyanagar College,
Kamala College of Education,Viluppuram
Kamala College,
Kamala Education Society’s Pratibha College of Commerce & Computer Studies,Pune
Kamala Institute of Technology & Science,Karimnagar
Kamala Nehru Memorial National College of Arts & Science for Women,
Kamala Nehru Women's College,
Kamalam College of Arts and Science,Tiruppur
Kamani Science and Ptaprai Arts College,
Kamaraj College of Engineering & Technology,Virudhunagar
Kamaraj College,
Kamarajar Government Arts College,Tirunelveli
Kamarbandha College,Golaghat
Kamarda Mahavidyalaya,
Kamargaon College,Golaghat
Kamayani Mahavidyalaya,Sultanpur
Kamban College of Arts and Science for Women,
Kamban College of Arts and Science for Women,Tiruvannamalai
Kameshwar Prasad Singh College,Patna
Kamkus College of Law,Ghaziabad
Kamla Arya Kanya P.G. Degree College,
Kamla Baliga College of Education,
Kamla Degree College,
Kamla Devi Sangit Mahavidyalaya,
Kamla Lohtia S.D. College for Boys,
Kamla Nehru College for Women,
Kamla Nehru College For Women,
Kamla Nehru College of Pharmacy,Nagpur
Kamla Nehru College,
Kamla Nehru Degree College,
Kamla Nehru Girls College,Satna
Kamla Nehru Institute of Physical and Social Sciences,Sultanpur
Kamla Nehru Institute of Technology,
Kamla Nehru Mahavidyalaya,
Kamla Pandey Mahavidyalaya,Basti
Kamla Prasad Singh Mahavidyalalaya.,Sultanpur
Kamla Prasad Singh P.G. College,
Kamla Rai College,Gopalganj
Kamlesh Yadav Degree College,
Kampur College,Nagaon
Kamrup College,Nalbari
Kamta Prasad Mathura Prasad Janta Mahavidyalaya,Gonda
Kamta Singh Girl’s Degree College,
Kamtaprasad Guru Bhasha Bharti Sansthan,
Kanaba Das Shikshan Samiti Arts College,
Kanak Manyatri Women's College,
Kanakdas Shikshan Samiti's Arts College,
Kanan Devi Memorial College of Education,
Kanara Welfare Trust’s B.Ed College,Uttara Kannada
Kanara Welfare Trust’s Divekar BCA College,
Kanas College,
Kanchan Devi Akhilesh Mishra Mahavidyalaya,Unnao
Kanchan Singh Bhooli Devi Mahavidyalaya,
Kanchi Mamunivar Centre for PG Studies,
Kanchi Pallavan Engineering College,Kancheepuram
Kanchi Shri Krishna College of Arts and Science,
Kanchrapara College,
Kandarpur College,
Kandaswamy Kandar's College,
Kandi Raj College,
Kandivli Education Society’s, B. K. Shroff College of Arts & M. H. Shroff College of Commerce,
Kandra Radhakanta Kundu Mahavidyalaya,
Kandula Lakshumma Memorial College of Engineering for Women,
Kanggui Christian College,
Kanglu Kumhar Govt. College,,
Kanhaiya Smarak Mahavidyalaya,Ballia
Kankavali Arts & Commerce College,
Kannada Sangha Pune’s Kaveri College of Arts, Science and Commerce,Pune
Kannada Sangha’s Kaveri College of Science & Commerce,Pune
Kannauj Degree College,Kannauj
Kanohar Lal Sanatkottar Mahila Mahavidyalaya,
Kanoria Mahila Mahavidyalaya,
Kanpur Anchalik Mahavidyalaya,
Kanpur Institute of Technology and Pharmacy,Kanpur Nagar
Kanpur Institute of Technology,
Kanpur Vidya Mandir Mahila Degree (PG) College,
Kanti Darshan Shakshanik & Computer Training Institute,
Kanti Mahavidyalaya,Bara Banki
Kanya Mahavidyalaya Degree College,
Kanya Mahavidyalaya,
Kanya Mahavidyalaya,Kamrup
Kapadia N.M.M.S. Arts and S.N.S.B.S. Commerce College,
Kapildev Parmeswari Memorial Mahavidyalaya,
Kapoori Devi Kraparam Mahavidyalaya,
Kaptan Singh Memorial Education Institute,
Kaptipada College,
Karamat Husain Muslim Girls P.G. College,
Karamaveer Abasaheb Alias Narian Mansaram Sonawana Arts, Science and Commerce College,
Karamchand Bhagat College,
Karamveer Hire Arts, Science and Commerce & Education College,
Karamveer Mamasaheb Jagdale Mahavidyalaya,
Karanjia College,
Kargil Shaheed Mahavidyalay,
Kargil Shahid Lalmani Yadav Degree College,
Karilopatna College,
Karim City College,
Karimganj College,Karimganj
Karimpur Panna Devi College,Nadia
Karm Kshetra Degree (PG) College,
Karma Devi Smriti Mahavidyalaya,Basti
Karmashree Hiteswar Saikia College,Kamrup
Karmaveer Bhaurao Patil Institute of Management Studies and Research,Satara
Karmaveer Bhauro Patil Mahavidyalya,
Karmaveer Dadasaheb Deotale Mahavidyalaya,Gadchiroli
Karmaveer Ganpat Dada More Arts  Commerce & Science College,
Karmaveer Ramraoji Aher Arts, Science & Commerce College,
Karmavir Dadasaheb Kannamwar College of Engineering,Nagpur
Karmavir Mahavidyalaya,
Karmayogi Degree College,
Karmela Rani Training College,
Karmyogi Ram Surat Tripathi Mahavidyalaya,
Karmyogi Tulshiram Pawar College,
Karnatak Arts College,
Karnatak Law Society’s Gogte Institute of Technology,
Karnatak Medical College,
Karnatak Science College,Dharwad
Karnataka Arts, Science and Commerce College,
Karnataka College of Management and Science,Bangalore
Karnataka Degree College,Gulbarga
Karnataka Sangha’s Manjunatha College of Commerce,Thane
Karnpura College,
Karpaga Vinayaga College of Engineering and Technology,Kancheepuram
Karpaga Vinayaga Institute of Dental Sciences,Kancheepuram
Karpaga Vinayaga Institute of Medical Sciences & Research Centre,Kancheepuram
Karpagam Arts & Science College,Coimbatore
Karpagam College of Engineering,Coimbatore
Karpagam College of Pharmacy,Coimbatore
Karpagam Institute of Technology,,Coimbatore
Karpagam Institute of Technology,Coimbatore
Karpagam Nursing College,Coimbatore
Kartik Oraon College,Gumla
Karunji College of Arts & Science,
Karuppannan Mariappan College,Erode
Karve Institute of Social Service,
Karve Society College of Education,
Kashi Institute of Pharmacy,
Kashi Institute of Technology,
Kashi Naresh Government Post Graduate College,
Kashi Nath Mahavidyalaya,
Kashi Prasad Mahavidyalaya.,Jalaun
Kashi Shahu College,
Kashinath Shiksha Sansthan,Ghazipur
Kashipur Michael Madhusudan Mahavidyalaya,
Kashmir Law College,Kashmir
Kashmir Tibbia College Hospital & Research Centre,Kashmir
Kashmir Women’s College of Education,Kashmir
Kashmir-Creative-Education Foundation- College of Education,Kashmir
Kasireddy Narayan Reddy College of Engineering & Research,
Kasthurba College for Women,
Kasturba Gandhi Degree & PG College for Women,
Kasturba Girls College,Bhopal
Kasturbagram Rural Institute,
Kasturbai College of Education,
Kasturi Devi College,
Kathir College of Arts and Science,Coimbatore
Kathir College of Engineering,Coimbatore
Katiyari Degree College,
Katni Arts and Commerce College,
Katras College,
Katruwar Arts, R. Kabra Science & B.R. Mantri Commerce College,
Katwa College,
Kaushal Kishor Tej Pratap Snatak Mahavidyalaya,
Kaushalendra Rao Law College,
Kaushalya Bharat Singh Gandhi Rajkiya Mahila Mahavidyalaya,Pratapgarh
Kaushambi Degree College,
Kaushilya Degree College,
Kaushlendra Mahavidyalaya,
Kavikulguru Institute of Technology and Science,
Kavikulguru Kalidas Sanskrit University’s College of Education,Nagpur
Kavitha Memorial Degree College,
Kawa College of Education,Jammu
Kayam Singh Mahavidyalaya,
Kazi & Zaman College,
Kazi Nazowl Islam Mahavidyalaya,
KC Institute of Pharmaceutical Sciences,Una
KCC Institute of Technology and Management,
KCG College of Technology,Chennai
KD Rungta College of Science and Technology,
Kedar Faujdar Mahavidyalaya,Ghazipur
Kedar Sukhdev S.N.O.P. Mahavidyalaya,Ghazipur
Kedarnath Educational Institute,
Kedarnath Sanskrit Mahavidyalaya,
Kela Devi Institute,Agra
Kendrapara College,
Kendrapara Evening Degree College,Kendrapara
Kesarwani Arts, Commerce & Education College,
Keshav Kamala Mahavidyalaya,
Keshav Mahavidyalya,
Keshav Memorial Engineering College,
Keshav Memorial Institute of Commerce & Sciences,,Hyderabad
Keshav Memorial Institute of Technology,Hyderabad
Keshav Prasad Ralhi Mahavidyalaya,
Keshaw Madhav Baijnath Degree College,
Keshri Singh Memorial Mahavidyalaya,Budaun
Kesinga Mahavidyalaya,
Kewala Sunder Mahavidyalaya,
Kewla Pati Mahavidyalaya,Allahabad
Keyi Sahib Training College,
KG College of Arts and Science,Coimbatore
KG Reddy College of Engineering & Technology,Rangareddy
KGISL Institute of Information Management,Coimbatore
KGISL Institute of Technology,Coimbatore
Kha - Manipur College,
Khadir Mohideen College,
Khagarijan College,Nagaon
Khair Kanya Mahavidyalaya,
Khaira College,
Khaja Banda Nawaz College of Engineering,
Khaki Baba Siddharth Mahavidyalaya,Ghazipur
Khalisani Mahavidyalaya,
Khallikote (Autonomous) College,Ganjam
Khallikote Evening College,
Khalsa College For Women,
Khalsa College for Women,
Khalsa College of Education,
Khalsa College of Engineering & Technology,Amritsar
Khalsa College of Law,Amritsar
Khalsa College,
Khalsa College,Amritsar
Khan Abdul Gaffar Khan Arts College,
Khandelwal College of Management Science & Tech.,
Khandesh College Education Society’s College of Education & Physical Education,Jalgaon
Khandesh College Education Society’s College of Engineering and Management,Jalgaon
Khandesh College Education Society's Post Graduate College of Science, Arts & Commerce, Jalgaon,Jalgaon
Khandesh Education Society’s Pratap College,
Khandra College,
Kharagpur College,
Kharasrota Mahavidyalaya,
Khariar College,
Kharupetia College,Darrang
Khatra Adibasi Mahavidyalaya,
Khejuri College,
Khemundi College,
Kherajkhat College,Lakhimpur
Kheralu Nagarik Sahakari Bank Ltd. Arts and Commerce College,
Khetra Basi D.A.V. College,
Khoirabari College,Udalguri
Kholeshwar Mahavidyalaya,
Khorshedbanu R. Mewawala Mahila (Arts & Commerce) Mahavidyalaya,
Khowang College,Dibrugarh
Khrawsing Christian College,East Khasi Hills
Khun Khun Ji Girls Degree College,
Khunta Degree Mahavidyalaya,
Khusro Memorial Degree College,
Kiang Nonghah Government College,
Kidderpore College,
KIET Group of Institutions,
KIIT College of Engineering,
Kilenkaba Memorial College,
Kilpauk Medical College,
Kiltur Ravi Channammi Education Society's Law College,
King Institute of Preventive Medicine and Research,Chennai
King Nandhivarman College of Arts and Science,
Kings College of Engineering,Pudukkottai
Kings Engineering College,Kancheepuram
Kingston Engineering College,Vellore
Kinjirkela College,
Kinsraj Smarak Shikshan Sewa Sansthan/ Mahavidyalaya,Azamgarh
Kinwat Education Society's Baliram Patil Arts, Commerce and Science College,
KIPM College of Engineering & Technology,Gorakhpur
Kiran Shastri Sanskrit Mahavidyalaya,Ballia
Kiran Singh Mahavidyalaya,Fatehpur
Kirori Mal College,
Kirorimal College of Education,Sonipat
Kirti Narayan Degree College,
Kisan Adarsh Kanya Mahavidyalaya,
Kisan College,
Kisan Degree College,
Kisan Degree College,Gonda
Kisan Law College,
Kisan Mahavidyalaya,
Kisan Mahvidyalaya,
Kisan Majdoor Degree College,
Kisan P.G. College,
Kisan Post-Graduate College,
Kishan Institute of Engineering & Technology,
Kishan Institute of Information Technology,
Kishan Institute of Teachers Education,
Kishanlal Public College,
Kishanpyari Shukla College,Mathura
Kishinchand Chellaram College,
Kishni Mahavidyalaya,
Kishnu Babu Shivhare Mahavidyalaya,Hamirpur
Kishore Bharati Bhagini Nivedita College (Co-Ed.),Kolkata
Kishorenagar College,
Kishorenagar Degree College,
Kishori Kamlesh Mahavidyalaya,
Kishori Lal Mahadeyee Vidhi Mahavidyalaya,Allahabad
Kishori Lal Mahavidyalaya,
Kishori Raman Post - Graduate College,
Kishori Raman Teacher Training College,
Kishori Singha Mahila College,
KITE Law College,Meerut
Kittel Arts College,
Kittel Science College,
Kitter Rani Channamma Education Society's Law College,
Kittur Rani Channamma College of Horticulture,
KJ’s Educational Institute Trinity Academy of Engineering,,Pune
KJ's Educational Institute Trinity College of Engineering and Research,Pune
KKR & KSR Institute of Technology and Sciences,Guntur
KLE'S B.V. Ballad Law College,
KLE’s Dr. M.S. Sheshgiri College of Engineering & Technology,Belgaum
KLE'S Gogte College of Commerce,
KLE'S S.K. Arts and H.A.S.K. Science Institute,
KLES'S Basavaprabhu Kore Arts, Science & Commerce College,
KLES'S G.I.B. Arts, Science & Commerce College,
Kles's Gurusiddappa Kotambri Law College,
Kles's Jagadguru Tontadarya College,
Kles's S.A. Manvi Law College,
Kles's V.S. Bellubi Arts and Commerce College,
KLES's Womens Arts And Comm. College,
KLR College of Engineering & Technology,
KLS Institute of Management Education and Research,
Km. Mayawati Rajkiya Mahila Snatakottar Mahavidyalaya,
KMCT Arts & Science College,Malappuram
KMCT College of Pharmacy,Malappuram
KMCT Dental College, KMCT Medical College Campus,Kozhikode
KMEA Engineering College,
KMS College of IT and Management,Hoshiarpur
Knowledge Business School,Salem
Knowledge Institute of Technology,Salem
Kodachadri Govt. First Grade College,
Kodaikanal Christian College,
Kodiyeri Balakrishnan Memorial Government College,
Kohima College,
Kohima Science College,
Kohinoor Arts, Commerce & Science College,
Kokrajhar Government College,kokrjhar
Kolasib College,
Kolhapur Institute of Technology’s College of Engineering,Kolhapur
Kolhapur Institute of Technology’s, Institute of Management Education and Research,Kolhapur
Kolkata Police Law Institute,Kolkata
Kommuri Pratap Reddy Institute of Management,,
Kommuri Pratap Reddy Institute of Technology,Hyderabad
Konduru Narsiah Memorial Degree College,
Kongu Arts & Science College,Erode
Kongu College of Arts and Science,Tiruchirappalli
Kongu Engineering College,Erode
Kongunadu Arts & Science College,Coimbatore
Kongunadu College of Education,
Kongunadu College of Engineering and Technology,Trichy
Konkan Education Society's Anandbai Pradhan Science College,
Konkan Education Society’s Laxmi Shalini Arts, Commerce & Science Women’s College,
Konkan Gyanpeeth Uran College of Commerce and Arts,
Konkan Gynapeeth Karjat College of Arts, Science & Commerce,raigad
Konkan Unnati Mitra Mandal’s Vasantrao Naik College of Arts & Commerce,
Kooba Degree College,
Kopal College for Excellence,
Korambayil Ahamad Haji Memorial Unity Women's College,
Koshi College,
Koshys Institute of Management Studies,Bangalore
Kothiwal Arhatia Mahavidyalaya,
Koti Vidya Charitable Trust’s Alamuri Ratnamala Institute of Engineering and Technology,Thane
Kotpad College,
Kottakkal Farook Arts and Science College,Malappuram
Kottureshwar College,
Kotturswamy College of Teacher Education,
Koustuv Institute of Self Domain (KISD),
Kovai Kalamagal College of Arts & Science,Coimbatore
KPR College of Arts, Science and Research (Co-Education),,Coimbatore
KPR Institute of Engineering and Technology,Coimbatore
Kr. Devendra Pal Singh (Memorial) Degree College,
Kr. Durga Chand Government Degree College,Kangra
Kr. Shakoor Khan Degree College,Etah
Kr. V.N. Naik Shikshan Prasarak Sanstha’s Arts, Commerce and Science College,
KR’s Sree Narayana College,Malappuram
Kranti Mahila Mahavidyalaya,Azamgarh
Krantiagrani G.B. Babu Lal Mahavidyalaya,
Krantisinh Nana Patil College,
Krantiveer Vasantrao Narayanrao Naik Shikshan Prasarak Sanstha’s Arts and Commerce College,Nashik
KRCE Societies College of Education,
Krintisinh Nana Patil Mahavidyalaya,
Kripa Ram Laxmi Balika Mahavidyalaya,Kanpur Dehat
Kripalu Mahila Mahavidyalaya,
Krishak (P.G.) College,
Krishak College,
Krishak Mahavidyalaya,
Krishan Gopal Mahavidyalaya,
Krishna Ballabh Sharavan Kumar Mahavidyalaya,Jalaun
Krishna Chaitanya Degree College,
Krishna Chaitanya Institute of Science & Technology,
Krishna Chaitanya Institute of Technology & Sciences,Prakasam
Krishna Chandra College,
Krishna College of Law,
Krishna College of Science & Information Technology,
Krishna College of Science & Rural Technology,
Krishna College of Sports & Education,
Krishna Devi Balika Degree College,Farrukhabad
Krishna Devi Girls Degree College,
Krishna Engineering College,Ghaziabad
Krishna Institute of Education & Management,Saharanpur
Krishna Institute of Education,Meerut
Krishna Institute of Law,Ghaziabad
Krishna Institute of Medical Sciences,
Krishna Institute of Science,Bijnor
Krishna Kumari Rajender Singh Degree College,
Krishna Mahavidhyalay,Aligarh
Krishna Mahavidyalaya,
Krishna Mahavidyalaya,Mau
Krishna Mahavidyalaya,Moradabad
Krishna Mahavidyalaya,Shahjahanpur
Krishna Mahila Mahavidyalaya,
Krishna Menon Memorial Govt. Women's College,
Krishna Naresh Mahavidyalaya,Pilibhit
Krishna Pal Singh P.G. College,
Krishna Sarada Degree College,Y.S.R.
Krishna Sudama Mahavidyalaya,
Krishna Teja Pharmacy College,Chittoor
Krishnagar Government College,
Krishnagar Women's College,
Krishnai Shikshan Prasarak Mandal Latur’s Janvikas Mahavidyalaya,
Krishnakanta Handique Government Sanskrit College,Kamrup
Krishnasamy College of Education for Women,
Krishnasamy College of Engineering & Technology,Cuddalore
Krishnasamy College of Science, Arts and Management for Women,
Krishnath College,
Krishnaveni Degree College,Guntur
Krishnawati Ram Naresh Degree College,
Kristu Jayanti College,Bangalore
Kristu Jyoti College of Management and Technology,Kottayam
Krupanidhi College of Management,,Bangalore
Krupanidhi College of Pharmacy,Bangalore
Krupanidhi Degree College,Bangalore
Krushna Chandra Pipili Mahavidyalaya,
Kshatriya College of Engineering,Nizamabad
Kshetramohan Science College,
KSN Govt. Degree College for Women,Anantapur
KSR College of Arts and Science for Women,
KSS’s Krantiveer Sangolli Rayanna College of Education,
KTM College of Advanced Studies,
KTPS Mandal's KMC College,
Kuber Mahavidyalaya,
Kuchaman College,
Kuchinda College,
Kudiram Bose Central College,
Kujanga College,
Kukke Sri Subrahmanyeshwara College,
Kulbhaskar Ashram Degree Post Graduate College,
Kultali Dr. B.R. Ambedkar College,South Twenty Four Parganas
Kulti Degree College,
Kumadvathi First Grade College,
Kumadwathi College of Education,
Kumaon Kesari Pt. Badridutt Pandey Govt. P.G. College,
Kumar Parmarth Baba Govind Mahavidyalaya,
Kumaraguru College of Liberal Arts and Science,Coimbatore
Kumaraguru College of Technology,Coimbatore
Kumaraguru Institute of Agriculture,Erode
Kumararani Meena Muthiah College of Arts & Science (Co-Ed.),Chennai
Kumari Vidyavati Anand DAV College for Women,Karnal
Kumbhalkar Social Work Evening College,
Kumbi College,
Kumud Singh Post Graduate College,
Kunal Professional Educational Academy,
Kundan Singh Memorial Mahavidyalaya,
Kunja Bihari College,
Kunnamangalam Govt. Arts and Science College,Kozhikode
Kunwar Asif Ali Qaiser Jahan Degree College,
Kunwar Mahavidyalya,Bijnor
Kunwar Munindra Singh Mahavidyalaya,Rae Bareli
Kunwar Prabha Degree College,
Kunwar R.C. Mahila Degree College,
Kunwar Ram Bharose Singh Mahavidyalaya,
Kunwar Singh PG Degree College,
Kunwari Chandrawati Mahavidyalaya,
Kuppam Engineering College,Chittoor
Kureseong College,
Kuriakose Elias College,
Kuriakose Gregorios College,
Kurnool Medical College,Kurnool
Kurunji Venkatramana Gowda Law College,Dakshina Kannada
Kurunya Institute of Technology,Coimbatore
Kusaleswar Anchalik Mahavidyalaya,
Kusum Devi Satsang Women’s College,Cuttack
Kusuma Devi Degree College,
Kusumbai Jain Girls Degree College,
Kutir P.G. College,
Kuvempu First Grade College,Bangalore
KV Institute of Management and Information Studies,Coimbatore
L.B.S. Group of Education Institute of Management College,Bareilly
L.B.S. Memorial College,
L.C. Bharali College,Kamrup
L.E.S. Smt. K. Mirji And Commerce College,
L.J. Institute of Management Studies,Ahmadabad
L.L.R.M. Medical College,
L.M.S. Law College,
L.N. College,
L.N. College,Vaishali
L.N. Gupta College of Science & Commerce,
L.N. Janta College,
L.N. Mishra B Jha Mahila College,
L.N. Mishra Memorial College,
L.N. Rameshwar Sanskrit Mahavidyalaya,
L.N.D. College,Purbi Champaran
L.N.K. College of Education,
L.N.T. Mahavidyalay,Muzaffarpur
L.P.N. Girls Degree College,Jaunpur
L.R. Valia Arts and P.R. Mehta Commerce College,
L.R.G. Government Arts & Science College for Women,Coimbatore
L.S. College,Muzaffarpur
L.S. Raheja School of Architecture,Mumbai
L.S.R Law Academy, Knowledge & Innovation Campus,Ghaziabad
L.T.K. College,Lakhimpur
L.V.H. Arts, Science & Commerce College,
Lachhaman Balajew Degree College,
Lachi Devi Mahila Mahavidyalaya,Ghazipur
Lachoo Memorial College of Science & Technology,
Lady Amritbai Daga College for  Women of Arts, Commerce & Science and Smt. Ratnidevi Purohit College of Home Science & Home Science Technology,
Lady Brabourne College,Kolkata
Lady Doak College,
Lady Harding Medical College & Hospital,
Lady Irwin College,
Lady Kean Girls College,
Lady Shri Ram College For Women,
Lady Willingden Institute of Advanced study in Education, Triplicane,
Lae Dr. Haribhau Admane Arts & Commerce College,
Lajpat Rai College,
Lajpat Rai D.A.V. College,
Lajpat Rai Law College,
Lakhan Lal Sharan Singh Mahavidyalaya,Gonda
Lakhdhirji Engineering College,
Lakhimpur Commerce College,Lakhimpur
Lakhimpur Girls College,Lakhimpur
Lakhimpur Kendriya Mahavidyalaya,Lakhimpur
Lakhimpur Post Graduate Training College,Lakhimpur
Lakhipur College,Goalpara
Lakhmi Chand Patwari College of Education,
Lakhpati Devi Parmeshwar Bhagat Mahavidyalaya,
Lakhpati Devi Ram Kishore Mahila Mahavidyalaya,Basti
Lakireddy Bali Reddy College of Engineering,Krishna
Lakshay College of Management and Technology,
Lakshmi College of Education,
Lakshmi Narayan Sahu Mahavidyalaya,
Lakshmi Soma Bangera Government First Grade College,
Lakshmibai College,
Lakshmibai National College of Physical Education (LNCPE),Thiruvananthapuram
Lakshya Academy of Higher Studies,Pilibhit
Lal Baba College,
Lal Bahadur Arts, Science and S.B. Selabanna setty Commerce College,
Lal Bahadur College,
Lal Bahadur Memorial Mahila College,
Lal Bahadur Shasri Degree College,
Lal Bahadur Shastri Arts & Commerce College,Janjgir - Champa
Lal Bahadur Shastri College of Arts, Science & Commerce,
Lal Bahadur Shastri College of Education,Jammu
Lal Bahadur Shastri College,
Lal Bahadur Shastri Girls College of Management,Lucknow
Lal Bahadur Shastri Government College,
Lal Bahadur Shastri Government First Grade College,
Lal Bahadur Shastri Govt. Degree College,
Lal Bahadur Shastri Govt. P.G. College,Nainital
Lal Bahadur Shastri Mahavidyalaya (Arts, Science & Commerce),
Lal Bahadur Shastri Samarak Degree College,
Lal Bahadur Shastri Senior College,
Lal Bahadur Singh Smarak Mahavidyalaya,
Lal Bhai Dalpathbhai Arts College,
Lal Singh Mahila Mahavidyalaya,Kanpur Dehat
Lal Singh Tyagi Gramin Mahavidyalaya,
Lala Kishan Chand Rajkiya Mahavidyalaya,Saharanpur
Lala Lajapatrai College of Commerce & Economics,
Lala Lajpat Rai Government College,
Lala Lajpat Rai Memorial College of Education,
Lala Laxmi Narayan Degree College,
Lala Mahadev Prasad Verma Balika Mahavidyalaya,
Lala Mangat Ram Mahavidyalaya,
Lala Radhey Shyam Girls Degree College,
Lala Rural College,Cachar
Lala Sipattar Lal Rambeti Degree College,Bareilly
Lalaram Mahavidyalaya,
Lalaram Shridevi Degree College,Aligarh
Lalbhai Dalpatbhai College of Engineering,
Lalchand Kanhaiya Ji Mahavidyalaya,Azamgarh
Lalgarh Government College,Paschim Medinipur
Lalgola College,
Lali Yadav Mahavidyalaya,
Lalit Narayan Mishra College of Business Management,Muzaffarpur
Lalita Devi Mahavidyalaya,
Lalita Mahavidyalaya,Jaunpur
Lalita Narayan Mishra Institute of Economic Development & Social Change,Patna
Laliteshwar Prasad Shahi College,Patna
Lalji Rai Degree College,
Lalji Ramraj Yadav Mahavidyalaya,Jaunpur
Lalji Singh Mahavidyalaya,Sultanpur
Lallu Singh Mahavidyalaya,Kanpur Nagar
Lalshar Krishak Mahavidyalaya,
Lalta Singh Govt. Girls P.G. College,
Lalti Kumudeshwar Educational and Training Mahila College,Jaunpur
Laluk College,Lakhimpur
Lamka College,
Langta Baba College,
Lanka Mahavidyalaya,Nagaon
Larambha College,
Late Babu Indra Bahadur Singh Smarak Mahavidyalaya,Faizabad
Late Babu Singh Balika Mahavidyalaya,
Late Babu Singh Mahaividyalaya,
Late Baburao Patil Arts & Science College,
Late Bapusaheb Patil Ekambekar College,Nanded
Late Bhagawan Singh Mahavidyalaya,Mirzapur
Late Bhagwant Patel Panmati Devi Mahavidyalaya,
Late Bhaiyyasaheb Urkande Senior College,Wardha
Late Bhaskarrao Shingane Arts Prof. Narayanrao Gawande Science & Ashaleeta Gawande Commerce College,
Late Bindeshwari Baghel Government College,Durg
Late Chandrika Kisan Mahavidyalaya,Ghazipur
Late Chhaganlal Muljibhai Kadhi Kala Mahavidyalaya,
Late D.R.S. Govt. Arts, Commerce & Science College,
Late Dattatraya Pusadkar Arts College,
Late Dilip Bhatere Government College,,Balaghat
Late Dr. Shankar Rao Satav College,
Late Dr. Shankarrao Satav Arts & Commerce College,
Late Dr. Shri Kuber Singh Mahavidyalaya,Mirzapur
Late Gaukaran Singh Dinesh Degree College,Siddharthnagar
Late Govindrao Wanjari College of Education,Nagpur
Late Heera Devi Asharani Girls College,Mahoba
Late Kamruddin Memorial Degree College,Banda
Late Keshav Prasad Mahavidyalaya,
Late Kishun Chandra Bakhari Baba Mahavidyalaya,,Ghazipur
Late Ku. Durga K. Banmeru Science College,
Late Minaben Kundalia Mahila Arts and Commerce College,
Late Narayanrao Amrutrao Deshmukh Arts and Commerce College,
Late Nitin Art’s & Science College,
Late Nooruddin Khan Advocate Girls Degree College,Jaunpur
Late Panchfulabai Pawade Arts & Commerce Mahila Mahavidyalaya,
Late Pandurang Patil Naursing College,Akola
Late Patiraji Devi Shri Kedar Singh Mahavidyalaya,Mirzapur
Late Pt. Babu Chandrashekhar Rambharose Tiwari Mahavidyalaya,Jalaun
Late Pt. Khere Prasad Vipin Bihari Mahavidyalaya,
Late Pt. Ramdutt Dwivedi Mahavidyalaya,Jalaun
Late Pundalikrao Gawali Arts and Science Mahavidyalaya,Washim
Late Purushottam Mahavidyalaya,Ghazipur
Late Pushpadevi Patil Arts & Science College,Washim
Late Raghunandan Singh Mahavidyalaya,
Late Ram Prasad Dewangan Government College,Raipur
Late Ram Prasad Yadav Mahavidyalaya,
Late Ramesh Warpudkar Arts, Commerce & Science College,
Late Ramlal Tripathi Mahavidyalaya,
Late Ravindranand Baronia Mahavidyalaya,Lalitpur
Late Sh. Madan GopalJi Mundhada Kala and Vanijya Mahavidyalaya,
Late Shree Bhawanideen Shiksha Prasar Samiti Mahavidhyalaya,Hamirpur
Late Shri Bhikhabhai Bhil Government College,
Late Shri D.P. Choube Govt. Degree College,
Late Shri Devi Prasad Ji Choubey Government College,Rajnandgaon
Late Shri Jaidev Satpathi Govt. College,
Late Shri N.R. Boricha Education Trust Sanchalit Arts & Commerce College,
Late Shri Pooran Ramprakash Dixit Mahavidyalaya,Hamirpur
Late Shri Suresh Chandra Mishra Vidhi Mahavidyalay,Hamirpur
Late Shyamta Prasad Chaudhary Mahila Mahavidyalaya,Shrawasti
Late Smt. Janki Devi Smarak Mahavidyalaya,Sant Kabir Nagar
Late Smt. Raskendri Devi Mahavidyalaya,Jalaun
Late Sou Kamaltai Jamkar Mahila Mahavidyalaya,
Late Sow Sheshabai Sitaram Mundhe Arts College,
Late Sunder Lal Yadav Mahavidyalaya,Pratapgarh
Late Sushilabai Ramchandrarao Mamidwar College of Social Work,
Late Thakur Maharaj Singh Govt. College,
Late Vashisth Narayan Shukla Mahavidyalaya,Allahabad
Late Virendra Pratap Singh Smarak Janta Degree College,
Late Wali Mohammad Islamiya Degree College,
Late. Abasaheb Kakade Arts College,
Late. Isdutt Smarak Mahavidyalaya,
Late. Rajeshwari Singh Gyansthali Mahavidyalaya,
Late. Vasantrao Kolhatkar Arts College,
Late. Venkatrao Deshmukh Mahavidyalaya,
Latha Mathavan Arts & Science College,Madurai
Latha Mathavan Engineering College,  Latha Mathavan Nagar,
Laureate Institute of Education & Training,Shimla
Laureate Institute of Pharmacy,Kangra
Lav – Kush Mahavidyalaya,Unnao
Lav-Kush Vidhi Mahavidyalaya,Unnao
Law College,
Law College,Satna
Lawngtlai College,
Laxman Prasad Baidh Govt. Girls College,
Laxman Singh Mehar Govt. Post Graduate College,
Laxmeshwar Jha JantaSanskrit Mahavidyalaya,
Laxmi Chand Katori Devi Degree College,
Laxmi Devi Arya Kanya Girls Degree College,
Laxmi Devi Mahavidyalaya,Jalaun
Laxmi Devi Rajendra Singh Yadav Mahavidyalaya,
Laxmi Narayan Degree College,
Laxmi Narayan Mahavidyalaya,
Laxmi Narayan Shukla Mahavidyalaya,Sultanpur
Laxmi Narayana Mahavidyalaya,
Laxmi Venkatesh Desai College,
Laxmi Yadunandan Degree College,
Laxmibai Bhaurao Patil Mahila Mahavidyalaya,
Laxmikanata College,
Laxminarayan College,
Laxminarayan Institute of Technology,
Laxminarayana Arts & Science College for Women,Dharmapuri
Laxmipur Degree College,Koraput
Laxmishwari Priya Raj Laxmi Sanskrit College,
Lea's Hurakadli Ajja Law College,
LEAD College of Management,Palakkad
Ledo College,Tinsukia
Leela Education Society’s, G.V. Acharya, Institute of Engineering & Technology,,Raigarh
Leeladevi Parasmal Sancheti Kanya Mahavidyalaya,Pali
Leenabai Thackersey College of Nursing,
Leftinant Aniruddha Shukla Mahavidyalaya,Lakhimpur
Lekshmipuram College of Arts & Science,Kanyakumari
Lendi Institute of Engineering & Technology,Vizianagaram
Lenora Institute of Dental Sciences,East Godavari
Liberal College,
Lieutenant Aniruddha Shukla Mahavidyalaya,Bara Banki
Lilawati Devi Mahavidyalaya,
Lilong Haoreibi College,
Lingaraj College,
Lingaraj Law College,
Lingaya’s Lalita Devi Institute of Management & Sciences,
Lingayas Institute of Management and Technology,,
Lions Juhu Nandalal Jalan Mahila Mahavidyalaya,
Little Flower College,
Little Flower Degree College,Hyderabad
Little Flower Institute of Social Sciences and Health (LISSAH),Kozhikode
Little Step Science & Technology College,
Lloyd Institute of Management & Technology,
Lloyd Law College,Gautam Buddha Nagar
Lodi Kisan Mahavidyalaya,Azamgarh
Lodi Singh Dwarika Singh Kaushik Mahavidyalaya,Ghazipur
Loganatha Narayanasamy Government College,
Lohia Charan Singh College,
Lohia College,
Loisingha College,
Lok Bharati Lok Seva Mahavidyalaya,
Lok Mahavidyalaya,
Lok Rashtriya College,
Lokanayak Omeo Kumar Das College,Sonitpur
Lokapriya Gopinath Bordoloi Girls’ College,Sonitpur
Lokbandhu Rajnarain Law College,Varanasi
Lokmangal Biotechnology College,
Lokmani Memorial Degree College,
Lokmani Sharma Swatantrata Sangram Senani Govt. Degree College,
Lokmanya Mahavidyalaya,
Lokmanya Tilak College of Education,
Lokmanya Tilak College of Engineering,,
Lokmanya Tilak Mahavidyalaya,
Lokmanya Tilak Municipal Medical Medical College,
Lokmanya Tilak Science & Commerce College,
Loknath Mahavidyalya,
Loknayak Bapuji Aney Mahila Mahavidyalaya,
Loknete Ma. Hanmantrao Patil Charitable Trust, Vita Adarsh Institute of Technology and Research Centre,Sangli
Lokniketan Mahavidyalaya,
Lonavala Education Trust’s Dr. B.N. Purandare Arts, Smt. S.G. Gupta Commerce and Smt. Shardaben Amrutlal Mithaiwala Science College,Pune
Long Shree College of Education,
Lord Buddha Degree College,,
Lord Jegannath College of Engineering & Technology,Kanyakumari
Lord Krishna Degree College,
Lord Krishna Mahavidyalaya,Kanpur Dehat
Lords Institute of Engineering and Technology,Rangareddy
Loreto College,Kolkata
Lorven Educational Centre,Bangalore
Lotus Institute of Management,Bareilly
Loyala Academy Degree College,
Loyola Academy,Malkangiri
Loyola College of Arts & Science (Co-Ed.),,
Loyola College of Education,
Loyola College of Education,Chennai
Loyola College of Social Sciences,
Loyola College,
Loyola Degree College,Y.S.R.
Loyola Institute of Technology,Chennai
Loyola-ICAM College of Engineering and Technology,Chennai
Lt. Jagannath Patel Mewalal Patel Mahila Mahavidyalaya,Fatehpur
Lucknow Christian Degree College,
Lucknow Public College of Professional Studies,Lucknow
Lucky Institute of Professional Studies,Jodhpur
Ludhiana College of Engineering and Technology,Ludhiana
Luitparia College,Barpeta
Lumding College,Nagaon
Lunglei Govt. College,
Lupia Mahavidyalaya,
Luquman College of Science & Arts,
Lutawan Mahavidyalaya,
Luxmi Charan Hubblal Mahavidyalaya,Jalaun
Lyallpur Khalsa College For Women,
Lyallpur Khalsa College,
M R College of Education,Vizianagaram
M R Govt. Sanskrit College,Vizianagaram
M R K Institute of Technology,Cuddalore
M S N Degree College,East Godavari
M V N J S & R V R COLLEGE,East Godavari
M. B. Khalsa College,
M. H. Shinde Mahavidyalaya,
M. Krishna Law College,
M. Kumarasamy College of Engineering,Karur
M. M. Chaudhari Arts College,
M. Rampur College,
M. V. Muthiah Government Arts College for Women,Dindigul
M.A. Memorial Girls Degree College,Azamgarh
M.A. Rameshwar Lata Sanskrit Mahavidyalaya,
M.A.L.D. Government Arts & Science College,
M.A.M. College of Engineering,Tiruchirappalli
M.A.M. College of Pharmacy,Guntur
M.A.M. School of Engineering,Tiruchirappalli
M.A.S. Degree College,
M.B. Arts and Commerce College,
M.B. College of Commerce & SGMNL Arts College,
M.B. P.G. College,
M.B. Patel Rashrabhasha Arts and Commerce College,
M.B. Patel Science College,
M.B. Residential College,
M.B.C. Government Girls College,Barmer
M.B.G. Government College,
M.B.R.R.V.P.D. Singh College,
M.C. College,Barpeta
M.C. Das College,Cachar
M.C. Sheth Commerce College,
M.C.E Society’s Allana College of Pharmacy,Pune
M.C.S Educational Institute,  Wazidpur, Khair,  Aligarh-202 138,  Uttar Pradesh,Aligarh
M.D. College of Higher Education,Bijnor
M.D. College,
M.D. Science College,
M.D. Shah Commerce & B.D. Patel Arts College,
M.D.B.L. Degree College,
M.D.D. Mahila College,Muzaffarpur
M.D.F. College of Education, Pragathi Composite School Complex,
M.D.R. Patel Degree Mahila College,
M.D.S.D. Girls College,
M.E.A.S. Science College,
M.E.S. Abasaheb Garware College,Pune
M.E.S. Arts & Commerce College,
M.E.S. Asambi College,
M.E.S. College of Arts, Commerce & Science,
M.E.S. College,
M.E.S. Garware College of Commerce,Pune
M.E.S. Kalladi College,
M.E.S. Keveeyam College,
M.E.S. Mampad College,
M.E.S. Ponnani College,
M.E.S. Teacher's College,
M.E.S.'S College of Commerce,
M.E.S.'S Law College,
M.E.T. Teachers College,Kashmir
M.G. Balika Vidyalaya Degree College,
M.G. College of Science, Art & Culture,
M.G. College,
M.G. Degree College,
M.G. Medical College,
M.G.D. Appa Arts & Commerce College for Women,
M.G.M. Medical College,
M.G.R. College,
M.G.S. Janata College,
M.G.V.G. Arts Science & Commerce College,
M.G.V.M.'S Smt. Pushpati Hiraj Arts, Science & Commerce Mahila College,
M.H. Azad National Degree College,
M.H. Degree College,
M.H. Mahila Mahavidyalaya,
M.H.B.M. College,
M.H.D. College,
M.H.E.S College of Science & Technology,Kozhikode
M.H.H. Degree College,Etah
M.I,E,T.Arts & Science College,
M.I.E.T. Engineering College,Tiruchirappalli
M.J. College of Commerce,
M.J. College,
M.J. Shindo Arts, Science & Commerce College,
M.J.D. Government College,Churu
M.J.K. College,Pashchim Champaran
M.J.M. Mahila College,
M.J.S. Govt. Postgraduate College,
M.K. College of Education,Jalandhar
M.K. Rai Deep Adarsh Balika Mahavidyalaya,
M.K.C.G. Medical College,
M.K.M. IIM,
M.K.M. Mahila Mahavidyalaya,
M.K.P. College,
M.K.R. Government Degree College,
M.K.S. College,
M.L. & J.N.K. Girls College,
M.L. Arya College,
M.L. Dahanukar College of Commerce,
M.L. Law College,
M.L.A. Academy of Higher Learning,Bangalore
M.L.B. Arts & Commerce College,
M.L.B. Govt. College,Bikaner
M.L.B. Medical College,
M.L.C. Govt. Girls P.G. College,
M.L.D. Adarsh Sanskrit Mahavidyalaya,
M.L.M.N. College of Education,
M.L.R.S. College of Education,
M.L.S. College,
M.L.S.M. College,
M.M. Arts and Commerce College,
M.M. Arts, Commerce, Home Science & Science College for Women,
M.M. College of Arts & N.M. Institute of Science & H.R.J. College of Commerce (Bhavan's College),
M.M. College,Patna
M.M. Gandhi Arts and Commerce College,
M.M. Ghodasara Mahila Arts and Commerce College,
M.M. Mahila College,
M.M.E.S. Women’s Arts and Science College,Vellore
M.M.H. College,
M.M.M. Post-Graduate college,
M.N.B. Memorial Mahila Mahavidyalaya,Ballia
M.N.C. Balika Mahavidyalaya,Nalbari
M.N.D. Mahila Mahaidyalaya,Ambedkar Nagar
M.N.R. Degree College,
M.O.P. Vaishnav College For Women,
M.P. Arts & M.H. Commerce College for women,
M.P. Garg Degree College,
M.P. Girls Sansthan,Ghazipur
M.P. Moothedath Memorial Sree Narayana Trust College,
M.P. Nachimuthu M. Jaganathan Engineering College,Erode
M.P. Shah Arts and Science College,
M.P. Shah Commerce College,
M.P. Shah Medical College,
M.P. Sinha Science College,Muzaffarpur
M.P.C. (Auto) College,
M.P.M.M. Sree Narayana Trust College,
M.P.T. Govt . Degree College,
M.R. College,
M.R. Government Arts College,
M.R. Mahila College,
M.S. College,
M.S. College,Purbi Motihari
M.S. Degree College,Anantapur
M.S. Engineering College,Bangalore
M.S. Institute,
M.S. Kakdade College,Pune
M.S. Ramaiah College of Arts, Science and Commerce,Bangalore
M.S. Ramaiah Institute of Technology,
M.S.B. Arts & Commerce College,Davanagere
M.S.C.M. College,
M.S.G. Arts, Science and Commerce College,
M.S.J. College,
M.S.K.B. College,Muzaffarpur
M.S.M. Science College,
M.S.P. Arts, Science & K.P.T. Commerce College,
M.S.P. Mandal’s Shri Shivaji College,
M.S.S. Giri College,Pashchim Champaran
M.S.S.K.D. Degree College,
M.U.C. Women's College,
M.V. College,
M.V.A.S. Sri K.G. Nadgir College of Phusical Education,
M.V.J. College of Engineering,
M.V.P. Samaj's Arts, Science & Commerce College,
M.V.P.'S Mahantswamy Arts, Science and Commerce College,
M.V.S. Government Arts & Science College,
M.V.S. Govt. Evening College of Arts,
Ma Gayatri Ram Sukh Pandey Mahavidyalaya,
Ma Gomti Memorial Degree College,
Ma Hansvahini Mahavidyalay,Chandauli
Ma Khandwari Degree College,
Maa Anjani Institute of Education,
Maa Asha Gyandeep Sansthan,Jaunpur
Maa Baboona Balika Degree College,
Maa Bachchi Smarak Mahavidyalaya,Pratapgarh
Maa Bageshwari Devi Mahila Mahavidyalaya,
Maa Bandhui Devraj Mahavidyalaya,
Maa Basulee Mahavidyalaya (+3 Degree),
Maa Bhadra Kali Mahavidyalaya,  Kabrai,,
Maa Bhagwati Mahavidyalaya,,
Maa Bhagwati Mahavidyalaya,Kannauj
Maa Bhagwati Mahila Mahavidyalaya,Chandauli
Maa Bhawani Mahavidyalaya,
Maa Bhawani Mahila Mahavidyalaya,Chandauli
Maa Chanarmi Devi Mahila Mahavidyalaya,Azamgarh
Maa Chandrawati Devi Mahila Mahavidyalaya,Azamgarh
Maa Chandrika Mahila Mahavidyalaya,Mahoba
Maa Dhanawati Mahavidyalaya,
Maa Durga Girls College,Jaunpur
Maa Durga Ji Mahavidyalaya,
Maa Durga Sarvoday Mahavidyalaya,Sultanpur
Maa Fula Devi Kanya Mahavidyalaya,
Maa Fuliya Devi Mahila Mahavidyalaya,Ghazipur
Maa Gauri Mahila Mahavidyalaya,Azamgarh
Maa Gayatri Arya Kanya Mahavidyalaya,Etah
Maa Gayatri Ganga Prasad Mishra Mahila Degree College,Basti
Maa Gayatri Mahavidyalaya,
Maa Gayatri Mahila Mahavidyalaya,
Maa Gayatri Mangala Devi Pandey Smarak Mahavidyalaya,Gonda
Maa Gayatri Ramprasad Pandey Smarak Mahavidyalaya,Gonda
Maa Gomati Balika Mahavidyalaya,,Ghazipur
Maa Gujarati Mahavidyalaya,
Maa Haridasee Smarak Mahila Mahavidyalaya,Azamgarh
Maa Janki Devi Mahavidhyalaya,
Maa Jhadeswari Degree College,Sambalpur
Maa Kabootara Devi Satyabhama Mahila Mahavidyalaya,,
Maa Kailashi Anari Leela Mahavidyalaya,Azamgarh
Maa Kailashi Savitri Devi Mahila Mahvidyalaya,Pratapgarh
Maa Kalawati Mahavidyalaya,Pratapgarh
Maa Kamla Mahavidyalaya,
Maa Kasturi Devi Mahavidyalaya,Ballia
Maa Khandawari P.G. Mahavidyalaya,
Maa Khandwari Mahavidyalaya,
Maa Kunti Devi Malkhan Singh Mahavidyalaya,Aligarh
Maa Malti Devi Mahila Degree College,
Maa Mansha Devi Mahavidyalaya,
Maa Markama +3 College,Rayagada
Maa Mewati Tara Devi Institute of Girls Education,
Maa Murati Balika Mahavidyalaya,Azamgarh
Maa Phool Patti Devi Mahavidyalaya,
Maa Prabhavati Balika Mahavidyalaya,Azamgarh
Maa Prema Mahila Mahavidyalaya,Ghazipur
Maa R.K. Devi Mahavidyalaya,
Maa Saraswati Mahavidyalaya,
Maa Saraswati Mahila Mahavidyalaya,
Maa Saraswati Sita Degree College,Allahabad
Maa Saryu Devi Mahavidyalaya,Sultanpur
Maa Shakuntala Mahila Mahavidyalaya,Mau
Maa Shanti Devi Mahavidyalaya,
Maa Shanti Devi Mahavidyalaya,Unnao
Maa Sharda Mahavidyalaya,
Maa Sharda Mahavidyalaya,Azamgarh
Maa Sharda Mahavidyalaya,Jhansi
Maa Sharda Mahavidyalaya,Sultanpur
Maa Sharda Mahila Mahavidyalaya,Ghazipur
Maa Sharda Mahila Mahavidyalaya,Unnao
Maa Sheetla Devi Trijugi Narayan Mahila Mahavidyalaya,
Maa Shiv Devi Mahavidyalaya,
Maa Sringari Smarak Mahila Mahavidyalaya,Azamgarh
Maa Sudami Devi Mahila Mahavidyalaya,Azamgarh
Maa Sukali Devi Degree College,
Maa Sumera Devi Yadav Balika Mahavidhyalaya,
Maa Swaroopa Devi Mahila Mahavidyalaya,Ghazipur
Maa Tilesara Devi Mahavidyalaya,Ambedkar Nagar
Maa Vaishnavi Degree College,Allahabad
Maa Vaishno Devi Law College,Lucknow
Maa Vaishno Devi Mahila Mahavidyalaya,Bareilly
Maa Vaishno Devi Nakchhed Tiwari Girls Institute of Education and Management,Faizabad
Maa Vaishno Devi Shikshan Prashikshan Mahavidyalaya,
Maa Vaishnoo Devi Mahila Mahavidyalaya,
Maa Vindhyavasini Institute of Higher Education Management and Technology,Mirzapur
Maa Yashoda Naubat Mahavidyalaya,Ghazipur
Maan Janki Institute of Management & Technology,
Machkhowa Degree College,Dhemaji
Madan Ahiyalia Mahila College,
Madan Mohan Malvidya Post - Graduate College,
Madan Mohan Malviya Engineering College,
Madan Mohan Malviya Government Ayurvedic College,
Madan Mohan Smarak Mahavidyalya,
Madanapalle Institute of Technology & Science,Chittoor
Madeenathul Uloom Arabic College,
Madha Engineering College,
Madhab Dev College,Lakhimpur
Madhav College,
Madhav Institute of Technology & Science,
Madhav Mahavidyalaya,
Madhav Sarvodaya Mahavidyalaya,Faizabad
Madhav Vidhi Mahavidyalaya,Gwalior
Madhava Pai Memorial College,
Madhavrao Patil Arts, Commerce and Science College,
Madhepur Teacher’s Training College,Madhubani
Madhepura College,
Madhu Malancha Govt. Degree College,
Madhu Tandon Mahila Mahavidyalaya,
Madhukarrao Pawar Arts College,
Madhupur College,
Madhuri Singh Mahavidyalaya,Hardoi
Madhusthali Institute of Teacher Training,
Madhusudan Das Degree College,Gorakhpur
Madhya Kamrup College,Barpeta
Madiyahu Degree College,
Madneshwarnath Sanskrit Mahavidyalaya,
Madras Christian College,Chennai
Madras Dental College,
Madras Medical College,
Madras School of Social Work,
Madura College,
Madurai Diraviyam Thayumanavar Hindu College,
Madurai Gandhi N.M.R. Subbaraman College for Women,Madurai
Madurai Institute of Social Sciences,
Madurai Kamaraj University College,
Madurai Law College,
Madurai Medical College,
Madurai Sivakasi Nadars Pioneer Meenakshi Women’s College,sivagana
Mafatlal Gagalbhai Science Institute,
Magadh Mahavidyalaya,
Magadh Mahila College,Patna
Magarpatta City Educational Foundation Magarpatta College of Hospitality Studies,Pune
Magrahat College,
Maha Baleshwari Dayal Governement Degree College,
Maha Bharathi Engineering College,Viluppuram
Mahabodhi Mahavidyalaya,
Mahabodhi Teachers Training College,
Mahacharan Smarak Mahavidyalaya,Jhansi
Mahadeo Singh College,
Mahadev Institute of Technology,
Mahadev Mahavidyalaya,
Mahadev Ramsoch Krishak Mahavidyalaya,Mau
Mahadevanand Mahavidyalaya,
Mahadevappa Rampure Medical Science,
Mahakavi Tulsidas Mahavidyalaya,
Mahakoshal College of Science and Arts,  Tendukheda,Damoh
Mahalakshmi College for Girls,
Mahalwar Academy of Higher Education,Aligarh
Mahamandleshwar Shri Bal Krishna Yati Mahavidyalaya,
Mahamandleshwar Shri Krishnanandji College of Commerce,
Mahamandleshwar Shri Krishnanandji College of Law,
Mahamati Pranath Degree College,
Mahamaya Government Degree College,Allahabad
Mahamaya Government Degree College,Lucknow
Mahamaya Mahavidyalya,  Bargahan,
Mahamaya Rajkeeya Mahavidyalaya,Kaushambi
Mahamaya Rajkiya Mahavidalaya,
Mahamaya Rajkiya Mahavidyalaya,
Mahamayee Mahila Mahavidyalaya,Ganjam
Mahanga Puspagiri Mahavidyalaya,
Mahanga Women’s College,
Mahant Dattaram Bharti Arts and Commerce College,
Mahant Laxminarayan Das College,
Mahant Pawahari Shri Balkrishna Yati Kanya Mahavidyalaya,
Mahanth Keshav Sanskrit Mahavidyalaya,Patna
Mahanth Maniraj Das Upendra Girls Educational Institute,Ghazipur
Mahanth Ram Jiwan Das College,Begusarai
Mahanth Triveni Parbat Sanskrit Mahavidyalaya,
Mahapran Nirala Mahavidyalaya,
Mahapurus Achyutananda Mahavidyalaya,
Maharahi Kishori Memorial  Kanya Mahavidyalaya,
Maharaj Vijayaram Gajapathi Raj College of Engineering,Vizianagaram
Maharaja Agarsen Mahavidyalaya,
Maharaja Agrasain Kanya Mahavidyalaya,Muzaffarnagar
Maharaja Agrasen College for Women,
Maharaja Agrasen College,
Maharaja Agrasen Institute of Management Studies,
Maharaja Agrasen Mahavidyalaya,
Maharaja Arts and Science College,Coimbatore
Maharaja Balwant Singh Degree College,
Maharaja Bhoj Shaskiya Snatkottar Swashasi Mahavidhyalaya,
Maharaja Bijli Pasi Government P.G. College,
Maharaja Bir Bikram College,
Maharaja Bodhchandra College,
Maharaja College for Women,Erode
Maharaja College,
Maharaja Harishchandra College of Higher Education,Hardoi
Maharaja Institute of Technology,
Maharaja Laxman Sen Memorial College,
Maharaja Madakari Nayaka First Grade College for Arts and Commerce,
Maharaja Mahesh Thakur Mithila College,
Maharaja Manindra Chandra College,
Maharaja Mansingh Mahavidyalaya,
Maharaja Nandakumar Mahavidyalaya,
Maharaja Nandakumar Mahavidyalaya,Purba Medinipur
Maharaja Neempal Singh Government College,Bhiwani
Maharaja Prathvi Raj Chauhan Mahavidyalaya,
Maharaja Rameshwar Singh Mithila College,
Maharaja Ranjit Singh College of Professional Sciences,
Maharaja Ranjit Singh College,
Maharaja Shuheldeo Mahila Mahavidyalaya,
Maharaja Srischandra College,
Maharaja Surajmal Institute of Technology,
Maharaja Surajmal Institute,
Maharaja Surajmal Teacher’s Training College,
Maharaja's College,
Maharaja's College,Mysore
Maharajah's College for Women,Vizianagaram
Maharajah's College,Vizianagaram
Maharajah’s Post Graduate College,Vizianagaram
Maharana Pratap College for Girls,
Maharana Pratap College of Education,Agra
Maharana Pratap College,
Maharana Pratap Degree College,
Maharana Pratap Government Degree College,
Maharana Pratap Government P.G. College,
Maharana Pratap Government PG College,
Maharana Pratap Govt. Degree College,
Maharana Pratap Govt. Post Graduate College,
Maharana Pratap Mahavidyalaya,
Maharana Pratap Mahavidyalaya,Faizabad
Maharana Pratap Mahila Mahavidyalaya,
Maharana Pratap Mahila Mahavidyalaya,,Kushinagar
Maharana Pratap National College,
Maharana Pratap Sikshan Prasikshan Sansthan Nagahra,
Maharana Pratapsinh Shikshan Sanstha’s Anandibai Raorane Arts, Commerce & Science College,Sindhudurg
Maharani Arts and Science Women’s College,Tirupur
Maharani Banaras Mahila Mahavidyalaya,
Maharani Gulab Kunwari Mahila Mahavidyalaya,Varanasi
Maharani Kalyani College,
Maharani Kasiswari College,
Maharani Kishori Jat Kanya College,
Maharani Lakshmi Ammanni College for Women,
Maharani Lal Kunwari Post Graduate College,Balrampur
Maharani Maheshwari Lata Sanskrit Vidyapeeth,
Maharani Women’s Arts Commerce and Management College,Bangalore
Maharani's Arts College for Women,Mysore
Maharani's Science College for Women,Bangalore
Maharani's Science College for women,Mysore
Maharani’s Women’s Commerce and Management College,Mysore
Maharashtra Academy of Engineering and Educational Research MIT Arts, Commerce and Science College.,Pune
Maharashtra Academy of Engineering and Educational Research’s Maharashtra Institute of Pharmacy,Pune
Maharashtra Arogya Mandal’s Sumatibhai Shah Ayurved Mahavidyalaya,Pune
Maharashtra Association for Cultivation of Science,
Maharashtra College of Arts and Science and Commerce,
Maharashtra Cosmopolitan Education Society’s H.G.M. Azam College of Education,Pune
Maharashtra Education Society’s Institute of Management and Career Courses (IMCC),Pune
Maharashtra Institute of Technology,Aurangabad
Maharashtra Mahavidyalaya,
Maharashtra Mandal's  Chandrasekhar Agashe College of Physical Education,Pune
Maharashtra Udayagiri Mahavidyalaya,
Maharishi College of Natural Law,
Maharishi Ved Vidyan Arts & Commerce College,
Maharishi Ved Vidyan Sanskrit Vidyapeeth College,
Maharishi Ved Vigyan Mahila Vidyapeeth,
Maharshi Arvind Mahavidyalaya,Alwar
Maharshi College of Education,Kaushambi
Maharshi Dayanand B.Ed College,
Maharshi Dayanand College of Arts, Science & Commerce,Mumbai
Maharshi Dayanand Degree College,Banda
Maharshi Dayanand Law College,
Maharshi Dayanand Mahavidyalaya,
Maharshi Dayanand Mahavidyalaya+3 & Higher Education,
Maharshi Gautam Buddh Mahila Mahavidyalaya,Banda
Maharshi Karve Stree Shikshan Samstha’s School of Fashion Technology,Pune
Maharshi Karve Stree Shikshan Samstha’s, Smt. Hiraben Nanavati Institute of Management & Research for Women,Pune
Maharshi Karve Stree Shikshan Sanstha’s Cummins College of Engineering for Women,Pune
Maharshi Karve Stree Shikshan Sanstha’s Dr. Bhanuben Nanavati College of Architecture for Women,Pune
Maharshi Karve Stree Shikshan Sanstha’s Shri Siddhivinayak Mahila Mahavidyalaya,Pune
Maharshi Karve Stree Shikshan Sanstha’s Smt. Bakul Tambat Institute of Nursing Education,Pune
Maharshi Moolchand Yadav Mahila Mahavidyalaya,
Maharshi Paramhansh College of Education,
Maharshi Shandilya Prashikshan Sansthan,,
Maharshi Shikshan Avam Prashikshan Sansthan,Ghazipur
Maharshi Valmiki College of Education,
Maharshi Yogiraj Deoraha Baba Mahavidyalaya,Ambedkar Nagar
Mahasamund Mahavidyalaya,
Mahatama Gandhi Institute of Medical Sciences,
Mahatama Phule Arts & Commerce and S.R.C. Science College,
Mahathi College of Pharmacy,
Mahatma  Education Society’s Mahatma Night Degree College of Arts and Commerce,
Mahatma Asau Baba K.K.P. Institute of Education,Azamgarh
Mahatma Buddh Mahavidyalaya,
Mahatma Buddha Lok Kalyan Avam Gramya Vikas Sansthan,Kheri
Mahatma Education Society’s Pillai College of Education & Research, Dr. Pillai Teachers Training & Research Centre,
Mahatma Education Society’s Pillai HOC College of Arts, Science & Commerce,
Mahatma Education Society’s Pillai HOC College of Engineering and Technology,raigad
Mahatma Education Society’s Pillai Institute of Management Studies & Research,new panvel
Mahatma Education Society's Pillai's College of Arts, Commerce & Science,
Mahatma Education Society’s Pillai’s College of Education and Research,
Mahatma Education Society’s, Pillai College of Engineering,Mumbai
Mahatma Gandhi Arts and Commerce College,
Mahatma Gandhi Arts, Science and Late Nasaruddhinbha Panjwani Commerce College,
Mahatma Gandhi Centenary Arts, Commerce & GHD Science College,
Mahatma Gandhi College,
Mahatma Gandhi College,Bongaigaon
Mahatma Gandhi Degree College,
Mahatma Gandhi Evening College,
Mahatma Gandhi Government Arts College,
Mahatma Gandhi Institute of Technology,
Mahatma Gandhi Mahavidyalaya,
Mahatma Gandhi Memorial College,
Mahatma Gandhi Mission’s Dental College,
Mahatma Gandhi mission's Jawaharlala Nehru Engineering  College,
Mahatma Gandhi Missions College of Engineering and Technology,
Mahatma Gandhi National Institute of Research & Social Action,
Mahatma Gandhi National Institute of Research and Social Action,(MGNIRSA),
Mahatma Gandhi P.G. College,Sikar
Mahatma Gandhi PG College,
Mahatma Gandhi Post Graduate Institute of Dental Sciences,
Mahatma Gandhi Prashashkiya Seva Mahavidyalaya,
Mahatma Gandhi Sati Smarak Degree College,
Mahatma Gandhi Shikshan Mandal’s (M.G.S.M’s) Arts, Science and Commerce College,
Mahatma Gandhi Shikshan Mandal’s Smt. Sharadchandrika Suresh Patil College of Pharmacy,Jalgaon
Mahatma Gandhi Smarak Mahavidyalaya,
Mahatma Gandhi Vidayamandir's Arts and  Commerce College,
Mahatma Gandhi Vidyamandir's Arts, Commerce & Science College,Nashik
Mahatma Gandhi Vidyamandir’s Arts, Science & Commerce College,
Mahatma Gandhi Vidyamandir’s Arts, Science and  Commerce College,
Mahatma Gandhi Vidyamandir’s Arts, Science and Commerce College,
Mahatma Gandhi Vidyamandir’s Karmaveer Bhausaheb Hiray Arts, Science & Commerce College,Nashik
Mahatma Gandhi Vidyamandir’s Samajshree Prashantdada Hiray College of Hotel Management & Catering Technology,Nashik
Mahatma Gandhi Vidyamandir’s, Institute of Management And Research,
Mahatma Gandhi Vidyamandir’s, Pharmacy College,
Mahatma Jyothiba Phule Arts Degree College,Gulbarga
Mahatma Jyothiba Phule Telangana Backward Classes Welfare Residential Degree College for Women. Jagadevpur at Wargal, Siddipet Dist. 502 279, Telangana.,
Mahatma Jyotiba Fule Arts & Commerce Mahavidyalaya,
Mahatma Jyotiba Fule Mahavidyalaya,
Mahatma Jyotiba Phule Mahavidyalaya,
Mahatma Jyotibha Fule Mahavidyalaya,
Mahatma Malviya Degree College,
Mahatma Phule Arts & Commerce Science College,Pune
Mahatma Phule Arts, Science and Commerce College,
Mahatma Phule Mahavidyalaya,Latur
Mahatma Phule Nutan Mahavidyalaya,
Mahatma Ratan Guljar Mahavidyalaya,
Mahaveer Institute of Science & Technology,Hyderabad
Mahaveer Prasad Mahavidyalaya,
Mahaveer Prasad Mayawati Mahavidyalaya,Hardoi
Mahaveer Prasad Smarak  Mahila Mahavidyalaya,Ambedkar Nagar
Mahavidyalaya Akarawan,
Mahavidyalaya Bansdih,
Mahavidyalaya Derwa,
Mahavidyalaya,
Mahavir Institute of Technology,
Mahavir Kailash Mahavidyalaya,
Mahavir Mahavidyalaya,
Mahayogi Guru Gorakhnath Govt.Degree College,
Mahboobia Panjetan Degree College,
Mahendra Arts & Science College,
Mahendra College of Engineering,Salem
Mahendra Engineering College for Women,Namakkal
Mahendra Engineering College,Namakkal
Mahendra Institute of Engineering and Technology,
Mahendra Institute of Technology,Namakkal
Mahendra Kumar Saboo College of Commerce,
Mahendra Singh Surendra Singh Dayashankar Memorial Mahavidyalaya,Jalaun
Mahesh Baghel Ji Keshkal Dandkaranya Government College,Kondagaon
Mahesh Dubey Apurwa Mahavidyalaya,Farrukhabad
Mahesh Singh Yadav College,
Maheshtala College,
Maheshwaram College of Education & Law Management,Bulandshahr
Mahila Arts & Commerce College,
Mahila Arts and Commerce College,
Mahila Arts College,
Mahila Arts College,Junagadh
Mahila Arts, Commerce College,
Mahila College,
Mahila Degree College,
Mahila Gram Vidyapith,
Mahila Mahavidyalaya (PG) College,
Mahila Mahavidyalaya,
Mahila Mahavidyalaya,Godda
Mahila Mahavidyalaya,Nawada
Mahila Mahavidyalaya,Patna
Mahila Seva Sadan Degree College,
Mahila Vidyalaya Degree College,
Mahilla Mahavidyalaya,
Mahima Mahavidayalaya,
Mahimunda Degree College,,
Mahipal Singh Mahavidyalaya,
Mahishadal's Girls College,
Mahishdal Raj College,
Mahitosh Nandy Mahavidyalaya,
Mahlara Arts & Science College for Women,Kozhikode
Mahmoodabad College of Management & Technology,
Mai Bhago College for women,
Maibang Degree College,N.C Hills
Maikulal Mahavidyalaya,
Mailam Engineering College,Viluppuram
Maina Devi Mahavidyalaya,Azamgarh
Mainathi Kunwar Chandrawati Mahavidhyalay,Pratapgarh
Mairang Presbyterian Science College,
Maitreya Bhuuddeshiya Sevabhavi Sanstha’s G.K.S College of Arts, Commerce & Science,Thane
Maitreyi College,
Majdoor Kisan Mahavidyalaya,Palamu
Majha College for Women,Tarn Taran
Majidun Nisa Girls Degree College,
Majlis Arts & Science College,Malappuram
Major S.D. Singh Ayurvedic Medical College & Hospital,
Major Shiv Dayal Singh Mahavidyalaya,
Major Shiv Dayal Singh Vidhi Mahavidyalaya,
Major Shivdayal Singh Mahavidhyalaya,
Majuli College,Jorhat
Makanur Malleshappa College of Education,Davanagere
Makhan Lal Chturvedi Govt. Degree College,
Makum College,Tinsukia
Malabar Christian College,
Malabar College of Advanced Studies,Malappuram
Malati Vasntdada Patil Kanya Mahavidyalaya,
Malaukaua Catholic College,
Malaviya National Institute of Technology, Jaipur
Malaviya National Institute of Technology, Jaipur,Jaipur
Malayinkeezh Madhavakavi Government Arts and Science College,
Malda College,
Malda Women's College,
Malik Sandal Institute of Art and Architecture,
Malineni Lakshmaiah Women’s Engineering College,,Guntur
Malka Mahila Mahavidyalaya,Bara Banki
Malkangiri College,
Malla Reddy College of Engineering and Technology,
Malla Reddy College of Engineering for Women,
Malla Reddy College of Engineering,
Malla Reddy College of Pharmacy,
Malla Reddy Dental College for Women,
Malla Reddy Engineering College and  Management Sciences,
Malla Reddy Engineering College for Women,
Malla Reddy Engineering College,
Malla Reddy Institute of Dental Sciences,
Malla Reddy Institute of Engineering & Technology,
Malla Reddy Institute of Medical Sciences,
Malla Reddy Institute of Technology and Science,
Malla Reddy Institute of Technology,
Malla Reddy Medical College for Women,
Malla Reddy Pharmacy College,
Mallama Marimallapas Women's Arts & Commerce College,Mysore
Malleswaram Ladies Association First Grade College For Women,
Malnad College of Engineering,Hassan
Malti Devi Degree College,Sitapur
Maltidhari College,Patna
Malviya Regional Engineering College,
Malwa Central College of Education for Women,
Malwa College,
Malyagiri Mahavidyalaya,
MAM Women’s Engineering College,
Mama Saheb Mahol Arts, Commerce & Science College,Pune
Mamit College,
Mamta College,Etah
Mamta Girls Degree College,Bara Banki
Mamta Mahavidyalaya,
Manabendra Sarma Girls’ College,Kamrup
Management Education & Research Institute,
Manakula Vinayagar Institute of Technology,
Manavadar Kelvani Mandal Sanchalit Arts & Commerce College,
Manavlok’s College of Social Sciences,
Manbhum Mahavidyalaya,
Mandar college,
Mandava Institute of Engineering and Technology,Krishna
Mandawar Degree College,Bijnor
Mandosil College,
Manekchowk Co-Op. Bank Arts & Mahemdabad Urben People Co-Op. Bank Commerce College,
Maneklal Nanavati Law College,
Manel Srinivas Nayak Memorial Besant Institute of PG Studies,Dakshina Kannada
Mangala Mahavidyalaya,
Mangaldoi College,darrant
Mangalmay Institute of Engineering and Technology,,
Mangalmay Institute of Management and Technology,
Mangalmay Institute of Management and Technology,,
Mangalore Academy of Professional Studies,
Mangalore Institute of Technology & Engineering,
Mangaon Shikshan Prasarak Mandal’s D.G. Tatkare Mahavidyalaya Arts, Science & Commerce,
Mangaon Taluka Education Society’s Doshi Vakil Arts College and G.C.U.B. Science & Commerce College,Raigarh
Mangayarkarasi College of Arts & Science for Women,Madurai
Manghanmal Udhram College of Commerce,Pune
Mangla Devi Smarak Degree College,Allahabad
Manglam Mahil Mahavidyalaya,
Mangolnganbi College,
Manguba M.Ed College,Ahmadabad
Maniabandha  College (+3),
Maniba College of Education,Ahmadabad
Maniben Bhikhabhai College of Commerce & Shri Goswami M.N. Laljit Arts College,
Maniben Nanavati Women's College,
Manik Chand Phade Law College,
Manikchak College,Maldah
Manikeswari Degree College,
Manikpur Anchalik College,Bongaigaon
Maninagar Science College,
Manipur College,
Manish College for Women Education,
Manishi Mahila Mahavidyalaya,
Manjunatha Pai Memorial Government First Grade College of Professional & Business Management,
Mankachar College,Dhubri
Mankar College,
Manmeet Nagar Mahavidyalaya,
Mannam Memroial N.S.S. College,
Mannaniya College of Arts and Science,
Mannar Thirumalai Naicker College,
Manohar Memorial College,
Manohara Smriti Mahila Mahavidyalaya,
Manoharbhai Patel Arts & Commerce College,
Manoharbhai Patel Arts Science & Commerce College,
Manoharbhai Patel College of Arts and Commerce,
Manohari Devi Kanoi Girls College,Dibrugarh
Manonmaniam Sundaranar University College,Tirunelveli
Manorama Institute of Management & Technology,Agra
ManrajiMunnar Ram Mahavidyalaya, Majhauli, Patti, Pratapgarh – 230 135,  Uttar Pradesh,Pratapgarh
Mansa College of Education,
Mansa First Grade College,
Mansinhbhai Institute of Dairy and Food Technology,,
Manu Law College,
Manvendra Singh Suman Mahavidyalaya,Jaunpur
Manyavar Kanshi Ram Gautam Buddh Girls Degree College,
Manyawar Kanshiram Govt. Degree College,
Manyawar Kanshiram Mahavidyalaya,
Manyawar Kanshiram Mahavidyalaya,Kaushambi
Manyvar Kanshi Ram Govt. Degree College,
Mar Athanasios College for Advanced Studies,
Mar Athanasius College of Engineering,
Mar Athanasius College,
Mar Augusthinose College,Kottayam
Mar Baselios College of Engineering & Technology,Thiruvananthapuram
Mar Dioneysius College,
Mar Ephraem College of Engineering and Technology,Kanyakumari
Mar Ivanios College,
Mar Sleeva College of Arts and Science,Idukki
Mar Theophilus Training,
Mar Thoma College for Women,
Mar Thoma College of Science & Technology,Kollam
Mar thoma College,
Mar Thoma College,
Marangi Mahavidyalaya (Degree),Golaghat
Maratha Mandal's Arts, Commerce, Science & Home Science College,
Maratha Vidya Prasarak Samaj’s Arts and Commerce College,Nashik
Maratha Vidya Prasarak Samaj’s Arts, Commerce & Science College,Nashik
Maratha Vidya Prasarak Samaj’s Arts, Commerce and Science College,Nashik
Maratha Vidya Prasarak Samaj’s Arts, Science & Commerce College,
Maratha Vidya Prasarak Samaj’s Karmaveer Adv. Baburao Ganpatrao Thakare College of Engineering,,Nashik
Maratha Vidya Prasarak Samaj’s Karmaveer Punjababa Goverdhane Arts, Commerce and Science College,Nashik
Maratha Vidya Prasarak Samaj's Karmaveer Raosaheb Thorat Arts & Commerce College,Nashik
Marathawada College of Education,
Marathawada Mitramandal's College of Commerce,Pune
Marathwada Mitra Mandal’s College of Engineering,
Marathwada Mitra Mandal’s College of Pharmacy,Pune
Marathwada Mitra Mandal’s Institute of Technology,Pune
Marathwada Mitra Mandal’s Shankarrao Chavan Law College,Pune
Marathwada Sanskritik Mandal's College of Physical Education,
Marathwada Shikshan Prasarak Mandal’s Deogiri Institute of Engineering and Management Studies,Aurangabad
Marathwada Shikshan Prasark Mandal's Rajmata Jijau Mahavidyalaya,Bid
Margherita College,Tinsukia
Margtamhane Education Society's Dr. Tatyasaheb Natu College of Arts & Senior College of Commerce,
Marian College,
Marian Engineering College,
Marigaon College,marigaon
Maris Stella College,Krishna
Mariyam Bibi Institute of Higher Education,Rae Bareli
Markanda National College,
Markandey Degree College,
Markaz College of Arts & Science,Kozhikode
Markham College of Commerce,
Marri Laxman Reddy Institute of Technology & Management,
Marshaghai College,
Marudhar Kesari Jain College for Women,Vellore
Marudupandiar College,Thanjavur
Marutirao Harirao Mahadik Arts and Commerce College,Solapur
Marwar Business School,
Marwari Colleege,
Marwari College,
Mary Matha Arts & Science College,
Mary Matha College of Arts and Science (Co-Education),
Maryada Devi Kanya Degree College,
Maryada Purushotam Degree College,
Maryam Ajmal Women’s College of Science and Technology,,
Maseehunnishan Degree College,
Masoom Educational & Welfare Society Parbhani’s Aqueel Sir College of Social Work,Parbhani
Mass College of Arts and Science,
Master Aadityadendra Government College,
Master Dinanath Mangeshker Mahavidyalaya,
Master Tara Singh Memorial College for Women,
Mata Basanti Devi School of Biosciences & Biotechnology,Agra
Mata Bhagwati Devi Rajkiya Mahila Mahavidyalaya,
Mata Bhagyamani Devi Mahila Degree College,Ghazipur
Mata Dhanmati Devi Degree College,,Kushinagar
Mata Dhiraji Mahavidyalaya,Azamgarh
Mata Ganga Girls College,
Mata Ganga Khalsa College for Girls,
Mata Gomti Devi Degree College,
Mata Gujri College,
Mata Gujri Mahila Mahavidyalaya,
Mata Harki Devi College for Women,
Mata Jeeja Bai Govt. Girls PG College,
Mata Kamla Devi Mahila Mahavidyalaya,Bijnor
Mata Kusum Devi Girls Degree College,Ghazipur
Mata Lilawati Chanara Devi Mohit Phalwan Mahavidyalaya,Azamgarh
Mata Manjharo Ajab Dayal Singh  Mahavidyalaya,Bhojpur
Mata Manjharo Ajab Dayal Singh Teachers Training College,Bhojpur
Mata Prasad Adarsh Mahavidyalaya,
Mata Sahib Kaur Khalsa Girls College of Education,Patiala
Mata Sita Sunder College of Education,Sitamarhi
Mata Sundari College for Women,
Mata Sundri Khalsa Girls College,Karnal
Mata Sundri University Girls College,Mansa
Matarani Rumali Devi Mahila Mahavidyalaya,
Mateshwari Kankuben Hirachand Sanghvi Gujarati Kanya Mahavidyalaya,
Mathabhanda College,
Mathakaragola Degree College,
Mathura Degree College,
Mathura Prasad Mahavidyalaya,
Mathura Rai Mahila Mahavidyalaya,
Matoshree Vimalabai Deshmukh Mahavidyalaya,
Matoshri Aashatai Kunawar Arts, Commerce & Science Mahila Mahavidyalaya,,
Matoshri Education Society’s Matoshri College of Engineering and Research Centre,Nashik
Matoshri Nanibai Gharphalkar Science College,
Matoshri Pratishthan’s Group of Institutions (Integrated Campus) School of Management,Nanded
Matoshri Pratishthan’s Group of Institutions (School of Engineering),Nanded
Matoshri Shantabai Gote Arts, Commerce & Science College,
Matri Gangajali Mahavidyalaya,Ghazipur
Matru Sewa Sangh Insitute of Social Work,
Matrushree Monghima Mahila Arts & Commerce College,
Matrusri Engineering College,Hyderabad
Matrusri Oriental College,Guntur
Matsyodari Shikshan Sanstha’s Ankushrao Tope College,
Matsyodari Shikshan Sanstha’s Arts College,
Matuk Smarak Mahavidyalaya,
Maturi Venkata Subba Rao Engineering College,
Matushree Monghiba Mahila Arts College,
Matushri Ahilyadevi Teachers Education Institute,Indore
Matushri Kanbai Lalbai & Motibai Lohana Kanyashala & Balikagruh’s B.L. Amlani College of Commerce and Economics M.R. Nathwani College of Arts,Mumbai
Matushri Virbaima Mahila Arts College,
Matushri Virbaima Mahila Science and Home Science College,
Maulana Abdul Kalam Azaad Faiz- E-Aam Mahavidyalaya,Kanpur Dehat
Maulana Azad College of Arts & Science & Commerce,
Maulana Azad College of Technology,
Maulana Azad College,
Maulana Azad Educational Trust’s, Y.B. Chavan College of Pharmacy,
Maulana Azad Institute of Humanities, Science and Technology,
Maulana Azad Mahavidyalaya,
Maulana Azad Medical College,
Maulana Azad Memorial College,Jammu
Maulana Azad National Institute of Technology, Bhopal
Maulana Azad National Institute of Technology, Bhopal,Bhopal
Maulana Mazharul Haqque Teacher’s Training College,
Maulana Mohammad Ali Johar Higher Education Institute,Bijnor
Mauli Mahavidyalaya,
Mauli Vidyapeeth Kaij's Pramilrdevi  Patil Arts & Science College,
Mauli Vidyapeeth Kaij’s Saraswati Mahavidyalaya,
Mauli Vidyapeeth’s Mahila Kala Mahavidyalaya,
Mawlai Presbyterian College,
Mawsynram Border Area College,
Maxford Teachers Training College,
Maya Devi Sitaram Degree College,
Mayai Lambi College,
Mayang Anchalik College,Morigaon
Mayank Shekhar Mahavidyalaya,
Mayfair College,Moradabad
Maynaguri College,
Mayurakshi Gramin College,
Mayurbhanj College of Accountancy and Management,
Mayurbhanj Law College,
Mazahrul Haque Degree Mahavidyalaya,
Mazbat College,Darrang
Mazharul Uloom College,
MBR Govt. College,
McGan’s Ooty School of Architecture,The Nilgiris
MCKV Institute of Engineering,
Md. Shahaban Memorial Mahavidyalaya,
Md. Shahbaan Memorial Mahavidyalaya,Mau
Medai Prasad Yadav Mahavidyalaya,
Medarametla Anjamma Mastan Rao College of Education,
Medarametla Anjamma Mastan Rao Law College,
Medha Degree College,
Medi-Caps Institute of Technology and Management,
Medical College,
Medical College,Kamrup
Meenaakshi Ramasamy Arts and Science College,Ariyalur
Meenakshi Chandrasekaran College of Arts and Science,Thanjavur
Meenakshi College For Women,
Meenakshi Sundararajan Engineering College.,Chennai
Meera Kanya Mahavidyalaya,
Meerut College of Advance Technology,
Meerut College,
Meerut Institute of Engineering & Technology,
Meerut International Institute of Technology,
Megha Institute of Engineering & Technology for Women,
Meghabaran Singh Mahavidyalaya,
Meghason College,
Mehr Chand Mahajan D.A.V. College for Women,
Mehta College & Institute of Technology,Jaipur
Mehta College,
Mehta Teacher Training College,Jaipur
Mekliganj College,coochbeher
Melamora College,Golaghat
Memari College,
Mendipathar College,
Meneklal Nanchand college,
MEPCO Schlenk Engineering College,Virudhunagar
Mercy College,Palakkad
MES College,,Kottayam
MES Institute of Management,Bangalore
Mes's M.M. Arts & Science College,
Meston College of Education,
MET’s Institute of Management,Nashik
Methodist Arts College,
Methodist College of Engineering & Technology,Hyderabad
Methodist Girls Degree College,
Metro College of Nursing,Gautam Buddha Nagar
Mevalal Jaiswal Mahavidyalaya,
Mewa Lal Singh Degree College,Allahabad
Mewar Institute of Management,
Mewar Law Institute,
Mewar Shikshak Prashikshan (Shiksha Shastri) Mahavidyalaya,
MGM’s College of Engineering,Nanded
MGM’s Dr. G. Y. Pathrikar College of Computer Science and Information Technology,Aurangabad
MIC Arts and Science College,Malappuram
Michael Job College of Arts & Science for Women,Coimbatore
Michael Madhusudan Dutta College,
Michael Madhusudan Memorial College,
Microtek College of Management & echnology,,Varanasi
Microtek College of Management & Technology,Jaunpur
Midnapore City College,Paschim Medinipur
Midnapore College,
Midnapore Law College,
MIER College of Education,Jammu
Mihir Bhoj Balika Degree College,
Milad-E-Sherief Memorial College,
Milagres College,
Milanjyoti College,Barpeta
Milestone Institute of Professional Studies,
Milind College of Arts,
Milind College of Science,
Millat College,
Millat College,Godda
Millat Teacher's Training College,Madhubani
Millennium Institute of Management (MBA),
Milli-Al-Ameen College (for Girls),
Millia Fakharuddin Ali Ahmad B.Ed. Teachers Training College,Purnia
Millia Institute of Technology,
Millia Kaniz Fatma Women’s Teachers Training College,
Millia Kishanganj College of Engineering & Technology,Kishanganj
Millia Teachers Training College,
Milliya Arts, Science and Management Science College,
MIMS College of Nursing,Malappuram
Minal College,Sikar
Miracle Educational Society Group of Institutions,
Miraj Mahavidyalaya,
Miranda House,
Mirza  Ghalib College,
Mirza Ahsanullah Beg Niswan (Girls) Degree College,
Misrimal Navajee Munoth Jain Engineering College,Chennai
MIT Academy of Engineering,Pune
MIT First Grade College,
Mithila Institute of Post Graduate Studies and Research in Sanskrit Learning,
Mithila Mahila College,
Mithilesh Nandini Reshama Arif Mahavidyalaya,
Mizoram  Law  College,
Mizoram College of Nursing,Aizawl
Mizoram Institute of Education,
MLR Institute of Technology,
MMD DAV College,
MNR College of Engineering and Technology,
MNR College of Pharmacy,Medak
Model Christian College,
Model College,
Model Degree College,
Model Engineering College,Ernakulam
Model Government Degree College,Kashmir
Model Institute of Engineering & Technology,Jammu
Model Public Education College,
Model Public Law College,
Modern College of Arts, Science & Commerce,Pune
Modern College of Education,Lucknow
Modern College of Professional Studies,
Modern College,
Modern College,Jhansi
Modern Education Society’s College of Education,Sangli
Modern Education Society’s Neville Wadia Institute of Management Studies & Research,Pune
Modern Girls’ College of Professional Studies,Lucknow
Modern Institute of Teacher Education,
Modern Institute of Teachers Education,
Modern Institute of Technology,
Modinagar Institute of Technology,
Moghal College of Education,
Mohamed Sathak A J College of Engineering,Chennai
Mohamed Sathak A.J. Academy of Architecture,
Mohamed Sathak College of Arts and Science,
Mohamed Sathak Engineering College,Ramanathapuram
Mohammad Ali Nazeer Fatima Degree College,
Mohammad Hasan Post Graduate College,
Mohammadi Mahavidyalaya,Lakhimpur
Mohammed Umer Amjadiya Mahavidyalaya,Basti
Mohan Lal Verma Educational Institute,
Mohan Memorial Prayag Mahavidyalaya,Ghazipur
Mohanlal & Vijayaben Arts and Commerce College,
Mohanlal Sankarchand Bhagat & Chandulala S.Chand Sonawala Law College,
Mohanrao Patil Mahavidyalaya,
Mohini B. Manwani Girls Degree College,
Mohta Centre for Management studies,
Mohtarma Jainab Hira Mahavidhyalaya,Jalaun
Moid Ahamad Kanya Mahavidyalaya,Sultanpur
Moinul Hoque Choudhury Memorial Science College,Hailakandi
Moirabari College,Nagaon
Moirang College,
Mokokchung College of Teacher Education,Mokokchung
Molai Singh Haushila Prasad Singh  Ram Sagar Singh Mahavidyalaya,Mirzapur
Montessori Mahila Kalasala,Krishna
Montfort College,Bangalore
Montgomery Guru Nanak College of Education,
Moolchand Mahavidyalaya,Ghazipur
Moolji Jaitha College,
Moon Degree College,amroha
Moradabad Muslim Degree College,
Moran College,Sivasagar
Moran Mahila Mahavidyalaya,Sivasagar
Morappur Kongu Arts and Science College,Dharmapuri
Moreh College,
Moreshwar Arts, Science & Commerce College,
Moriani College,Jorhat
Moridhal College,Dhemaji
Morning Star College,
Morning Star Home Science College,
Mother Teresa Institute of Science and Technology,
Mother Teresa Memorial Teacher’s Training College,Kashmir
Mother Teresa Pharmacy College,
Mother Teresa Women’s College,
Mother Teresa Women’s University College,
Mother Theresa Institute of Engineering and Technology,Chittoor
Mother Theresa Post Graduate and Research Institute of Health Sciences (MTPGRIHS),
Moti Harishchandra Mahavidyalaya,Azamgarh
Moti Lal Nehru College,
Moti Lal Nehru Degree College,
Moti Prasad Chaudhary Mahavidyalaya,
Moti Ram Babu Ram Government Post-Graduate College,
Moti Singh Mahavidyalaya,Mirzapur
Moti Singh Memorial College,
Motibai Rajaram Mahavidyalaya,Jhansi
Motilal Bengani Science College,
Motilal Mahavidyalaya,Ghazipur
Motilal Nehru College (Evening),
Motilal Nehru Law College,
Motilal Nehru Medical College,
Motilal Nehru National Institute of Technology, Allahabad
Motilal Nehru National Institute of Technology, Allahabad,Allahabad
Motilal Ramnath Mahavidyalaya,
Motto +3 Degree College,
Mount Carmel College of Teacher Education for Women,
Mount Carmel College,
Mount Mary College,Dimapur
Mount Olive College,
Mount Tabor Training College,
Mount Tiyi College,
Mount Zion College of Engineering & Technology,Pudukkottai
Mountain View Christian College,
Mountain View College of Management Sciences,
Moyna College,
MPC Morning College,
Mrinalini Dutta Mahavidyapith,
Mrinalini Girls College,Saharanpur
Mrs. A V N College,Visakhapatnam
Mrs. Helena Kaushik Women’s P.G. College,
MS.B. Evening College,Davanagere
MSP Mandal's Yashwantrao Chavan Arts & Commerce College,
MSR Degree College,
Mt. Everest College,
Mt. Zion College,,Senapati
Mubarakpur Girls Degree,Azamgarh
Mudhoji College,
Mudo Tamo Memorial B.Ed College,Lower Subansiri
Muffakham Jah College of Engineering & Technology,Hyderabad
Mugberia Gangadhar Mahavidyalaya,
Muhammed Abdurahiman Memorial Orphanage College,
Mukand Lal National College,Yamunanagar
Mukandlal National College,
Mukdam Bihari Lal Mahavidyalaya,
Mukhram Kisan Mahavidyalaya,
Mukhram Mahavidyalaya,
Mukhtiar Singh Memorial Degree College,Fatehabad
Mukta Prasad Degree College,Bareilly
Mukteshwar Prasad Mahavidyalaya,Jaunpur
Mukut Bihari Mahavidyalaya,Jalaun
Mularam Smarak Degree College,
Mulayam Singh Yadav Mahila Mahavidyalaya,
Mulky Sundar Ram Shetty College,
Multani Mal Modi College,
Multanimal Modi College,
Mulund College of Commerce,
Mumbai Education Trust’s Institute of Pharmacy,Nashik
Mumbai Veterinary College,Mumbai
Mumtaz College,
Mumtaz Degree College,
Muneshwar Devnandan Yadav Mahila Mahavidyalaya,Azamgarh
Muneshwar Mahavidyalaya,Jaunpur
Muneshwar Singh Muneshwari Samta Mahavidyalaya,Vaishali
Mungasaji Maharaj Mahavidyalaya,
Muni Ji Mahavidyalaya,Varanasi
Municipal Arts and Commerce College,
Municipal Arts College,
Municipal Arts Urban Bank Science College,
Municipal College of Education,
Municipal College,
Municipal Post-Graduate College,
Muniguda College,Rayagada
Munishwar Dutt Post - Graduate College,
Munna Pal Kailashi Devi Mahavidyalaya,
Munshi Premchand Mahavidyalaya,Darjiling
Munshi Raghunandan Prasad Sardar Patel Mahila Mahavidyalaya,
Munshi Ramdhani Jagroop Singh Degree College,
Muppana Venkata Rao Degree College,Visakhapatnam
Muquyath Sha Sirguro Wakf Board College,
Muralidhar Girls College,
Murarka College,
Murazar College,
Murgaon Education Society's College of Arts and Commerce,
Murkong Selek College,Dhemaji
Murlidhar Mahavidyalaya,
Murshidabad Adarsha Mahavidyalaya,
Murshidabad College of Engineering & Technology,Murshidabad
Murti Devi Memorial College,
Musafir Bal Gopal Mahavidyalaya,
Musafir Prabhawati Mahavidyalaya,Mau
Musavvir Husain Baqri Memorial Degree College,
Mushalpur College,Baksa
Muslim Arts College,
Muslim Degree College,
Muslim Girls Degree College,
Muslim Minority College,
Muslima Girls Degree College,
Muthayammal College of Arts & Science,
Muthayammal Engineering College,Namakkal
Muthayammal Memorial College of Arts & Science ,,
Muthoot Institute of Technology & Science,Ernakulam
Muthurangam Government Arts College,
Muzaffar Ahmed Mayavidyalaya,
Muzaffarpur Institute of Technology,Muzaffarpur
MVP Samaj's College of Pharmacy,
MVR College of Engineering & Technology,Krishna
Mysore Makkala Koota and Shri Dharmasthala Manjunatheshwara Mahila Mahavidyalaya,Mysore
N B Navale Sinhgad College of Engineering,Solapur
N.A.M. College,
N.A.S. College,
N.B.C. College,Ganjam
N.B.G.S.M. College,
N.B.K.R. Ats & Science College,Sri Potti Sriramulu Nellore
N.B.K.R. Institute of Science & Technology,Sri Potti Sriramulu Nellore
N.B.S. College of Education & Management,Sultanpur
N.B.T. & N.V.C. College,Guntur
N.C. Bodiwala & M.C. Desai Commerce College,
N.C. College of Engineering,
N.D.M.V.P. Samaj's Arts, Science & Commerce College,
N.E.S. College of Education,
N.E.S. Education (B.Ed) College,
N.E.S. Law College,
N.G. College,
N.H. Patel College of Education,
N.J.S.A. Government College,
N.K. National Mahila Mahavidyalaya,Mau
N.K. Varadkar Arts & R.V. Belose Commerce College,
N.K.B.M. Girls College,
N.K.P. Salve Institute of Medical Sciences & Research Centre and Lata Mangeshkar Hospital,Nagpur
N.K.T. National College of Education for Women,
N.L.S. College,
N.L.T.S.G.M. Government Girls College,
N.M.K.R.V. First Grade College for women,
N.M.S.M. Govt. College,
N.P. Arts and Commerce College,
N.P. Patel Mahila Arts College,
N.P.R. College of Engineering & Technology,Dindigul
N.R.E.C. College,
N.R.M. Government Girls College,
N.S. Patel Arts College,
N.S.M. College of Education,Jammu
N.S.N. College of Engineering and Technology,Karur
N.S.S. Arts and Science College,,
N.S.S. College,
N.S.S. Engineering College,
N.S.S. Hindu College,
N.S.S. Training College,
N.T. Degree College,
N.T.A. Arts & Vedumurti S.R. Spare Commerce College,
N.T.R. Government Degree College for Women,
N.T.R. Government Degree College,Chittoor
N.V.K.S.D. College of Education,
N.V.P. Mandal's Arts, Commerce & Science College,
Naami College,
Naba Barrackpur Prafulla Chandra Mahavidyalaya,
Nababallygunge Mahavidyalaya,
Nabadwip Vidyasagar College,
Nabagram Hiralal Paul College,
Nabajyoti College,Barpeta
Nabarangpur Women’s College,
Nabinchandra College,Karimganj
Nabira Mahavidyalaya,
Nachiappa Swamigal Arts and Science College,
Nachuni College,
Nadar Mahajana Sangam & Vellaichamy Nadar College,
Nadar Mahajana Sangam Sermathai Vasan College for Women,
Nadar Saraswathi College of Arts & Science,
Nadimpalli Satyanarayana Raju Institute of Technology,Visakhapatnam
Nagaon G.N.D.G. Commerce College,Nagaon
Nagar College,
Nagar Parishad Shivaji Mahavidyalaya,
Nagarjun Umesh Sanskrit Mahavidyalaya,
Nagarjuna College of Engineering and Technology,Bangalore
Nagarjuna Degree College for Women,Y.S.R.
Nagarjuna Degree College,
Nagarjuna Government (Evening) College,
Nagarjuna Government College,
Nagendra Jha Mahila College,
Nageshwar Pandey Mahavidyalaya,Mau
Nagindas Khandwala College of Commerce, Arts and Management Studies and Shantaben Nagindas Khandwala College of Science,
Nagnath Arts Commerce and Science College,
Nagpur Sharirik Shikshan Mahavidyalaya,
Nagpur University Dr. Baba Saheb Ambedkar College of Law,
Nagpur Veterinary College,Nagpur
Nagrik Degree College,
Nagrik Kalyan Mahavidyalaya,
Nagrik Shikshan Sanstha’s College of Commerce and Economics,
Naharkatiya College,Dibrugarh
Nahata Jogendra Nath Mandal Smriti Mahavidyalya,
Naigaon Education Society, Daund Taluka Arts & Commerce College,Pune
Naipunnya Institute of Management and Information Technology,Thrissur
Naipunnya School of Management,
Nair Hospital Dental College,
Najath Arts & Science College,
Nakachari College,Jorhat
Nakoda Parshavnath Jain Mahavidyalaya,
Nakshalbari College,Darjiling
Naktideul College,
Nalanda College of Education,Dehradun
Nalanda College,
Nalanda Education Foundation’s,,Mumbai
Nalanda Institute of Engineering & Technology,Guntur
Nalanda Institute of Technology,
Nalanda Mahila College,
Nalanda Medical College,Patna
Nalanda Naritya Kala Mahavidyalaya,
Nalanda University,Rajgir
Nalbari College,Nalbari
Nalbari Commerce College,Nalbari
Nalini Arvind & T.V. Patel Arts College,
Nalini Devi Women Teacher's Training College,
Nalini Prabha Deo Prasad Roy Arts & Commerce College,Bilaspur
Nalla Malla Reddy Engineering College,
Nalla Narasimha Reddy Education Society’s Group of Institutions,Hyderabad
Nallamuthu Gounder Mahalingam College,Coimbatore
Namakkal Kavignar Ramalingam Government Arts College for Women,
Nambol L. Sanoi College,
Namchi Government College,
Namchi Govt. College,
Namdapha Degree College,Changlang
Namrup College,Dibrugarh
Nanakram Bhagwandas Science College,
Nand Kishor Singh Degree College,
Nanda Nath Saikia College,Jorhat
Nandalal Borgohain City College,Dibrugarh
Nandan Mahavidyalaya,
Nandan Sanskrit Mahavidyalaya,
Nanded Education Society’s Science College,
Nandha Arts and Science College,Erode
Nandha College of Nursing,
Nandha College of Pharmacy,
Nandha College of Physiotherapy,
Nandha College of Technology,
Nandha Engineering College,Eorde
Nandini College of Arts and Science,
Nandini Nagar Mahavidyalaya,
Nandlal ghosh B.T. College,
Nandurbar Taluka Vidhayak Samiti’s College of Law,Nandurbar
Nanhku Ram Mahavidyalaya,
Nani Bhattacharya Smarak Mahavidyalaya,
Nanjil Catholic College of Arts & Science,
Nao Nalanda Mahavihar,Patna
Naorem Birahari College,
Nar Bahadur Bhandari Degree College,
Narain College,
Narajole Raj College,
Narangi Anchalik Mahavidyalaya,Kamrup
Narasaraopeta Engineering College,Guntur
Narasaraopeta Institute of Pharamaceutical Sciences,,Guntur
Narasaraopeta Institute of Technology,,
Narasingha Choudhury College,
Narasinghpur College,
Narasinha Dutta College,
Narasu’s Sarathy Institute of Technology,Salem
Narayan Arya Kanya Pathshala Degree PG College,
Narayan Laxman Mahavidyalaya,
Narayan Mahavidyalaya,
Narayan Mahavidyalaya,Pratapgarh
Narayan Rao Meghawala Government Girls College,
Narayan Zantye College of Commerce,
Narayana Engineering College,
Narayana Engineering College,Sri Potti Sriramulu Nellore
Narayana Pharmacy College,
Narayanaguru College of Engineeing,Kanyakumari
Narayandas Sarwottamdas Soti Law College,
Narayani Devi Mahavidyalaya,Hatras
Narayanrao Chavan Law College,
Narayanrao Kale Smruti Model College (Kala, Vanijya and Vidhyan),
Narayanrao Waghmare Mahavidyalaya,Hingoli
Narendranath Sanskrit College,
Nargund College of Pharmacy,
Nari Shiksha Niketan Degree College,
Narmada College of Science and Commerce,
Narmada Devi Mahila Mahavidyalaya,
Narottam Singh Padam Singh Government College,
Narsimha Reddy Engineering College,Rangareddy
Narsingh Narayan Hari Prasad Mahavidyalaya,Faizabad
Narsingh Narayan Shukla Mahavidyalaya,Pratapgarh
Narula Institute of Technology,
Narvadeshwar Vidhi Mahavidyalaya,
Nasamony Memorial Christian College,
Nashik Shikshan Prasarak Mandal Nashik, Late Bindu Ramrao Deshmukh, Arts and Commerce Mahila Mahavidyalaya,
Nasra College of Arts and Science,Malappuram
Nath Chandrawat Mahavidyalaya,
Nath Chandrawat Sanskrit Mahavidyalaya,Gorakhpur
Nathaniyal Murmu Memorial College,Dakshin Dinajpur
Nathubai V. Patel College of Pure & Applied Science,
National Centre for Rural Development’s Sterling College of Arts, Commerce & Science,
National College for Teacher Education,Ernakulam
National College for Women,
National College of Education,
National College of Education,Sirsa
National College of Engineering,Tirunelveli
National College of Pharmacy,,Kozhikode
National College,
National Degree College,
National Degree College,Kurnool
National Engineering College,Thoothukudi
National Evening College of Commerce,
National Forensic Sciences University,Gandhinagar
National Homeopathic College,
National Institute of Ayurvedic,
National Institute of Design, Ahmedabad
National Institute of Design, Ahmedabad,Ahmedabad
National Institute of Design, Andhra Pradesh
National Institute of Design, Andhra Pradesh,Vijayawada
National Institute of Design, Assam
National Institute of Design, Assam,Jorhat
National Institute of Design, Haryana
National Institute of Design, Haryana,Kurukshetra
National Institute of Design, Madhya Pradesh
National Institute of Design, Madhya Pradesh,Bhopal
National Institute of Food Technology Entrepreneurship and Management, Kundli
National Institute of Food Technology Entrepreneurship and Management, Kundli,Sonepat
National Institute of Food Technology, Entrepreneurship and Management
National Institute of Food Technology, Entrepreneurship and Management, Thanjavur,Thanjavur
National Institute of Mental Health and Neurosciences,Bangalore
National Institute of Pharmaceutical Education and Research, Ahmedabad
National Institute of Pharmaceutical Education and Research, Ahmedabad,Ahmedabad
National Institute of Pharmaceutical Education and Research, Guwahati
National Institute of Pharmaceutical Education and Research, Guwahati,Guwahati
National Institute of Pharmaceutical Education and Research, Hajipur
National Institute of Pharmaceutical Education and Research, Hajipur,Hajipur
National Institute of Pharmaceutical Education and Research, Hyderabad
National Institute of Pharmaceutical Education and Research, Hyderabad,Hyderabad
National Institute of Pharmaceutical Education and Research, Kolkata
National Institute of Pharmaceutical Education and Research, Kolkata,Kolkata
National Institute of Pharmaceutical Education and Research, Mohali
National Institute of Pharmaceutical Education and Research, Mohali,Mohali
National Institute of Pharmaceutical Education and Research, Raebareli
National Institute of Pharmaceutical Education and Research, Raebareli,Raebareli
National Institute of Science & Technology,
National Institute Of Social Work & Social Sciences,
National Institute of Social Work,
National Institute of Speech & Hearing,
National Institute of Technical Teachers Training and Research,Chandigarh
National Institute of Technology,
National Institute of Technology, Agartala
National Institute of Technology, Agartala,Agartala
National Institute of Technology, Andhra Pradesh
National Institute of Technology, Andhra Pradesh,Tadepalligudem
National Institute of Technology, Arunachal Pradesh
National Institute of Technology, Arunachal Pradesh,Yupia
National Institute of Technology, Calicut
National Institute of Technology, Calicut,Kozhikode
National Institute of Technology, Delhi
National Institute of Technology, Delhi,New Delhi
National Institute of Technology, Durgapur
National Institute of Technology, Durgapur,Durgapur
National Institute of Technology, Goa
National Institute of Technology, Goa,Farmagudi
National Institute of Technology, Hamirpur
National Institute of Technology, Hamirpur,Hamirpur
National Institute of Technology, Jamshedpur
National Institute of Technology, Jamshedpur,Jamshedpur
National Institute of Technology, Karnataka
National Institute of Technology, Karnataka,Surathkal
National Institute of Technology, Kurukshetra
National Institute of Technology, Kurukshetra,Kurukshetra
National Institute of Technology, Manipur
National Institute of Technology, Manipur,Imphal
National Institute of Technology, Meghalaya
National Institute of Technology, Meghalaya,Shillong
National Institute of Technology, Mizoram
National Institute of Technology, Mizoram,Aizawl
National Institute of Technology, Nagaland
National Institute of Technology, Nagaland,Dimapur
National Institute of Technology, Patna
National Institute of Technology, Patna,Patna
National Institute of Technology, Puducherry
National Institute of Technology, Puducherry,Karaikal
National Institute of Technology, Raipur
National Institute of Technology, Raipur,Raipur
National Institute of Technology, Rourkela
National Institute of Technology, Rourkela,Rourkela
National Institute of Technology, Sikkim
National Institute of Technology, Sikkim,Ravangla
National Institute of Technology, Silchar
National Institute of Technology, Silchar,Silchar
National Institute of Technology, Srinagar
National Institute of Technology, Srinagar,Srinagar
National Institute of Technology, Tiruchirappalli
National Institute of Technology, Tiruchirappalli,Tiruchirappalli
National Institute of Technology, Uttarakhand
National Institute of Technology, Uttarakhand,Srinagar
National Institute of Technology, Warangal
National Institute of Technology, Warangal,Warangal
National Library,Kolkata
National Mahila Mahavidyalaya,Balrampur
National Post Graduate College,
National Post-Graduate College,
Natraj Institute of Education and Technology,Bulandshahr
Natthu Singh Degree College,Moradabad
Natwarlal Jashbhai Patel Arts & Commerce College,
Natwarlal Maniklal Dalal College of Arts & Commerce,
Nav Bharti Shikshak Prashikshan Mahavidyalaya,
Nav Durga Mahavidyalaya,
NAV Sadhana Kala Kendra,
Nav Yug Mahila Shikshan Avam Prashikshan Mahavidyalaya,Sultanpur
Navabhrathi College of Education,
Navajyothi College,,
Naval’s Degree College,
Navalbhau Pratisthan's Rukhminitai Arts and Commerce Mahila College,
Navambey Arts and Commerce College,
Navarasam Arts & Science College for Women,Erode
Naveen Chandra Tiwari Smarak Mahavidyalaya,Gonda
Naveen Government College,Janjgir - Champa
Naveen Government College,Raigarh
Naveen Shaskiya Mahavidyalaya,Raigarh
Navgan Shikshan Sanstha Rajuri (N) Mrs. Kesharbhai Sonajirao Kshirsagar Alias Kaku Arts, Science & Commerce College,
Navgan Shikshan Sanstha Rajuri’s Arts & Science College,
Navgan Shikshan Sanstha Rajuri's Arts and Commerce College,
Navjeevan Education Society’s, Navjeevan Law College,Nashik
Navjeevan Kisan Degree College,Meerut
Navjivan Arts and Commerce College,
Navjivan Science College,
Navkis College of Engineering,
Navneet Education Society’s, Navneet College of Commerce & Science,,Mumbai
Navnirman Shikshan Sanstha’s Laxmibai Sitaram Halbe College of Arts, Commerce & Science,Sindhudurg
Navoday Shaikshanik Sanstha Dhule’s Uttamrao Patil Arts & Science College,Dhule
Navodaya First Grade College,Tumkur
Navodaya Institute of Technology,Raichur
Navsahyadri Education Society’s Group of Institutions,
Navyug Arts and Commerce College,
Navyug Arts College,
Navyug Commerce College,
Navyug Kanya Mahavidyalaya,
Navyug Law College,
Navyug Mahavidyalaya,
Navyug Mahavidyalaya,Jaunpur
Navyug Science College,
Nawab Azmat Ali Khan Girls Degree College,,Muzaffarnagar
Nawab Shah Alam Khan College of Engineering & Technology,Hyderabad
Nawada Vidhi Mahavidyalaya,
Nayab Abbasi Girls Degree College,
Nayagarh College,
Nayagram Pandit Raghunath Murmu Government College,Paschim Medinipur
Nazareth College of Arts & Science,Chennai
Nazareth Margoschis College,
Nazeeri Mahavidyalaya,Kanpur Dehat
Nazira College,Sivasagar
Nazirul Hasan Teachers Training College,
NDMVP Samaj Institute of Management Research Technology,
Neela Shaila Mahavidyalaya,
Neelam Sanjiva Reddy College of Education,
Neeldeep College of Commerce,Ahmadabad
NEF College of Pharmaceutical Education& Research,Nagaon
NEF College of Pharmacy,
NEF Law College,
Nehru Academy of Law,Palakkad
Nehru Arts & Science College,
Nehru Arts and Science College,Coimbatore
Nehru College of Architecture,Palakkad
Nehru College of Engineering and Research Centre,
Nehru College of Management,Coimbatore
Nehru College of Nursing,Palakkad
Nehru College of Pharmacy,Thrissur
Nehru College,
Nehru College,Cachar
Nehru Degree (PG) College,
Nehru Govt. College,
Nehru Institute of Engineering and Technology,Coimbatore
Nehru Institute of Information Technology and Management,Coimbatore
Nehru Institute of Technology,Coimbatore
Nehru Mahavidyalaya (Arts, Commerce,Science),
Nehru Mahavidyalaya,
Nehru Memorial College,
Nehru Memorial Government College,
Nehru Memorial Law College,
Nehru Memorial PG College,
Nehru Memorial Shiv Narain Das P.G. College,
Nehru Samarak College,Rewa
Nehtaur Degree College,
Neil Gogte Institute of Technology,
Nelliandavar Institute of Technology,Ariyalur
Nemgonda Dada Patil Night College of Arts and Commerce,
Nepal Singh Mahavidyalaya,
Ness Wadia College of Commerce,Pune
Netaji Mahavidyalaya,
Netaji Nagar College for Women,
Netaji Nagar College,
Netaji Nagar Day College,
Netaji Satabarshiki Mahavidyalaya,
Netaji Shikshan Sanstha’s Subhash Baburao Kul Arts, Commerce & Science College,Pune
Netaji Subash Chandra Bose Govt. Medical College,
Netaji Subash Chandra Mahavidyalaya,
Netaji Subhas Ashram Mahavidyalaya,
Netaji Subhas Chandra Bose Institute of Pharmacy,Nadia
Netaji Subhas College,
Netaji Subhash Bose College,
Netaji Subhash Chander Bose Memorial Govt. College,
Netaji Subhash Chandra Bose Arts, Science & Commerce College,
Netaji Subhash Chandra Bose College,
Netaji Subhash Chandra Bose Government Girls Degree College,Lucknow
Netaji Subhash Chandra Bose Mahavidyalaya,Azamgarh
Netaji Subhash Engineering College,Kolkata
Netaji Subhash Mahavidyalaya,Gomati
Nevjabai Hitkarini College,
New Alipore College,
New Arts Commerce & Science College,
New Arts, Commerce  & Science  College,
New Arts, Commerce and Science College,
New Delhi International Arbitration Centre,New Delhi
New Education Society Science College,
New Education Society's Shriram Kusumtai Sadashiv Vanjare College,Ratnagiri
New Era College Of Science and Technology,
New Gandhi Memorial College of Education,Jammu
New Government Degree College for Women,Hyderabad
New Govt. Degree College,
New Great Scholars Degree College,Shahjahanpur
New Horizon College of Education,Bangalore
New Horizon College of Engineering,Bangalore
New Horizon College,Bangalore
New Horizon Institute of Technology and Management,Thane
New Law College,
New Law College,Pune
New Look Girls P.G. College,Banswara
New Prince Shri Bhavani Arts and Science College,Chennai
New Prince Shri Bhavani College of Engineering and Technology,Chennai
New Rajasthan Balika P.G. Mahavidyalaya,
New Science College,
Newman College,
Newton’s Institute of Engineering,Guntur
Ng. Mani College,
Niali College,
Nichnametla Subbamma Pattabhi Ramaiah Government Degree College for Women,Anantapur
NIE First Grade College,
NIFT-TEA College of Knitwear Fashion,Tiruppur
Nigam Institute of Engineering and Technology,Cuttack
Night College of Arts and Commerce,
Night Ingale College of Nursing,
Nihal Shyam College of Management Science and Technology,,Bareilly
NIIS Institute of Business Administration,
Nijampur - Jaitane Shikshan Prasarak Mandal’s Adarsh College of Arts,
Nikalas Mahila Mahavidyalaya,
Nikhil Banga Shikshan Mahavidyalay,
Nilakantheswar Degree Mahavidyalaya,
Nilamadhab Mahavidyalaya,
Nilamani Mahavidyalaya,
Nilambazar College,Karimganj
Nilgiri College of Arts & Science,The Nilgiris
Nilgiri College,
Nilgiri Women’s Degree College,
Nilkantharao Shinde Science & Arts College,
Nilratan Circar Medical College,
Nima Girls Arts College,
Nimapara College,
Nimbark Teacher Training Mahavidyalaya,
Nimra College of Engineering & Technology,
Nimra College of Pharmacy,Krishna
Niranjan Government Women’s College,Ganjam
Niranjan Mahavidyalaya,Ghazipur
Niranjan Singh Mahavidyalaya,Unnao
Nirma College of Pharmacy,Krishna
Nirmal Haloi College,Barpeta
Nirmal Krida & Samaj Prabadhan Turst's Arts, Science & Commerce,
Nirmal Mahavidyalaya,Karauli
Nirmala College for Women,Coimbatore
Nirmala College of Commerce,Mumbai
Nirmala College of Pharmacy,,
Nirmala College of Pharmacy,Guntur
Nirmala College,
Nirmala College,Ujjain
Nirmala Institute of Education & Technology,,
Nirmala Institute of Education,
Nirmala Memorial Foundation College of Commerce & Science,Mumbai
Nirmala Memorial Foundation College of Education, D.S. Road, Asha Nagar,,
Nirmalagiri College,
Nirsu Narain Mahavidyalaya,Vaishali
Nishitha Degree College,,Nizamabad
Nishtha Chaudhary Mahavidhyalay,
Nistarini College,
Niteshwar Mahavidyalaya,Muzaffarpur
Nitishwar Ayurved Medical College and Hospital,Muzaffarpur
Nitte Mahalinga Adyanthaya Memorial Institute of Technology,
Nitte Meenakshi Institute of Technology,
Nivedita Singh Girls Degree College,
Nizam College,
NKBR College of Professional Studies,
Noble College,
Noble College,Krishna
Noble Women’s College,
Noida College of Physical Education,
Noida Institute of Engineering & Technology,
Nongstoin College,
Nongtalang College,
Nonoi College,Nagaon
Noorul Islam College of Arts & Science,
Noorul Islam College of Engineering,Kanyakumari
Nootan Bharati Gram Seva Mahavidyalaya,
North Bank College,Lakhimpur
North Bengal Medical College,
North Bengal St. Xavier’s College,Jalpaiguri
North Bengal University College,
North East Institute of Social Science & Research,
North Gauhati College,Kamrup
North India College of Higher Education,Bijnor
North Kamrup College,Barpeta
North Lakhimpur College,Lakhimpur
Nowaraoam Arts & Science College for Women,Erode
Nowboicha College,Lakhimpur
Nowgong College,Nagaon
Nowgong Girls' College,Nagaon
Nowrangapur College,
Nowrosjee Wadia College,Pune
NPR Arts & Science College,Dindigul
NRI College of Pharmacy,Krishna
NRI Institute of  Information Science & Technology,,Bhopal
NRI Institute of Pharmaceutical  Science,,Bhopal
NRI Institute of Pharmacy,Bhopal
NRI Institute of Research and Technology,Bhopal
NRI Institute of Technology,,Guntur
NRI Institute of Technology,Krishna
Nrupatugna Arts & Commerce College,
NSHM College of Management & Technology,
NSHM Knowledge Campus,
NSHM Knowledge Campus, Kolkata - Group of Institutions,Kolkata
NTSS'S Shri Shankar Arts & Commerce College,
NTVS'S College of Education,
Nursing College,
Nusrathul Islam Arabic College,
Nutab Adarsh Arts & Commerce & Smt. Maniben Hiralal Yadag College of Science,
Nutan Maharashtra Vidya Prasarak Mandal’s Nutan Maharashtra Institute of Engineering and Technology,Pune
Nutan Mahavidyalaya,
Nutan Vidyalaya Arts, S.K.M. Science & Dr. P.P. Commerce college,
Nuvapada Sri Balaji Mahavidyalaya,
Nyaymurti Raja Chandra Shekhar Prasad Singh Degree College,Allahabad
Odapada Panchayat Samit Mahavidyalaya,
Ojaswani College of Education,Damoh
Ojaswini Institute Par Excellence,
Olaver College,
Om Budheshwar Nath R.S.V.S. Mahavidyalaya,
Om Degree College,
Om Ghushmeshwar Nath Mahavidyalaya,,Pratapgarh
Om Harihar Mahavidyalaya,Hamirpur
Om Jee Mahavidyalaya,Ghazipur
Om Jee Women College of Education,,Ghazipur
Om Mahavidyalaya,
Om Muruga College of Arts and Science,Salem
Om Prakash Mishra Smarak Mahavidyalaya,Azamgarh
Om Shiv Public Mahavidyalaya,
Om Uchh Shiksha Sansthan,
Om Vidyalankar Shikshan Sanstha's Asmita College of Arts and Comm. For Women,
Omega College of Pharmacy,,
Omega Institute of Science and Technology,Hyderabad
Omega PG College (MCA),,
Omkarananda Saraswati Government Degree College,
Ompal Munshi Singh Mahavidhyalaya,Aligarh
Omprakash Mahavidhyalaya,
Onda Thana Mahavidyalaya,Bankura
Onkar Nath Tripathi Law College,,Jaunpur
Onkarmal Somani College of Commerce,
Orange City College of Social Work,
Oriental College,
Oriental College,Patna
Orissa Engineering College,
Orissa Medical College of Homeopathy & Res.,
Osmania College,Kurnool
Osmania Medical College,Hyderabad
Osmania University College for Women,Hyderabad
Oupada College,
Oxford Engineering College,
P R Govt. College (Autonomous),Kakinada
P V R Trust Degree College,Kakinada
P. Rami Reddy Memorial College of Pharmacy,
P. Science College,
P.A. College of Engineering and Technology,Coimbatore
P.B. Sidhartha College of Arts & Science,Krishna
P.B.N. College,Guntur
P.B.R. Agriculture Degree College,Hardoi
P.B.S. College,
P.C. Jabin Science College,
P.C. Vigyan Mahavidyalaya,
P.C.M.S.D. College For Women,
P.D. Karkhanis College of Arts & Commerce,
P.D. Mahila Degree College,
P.D. Memorial College of Engineering,
P.D. Pandey Rapati Mahavidyalaya,Faizabad
P.D. Pandya Mahila Commerce College,
P.D.M. College of Commerce,
P.D.M. Graduate Teachers College,
P.E.S. College of Engg.,
P.E.S. College of Physical Education,
P.E.S. College of Science,
P.E.S. Evening College,
P.E.S. Institute of Advanced Management Studies,
P.E.S. Law College,
P.E.S. Modern College of Arts, Science and Commerce,Pune
P.G. College of Law,
P.G. College Osmania University,
P.G. College,
P.G. College,Saharanpur
P.G. Institute of Medical Sciences,Paschim Medinipur
P.G. Vigyan Mahavidyalaya,
P.G.D.A.V. College (Evening Classes),
P.G.D.A.V. College,
P.G.D.C.A. Technical College,
P.K. Das Institute of Medical Sciences,Palakkad
P.K. Mahavidyalaya,Kushinagar
P.K. Roy Memorial College,
P.K.M. College of Education,
P.K.N. Arts and Science College,
P.K.R. Arts College for Women,Gobichettipalayam
P.L. Singh College,Patna
P.L.N. First Grade College,Mandya
P.M. College of Education,Aligarh
P.M. College of Engineering,Sonipat
P.M. Govt. College,
P.M.B. Gujarati Arts and law College,
P.M.B. Gujarati Commerce College,
P.M.B. Gujarati Science College,
P.M.S. College,
P.N. College,
P.N. Das College,
P.N. Sanskrit Mahavidyalaya,
P.N. Sarode College of Arts, Commerce & Home Science,Wardha
P.N.C. & K.R. Degree College,Guntur
P.N.G. Govt. P.G. College,
P.P. College of Education,
P.P.K. College,
P.R. Engineering College,Thanjavur
P.R. Pote (Patil) Education & Welfare Trust, Group of Institutions, College of Engineering & Management,Amravati
P.R. Rajkiya Mahila Mahavidyalaya,
P.R. Thakur Government College,North Twenty Four Parganas
P.R.R. & V.S. Govt. College,Sri Potti Sriramulu Nellore
P.S. College,
P.S. Degree College,
P.S.C. & K.V.S.C. Govt. College,Kurnool
P.S.G. College of Arts & Science,Coimbatore
P.S.G. College of Technology,Coimbatore
P.S.G.R. Krishnammal College for Women,Coimbatore
P.S.R. Engineering College,Virudhunagar
P.S.V. College of Engineering & Technology,Krishnagiri
P.S.Y  Arts and Science College,
P.T. Sarvajanik College of Science,
P.V.A. Ekka M. College,
P.V.D.T. College of Education for Women,Mumbai
P.V.K.K. Institute of Technology,
P.V.K.N. Govt. College,Chittoor
P.W.S. Arts & Commerce College,
Paavai Engineering College,Namakkal
PACE Institute of Technology & Sciences,Prakasam
Pachaiyappa's College for Men,
Pachhunga University College,
Pachiyappa's College,
Pacific College of Physiotherapy,
Padamashree Dr. D.Y. Patil Institute of Pharmaceutical Sciences and Research,Pune
Padmabhusan Vasantrao Dada Patil Mahavidyalaya,
Padmabhushan Dr. Vsantraodada Pail Mahavidyalaya,
Padmabhushan Vasantraodaa Patil Institute of Technology,
Padmaja Naidu College of music,
Padmanath Gohain Baruah Govt. Model College,
Padmapani College of Physical Education,
Padmaphushan Vasant Dada Patil College,
Padmashree Dr. D.Y. Patil Institute of Engineering & Technology,Pune
Padmashree Institute of Management & Sciences,Bangalore
Padmashri Dr. Vithalrao Vikhe Patil Foundation’s College of Pharmacy,
Padmashri Dr. Vithalrao Vikhe Patil Foundation’s College of Physiotherapy,
Padmashri Dr. Vithalrao Vikhe Patil Foundation’s Institute of Business Management & Rural Development,
Padmashri Dr. Vithalrao Vikhe Patil Foundation’s Padmashri Dr. Vithalrao Vikhe Patil College of Engineering,
Padmashri Vikhe Patil College of Arts, Science & Commerce,
Padmasri Dr. B.V. Raju Institute of Technology,
Padmavani Arts and Science College for Women,Salem
Padmavati Mahila Mahavidyalaya,,
Padmshri Dr. V.B. Kolte College of Engineering,
Padua College of Commerce & Management,Dakshina Kannada
Pahalwan Gurudeen Mahila Mahavidyalaya,
Pahalwan Gurudeen Prasikshan Mahavidyalaya,Lalitpur
Pailan College of Education,South Twenty Four Parganas
Pakuahat Degree College,
Pakur B.Ed. College,
Paliwal Degree College,
Pallagatti Adavappa College of Arts and Commerce,
Pallavan College of Engineering,Thimmasamudram
Pallavi Engineering College,
Panampilly Memorial Govt. College,
Panchakot Mahavidyalaya,
Panchayat College,
Panchayat Degree College,
Panchayat Degree College,Deoghar
Panchayat Samiti College,
Panchayat Samiti Degree College,
Panchayat Samiti Degree College,Balangir
Panchayat Samiti Degree College,Bargarh
Panchayat Samiti Mahavidyalaya,Balangir
Panchla Mahavidyalaya,
Panchmura Mahavidyalaya,
Panchpir +3 Women’s College,
Panchsheel Mahavidyalaya,
Panchshil Degree College,Mirzapur
Panchthupi Haripada – Gouribala College,
Panchu Ram Yadav Mahavidyalaya,Jaunpur
Pandaveswar College,
Pandit Awadh Bihari Rajpati Mahavidyalaya,Pratapgarh
Pandit Bhagwat Dayal Sharma P.G. Institute of Medical Sciences,
Pandit Chetan Dev Government College of Education,
Pandit Deen Dayal Upadhyay Institute of  Agricultural Sciences,Bishnupur
Pandit Deen Dayal Upadhyay Rajkiya Mahavidyalaya,
Pandit Deen Dayal Upadhyaya Govt. Degree College,
Pandit Deendayal Upadhaya Mahavidyalaya,
Pandit Deendayal Upadhyaya Adarsha Mahavidyalaya,Bongaigaon
Pandit Dwarikadas Vigyan Mahavidyalaya,Betul
Pandit Dwarka Prasad Mishra Indian Institute of Information Technology, Design and Manufacturing
Pandit Dwarka Prasad Mishra Indian Institute of Information Technology, Design and Manufacturing, Jabalpur,Jabalpur
Pandit J.L. Nehru Mahavidyalaya,
Pandit jawahar Lal Nehru Memorial College,
Pandit Jawaharlal Nehru College of Agriculture and Research Institute,Karaikal
Pandit Mohan Lal S.D. College for Girls,
Pandit Motilal Nehru Law College,
Pandit Nehru Memorial College,Dhanbad
Pandit Neki Ram Sharma Government College,
Pandit Panchaxara Gavaigalavar Arts College,
Pandit Raghunath Murmu Smritis Mahavidyalya,
Pandit Ram Kedar Ram Kishor Tripathi Mahavidyalaya,Sultanpur
Pandit Ramshankar Banni Lal Pathak Shaskiya Mahavidyalaya,Jabalpur
Pandit Ramswaroop Upadhyay Mahavidyalaya.,Banda
Pandit Sant Ram Government Degree College,Kangra
Pandit Shambhu Nath Shukla Govt. P.G. College,Shahdol
Pandit Sivram Rajkiya Mahavidyalaya,Dehradun
Pandit Sukhraj Raghunathi Institute of Education and Technology,
Pandit Ugam Pandey College,
Pandit Ugam Pandey College,Champaran (East)
Pandit Uma Shankar Tiwari Mahila Mahavidyalaya,West Champaran
Pandu College,Kamrup
Pandurang Shamrao Mulgaonkar Vishesh Shikshan Adhyapak Mahavidyalaya,Pune
Panigaon Omprakash Dinodia College,Lakhimpur
Panihati Mahavidyalaya,
Panimalar Engineering College,
Panimalar Institute of Technology,Chennai
Panipat Institute of Engineering & Technology,,Panipat
Panipat Institute of Engineering & Technology,Panipat
Panjab University Evening College,
Pankaj Kala Mahavidyalaya,
Pankaj Maheshwari Smriti Mahavidyalaya Nandgram,
Panna Mahavidyalaya,
Panskura Banamali College,Purba Medinipur
Paradip College,
Parag Dei Mahila Mahavidyalaya,Sultanpur
Parajang Mahavidyalaya,
Parala Maharaja Engineering College,
Param Hansa Degree College,
Paramananda College,
Paramhans Pal Mahavidyalaya,
Paramount Teachers Training College,Muzaffarpur
Paras Nath Janardan Girls Degree College,Ghazipur
Paras Nath Mahavidyalaya,Kushinagar
Parasanath Mahavidyalaya,Sultanpur
Parashuram Verma Smarak Mahila Mahavidyalaya,
Parasnath Kushwaha College,
Parasnath Mahavidyalaya,Giridih
Parasnath Shikshan Prashikshan Mahavidyalay,
Parekh Brothers Science College,
Parimal Mitra Smriti Mahavidyalaya,
Parishkar College of Global Excellence,Jaipur
Parisutham Institute of Technology and Science,Thanjavur
Paritala Sriramulu  Govt. College,Anantapur
Park College of Engineering & Technology,Coimbatore
Park's College,Coimbatore
Parle Tilak Vidyalaya Association's Sathaye College,
Parmeshwar Singh Memorial Mahavidyalaya,
Parmeshwari Veena Sanskrit College,
Parmeswar Mahavidyalaya,
Parsandi Devi College of Law,Gautam Buddha Nagar
Parsandi Devi College of Management & Technology,
Parshuram Mahavidyalaya,,Jhansi
Parth Vidya Prasarak Mandal's Babuji Avhad Mahavidyalaya,
Parvathareddy Babul Reddy Visvodaya Institute of Technology & Science,Sri Potti Sriramulu Nellore
Parvathy’s Arts and Science College,Dindigul
Parvati Devi Mahavidyalaya,Bijnor
Parvati Mahila Mahavidyalaya.,Sultanpur
Parvati Mahila P.G. College,
Parvatibai Chowgule College of Arts and Science,
Parwati Laxmi Mahila Mahavidyalaya,
Parwati Mahavidyalay,
Paschim Barigog Anchalik Mahavidyalaya,Kamrup
Paschim Dhemaji College,Dhemaji
Paschim Guwahati Mahavidyalaya,Kamrup
Pashupati Nath Smarak Mahavidyalaya,
Pasumpon Muthuramalinga Thevar College,
Pasumpon Thiru Muthuramalinga Thevar Memorial College,Ramanathapuram
Pataldhamal Wadhwani College of Pharmacy,Yavatmal
Patamda Degree College,
Patel College,
Patel Degree College,
Patel J.B. Rudelwada Arts, Patel A.M. Rudewala Commerce & Patel J.D.K. Dawalwala Science College,
Patel Memorial National College,
Patel Panchayati Mahavidyalaya,
Patel Raman Brothers Arts & Patel Gopalbhai Ranchhodhi Commerce College,
Patel Shri Teekaram Mahavidyalaya,
Patel Vidyapeeth Mahavidyalaya,
Pathani Samanta College,
Patharkandi College,Karimganj
Patidarrang College,Kamrup
Patitapaban Degree College,
Patkai Christian College,
Patna College,Patna
Patna Dental College & Hospital,Patna
Patna Law College,Patna
Patna P.W. Medical College,Patna
Patna Science College,Patna
Patna Training College,Patna
Patna Women's College,Patna
Patna Women's Training College,Patna
Patpanhale Arts, Commerce & Science College,
Patrasayer Mahavidyalaya,
Patratu Thermal Power Station College,
Patrician College of Arts and Science,Chennai
Patronage Institute of Professional Studies,
Patsaku College,
Pattamundai College,
Patuck Polytechnic Trust’s Patuck-Gala College of Commerce,Mumbai
Pavai College of Technology,Namakkal
Pavanatma College,
Pavendar Bharathidasan College of Arts & Science,Pudukkottai
Pavitra Degree College,
Payyannur College,
Pazhassi Raja College,
Pazhassi Raja N.S.S. College,
Pd. Mahadev Shukla Krishak PG College,
Pedanandipadu College of Arts & Science,Guntur
Peet Memorial Training College,
Peetamber Degree College,
Pemraj Sarda College,
Pen Education Society’s Bhausaheb Nene Arts, Science and Commerce College,
Pendarani Mahavidyalaya,
People's College,
People’s College,,Mokokchung
People’s Education Society & Trust’s Shaikh College of Education,
People's Education Society Sanchalit Sheth D.L. Law College,
People's Education Society Sanchalit Shri J.B. Thakkar Commerce College,
People’s Education Society’s P.E.S. College of Engineering,Aurangabad
Peoples Co-operative Arts & Science College,
Peoples Education Society's Ist Grade College,
Peopletree Education Society’s BBA, BCA, B.Com College,
Peren Government College,Peren
PERI Institute of Technology,Chennai
Periyar Arts College,Cuddalore
Periyar College of Pharmaceutical Science for Girls,
Periyar E.V.R. College,
Periyar Maniyammai College of Technology for Women,
Periyar University Constituent College of Arts & Science,Dharmapuri
Periyar University Constituent College of Arts and Science,Dharmapuri
Periyar University Constituent College of Arts and Science,Salem
Permeshwar Prasad Mewalal Degree College,Pratapgarh
Perunthalaivar Kamarajar Arts College,
Peruulhalaivar Kamaraj College of Education,
PES Institute of Advanced Management Studies,
PES Institute of Technology & Management,
PES Institute of Technology,
PES Modern College of Pharmacy (for Ladies),Pune
PES'S Karm A.M. Patil Arts, Commerce and Kai, Annasheb N.K. Patil Science Seniro College,
Pettigrew College,
Pfutsero Government College,
PGP College of Arts & Science,Namakkal
Phek Government College,Phek
Phondaghat Education Society’s Arts and Commerce College,Sindhudurg
Phool Chandra Singh Tulsi Devi Mahavidyalaya,Allahabad
Phool Singh Bisht Rajkiya Mahavidyalaya,Tehri Garhwal
Phoola Devi Mangaroo Singh Memorial Mahavidyalaya,Azamgarh
Phoola Devi Mishra Mahavidyalaya,
Phoolchand Gramin Mahila Mahavidyalaya,Azamgarh
Phul Devi Kusheshwar Jha College,
Phule Samaj Sudhark Samitti’s Shahir Annabhau Sathe Mahavidyalaya,
Phulsing Naik Mahavidyalaya,
Pillai College of Architecture,Mumbai
Piloo Mody College of Architecture, ABIT group of Institutions,Cuttack
Pimpalner Education Society's Karm. A.M. Patil Arts, Commerce and Kai Annasaheb N.K. Patil Science Senior College,
Pimpri Chinchwad Education Trust’s Pimpri Chinchwad College of Engineering and Research,Pune
Pimpri Chinchwad Education Trust’s Pimpri Chinchwad College of Engineering,Pune
Pimpri Chinchwad Education Trust’s S.B. Patil Institute of Management,Pune
Pindi Mahavidyalaya,
Pindikesh Anchalika College (+3),
Pingla Thana Mahavidyalaya,
Pingle Govt. College for Women,
Pioneer College of Arts and Science,Coimbatore
Pioneer Institute of Professional Studies,
Pioneer Kumaraswamy College,
Pioneer Mahila Mahavidyalaya,Bara Banki
Pipar Teacher Training College,
Pipli College,
PIRENS - Institute of Business Management and Administration (IBMA),Ahmadnagar
Pitambardev Goswami College,Jorhat
Pithapur Rajah's Govt. College,East Godavari
Pithubar Girls’ Degree College,Dibrugarh
Plassey College,Nadia
PMS College of Dental Science and Research,Thiruvananthapuram
Pocker Sahib Memorial Orphanage College,
Poddar International College,
Polasara Science College,Ganjam
Polba Mahavidyalaya,
Pole Star College,
Pollachi College of Arts and Science,Coimbatore
Pompei College,
Ponda Education Society’s Ravi S. Naik College of Arts and Science,
Pondicherry Engineering College,
Ponjesly College of Engineering,
Ponnaiyah Ramajayam College,
Poojya Sane Guruji Vidya Prasarak Mandal’s College of Pharmacy,  Shahada,  Dist. Nandurbar-425 409,,
Poojya Sane Guruji Vidya Prasarak Mandal’s College of Pharmacy,Nandurbar
Pookaya Thangal Memorial Govt. College,
Poompuhar College,
Poona College of Arts, Science and Commerce,Pune
Poona College of Pharmacy,Pune
Poona District Education Association’s, Seth Govind Raghunath Sable College of Pharmacy,Pune
Poonamchand Gupta Vocational College,
Poonch College of Education,Jammu
Pooran Gopal Shukla National College of Law,Mathura
Pooranmal Ramlal Degree College,
Poornaprajna Institute of Management, Poornaprajna Campus,
Poornima College of Engineering,Jaipur
Poornima Institute of Engineering & Technology,Jaipur
Pope John Paul II College of Education,
Pope's College,
Popular College of Education,Kashmir
Post G. Training College for Physical Education,
Post Graduate Government College for Girls,
Post Graduate Government College,
Post Graduate Institute of Dental Sciences,Rohtak
Post-Graduate College,
Postgraduate Institute of Medical Education and Research,Chandigarh
Postgraduate Training College,Jorhat
Potti Sriramulu Chalavadi Mallikarjuna Rao College of Engineering & Technology,
PPG Business School,Coimbatore
PPG College of Arts and Science,Coimbatore
PPG Institute of Technology,Coimbatore
Prabal Brahm Mahavidyalaya,Ghazipur
Prabha Devi Bhagwati Prasad Mahavidyalaya,
Prabha Devi Mahavidyalaya,
Prabhakarrao Mamulkar Mahavidyalaya,
Prabhas Degree College,Vijayawada
Prabhat kumar College,
Prabhawati Devi Moti Prasad Mahavidyalaya,
Prabhu Devi Mahavidyalaya,Jaunpur
Prabhu Jagatbandhu College,
Prabhu Narain Singh Mahavidyalaya,
Prabhudas Thakkar Arts & Commerce College,
Prachi Mahavidyalaya,Kanpur Nagar
Prachya Niketan,
Pradnya Niketan Education Society’s Pune, Nagesh Karajagi Orchid College of Engineering and Technology,Solapur
Prafulla Chandra College,
Pragajyotish College,Kamrup
Pragati College of Arts & Commerce,Thane
Pragati Education Society’s Pragati Degree College,Palghar
Pragati Engineering College,East Godavari
Pragati Mahavidyalaya College of Arts & Commerce,
Pragati Mahila Kala Mahavidyalaya,
Prahlad Kumar Susheela Devi Shivajee Mahila Mahavidyalay,Basti
Prahladrai D.L. College of Commerce & Economics,
Praja Mandal Mahila Mahavidyalaya,
Prajyoti Niketan College,
Prakasam Degree College,West Godavari
Prakasam Engineering College,Prakasam
Prakash Chandra Mahavidyalaya,
Prakash College of Education,
Prakash Mahavidyalaya,
Prakash Mahavidyalaya,Hardoi
Pramothes Barua College,Dhubri
Pramukh Swami Medical College,
Pramukh Swami Science & H.D. Patel Arts College,
Pran Devi Mahadev Mahavidyalaya,Gonda
Pranab Chatterjee Mahavidyalaya,
Pranab Jubilee College,Karbi Anglong
Pranabananda Woman's Colege,
Pranakrishna Mahavidyalaya,
Prananath College,
Prannath Parnami Institute of Management & Technology,Hisar
Pranveer Singh Institute of Technology,
Prasad V. Potluri Siddhartha Institute of Technology,Krishna
Prasanna Purusottam Dev Mohavidyalaya,Cuttack
Prasannadeb Women's College,
Prasanta Chandra Mahalanobis Mahavidyalaya,
Prasasvi T.T. College,Dausa
Prashanti College of Professional Studies,Ujjain
Pratap Bahadur Degree College,
Pratap College of Education,
Pratap College,
Pratap Mahavidyalaya,Jaipur
Pratap T. T. College,Jaipur
Prathisthan Mahavidyalaya,
Prathyusha Engineering College,
Pratibha Niketan Mahavidyalaya (Arts Science, Commerce),
Pratibha Ucch Shiksha Sansthan,
Pravabati College,
Pravara Medical Trust’s Ayurved College & Shri Eknath Ayurved Rugnalaya,
Pravara Rural College of Education,
Pravara Rural College of Pharmacy,
Pravara Rural Education Society’s Arts, Commerce, Science and Computer Science College,Ahmadnagar
Pravara Rural Education Society’s Arts, Science and Commerece College,
Pravara Rural Education Society’s Pravara College of Physical Education,
Pravara Rural Education Society’s Sir Visvesvaraya Memorial Engineering College,
Pravara Rural Education Society’s, Pravara Rural Engineering College,
Prayag Citizen Law College,
Prayag Mahavidyalaya,Allahabad
Prayag Mahila Vidyapeeth Degree College,
Prem Prakash Singh Kamla Devi Mahavidyalaya,Sitapur
Prem Prayag Mahavidyalaya,
Prem Singh Swatantrata Senani Mahavidyalaya,Bijnor
Prema Katiyar Shikshan Sansthan Mahavidyalaya,
Premi Devi Samaj Kalyan Mahila Mahavidyalaya,
Premlata Madan Mohan College of Education,Nalanda
Premlata Mahila Mahavidyalaya,
Prerna Mahavidyalaya,Bara Banki
Presidency College,
Presidency College,Bangalore
Prestige Institute of Engineering Management & Research,Indore
Prestige Institute of Management and Research,
Prestige Institute of Management,Gwalior
Prin. L. N. Welingkar Institute of Management Development & Research,Mumbai
Prin. M.C. Shah College of Commerce,
Prince College,Sikar
Prince Dr. K. Vasudevan College of Engineering and Technology,Chennai
Prince Shri Venkateshwara Arts and Science College,Chennai
Prince Shri Venkateshwara Padmavathy Engineering College,Chennai
Princess T.T. College,
Princeton College of Pharmacy,
Princeton Institute of Engineering and Technology for Women,,Hyderabad
Principal Arunrao Kalode Mahavidyalaya,Nagpur
Pritee Rural Institute for Technology & Education,Bareilly
Prithavi Raj Chauhan Mahavidyalaya,
Prithvi Shiv Kisan Majdoor Balika P.G. College,
Prithviraj Chauhan Institute of Education & Technology,
Priya Darshini Anjuman Islamia Girls College,
Priya Rani Roy Degree College,Sitamarhi
Priyadarshi Ashok Mahavidyalaya,Sonbhadra
Priyadarshini Bhagwati College of Engineering,
Priyadarshini College of Engineering & Technology,Sri Potti Sriramulu Nellore
Priyadarshini College of Engineering,Nagpur
Priyadarshini Engineering College,Vellore
Priyadarshini First Grade College,
Priyadarshini Indira Degree Mahavidyalaya,Kalahandi
Priyadarshini Indira Gandhi Govt. College for Women,
Priyadarshini Institute of Architecture and Design Studies,,
Priyadarshini Institute of Engineering and Technology,Nagpur
Priyadarshini Institute of Technology & Management (GK),Guntur
Priyadarshini Institute of Technology & Science,Guntur
Priyadarshini J.L. College of Engineering,Nagpur
Priyadarshini J.L. College of Pharmacy,Nagpur
Priyadarshini Mahila Mahavidyalaya,
Priyanka Mahavidyalaya,Azamgarh
Pro. Deenanath Pandey Mahavidhyalaya,,Banda
Prof. Brijmohan Mishra Institute of Medical & Technical Sciences,
Prof. Gursewak Singh Government College of Physical Education,
Prof. H.N. Misra College of Education,
Prof. N.D. Patil Mahavidyalaya,
Prof. Rajabhau Deshmukh Kala Mahavidhyalaya,
Prof. Ram Meghe College of Engineering & Management,Amravati
Prof. Ram Meghe Institute of Technology & Research,
Prof. Ramkrishna More Arts, Comomerce & Science College,Pune
Prof. Ramnath Pandey Mahila Mahavidyalaya,
Prof. S. Nurul Hasan College,
Prof. Sambhajirao Kadam College,
Prof. V.B. Shah Institute of Management,  R.V. Patel College of Commerce,,
Professional Group of Institutions,Tiruppur
Progati College,Dhubri
Progressive Education Society’s Modern College of Pharmacy,Pune
Progressive Education Society’s Modern Institute of Business Management,Pune
Progressive Education Society's Modern Institute of Business Studies,Pune
Progressive Education Society’s Modern Law College,Pune
Progressive Education Society’s, Modern College of Engineering,Pune
Progressive Eductation Society’s B.Ed. College,Pune
Proudhadevaraya Institute of Technology  Karnataka,Ballia
Providence College for women,Nilgiri
Providence Women's College,
PSG College of Nursing,Coimbatore
PSG Institute of Technology and Applied Research,Coimbatore
PSIT -  Pranveer Singh Institute of Technology (Pharmacy),Kanpur Nagar
PSIT College of Higher Education,
PSN College of Education,Tirunelveli
PSN College of Engineering & Technology,Thiruvenelveli
PSN Engineering College,Palayamkottai Taluk Tirunelveli
PSN Institute of Technology & Science, Melathediyoor,Tirunelveli
Pt Deen Dayal Upadhya Rajkiya Degree College,
Pt. Ambika Pratap Narayan Degree College,
Pt. Ashok Mishra Smarak Mahavidyalaya,Bahraich
Pt. Bachchi Lal Dwivedi Mahavidyalaya,
Pt. Chandra Dev Pandey Mahavidyalay,,Sant Kabir Nagar
Pt. Chandra Prakash Sharma Mahavidyalaya,Mathura
Pt. Chandrika Smarak Purvanchal Mahavidyalaya,
Pt. Chiranji Lal Sharma Govt. College,
Pt. Deen Dayal Upadhya Girls College,
Pt. Deen Dayal Upadhyay Government College,
Pt. Deen Dayal Upadhyay Government Girls Degree College,
Pt. Deen Dayal Upadhyay Govt. Degree College,
Pt. Deen Dayal Upadhyay Gramodya Mahavidyalaya,
Pt. Deen Dayal Upadhyay Management College,
Pt. Deen Dayal Upadhyaya Govt. Girls Degree College,
Pt. Deendayal Upadhyay College,
Pt. Deendayal Upadhyay Govt. College,
Pt. Dev Narayan Shukla Mahavidyalaya,Fatehpur
Pt. Gajraj Shukla Mahavidyalaya,
Pt. Gangadhar Pandey Shravan Kumar Mahavidyalaya,
Pt. Ghanaram Hariram Mahavidyalaya,
Pt. Hari Sahay Degree College,
Pt. Harishankar Shukla Memorial College,
Pt. J.L.N. College,
Pt. J.L.N.M. Medical College,
Pt. J.N. Govt. Degree College,
Pt. Jag Narayan Shukla Gramoday Mahavidyalaya,
Pt. Jagannath Mishra Mahavidyalaya,
Pt. Jwala Prasad Upadhyay  Government College Patna.,
Pt. Kamlapati Tripathi Govt. P.G. College,
Pt. Kashi Prasad Dixit Shikchhan & Prashikchhan Mahavidyalaya,
Pt. Kundan Lal Shukla Mahavidyalaya,
Pt. L.M.S. Govt. P.G. College,
Pt. Lalta Prasad Ram Krishan Mahavidyalaya,
Pt. Laxmi Narayan Memorial Mahavidyalaya,
Pt. Mahaveer Prasad Tripathi Mahavidyalaya,Mirzapur
Pt. Manish Sharma Degree College,
Pt. Mohan S.D. College For Women,
Pt. Nagina Smarak Mahavidyalaya,Azamgarh
Pt. Om Prakash Sharma Mahaivdyalaya,
Pt. Omkar Nath Degree College,
Pt. Parashuram Dwivedi Mahavidyalaya,
Pt. Prannath Kamta Prasad M.V. Mahavidyalaya.,Bara Banki
Pt. Prithi Nath (PG) College,
Pt. Purnanand Tewari Government Degree College,Nainital
Pt. Purushottam Degree College,
Pt. Raj Narain Mishra Degree College,
Pt. Raja Ram Upadhaya Mahavidyalaya,Chitrakoot
Pt. Rajpati Mahavidyalaya,
Pt. Ram Adhin Dixit Educational Training Institute,
Pt. Ram Charitra Mishra Mahavidyalaya,
Pt. Ram Dutt Shukla Degree College,
Pt. Ram Komal Dwivedi Degree College,
Pt. Ram Kripal Dixit Degree College,
Pt. Ram Kumar Shukl Mahavidyalaya,Allahabad
Pt. Ram Lakhan Shukla Govt. P.G. College,
Pt. Ram Narayan Sharma Mahavidyalaya,Pratapgarh
Pt. Ram Shabd Smriti Mahavidyalaya,Ambedkar Nagar
Pt. Ramashankar Mishra Mahavidyalaya.,Varanasi
Pt. Ramesh Chandra Parasnath Mahavidaylaya,Jaunpur
Pt. Rameswar Bajpai Smriti Mahavidyalaya,
Pt. Rampravesh Chaubey Mahavidyalaya,Varanasi
Pt. Rishi Maharaj Mahavidyalaya,
Pt. S.N. Shukla Govt. College,Shahdol
Pt. Sahdev Prasad Trivedi Mahavidyalaya,
Pt. Satya Narayan Dwivedi Smarak Mahavidyalaya,Sultanpur
Pt. Shanti Bhushan Mahavidyalaya,Varanasi
Pt. Shivratan Dubey Girls Mahavidyalaya,
Pt. Shree Chand Sharma Memorial College,
Pt. Shri Ram Pratap Shukla Mahila Mahavidyalaya,
Pt. Som Chandra Dwivedi Mahavidyalaya,Kaushambi
Pt. Sripati Mishra Degree College,
Pt. Sunderlal Memorial Degree College,
Pt. Surya Narayan Chaturvedi Mahavidyalaya,
Pt. Thakur Prasad Tripathi Kishan Mahavidyalaya,
Pt. Udai jain Mahavidyalaya Jawahar Vidyapeeth,
Pt. Umashankar Narayan Hari Mahavidyalaya,Hamirpur
Pt. Vasudev Tiwari Girls Science Degree College,
PTVA’s Institute of Management,Mumbai
Pub - Kamrup College,Kamrup
Pub Dikrong College,Lakhimpur
Pub Majuli College,Jorhat
Public College of Commerce,
Public College,
Public Degree College,
Public Girls Degree College,Azamgarh
Public Khalsa College for Women,
Public Mahila Sahar Mahavidyalaya,
Pujya Bhaurao Devras Mahavidyalaya,
Pune Julha Mandal's Mamasahib Momol Arts & Commerce College,Pune
Pune Vidyarthi Griha’s College of Engineering & Shrikrushna S. Dhamankar Institute of Management,Nashik
Pune Vidyarthi Griha’s College of Engineering and Technology,Pune
Punjab Institute of Management & Technology,Ludhiana
Punjab Sindh Chetra Sadu Mahavidyalaya,
Puras - Kanpur Haridas Nandi Mahavidyalaya,
Purbanchal College,Dhemaji
Purbasthali College,Puruliya
Purnea College,
Purnea Mahila College,
Purnidevi Chowdhury Girls College,
Purnima Ram Pratap Sanskrit Mahavidyalaya,
Purnodaya Mahila Mahavidyalaya,Varanasi
Puroshotam Singh Mahavidyalaya,Sultanpur
Purushottam Lal Sharma Mahavidyalaya,
Purushottam Mahavidyalaya,Mau
Purushottam Shri Ram Degree College,Kanpur Nagar
Purushottam Thote College of Social Work,
Purvanchal Degree College,
Purvanchal Mahila Degree College,Mau
Purvanchal P.G. College,
Pushp Institute of Sciences & Higher Studies,
Pushpa Devi Girls College,Etah
Pushpanjali College of Education,
Puthimari College,Kamrup
Pyare Lal Smarak Mahavidyalaya,
Pyari Devi Rajit Mahavidyalaya,
Pydah College of Engineering,East Godavari
Pydah College of Pharmacy,East Godavari
Pydah College,Visakhapatnam
Q. F. Mahavidyalaya,Bara Banki
QIS College of Engineering & Technology,Prakasam
QIS College of Pharmacy, Vengamukkapalem,Prakasam
Quality Education and Trainings (Q.E.T.) College,Kashmir
Queen Mary's College,
Quiad-E-Millet Government College for Women,
R. B. Madkholkar Mahavidyalaya,
R. G. Mahavidyalaya,Kanpur Dehat
R. K. Saha Women’s College,
R. Mishra College,
R. N. Institute of Modern Management Education & Research Centre,
R. S. D. Academy,
R. S. Raj Mahavidyalaya,Jaunpur
R.A. Podar College of Commerce & Economics,
R.A.F. Mahila Mahavidyalaya,Mau
R.A.S. Degree College,Lucknow
R.B. Attal Arts, Science & Commerce College,
R.B. College,
R.B. Degree College,
R.B. Narayanrao Borwake College,
R.B. Sagar College of Education,
R.B. Singh Mahavidyalaya,
R.B.A.N.M.S. First Grade College,
R.B.D. Mahila Mahavidyalaya,
R.B.G.R. College,
R.B.S College of Management & Technology,
R.B.S. College,
R.B.S. College,Aligarh
R.B.S. Mahavidyalaya,Basti
R.B.S.S. Mahavidyalaya,Rewa
R.B.V.R.R. Women's College,
R.C Sharma Mahavidyalaya,Agra
R.C. College of Commerce,
R.C. Patel Arts, Commerce and Science College,
R.C. Patel B. Pharmacy College,
R.C.A. Girls Degree College,
R.C.C. S. College,
R.C.M. Science College,
R.C.S Memorial Degree College,Agra
R.C.S. law College,
R.D. & D.J. College,
R.D. Engineering College,
R.D. Memorial Degree College,Bijnor
R.D.R.B. Mahavidyalaya,
R.D.R.P.S. Degree College,
R.D.S. College,
R.D.S. Degree Mahavidyalaya,
R.D.S. Mahavidyalaya,Jaunpur
R.D.S. Public Girls College,
R.E.S.E.T. College of Education,Kashmir
R.G. Baruah College,Kamrup
R.G. Kar Medical College,
R.G. Shah Science College,
R.G. Teachers College,
R.G.N.P. Degree College,Bijnor
R.H. Patel Arts and Commerce College,
R.I.E.T. Vidyapeeth,
R.I.H.S.,
R.J. College of Arts & Science & Commerce,
R.J. Degree College,
R.J. Institute of Higher Education,Bulandshahr
R.J. Mahavidyalaya,Aligarh
R.J. Tibrewal Commerce College,
R.K. College of Education,Jammu
R.K. College of Systems & Management,
R.K. College,
R.K. College,Meerut
R.K. Degree College,Jammu
R.K. Gupta Memorial Institute of Technology & Management,
R.K. Institute of Management and Computer Science,Bangalore
R.K. Mahavidyalaya,Sultanpur
R.K. Mahila College,
R.K. Sanatombi Devi College of Education,
R.K. Talreja College of Arts, Science & Commerce,
R.K.Arya College,
R.K.K. College,Purnia
R.K.S.D. College,
R.L. College,
R.L.S Memorial Degree College,,
R.L.S. Law College,Davanagere
R.L.S.Y. College,
R.M. College of Education,Jammu
R.M. Devi C.D. Rai College,Rohtas
R.M.D. Engineering College,Thiruvallur
R.M.K. College of Engineering and Technology,Thiruvallur
R.M.K. Engineering College,Thiruvallur
R.M.P. Post - Graduate College,
R.N. College,
R.N. College,Vaishali
R.N. Girls Degree College,
R.N. Singh Govt. College,Sidhi
R.N. Singh Mahavidyalaya,Allahabad
R.N.A.R. College,
R.N.C. Arts. J.D.B. Commerce and N.S.C. Science College,
R.N.C. Mahavidyalaya,Ballia
R.N.G. Patel Institute of Technology,Surat
R.N.M.M. Law College,
R.N.T. College of Teacher Education (S.S),
R.N.T. Medical College,
R.P. Degree College,
R.P. Educational Trust’s R.P. Institute of Hospitality & Management,Palghar
R.P. Gogate College of Arts, Science & R.V.J. College of Commerce,
R.P. Kanya Mahavidyalaya,
R.P. Yadav Balika Mahavidyalaya,Sant Kabir Nagar
R.P. Yadav Mahavidyalaya,
R.P.A. First Grade College,Bangalore
R.P.M. Degree College,Hatras
R.P.S. College,
R.P.S. College,Patna
R.P.S. College,Vaishali
R.P.S. Sansthan,Udaychandpur,,
R.P.S. Teacher’s Training College,Muzaffarnagar
R.R. Bawa D.A.V. College For Girls,Gurdaspur
R.R. Institute of Technology,
R.R. Lahoti Science College,
R.R. Lalan College,
R.R. Mahavidyalaya,,Pratapgarh
R.R. Mehta College of Science and C.G. Parek College of CommercePalanpur,
R.R.D.S. Govt. Degree College,West Godavari
R.R.M. College of Science, C.L.P. College of Commerce & G.D. Modi College of Arts,
R.R.M.K. Arya Mahila Mahavidyalaya,
R.R.S. College,
R.S. Banaras Law College,
R.S. Bidkar Arts, Science & Commerce College,
R.S. College of Education,Jammu
R.S. College,
R.S. Degree College,
R.S. Govt. Degree College,
R.S. Mahavidyalaya,
R.S. Mahavidyalaya,Muzaffarpur
R.S. More College,
R.S. Mundle Dharampeth Arts, Commerce & M.P. Dev Science Mahavidyalaya,
R.S.D. Academy,
R.S.D. College,
R.S.G.U. Degree (P.G.) College,
R.S.K.D. PG Degree College,
R.S.M. Degree College,
R.S.M.P. Degree College,
R.S.P. College,
R.S.S. Degree College,
R.S.S. Mahila College,Sitamarhi
R.T.E.S.'S Arts, Science & Commerce College,
R.V. Bidap Law College,
R.V. College of Engineering,
R.V. Higher Education and Technical Institute,
R.V. Institute of Management,Bangalore
R.V. Teachers college,
R.V.P. First Grade College,Tumkur
R.V.R. & J.C. College of Engineering,Guntur
R.V.S. College of Engineering & Technology,
R.V.S. College of Engineering and Technology,Dindigul
R.V.S. College,
R.V.V. Mahila College,Muzaffarpur
R.V.V.N.  College,Guntur
RAAK Arts and Science College,Viluppuram
RAAK College of Engineering and Technology,
Raath Mahavidyalaya,
Rabiammal Ahamed Maideen College for Women,
Rabindra Bharati Mahavidyalaya,Purba Medinipur
Rabindra Mahavidyalaya,
Rabindra Satabarsiki Mahavidyalaya,
Rabindranath Thakur Mahavidyalaya,Sepahijala
Rabindrasashan Girl's College,Karimganj
Rachana Sansads Academy of Architecture,Mumbai
Radha Krishna Kanya Mahavidyalaya,
Radha Krishna Mahavidyalaya,
Radha Krishna Mahila Mahavidyalaya,
Radha Mahavidyalaya,Nagpur
Radha Raman Mishra Mahavidyalaya,
Radha Shanta Mahavidyalaya,
Radha Umakant Sanskrit Mahavidyalaya,
Radhabai Kale Mahila Mahavidyalaya (Arts & Sciences),
Radhai Mahavidyalaya,
Radhakrishna Mahavidyalaya,Unnao
Radhakrishnan Teachers Training College,
Radhamadhab College,Cachar
Radhamohan Kisan Majdoor Mahavidyalaya,
Radhanagari Mahavidyalaya,
Radhanath Institute of Advance Studies,
Radhanath Rath Vigyan Degree Mahavidyalaya,Cuttack
Radhey Hari Government P.G. College,
Radhika Mahavidyalaya,,Gorakhpur
Raghav Mahavidyalaya,
Raghav Ram Diwaker Dutt Gyanoday Mahavidyalaya,
Raghavendra Institute of Pharmaceutical Education & Research (RIPER),Anantapur
Raghu Engineering College,Visakhapatnam
Raghu Institute of Technology,Visakhapatnam
Raghunandan Kishundev Mahavidyalaya,Ghazipur
Raghunandan Prasad Mandal Degree Mahavidyalaya,
Raghunath College,
Raghunath Girls Post Graduate College,
Raghunath Prasad Degree College,Banda
Raghunathjew College,
Raghunathpur College,
Raghuraja Ramgopal Mahavidyalaya,
Raghuram Mahavidyalaya,
Raghuvar Dayal Prabhu Dayal Kanya Mahavidyalaya,
Raghuveer Mahavidyalaya,Jaunpur
Raghuvir Singh Govt. Degree College,
Raghuwar Dayal Prabhu Dayal Institute of Higher Education,Bulandshahr
Raghwendra Sanskrit College,Patna
Raha College,Nagaon
Rahmaniya Degree College,Mau
Rahul Mahavidyalaya,
Rai Saheb Bhanwar Singh College,
Rai Umanath Bali Mahavidyalaya Daryabad,
Raid Laban College,
Raidighi College,
Raiganj B.Ed. College,Uttar Dinajpur
Raiganj Surendranath Mahavidyalaya,
Raiganj University College,
Raihan College of Education,Kashmir
Railway Degree College,
Rainbow Mahila Sansthan,Ghazipur
Raipur Institute of Technology,
Rairangpur College,
Raj Bahadur P.G. College,
Raj Degree College,Allahabad
Raj Gaurav Mahavidyalaya,Jaunpur
Raj Kishor Singh Mahavidyalaya,
Raj Kumari Amrit Kaur College of Nursing,
Raj Narain Pandey P.G. College,
Raj Narayan Singh Mahavidyalaya,
Raj Rani Co-Education College,
Raj Rishi College,
Raj School of Management Sciences,Varanasi
Raja Akhand Pratap Mahavidyalaya,Faizabad
Raja Balwant Singh College,
Raja Bhaiya Verma Mahavidhyalaya,Jhansi
Raja Bhoj Government College,Balaghat
Raja Bhoj Govt. College,
Raja Birendra Chandra College,Murshidabad
Raja Birendra Kant Singh Mahavidyalaya,
Raja Devi Bux Singh Awadhraj Singh Mahavidyalaya Evam Prashikshan Sansthan,Gonda
Raja Devi Degree College,
Raja Devi Mahila Mahavidyalaya,
Raja Harishchandra Mahavidyalaya,
Raja Harpal Singh Degree College,
Raja Kanh P.G. College,
Raja Lakhama Gonda Law College,
Raja Lakhamagouda Science Institute,
Raja Madhusudan Dev Degree College of Science & Education,
Raja Mohan Girls Degree College,
Raja Narendralal Khan Women's College,
Raja Pearymohan College,
Raja Raghuraj Singh Degree College,
Raja Ram Bapu College of Pharmacy,
Raja Rammohan Roy Mahavidyalaya,
Raja S.P. Singh Degree College,
Raja shripatrao Bhagwant Rao Mahavidyalaya,
Raja Singh College,
Rajadhani Institute of Engineering and Technology,Thiruvananthapuram
Rajagiri College of Social Sciences,
Rajagiri Dawood Batcha College of Arts and Science,Thanjavur
Rajagiri School of Engineering & Technology,
Rajah Duraisingam Memorial Government College,Sivagangai
Rajah R S R K Rangarao College,Vizianagaram
Rajah Serfoji Government College,
Rajah's College of Sanskrit & Tamil Studies,
Rajajinagar College of Education,Bangalore
Rajalakshmi Engineering College,Chennai
Rajalakshmi Institute of Technology,Chennai
Rajamahendri Degree & P.G. College for Women,Rajahmundry
Rajamahendri Institute of Engineering & Technology,
Rajan Chandrika Mahavidyalaya,Ghazipur
Rajan College of Womens Education,Mau
Rajapalayam Raju's College,
Rajarajeswari College of Engineering,Bangalore
Rajarajeswari Dental College & Hospital,Bangalore
Rajarajeswari Medical College & Hospital,Bangalore
Rajaram College,
Rajaram Smriti Mahavidyalaya,Ghazipur
Rajarambapu Institute of Technology,
Rajarshee Shahu Science College,
Rajarshi Chh. Sahu College,
Rajarshi Rananjay Sinh Asaldev Mahavidyalaya,
Rajarshi Shahu Arts and Commerce College,
Rajarshi Shahu Arts, Commerce & Science College,Aurangabad
Rajarshi Shahu Law College,
Rajarshi Shahu Mahavidyalaya,
Rajarshi Shahu Mahavidyalaya,Parbhani
Rajarshi Shariwahan Degree College,
Rajarshi Tandon Mahila Mahavidyalaya,
Rajasthan Aryan Arts & Shri Mithulaji Kacholiya Commerce & Shri Satyanarayanji Ramkrishanji Rathi Science Mahavidyalaya,
Rajasthan Mahila Teachers Training College,
Rajasthan Sangeet Sansthan,Jaipur
Rajasthan Shiksha Mahavidyalaya,
Rajasthan Shiksha Prashikshan Vidyapeeth,
Rajasthan Teacher's Training Collee for Women,
Rajasthan Vidyapeeth Haribhau Upadhya - Shikshak Mahavidyalaya,
Rajasthan Vidyapeeth Vijay S.Pathik Sharamjeevi College,
Rajasthani Sammelan’s Ghanshyamdas Saraf College of Arts & Commerce,
Rajasthani Sammelan’s Ladhidevi Ramdhar Maheshwari Night College of Commerce,Mumbai
Rajat Balika Degree College,Ambedkar Nagar
Rajat College of Education and Management,Lucknow
Rajat Degree College of Education and Training Institute,Ambedkar Nagar
Rajat Girl’s Degree College,
Rajat Mahila Mahavidyalaya,
Rajat Women’s College of Education & Management,Lucknow
Rajbahadur Singh Degree College,
Rajbahadur Singh Smarak Mahavidyalaya,
Rajbahadur Yadav Mahavidyalaya,Jaunpur
Rajbaksh Singh Smarak Mahavidyalay,Ambedkar Nagar
Rajdeep Mahila Mahavidyalaya,Mirzapur
Rajdei Devi Mahavidyalaya,Azamgarh
Rajdeo Krishak Mahavidyalaya,
Rajdhani College,
Rajdhani Engineering College,
Rajdhari Singh Smarak Mahavidyalaya,Ghazipur
Raje Chhatrapati Kala Mahavidyalaya,
Raje Ramrao College,
Rajeev Academy for Technology  Managemetn,
Rajeev Gandhi College of Education,Raisen
Rajeev Gandhi College of Management Studies,
Rajeev Gandhi D.A.V. Mahavidyalaya,
Rajeev Gandhi Govt. College,
Rajeev Gandhi Govt. Post Graduate College,
Rajeev Gandhi Mahavidyalaya,
Rajeev Gandhi Memorial College of Engineering & Technology,Kurnool
Rajeev Institute of Technology,Hassan
Rajendra Babu Mahavidyalaya,
Rajendra Central Agricultural University,Samastipur
Rajendra College,
Rajendra Institute of Medical Sciences,
Rajendra Kishori B.Ed. College,Siwan
Rajendra Mane College of Engineering and Technology,Ratnagiri
Rajendra Memorial Mahila College,
Rajendra Prasad Degree College,
Rajendra Prasad Mahavidyalaya,Rae Bareli
Rajendra Prasad Memorial Degree College,Bijnor
Rajendra Prasad Singh Degree College,Bokaro
Rajendra Prasad Tara Chand Mahavidyalaya,
Rajendra Prasad Tripathi Mahavidyalaya,Chandauli
Rajendra Singh Kamla Devi Mahavidyalaya,Sitapur
Rajesh Kumar Mahavidyalaya,
Rajesh Kumar Sadhana Devi Mahavidyalaya,
Rajesh Pilot Government College,
Rajeshwar Lal College,
Rajeshwar Mahadev Degree College,Ghazipur
Rajeshwari College of Arts & Science for Women,Viluppuram
Rajeswari Vedachalam Government Arts College,
Rajgad Dnyanpeeth’s College of Pharmacy,Pune
Rajganj College,Jalpaiguri
Rajganj Degree College,
Rajindra College,
Rajindra Government College,
Rajiv Academy For Technology & Management,
Rajiv Gandhi Arts & Science College,
Rajiv Gandhi College of Engineering & Research,Nagpur
Rajiv Gandhi College of Engineering and Technology,
Rajiv Gandhi College,
Rajiv Gandhi Degree College,
Rajiv Gandhi Degree College,Rajahmundry
Rajiv Gandhi Government College for Women,Bhiwani
Rajiv Gandhi Government College,Ambala
Rajiv Gandhi Institute of Petroleum Technology, Jais
Rajiv Gandhi Institute of Petroleum Technology, Jais,Raebareli
Rajiv Gandhi Institute of Technology,Bangalore
Rajiv Gandhi Institute of Veterinary Education & Research (RIVER),
Rajiv Gandhi Mahavidyalaya,Nanded
Rajiv Gandhi Mahila Mahavidyalaya,
Rajiv Gandhi Memorial College of Education,Jammu
Rajiv Gandhi Memorial College,Bongaigaon
Rajiv Gandhi Memorial Government Arts and Science College,Palakkad
Rajiv Gandhi Memorial Govt. College,
Rajiv Gandhi Memorial Mahavidyalaya,
Rajiv Gandhi National Institute of Youth Development,Kanchipuram
Rajiv Gandhi Shiksha Mahavidyalaya,
Rajiv Gandhi Vidyapeeth Mahavidyalaya,
Rajiv Gandhi Vocational Education & Training College,
Rajjan Devi Hemant Kumari Mahavidhyalaya,Jalaun
Rajkali Devi Mahavidyalaya,
Rajkali Ramashankar Shukla Mahavidyalaya,Pratapgarh
Rajkeeya Mahavidyalaya,Tehri Garhwal
Rajkishore Verma Mahila Mahavidyalaya Shikshan Sansthan,
Rajkiya Girls Degree College,
Rajkiya Hadi Rani College,
Rajkiya Kanya Mahavidyalaya,Shimla
Rajkiya Laxminath Shastri Sanskrit Mahavidyalaya,
Rajkiya Mahavidhyalay,Chamoli
Rajkiya Mahavidyalaya Chinyalisaur,Uttarkashi
Rajkiya Mahavidyalaya Kanvaghati,
Rajkiya Mahavidyalaya,
Rajkiya Mahavidyalaya,,
Rajkiya Mahavidyalaya,,Almora
Rajkiya Mahavidyalaya,,Nainital
Rajkiya Mahavidyalaya,Almora
Rajkiya Mahavidyalaya,Bara Banki
Rajkiya Mahavidyalaya,Chamoli
Rajkiya Mahavidyalaya,Champawat
Rajkiya Mahavidyalaya,Chandauli
Rajkiya Mahavidyalaya,Chitrakoot
Rajkiya Mahavidyalaya,Dausa
Rajkiya Mahavidyalaya,Garhwal
Rajkiya Mahavidyalaya,Nainital
Rajkiya Mahavidyalaya,Pithoragarh
Rajkiya Mahavidyalaya,Unnao
Rajkiya Mahila Degree College,
Rajkiya Mahila Mahavidyalaya,
Rajkiya Mahila Mahavidyalaya,Hamirpur
Rajkiya Mahila Mahavidyalaya,Kannauj
Rajkiya Mahila Mahavidyalaya,Meerut
Rajkiya Mahila Snatakottar Mahavidyalaya,
Rajkiya Manpuriya Shastri Sanskrit Mahavidyalaya,
Rajkiya Model Degree College,
Rajkiya Model Degree College,Saharanpur
Rajkiya Sanskrit Mahavidyalaya,
Rajkiya Shastri Sanskrit Mahavidyalaya,Dhaulpur
Rajkiya Snatakottar Mahavidyalaya,
Rajkiya Snatkottar Mahavidyalaya,Dehradun
Rajkiya Vanijiya Kanya Mahavidyalaya,Kota
Rajkiya Vidhi Mahavidyalaya,Chamoli
Rajkiya Vigyan Mahavidyalaya,
Rajkiya Vithal Nath Acharya Sanskrit College,
Rajkiye Mahavidyalaya,
Rajkot Homoeopathic Medical College,
Rajkumar Kewalramani Kanya Mahavidyalaya,
Rajmata Jijau Shikshan Prasarak Mandal’s Arts, Commerce & Science College,Pune
Rajmata Scindia Govt. Girls College,
Rajnath Mahavidyalaya,
Rajnath Memorial Mahavidyalaya,Ghazipur
Rajneesh Pratap Singh Mahavidyalaya,Bijnor
Rajpal Singh Memorial Mahavidyalaya,
Rajpati Mata Prasad Shikshak Prashikshan Mahila Mahavidyalya,Basti
Rajshree Institute of Management & Technology,
Rajshree Institute of Management & Technology,Bareilly
Rajshri Puroshatam Das Tandon Govt. College,
Rajsunakhala College,
Rakesh P.G. College,
Rakshpal Bahadur Teachers Training Institute,
Ram Adhin Mahavidyalaya,
Ram Awadh Smarak Mahavidyalaya,
Ram Bachan Singh Rajkiya Mahila Mahavidyalaya,Mau
Ram Bachan Yadav Mahavidyalaya,
Ram Bali National Degree College,
Ram Baran Mahavidyalaya,
Ram Baran Singh Mahila Mahavidyalaya,Sultanpur
Ram Bharose Pandey Mahila Degree College,
Ram Bharose Singh Memorial Degree College,Budaun
Ram Chameli Chadda Vishwas Girls Degree College,
Ram Chandra Singh College,
Ram Chandra Singh Memorial Degree College,Shahjahanpur
Ram Chandra Upadhyay Mahavidyalaya,Deoria
Ram Charan Mahataviya Devi Memorial Mahavidyalaya,Moradabad
Ram Charitra Chaudhary Mahavidyalaya,,Basti
Ram Chattar Singh Mahavidyalay,Balrampur
Ram Dayal Singh College,Muzaffarpur
Ram Dev P.G. College,
Ram Devi Girls College,
Ram Dhani Singh Nohra Devi Govt. Degre College,
Ram Dihal Singh Mahavidyalaya,Sultanpur
Ram Dulari Bachchu Lal Jaiswal Mahavidyalaya,
Ram Dulari Sharda Prasad Indra Bhadra Singh Mahila Mahavidyalaya,
Ram Girish Rai Mahavidyalaya,
Ram Gulam Rai P.G. College,
Ram Harakh Singh Memorial Degree College,
Ram Jaipal Singh College,
Ram Janki Mahavidyalaya,
Ram Karan Institute of Higher Education,Jaunpur
Ram Khelawan Jagannath Mahila Mahavidyalaya,
Ram Khelawan Mahavidyalaya,
Ram Khelawan Singh Mahavidyalaya,
Ram Kishore Singh College,
Ram Krishan Dwarika College,Patna
Ram Krishna Param Hans Mahavidyalaya,
Ram Krishna Paramhansa Mahavidyalaya,
Ram Krishna Vidyawati Mahavidyalaya,
Ram Kumar Yadav Mahavidyalaya,Sultanpur
Ram Lagan Girls Degree College,Mau
Ram Lagan Mahavidyalaya,
Ram Lakhan Degree College,
Ram Lakhan Mahavidyalaya,Allahabad
Ram Lakhan Patel Mahavidyalaya,Faizabad
Ram Lakhan Singh Yadav College,
Ram Lakhan Singh Yadav College,Paschim Champaran
Ram Lakhan Singh Yadav College,Patna
Ram Lal Anand College,
Ram Lalit Singh Mahavidyalaya,
Ram Lubhai Sahani Government Mahila Degree College,
Ram Manohar Lohia Mahavidyalaya,
Ram Milan Maurya Karma Devi Mahila Mahavidyalaya,Ambedkar Nagar
Ram Murati Mishra Smarak Mahavidyalaya,Ambedkar Nagar
Ram Murti Singh Mahavidyalaya,Allahabad
Ram Nagina Kisan P.G. College,
Ram Nagina Vindhya Mahavidyalay,Sonbhadra
Ram Narayan Memorial College,
Ram Naresh Smarak Degree College,Mahrajganj
Ram Nath Dhananjaya Smarak Mahila Mahavidyalya,
Ram Nath Mahavidyalaya,
Ram Nath Singh Mahavidyalaya,
Ram Nawal Singh Smarak P.G. College,
Ram Newaj Singh Mahavidyalaya,
Ram Pal Singh Kanya Mahavidyalaya,Bijnor
Ram Prasad Degree College,
Ram Prasad Singh Degree College,
Ram Pratap Rang Lal Institute of Management and Technology,
Ram Radhika Mahavidyalaya,Deoria
Ram Raheem Degree College,Rampur
Ram Raji Mahavidyalaya,
Ram Ratan Mahavidyalaya,
Ram Ratan Singh Memorial Degree College,
Ram Rekha Rai Ganga Rai Mahila Mahavidyalaya,
Ram Roop Smarak Mahavidyalaya,
Ram Sahai Rajkeeya Mahavidyalaya,
Ram Sajivan Savitri Devi Mahavidyalaya,Bara Banki
Ram Sajivan Singh College of Law,Kaushambi
Ram Sajivan Singh Mahavidyalaya,
Ram Sakal Singh Science College,Sitamarhi
Ram Sakhi Ram Nivas Balika Mahavidyalaya,Gorakhpur
Ram Samujh Mahavidyalaya,
Ram Samujh Soorsati Degree College,
Ram Sardar Pandey Smarak Shivpuri Mahavidyalaya,
Ram Sewak Shivhare Degree College,Banda
Ram Sewak Yadav Mahavidyalaya,
Ram Singh Mahavidyalaya,
Ram Suchit Singh Saraswati Mahavidyalaya,
Ram Suresh Singh Mahavidyalaya,Mirzapur
Ram Swaroop Singh Gaur Mahavidyalaya,
Ram Tahal Choudhary College,Ranchi
Ram Teerth Chaudhary Mahavidyalaya,
Ram Ujagir Mahavidyalaya,Ambedkar Nagar
Ram Vijay Smarak College,
Ram-eesh Institute of Education,
Rama Bai Ambedkar Government Degree College,
Rama Dental College, Hospital & Research Center,
Rama Devi Bajla Mahila Mahavidyalaya,
Rama Devi Shiv Mangal Prasad Mahavidyalaya,
Rama Institute of Higher Education,
Rama Jain Kanya Mahavidyalaya,
Rama Krishna Institute of Moral & Spiritual Education,Mysore
Rama Krishna Mission Seva Pratishthan Vivekanand Institute of Medical Science,
Rama Krishna Mission Vivekananda Centenary College,
Rama Mahavidyalaya,
Rama Mahila Degree College,
Rama Medical College Hospital & Research Centre,Kanpur Nagar
Rama Nand Singh Mahila Mahavidyalaya,Allahabad
Rama Shankar Prabha Mahavidyalaya,
Ramabai Govt. Girls Degree College,
Ramachandra College of Engineering,West Godavari
Ramadevi Mahila P.G. Mahavidyalaya,
Ramadheen Singh Girls Degree College,
Ramadhin College,
Ramadhin Mishra Bhashkarouday,
Ramadhin Sanskrit College,
Ramaiah College of Law,Bangalore
Ramajee Mahavidyalya,
Ramakrishna Mahavidyalaya,
Ramakrishna Mission Brahmananda College of Education,
Ramakrishna Mission Vivekanand College,
Ramanand Arya D.A.V. College,
Ramananda Centenary College,
Ramananda College,
Ramanarayan College,
Ramanuj Pratap Degree College,
Ramanujan College,
Ramarpit Mahavidyalaya,Bara Banki
Ramasamy Tamil College,karaikudi
Ramasharya Shukla Mahavidyalaya,
Ramautar Gautam Sanskrit College,
Rambai Ambedkar Government Degree College,
Rambeti Dev Narain Bajpai Mahavidyalaya,Hardoi
Rambhajan Degree College,Mau
Ramchandi College,
RAMCO Institute of Technology,Virudhunagar
Ramdas Mahavidyalaya,
Ramdev Degree College,
Ramdev Institute of Education,Azamgarh
Ramdev Mahavidyalaya,
Ramdev Mahavidyalaya,  Sirauli, Meerganj,Jaunpur
Ramdev Memorial Mahavidyalaya,
Ramdev Ramharsh Kishan Mahavidyalaya,
Ramdev Singh Mahavidyalaya,Jaunpur
Ramdhan Damodar Mahavidyalaya,Mau
Ramdhari Chandrabhan Mahavidyalaya,,
Ramdhari Smarak Mahavidyalaya,Mau
Ramdhyan Mahavidyalaya,Ballia
Ramdulari Balika Sanskrit College,
Ramesh Chandra RaoNavtappiMahavidyalaya,
Ramesh Jha Mahila College,
Ramesh Phirodia Educational Trust’s, Ramesh Phirodia Arts, Commerce and Science College,
Rameshwar Chethru College,Muzaffarpur
Rameshwar Das Agrawal Girls Degree College,
Rameshwar Mahavidyalaya,Muzaffarpur
Rameshwar Prasad College,Banda
Rameshwar Prasad Law College,Banda
Rameshwar Shikshan Prasarak Mandal, Sonpeth Shri Panditguru Pardikar Mahavidyalaya,
Rameshwar Yadav Manihari College,
Rameshwaram Institute of Education & Training,Lucknow
Rameshwari Davi Girls College,
Rameshwari Devi Kanya Mahavidyalaya,
Rameswardas Pannalal Mahila College,Patna
Ramgarh College,
Ramgarhia College of Education,
Ramgarhia College,
Ramgarhia Girls College,
Ramireddy Subbarami Reddy Engineering College.,
Ramisht College of Education,Jammu
Ramjag Mahavidyalaya,
Ramjas College,
Ramji Assar Vidyalaya’s, Laxmichand Golwala College of Commerce & Economics,Mumbai
Ramji Sahai Degree College,
Ramkali Mahila Mahavidyalaya,Ghazipur
Ramkali Motilal Smarak Mahavidyalaya,Kannauj
Ramkaran Shivkaran Adarsh Mahavidyalaya,Ghazipur
Ramkishun Singh Mahavidyalaya,Jaunpur
Ramkrishanagar College,Karimganj
Ramkrishna Mahato Government Engineering College,Puruliya
Ramkrishna Mahavidyalaya,
Ramkrishna Mission Residential College,
Ramkrishna Mission Shiksha Mandir,Hailakandi
Ramkrishna Mission Vidyamandir,
Ramkrishna Sarada Mission Vivekananda Vidyabhavan,
Ramkrushna Mahavidyalaya,
Ramlakhan Mahavidyalaya,Mau
Ramlakhan Singh Yadav College,
Ramlal Hardevi Smriti Mahavidyalaya,Kanpur Nagar
Rammohan College,
Rammurat Mahila Mahavidyalaya,,Ghazipur
Ramnagar College,
Ramnagar Degree College,Bara Banki
Ramnarain Ruia College,Mumbai
Ramnarayan Yadav Memorial College,Hazaribagh
Ramnath Guljarilal Kedia College of Commerce (Marwadi Commerce College),Hyderabad
Rampal Bitana Devi Mahavidyalaya,Fatehpur
Rampal Maurya College,Fatehpur
Rampurhat College,Birbhum
Ramraj Singh Jaisraj Singh Mahavidyalaya,
Ramraji Devi Mahila Mahavidyalaya,Azamgarh
Ramrao Zanak Arts & Commerce College,Washim
Ramrati Patel Mahavidyalaya,Allahabad
Ramrup Prasad College,Patna
Ramsaday College,Idukki
Ramsamujh Gurukul Mahavidyala,Unnao
Ramsevak Shivhare Institute of Law,Banda
Ramsunder Pandey Mahavidyalaya,
Ramthakur College,
Ramvati Memorial Degree College,
Ramwati Rajbahadur Degree College,
Ramwati Rajbahadur Law College,Etawah
Ramyash Mahavidyalaya,
Ran Bahadur Manik Raji Mahavidyalaya,Jaunpur
Rana Shiksha Shivir (P.G.) College,
Ranaghat College,
Ranapratap Post Graduate College,
Ranbahadur Mahavidyalaya,Azamgarh
Ranchi College,
Ranchi Women's College,
Randhir Singh Bhadoria College,
Rang Frah. Govt. College,
Rangachachi College,Jorhat
Ranganathan Engineering College,
Rangapara College,Sonitpur
Rangaraya Medical College,East Godavari
Rangyiya College,Kamrup
Rani Ahilliyabai Holkar Government Degree College,
Rani Anna Government College for Women,Tirunelveli
Rani Avantibai Lodhi Institute of Higher Education,Firozabad
Rani Birla Girls College,Kolkata
Rani Chandra Prabha Mahavidyalaya,Fatehpur
Rani Dhanyakumari College,Murshidabad
Rani Dharm Kunwar Government Degree College,Hardwar
Rani Durgavati Govt. P.G. College,Mandla
Rani Durgawati Shaskiya Mahavidyalaya,Balaghat
Rani Ganesh Kunwari Degree College,Sultanpur
Rani Indirabai Bhonsle Mahavidyalaya,Nagpur
Rani Lakshmi Bai Central Agricultural University,Jhansi
Rani Laxmibai Mahavidyalaya,Jalgaon
Rani Laxmibai Mahila Mahavidyalaya,Nagpur
Rani Neelima Kumari Mahila Mahavidyalaya,Pratapgarh
Rani Parvati Devi College of Arts & Commerce,Belgaum
Rani Sukadei Mahila Degree Mahavidyalaya,Cuttack
Rani Sushma Devi Mahila Mahavidyalaya,Sultanpur
Ranibai Agnihotri Sharirik Shikshan Mahavidyalaya,Wardha
Raniganj Girls College,
Ranippettai Engineering College,
Ranjeet Singh Mahavidyalaya,Etawah
Ranjit College of Education,Jammu
Ranjit Singh Institute of Education and Technology,
Ranpur Degree College,
Ranveer Neelam Mahavidyalaya,
Ranveer Singh Shyam Singh Mahavidyalaya,
Ranvir Rannjaya Post - Graduate College,
Rao Abhay Singh College of Education,
Rao Bahadur Y. Mahabaleshwarappa Engineering College,
Rao Birender Singh College of Education,
Rao Lal Singh College of Education,
Rao Pahlad Singh Degree College,
Rao Pratap Singh College,
Rao’s College of Pharmacy,
Raosaheb Gogate College of Commerce and Smt. Saraswati Ganshet Walke College of Arts,
Rashida Begum Muslim Mahavidyalaya,
Rashtrakavi Maithalishran Gupt Mahavidyalaya,
Rashtrakavi Maithili Sharan Gupt College of Education.,Jhansi
Rashtrapita Mahatma Gandhi Arts & Science College,,Chandrapur
Rashtrapita Mahatma Gandhi Arts and Commerce College,
Rashtrapita Mahatma Gandhi Arts, Commerce & Science College,,
Rashtrasant Tukdoji College,
Rashtraveer Nihalarati College of Commerce and Management,Varanasi
Rashtriya Degree College,
Rashtriya Kathak Sansthan,
Rashtriya Raksha University,Gandhinagar
Rashtriya Sahakari Shikshan Prasarak Mandal Ltd. Chalisgaon, Dist. Jalgaon Sanstha’s Nanasaheb Yashavantrao Narayanrao Chavan Arts, Science & Commerce College,
Rashtriya Shikshan Prasarak Mandal Beed’s, Lokmanya Tilak Mahavidyalaya,
Rashtriya Shikshan Sanstha’s Swami Vivekanand (Night) College of Arts & Commerce,Thane
Rasik Bihari Mahavidyalaya,,Bahraich
Ratan Sen Degree College,
Rathanavel Subramaniam College of Arts & Science,Sulur
Rathinam College of Arts and Science,Coimbatore
Rathinam Technical Campus,
Ratnam College of Arts Science, Commerce,
Ratnam Institute of Pharmacy,
Ratnapeeth College,Dhubri
Ratnapith College,Dhubri
Rattan Institute of Technology & Management,
Ravenshaw College,
Ravenshaw Morning College,
Raver Parisar Shikshan Prasarak Mandal's Shri Vitthalrao Shankarrao Naik Arts, Commerce and Science College,
Ravikant Ragit Prashaskiya Mahavidyalaya,Nagpur
Ravindra College of Engineering for Women,Kurnool
Ravindra College,
Ravindra Kishore Shahi Govt. College,
Ravindra Singh Samark Mahavidyalaya,
Ravindranath Tagore College of Arts, Science and Commerce,Nagpur
Ravindranath Tagore P.G. College,
Rayagada College,
Rayalaseema College of Physical Education,Y.S.R.
Rayapati Venkata Ranga Rao College of Education,Guntur
Rayat Shikshan Sanstha’s Annasaheb Awate Arts, Commerce & Hutatma Babu Genu Science College,Pune
Rayat Shikshan Sanstha’s Karmaveer Bhaurao Patil College of Engineering,,Satara
Rayat Shikshan Sanstha’s Karmveer Bhaurao Patil College,
Rayat Shikshan Sanstha's Mahatma Phule Mahavidyalaya,Pune
Rayat Shikshan Sanstha’s, Dr. Babasaheb Ambedkar College,Pune
Rayburn College,
Raziya Smarak Mahila Mahavidyalaya.,Mau
RBVRR Women’s College of Pharmacy,Hyderabad
RCC Institute of Information Technology,
RDO College of Nursing,Imphal West
Regency Teachers Training College,
Regional Centre for Biotechnology,Faridabad
Regional College of Education,
Regional College of Management,
Regional College of Physical Education,
Regional College of Professional Studies & Research,Bareilly
Regional College,
Regional Degree College,
Regional Engineering College,
Regional Institute of Education,
Regional Institute of Education,Mysore
Regional Institute of Medical Sciences,
Regional Institute of Paramedical and Nursing Sciences (RIPANS),
Regional Medical Research Centre (Indian Council of Medical Research),
Rehmat-e-Alam College of Education,Kashmir
Reliable Institute of Management and Technology,Ghaziabad
Remuna Degree College,
Renaissance College of Commerce & Management,Indore
Rengam Subansiri College,Lakhimpur
Renu Mahavidyalaya,
Renuka College,
Repalle Christian College,Guntur
Reshami Degree College,Mau
Reshmi Mahila Mahavidyalaya,Ghazipur
Rev. Jacob Memorial Christian College,
Revataa Sarvajanik Education College,
Ri-Bhoi College,Ribhoi
RIMT College of Education,
Rimuli College,
Rise Krishna Sai Gandhi,Prakasam
Rise Krishna Sai Prakasam Group of Institutions,Prakasam
Rishi Aurobindo Institute of Teacher Education.,Paschim Medinipur
Rishi Bal Mahavidyalaya,Moradabad
Rishi Bankim Chandra College for Women,
Rishi Bankim Chandra College,
Rishi Bankim Chandra Evening College,
Rishi Dayaram and Seth Hassaram National College and Seth Wassiamull Assomull Science College,
Rishi Galav Degree College,
Rishi Ram Naresh Krishak Mahavidyalaya,
Rishi Sanskrit College,
Rishiraj Singh Mahavidyalay,Sultanpur
Rishiraj Singh Mahavidyalaya,
Rishishwar Mahavidyalaya,
Ritambhara Vishva Vidyapeeth’s, Malini Kishor Sanghvi College of Commerce and Economics,
Riward Mahavidyalaya,
Rizvi Education Society's Rizvi College of Arts Science & Comm.,
RJS First Grade College,
RK College of Engineering,
RKG Educational College,Lucknow
RNS First Grade College,Bangalore
RNS Institute of Technology,
Roda Mistry College of Social Work & Research Centre,
Roever College of Engineering & Technology,Perambalur
Roever Engineering College,Perambalur
Rohini College of Engineering and Technology,Kanyakumari
Rohit Memorial Degree College,
Rohtas Mahila College,
Rosario College of Management Studies,
Rosary College of Commerce and Arts,
Roshan Lal Institute of Science & Technology,
Roshan Singh Badan Singh Gaytri Mahavidyalaya,
Roshan Singh Chauhan Smarak Mahavidyalaya,
Rotary Institute of Management & Technology,
Rourkela Institute of Management Studies,
Rourkela Law College,
Rouzathul Uloom Arabic College,
Royal Academy of Law,
Royal College of Education,Sitapur
Royal College of Law,Ghaziabad
Royal College,Rajnandgaon
Royal Educational Institute,
Royal Heritage College of Education,Vaishali
Royal Prudence Degree College,
RTE Society's Rural Engineering College,
RTE Society’s Rural Engineering College,
Rudauli Degree College,
Rudauli Educational Institute,  Saraipeer,
Rudra College of Law,Meerut
Rudra Institute of Technology,Meerut
Rudragouda Patil Govt. First Grade College,
Rudras College,Aligarh
Rukasen College,Karbi Anglong
Rukmadevi Pannalal Laddha Maheshwari College,
Rukmini Devi Asharfi Lal Verma Shikshan Evam Prashikshan Sansthaan,Basti
Rukmini Devi Chilika Mahavidyalaya,
Ruma Mahavidyalaya,
Rungta College of Engineering & Technology,
Rungta College of Engineering & Technology,Raipur
Rungta College of Pharmaceutical Sciences & Research,
Rungta Engineering College,Raipur
Rupahi College,Nagaon
Rural  B.Ed. College,
Rural College of Education,
Rural Developments Society’s Bachelor of Social Work College,
Rural Foundation Nandurbar Sanchalit Senior Science College,Nandurbar
Rural Foundation, Nandurbar Sanchalit Senior Science College,Nandurbar
RV Institute of Technology and Management Karnataka,,
RVS Institute of Management Studies,Coimbatore
RVS Technical Campus-Coimbatore,Coimbatore
Ryat Shikshan Sanstha's Arts Science and Commerce College,
S. Chandra Mahila Mahavidyalaya,Gondiya
S. Jawad Ali Imamdra Girls Degree College,
S. K. N. R. Govt. Arts & Sccience College,
S. Kula Women's College,Bishnupur
S. M. C. C. Government College,
S. Nijalingappa Sugar Institute College of B.Sc. (Sugar Science & Technology),Belgaum
S. Sinha College,
S. Veerasamy Chettiar College of Engineering and Technology,
S.A. Engineering College,Chennai
S.A. Jain College,
S.A.J. College of Arts & Commerce College,Pune
S.A.S. Govt. Degree College,West Godavari
S.A.S. SNDP Yogam College,
S.A.V. Acharya Institute of Management Studies,Raigarh
S.B. Arts & K.C.P. Science College,
S.B. City College,
S.B. College of Law, Noorpur Road,Bijnor
S.B. College,
S.B. Deorah College,Kamrup
S.B. Education Society's College of Arts & Commerce,
S.B. Garda College (Arts) and P.K. Patel College of Commerce,
S.B. Jain Institute of Technology, Management & Research,Nagpur
S.B. Khade Mahavidyalaya,
S.B.C. First Grade College for Women,Davanagere
S.B.D. Government College,
S.B.D.T. College,
S.B.E.S. College of Science,
S.B.J. Degree College,
S.B.M.S. College,Kamrup
S.B.R. Government Women's College,
S.B.R.R. Mahajana First Grade College,Mysore
S.B.S. Government College,Dakshin Dinajpur
S.B.S.S.P.S.J. College,
S.C. Mutha Aryangala Vaidyak Mahavidyalaya,
S.C.A. Patel Arts College,
S.C.D. Government College,
S.C.I.M. Govt. College,West Godavari
S.C.N.R. Govt. College,Y.S.R.
S.C.S. Morning College,
S.D. Arts & Shah B.R. Commerce College,
S.D. Bhadawar Degree College,
S.D. College for Women,
S.D. College For Women,
S.D. College of Commerce,
S.D. College of Management Studies,
S.D. College of Pharmacy and Vocational Studies,Muzaffarnagar
S.D. College,
S.D. Girls Degree College,Muzaffarnagar
S.D. Government College,
S.D. Jain Girls’ College,
S.D. Kanya Mahavidyalaya,
S.D. Mahila Mahavidyalaya,
S.D. Shethia College of Education,
S.D.G.S. College,Anantapur
S.D.J. P.G. College,
S.D.M. College of Arts, Science & Commerce,
S.D.M. College of Engineering and Technology,
S.D.M. Institute of Technology,Dakshina Kannada
S.D.M. Trust’s S.D.M. College of Education,Bagalkot
S.D.P. College for Women,
S.D.P.T. First Grade College,
S.D.S. College of Arts & Applied Sciences,Vizianagaram
S.D.S. Degree College,
S.D.V.S. Sangh's S.S. Arts College & T.P. Science Institute,
S.D.V.S. Sangha's Shri L.K. Khot College of Commerce,
S.E.A. College of Engineering & Technology,Bangalore
S.E.A. College of Science, Commerce & Arts,Bangalore
S.E.S. College,
S.E.S'S Arts, Science & Commerce College,
S.G. Govt. Degree College,Chittoor
S.G.A.D. Government College,
S.G.C.S.R. Degree College,Srikakulam
S.G.G.S. College,Patna
S.G.G.S. Khalsa College,
S.G.J. Quaderia College,
S.G.M. Institute of Management,
S.G.N. Khalsa College,
S.G.R Education Foundation G.H. Raisoni College of Engineering & Management,Ahmadnagar
S.G.R. Mahavidyalaya,
S.G.R.G. Arts & Shri Yap Commerce College,
S.G.S. Arts College,Chittoor
S.G.T.B. Khalsa College,
S.G.V.V.T's Shree Gavisiddheshwar Arts, Science and Commerce College,
S.H.B.M. Adarsh College,
S.I.E. Society's College of Arts, Science & Commerce,
S.I.E.S. (Nerul) College of Arts, Science & Commerce,
S.I.E.S. College of Management Studies,
S.I.M. Home Science Siksha Niketan,
S.I.V.E.T. College,
S.I.W.S. N.R. Swamy College of Commerce & Economics and Smt. Thirumalai College of Science,Mumbai
S.J. Law College,Kanpur Nagar
S.J. Mahavidyalaya,
S.J.M. College of Pharmacy,Chitradurga
S.J.M. First Grade College of Arts & Commerce,
S.J.M. Women's College,
S.J.M.V. Arts & Commerce College for women,
S.J.M.V. Sangha’s Business Administration College for Women,
S.J.M.V.P.S. Bajss Arts and Commerce College for Women (Manvi Building),
S.J.R. College For Women,
S.K. Bage College,
S.K. College,
S.K. Govt. College,
S.K. Mahila College,
S.K. Mahila Mahavidyalaya,Mirzapur
S.K. Patil Sindhudurg Mahavidyalaya,
S.K. Roy College,Hailakandi
S.K. Somaiya College of Arts, Science & Commerce,
S.K. Veerasalingam Theistic College,East Godavari
S.K.B.R. College,East Godavari
S.K.C.G. College,
S.K.D.M. Institute of Education,,Moradabad
S.K.G.N. Degree College,
S.K.P. Govt. College,Anantapur
S.K.R. & S.K.R. Govt. College for Women,Y.S.R.
S.K.R. College,
S.K.R. Govt. Degree College,Sri Potti Sriramulu Nellore
S.K.R.B.R. College,Guntur
S.K.S.C. Degree College,Y.S.R.
S.K.S.D. Mahila Kalasala,West Godavari
S.K.S.S. Arts College,
S.K.U.B. Samiti (Dabhoi) Arts &  Smt. N.C. Zaveri Commerce College,
S.K.V.P. Samiti's Arts, Science and Commerce College,
S.Krishnarajendra Silver Jubliee Tech. Instt.,
S.L. Bawa D.A.V. College,
S.L. Education Institute,Moradabad
S.L.N. College of Arts & Commerce,
S.M. Bhandari Arts, R.R. Bhandari Commerce & S.K.R. Science College,
S.M. Bhoomaraddi Arts and Commerce College,
S.M. Bhoomraddi Arts, Sci. Commerce First Grade College,
S.M. College,
S.M. Degree College,
S.M. Iqbal College of Education,Kashmir
S.M. Joshi College,Pune
S.M. Patel College of Home Science,
S.M. Patel Institute of Commerce,
S.M.B. Government College,
S.M.B.T. Ayurved College and Hospital,Nashik
S.M.B.T. College of Physiotherapy,Nashik
S.M.B.T. Institute of Nursing,Nashik
S.M.B.T. Sevabhavi Trust S.M.B.T. College of Pharmacy,,Nashik
S.M.B.T.A.V. & S.N. Degree College,West Godavari
S.M.D. College,Patna
S.M.D. Patel Mahavidyalaya,
S.M.D.R.S.D. College,
S.M.Government Women’s College,
S.M.J.N. (P.G.) College,
S.M.M. Government Girls College,
S.M.R.D. P.G. College,
S.M.R.J. Government College,Bhiwani
S.M.S. Mahavidyalaya,Mathura
S.M.S.G. College,
S.N. College,
S.N. Degree College,
S.N. Girls Degree (PG) College,
S.N. Mahavidyalaya,Mainpuri
S.N. Medical College,
S.N. Sinha College,
S.N.B.T. Degree College for Women,Guntur
S.N.D.T. Arts and Commerce College for Women,Pune
S.N.D.T. College of Arts And Srecwati Chaupabe Bhogital College of Comm. Econoics For Women,
S.N.D.T. College of Education,Pune
S.N.D.T. College of Home Science,Pune
S.N.G. Degree College,
S.N.K.P. Government College,
S.N.M. College,
S.N.M. Training College,
S.N.R. Telang N.E.S. College,
S.N.S. College of Pharmacy,
S.N.S. College,Purbi Champaran
S.N.S. Girls Degree (PG) College,
S.N.S. Institute of Nursing Science,
S.N.S.Y. Degree College,
S.N.V.V.Society’s Sri Gangadhar Swamy Viraktamath Arts College,
S.P. Arts & Commerce College,
S.P. College,
S.P. College,Sirohi
S.P. Jain College,
S.P. Mahila College,
S.P. Mahila Mahavidyalaya,Kannauj
S.P. Mandal's Arts and Commerce College,
S.P. Mandal's Arts and Science College,
S.P. Memorial Institute of Technology,
S.P. More Dnyanam Annam Foundation, Panvel Sanchalit, S.P. More College of Arts, Commerce & Science,raigad
S.P. Rajendra College of Physical Education,
S.P.B. English Medium College of Commerce,
S.P.D.M. Arts, S.B.B. & S.H.D. Commerce & S.M.A. Science College,
S.P.K. Mahavidyalaya,
S.P.M. Government College,Jodhpur
S.P.M. Science & Gilani Arts & Commerce College,
S.P.M.H. Kalasala,Krishna
S.P.M.L.T.M. Arts & Commerce College,
S.P.S. Degree College,Aligarh
S.P.S. Janta College,Yamunanagar
S.P.U. College,
S.R. & B.G.N.R. Govt. Arts & Science College,
S.R. & G.N.R. Arts & Science (Evening College),
S.R. College of Law,Ghaziabad
S.R. Degree College,
S.R. Degree College,Gorakhpur
S.R. Engineering College,
S.R. Government College For Women,
S.R. Govt. Arts and Science College,
S.R. Kanti Education College,
S.R. Malage Arts College,
S.R. Singh R.B. Singh Mahavidyalaya,
S.R.A.P. College,Purbi Champaran
S.R.B.D. Degree College,
S.R.C.B. Medical College,
S.R.D. College,
S.R.J. Govt. Girls College,
S.R.K. College of Education,Raichur
S.R.K. Goenka College,Sitamarhi
S.R.K. Post - Graduate College,
S.R.M. Arts and Science College,
S.R.N. Memorial College of Applied Science F.G. College,
S.R.P.A. Adarsh Bhartiya College,
S.R.R. & C.V.R. Govt. Degree College,Krishna
S.R.R. Govt. Arts & Science College (Evening),
S.R.R. Govt. Arts & Science College,
S.R.T. College,Godda
S.R.V.B.S.J.B. Maharanee College,East Godavari
S.S Duraisamy Nadar Mariammal College,
S.S. College of Computer & Professional Studies,
S.S. College,
S.S. College,Cachar
S.S. Degree College,Hardoi
S.S. Dempo College of Commerce & Economics,
S.S. Education Trust’s, S.G. Balekundri Institute of Technology,
S.S. Educational Institute,
S.S. Girls College,
S.S. Jain Subodh College P. G. College,Jaipur
S.S. Jain Subodh Mahila T.T. College,
S.S. Khuba's Basaveshwar College of Arts & Science,
S.S. Law College,
S.S. Mahavidyalaya,
S.S. Memorial (P.G.) College,
S.S. Memorial College,
S.S. Memorial Mahavidyalaya,Etawah
S.S. Memorial Mahavidyalaya,Firozabad
S.S. Patel College of Physical Education,
S.S. Singh Mahavidyalaya,Allahabad
S.S. Tegnoor Degree College,Gulbarga
S.S. Wilayat Husain Degree College,
S.S.B. College of Education,
S.S.D Girls Degree College,
S.S.D. College of Higher Education,Bijnor
S.S.D. Kanya Degree College,
S.S.G. Pareek College,
S.S.G. Pareek P.G. College of Education,
S.S.G. Pareek P.G. Girls College,
S.S.G.A.M. Science, Gautam Arts and Sanjiwani Commerce College,
S.S.J.S. Namdhari College,
S.S.L. Jain College,Vidisha
S.S.L.N.T. Mahila College,
S.S.M. College of Engineering,Komarapalayam
S.S.M. Law College,
S.S.M.M. Arts, Science & Commerce College,
S.S.N. College,Guntur
S.S.P.P.D. Mahavidyalaya,
S.S.R. College of Science and Management Studies,Bangalore
S.S.R. Government College of Physical Education,West Godavari
S.S.S.S. College of Commerce for Women,
S.S.S.S.'S Mahavir P.Mirji College of Commerce,
S.S.V. College,
S.S.V.P. Sanstha's Late Karmveer Dr. P.R. Ghogrey Science College,
S.S.V.P. Sanstha's Smt. P.B. Bagal Arts and Commerce College,
S.S.V.P.V.M.C. Mahila Vidyapith College for Women,Visakhapatnam
S.T. Co-Op Education Society’s Ltd. Science Sr. College,Nandurbar
S.T. College of Education,
S.T. Hindu College,
S.T.B.C. College,Kurnool
S.T.J. College for Women,
S.T.S.N. Govt. Arts College,Anantapur
S.U. College,
S.V. College of Music & Dance,Chittoor
S.V. Degree College,Vizianagaram
S.V. Degree College,Y.S.R.
S.V. Medical College,Chittoor
S.V.A. Govt. College,Chittoor
S.V.College of Higher Education,Y.S.R.
S.V.D. Gurukul Mahavidyalaya,Jaunpur
S.V.D. Siddhartha Law College,Vijayawada
S.V.G.M. Govt. Degree College,Anantapur
S.V.K.P. & Dr. K.S. Raju Arts & Science College, (Sri Vasavi Kanyaka Parameswari and Dr. Kalidindi Suryanarayana Raju Arts and Science College),West Godavari
S.V.K.P. Arts, Science & Commerce College,Prakasam
S.V.K.P. Degree College,Prakasam
S.V.L.N.S. Govt. Degree College,Visakhapatnam
S.V.M. Arts & Commerce College for Women,
S.V.P. College,
S.V.P. Mahila Vidya Peetha's Arts & Commerce College,
S.V.R. Govt. Degree College,West Godavari
S.V.R.M. College,Guntur
S.V.S.D. College,
S.V.S.S. Arts & Science College,West Godavari
S.V.S.S.C. Govt. Degree College,Sri Potti Sriramulu Nellore
S.Y.T.R. Govt. Degree College,Anantapur
Saastra College of Pharmaceutical Education & Research,
Sabang Sajanikanta Mahavidyalaya,
Sabar Gram Seva Mahavidyalaya,
Sabari College of Education,
Sabir Ali Balika Degree College,Ghazipur
Sabour Bollege,
Sachchidanand College,
Sachdeva College of Pharmacy,
Sachdeva Institute of Education,
Sacred Heart College of Education,Jammu
Sacred Heart College,
Sacred Heart Degree College for Women,
Sacred Heart Degree College,
Sadakathullah Appa College,
Sadashivrao Mandik Mahavidyalaya,
Sadbhavna College of Education for Women,
Sadguru Gadge Maharaja College,
Sadguru Shri Sitadas Mahavidyalaya,Ghazipur
Sadhan Chandra Mahavidyalaya,South Twenty Four Parganas
Sadhana Degree College,Y.S.R.
Sadhna Education Society's L.S. Raheja College of Arts & commerce,
Sadhu Gaureswar College,
Sadhu Shree Deonharain Sanskrit Mahavidyalaya,
Sadhu Vaswani College,
Sadhu Vaswani Institute of Management Studies for Girls,Pune
Sadhubella Education Society’s J. Watumull Sadhubella Girls College,Thane
Sadineni Chowdaraiah College of Arts & Science,Guntur
Sadiq Memorial College of Education,Kashmir
Sadiya College,Tinsukia
Safa College of Arts and Science,Malappuram
Safi Institute of Advanced Study,Malappuram
Safiya Girls Degree College,Azamgarh
Sagar College of Education,
Sagar Institute of Research & Technology – Excellence,Bhopal
Sagar Institute of Research & Technology,Bhopal
Sagar Institute of Research, Technology and Science,Bhopal
Sagar Mahavidyalaya,
Sagar Mahila Mahavidyalaya,
Sagarmal Banka Degree College,
Sagi Rama Krishnam Raju Engineering college,West Godavari
Sahakar Bhushan S.K. Patil Mahavidyalaya,
Sahakar Maharishi Shankarao Mohite Patil Mahavidyalaya,
Sahakar Maharshi Bhausaheb Santaji Thorat Arts, Science & Commerce College,
Sahakar Maharshi Late Bhaskarrao Shingne Arts College,
Sahakar Maharshi Shankarrao Mohite-Patil Mahavidyalaya,Solapur
Saharsa College,
Sahas Degree College,
Sahaspur College,
Sahdei Devi Bhunwar Prasad Mahavidyalaya,
Sahed Hira Singh Govt. College,
Saheed Bhagat Singh Degree College,
Saheed Capt. Viyai Pratap Singh Smark Degree College,
Saheed Kshudiram College,
Saheed Nurul Islam Mahavidyalaya,
Saheed Sukhdev College of Business Studies,
Sahibganj College,
Sahid Memorial Degree College,
Sahithya Degree College,
Sahkari PG College,
Sahrdaya College of Advanced Studies,Thrissur
Sahrdaya College of Engineering & Technology,Thrissur
Sahrdaya Institute of Management Studies,Thrissur
Sahu Jain Post-Graduate College,
Sahu Ramswaroop Mahila Mahavidyalaya,,
Sahu Shriyans Prasad Jain Arts & Commerce College,
Sahya Arts and Science College,Malappuram
Sahyadri College of Engineering & Management,
Sahyadri Commerce and Management College,
Sahyadri Parisar Shikshan Prasarak Mandal’s Shri Manohar Hari Khapane College of Arts and Commerce,Ratnagiri
Sahyadri Science College,
Sahydri Arts College,
Sahyog Pratishthan’s, Sahyog College of Management Studies,Thane
Sahyogi R.B. Degree College,
Sai Baba Gauri Baba Shri Arjun Singh Mahavidyalaya,Ambedkar Nagar
Sai College of Education,
Sai College of Education,Mahoba
Sai College of Medical Science & Technology,
Sai Degree College,
Sai Law College,Bara Banki
Sai Mahavidyalaya,
Sai Meer Degree College,Kannauj
Sai Rajeswari Institute of Technology,Y.S.R.
Sai Savitri Memorial Mahavidyalaya,,
Sai Shyam College of Education,Jammu
Sai Spurthi Institute of Technology (C5),
Sai Tirumala Nalabothu Venkata Rao Engineering College,Guntur
Sai Vidya Institute of Technology,Bangalore
Saibaba Arts and Science College,Nagpur
Saibalaji Education Society’s Saibalaji International Institute of Management Sciences,
Saibalaji Educational Society International Institute of Management & Human Resource Development for Women,
Saifee Jubilee Arts and Commerce College,
Saifia  College,
Sailajananda Falguni Samrit Mahavidyalaya,
Saini Bar College,
Sainik Degree College,
Sainik Girja Shankar Mahavidyalaya,Jaunpur
Saint Claret College,
Saint Mary's Syrian College,
Saint Mauni Baba S.M.S. Girls Degree College,Azamgarh
Saintgits College of Applied Sciences,Kottayam
Saintgits College of Engineering,Kottayam
Saitual College,
Saiva Bhanu Kshatriya College,
Saiyadaah Siddiqui Girls Degree College.,
Sakaldiha P.G. College,Chandauli
Sakeshwar Gramin Vikas Seva Sanstha’s Adsul’s Technical Campus,
Saket Girls Degree College,
Sakshi Malik Government College for Girls,Rohtak
Sakthi College of Arts  and Science for Women,Dindigul
Sakthi Institute of Information and Management Studies,Coimbatore
Salbari College,Baksa
Saldiha College,
Salem Sowdeswari College,Salem
Salesian College of Higher Education,Dimapur
Salesian College,
Salipur College,
Salt Christian College of Teacher Education,
Salt Christian College,
Saltora Netaji Centenary College,
Samadhan College,
Samaguri College,Nagaon
Samajbhushan Ganpatrao Kalbhor Arts, Commerce & Science College,Pune
Samaldas Arts College,
Samarjeet (S.J.) Mahavidyalaya,
Samarpan Science and Commerce College Samarpan Education Campus,Gandhinagar
Samarth Educational Trust’s Arvind Gavali College of Engineering,Satara
Samartha Mahvidyalaya,
Samastipur College,
Samastipur Women's College,
Samata Shikshan Mahavidyalaya,Nagpur
Samaye G.H.A. Mahavidyalaya,
Sambhaji College (Arts & Commerce),
Sambhajirao Kendre Mahavidyalaya,
Sambhunath College,
Samdariya Balika Mahavidyalaya,
Sammilani Mahavidyalaya,
Sammilani Teachers’ Training College,
Samrat Prithvi Raj Chauhan Degree College,
Samrat Prithviraj Chauhan Government College,
Samsi College,
Samskruti College of Engineering & Technology,Rangareddy
Samskruti College of Pharmacy,
Samta Post Graduate College,
Samuktala Sidhu Kanhu College,
SAN International College of Arts and Science,Coimbatore
Sanatan Dharam Sanskrit College,
Sanatan Dharma College,
Sanatan Sanskrit College,
Sanatana Dharma College,
Sanctorum College of Education,Kashmir
Sandan Lal Sanwal Das Khanna Mahila Mahavidyalaya,
Sandesha Lalit Kala Mahavidyalaya,
Sandip Foundation’s Sandip Institute of Engineering & Management,Nashik
Sandip Foundation’s Sandip Institute of Pharmaceutical Sciences,Nashik
Sandip Foundation’s Sandip Institute of Technology & Research Centre,Nashik
Sandipani Academy,Durg
Sandipani Arts & Commerce College,
Sane Guruji Vidya Prabodhini Comprehensive College of Education,
Sangameshwar College,
Sangamner Nagarpalika Arts D.J. Malpani Commerce & B.N. Sarda Science College,
Sanghamam College of Arts and Science,Viluppuram
Sangit Mahavidyalaya,
Sangit Niketan,
Sangola College,
Sangolli Rayanna First Grade Constituent College,
Sangvi Matushri Puribai Bhurmal Jain Government College,
Sanjay Gandhi (PG) College,
Sanjay Gandhi College of Education,
Sanjay Gandhi Law College,
Sanjay Gandhi Mahila College,
Sanjay Gandhi Memorial College,
Sanjay Gandhi P.G. College,
Sanjay Malviya Degree College,Allahabad
Sanjay Memorial Women’s College,Varanasi
Sanjay Teacher’s Training College,Jaipur
Sanjeevanee Mahavidyalaya,
Sanjivani College of Pharmaceutical Education & Research,Ahmadnagar
Sanjivani College of Pharmaceutical Sciences,
Sanjivani Rural Education Society’s Sanjivani College of Engineering,
Sanjivani Rural Education Society’s, Sanjivani Arts, Commerce and Science College,
Sanjivani Rural Educational Society’s Shri Saibaba College of Education,Ahmadnagar
Sanjivnie College of Education & Physical Education,
Sanjivnie College of Law,
Sanjivnie Mahavidyalaya,
Sanjo College of Management and  Advanced Studies (SCMAS),
Sankalp Institute of Education,Ghaziabad
Sankalp Mahila Mahavidyalaya,
Sankara College of Science and Commerce,Coimbatore
Sankardev College,
Sankardev Mahavidyalaya,Lakhimpur
Sankat Mochan Shikshan Prashikshan Sansthan Mahila Mahavidyalaya,Sultanpur
Sanketika Vidya Parishad Engineering College,Visakhapatnam
Sanmati College of Education,Washim
Sanmati College of Engineering,Washim
Sanmati Government College of Science Education & Research,
Sanskar City College of Education,Rajnandgaon
Sanskar Sarjan Education Society’s Dhirajlal Talakchand Sankalchand Shah College of Commerce,
Sanskar Vidya Bharti,
Sanskrit College,
Sanskrit Mahavidyalaya,
Sanskrit Mahavidyalaya,Rampur
Sanskrit Vidyapith,
Sanskrithi School of Business,
Sanskrithi School of Engineering,,
Sant Baba Attar Singh Khalsa College,
Sant Baba Bhag Singh Institute of Education,
Sant Baba Bhag Singh Memorial Girls College,
Sant Baba Dalip Singh Memorial Khalsa College,
Sant Bhika Das Ramjas Mahavidyalaya,
Sant Boola Satyanamdas Birbal Post Graduate College, Amari,
Sant Darbara Singh College for Women,
Sant Darbara Singh College of Education for Women,
Sant Dhangu Wale Gujjar Govt. College,Una
Sant Dnyaneshwar Mahavidyalaya,
Sant Dwarika Prasad Mahavidyalaya,
Sant Gadge Maharaj Arts, Commerce and Science College,
Sant Gajanan Maharaj College of Engineering,,
Sant Gramyanchal Mahavidyalaya,
Sant Hiradass Kanya Mahavidyalya,
Sant Hirdaram Girls College,
Sant Jaganade Maharaj Shikshan Mandals Arts & Commerce College,Nandurbar
Sant Janu Baba Smark Degree College,
Sant Jayacharya Mahila Mahavidyalaya,
Sant Kabir Acharya Amrit Das Mahavidyalaya,
Sant Kabir Mahanth Vidyanand College,Patna
Sant Kabir Sant Bhagwan Ram Sharan Mahavidyalaya,Bara Banki
Sant Kabir Vidyapeeth Mahavidyalaya,Sant Kabir Nagar
Sant Kavi Baba Baijnath Govt. P.G. College,
Sant Keenaram Mahila Degree College,
Sant Keenaram P.G. College,
Sant Kinaram Mahavidyalaya,Ghazipur
Sant Lakhan Das (Nagababa) Pachotar Mahavidyalaya,
Sant Majha Singh Karamjot College for Women,
Sant Mela Singh College of Education,Jammu
Sant Mohan Singh Klhalsa labana Girls College,
Sant Moni Sarvodaya Mahila Mahavidyalaya,
Sant Muktabai Arts and Commerce College,
Sant Nischal Singh College of Education for Women,Yamunanagar
Sant Paramhans Guru Prasad Balika Mahavidyalaya,
Sant Prem Singh Karamsar Khalsa College,
Sant Ram Krishna Parmhans Mahavidyalaya,
Sant Ram Lakhan Degree College,Allahabad
Sant Ram Prasad Chaudhary Mahavidyalaya,
Sant Ramdas Arts, Commerce and Science College,
Sant Ramkrishna Kanya Mahavidyalaya,
Sant Ramnarayan Rajkishore Shankar Mahila Mahavidyalaya,Ghazipur
Sant Rawool Maharaj Mahavidyalaya of Arts & Commerce,
Sant Shiromani Guru Ghasidas College,Janjgir - Champa
Sant Shiromani Guru Ravidas Government College,
Sant Shiromani Kabir Saheb Mahavidhyalaya,Jhansi
Sant Tukaram College of Arts and Science,
Sant Tulsidas Degree College,
Sant Vinoba Degree College,
Sant Viragi Baba Mahavidyalaya,
Santaji Mahavidyalaya,
Santal Bidroha Sardha Satabarshiki Mahavidyalaya,
Santaldih College,Puruliya
Santbula Chhotu Yaduvanshiya Mahavidyalaya,Mau
Santhal Pargana College,
Santhiram College of Pharmacy,
Santhiram Engineering College,Kurnool
Santipur College,
Santosee Maa Regional (+3 Degree) College,
Santosh Bhimrao Patil Arts, Commerce & Science College,
Santosh Kumar Mahavidyalaya,
Santosh Smarak Mahavidyalaya,Bijnor
Santram Chaudhary Smt. Rajkali Devi Educational Academy,
Sanwarjit Government Girls College,
Sao Chang Govt. College,
Sapatgram College,Dhubri
Sapekhati College,Sivasagar
Saquafia Millat Education Society’s Abdulkalam B.C.A. College,
Sarada Ma Girls’ College,North Twenty Four Parganas
Saradha Gangadharan College,
Saradvilas Teachers College,Mysore
Sarah Tucker College,
Saraighat College,Kamrup
Sarala Mahavidyalaya,
Saranathan College of Engineering,,Tiruchirappalli
Sarankul College,
Saraspur Arts and Commerce College,
Saraswat Degree Mahavidyalaya,
Saraswat Vidayala'sSridara Cawlo College of Commerce and management studies,
Saraswata Snataka Mahavidyalaya,
Saraswathy Narayanan College,
Saraswati College of Education,Jammu
Saraswati College of Professional Studies,
Saraswati College,
Saraswati Degree College,
Saraswati Devi Mahavidyalaya,
Saraswati Devi Mahavidyalaya,Kushinagar
Saraswati Devi Mahila Mahavidyalaya,
Saraswati Devi Nari Gyanasthali Mahavidyalaya,
Saraswati Education Society’s  Saraswati College of Engineering,
Saraswati Girls College,
Saraswati Higher Education and Technical College,
Saraswati Institute of Engineering & Technology,
Saraswati Institute of Management and Para-Medical Sciences,
Saraswati Kanya Degree College,Rampur
Saraswati Law college,
Saraswati Mahavidyalaya,
Saraswati Mahila Mahavidyalaya,
Saraswati Mandir Night College of Commerce & Arts,Pune
Saraswati Shanti Mahavidyalaya,Azamgarh
Saraswati Vidya Mandir Arts College,
Saraswati Vidya Mandir Law College,Bulandshahr
Saraswati Vidya Mandir Mahila Mahavidyalaya,
Saraswati Vidya Mandir Science & Technology Degree College,
Sarat Centenary College,
Saratha College of Arts and Science,,Erode
Sarb Narain Singh Ram Kumar Singh College,
Sarbamangala Degree College,
Sarbati Devi Women's College,
Sarbodaya College,Jorhat
SARBTM Government College,
Sarda College,Krishna
Sardar Ajit Singh Memorial Girls College,
Sardar Ballabh Bhai Patel Degree College,Bareilly
Sardar Ballabh Bhai Patel Kanya Mahavidyalaya,
Sardar Ballabh Bhai Patel Mahavidyalaya,Rae Bareli
Sardar Ballabh Bhai Patel Mahavidyalaya,Sultanpur
Sardar Ballabh Bhai Patel Mahavidyalaya,Varanasi
Sardar Begum Memorial Degree College,
Sardar Bhagat Singh College of Higher Education,Lucknow
Sardar Bhagat Singh Government Post-Graduate College,
Sardar Gunj Mercantile Co-Op Bank Ltd. (Anand) English Medium College of Commerce & Management,
Sardar Patel Bansh Gopal Sanatan Dharam Degree College,
Sardar Patel College of Administration & Management,
Sardar Patel College of Administration & Management,Anand
Sardar Patel College of Education,
Sardar Patel College of Education, Sardar Patel Education Campus,
Sardar Patel College of Engineering,
Sardar Patel College of Engineering,Anand
Sardar Patel College of Technology,Balaghat
Sardar Patel College,
Sardar Patel Degree College,Sant Kabir Nagar
Sardar Patel Institute of Applied Science,Anand
Sardar Patel Institute of Science and Technology Mahavidyalaya,
Sardar Patel M.S.D. Mahavidyalaya,Lalitpur
Sardar Patel Maha Dev Prasad Mahavidyalaya,Rae Bareli
Sardar Patel Mahavidyalaya,
Sardar Patel Mahila B.Ed. College,Mehsana
Sardar Patel Mahila Mahavidyalaya,Shahjahanpur
Sardar Patel Medical College,
Sardar Patel Smarak Degree College,
Sardar Singh Shiv Raj Singh Mahavidyalaya,
Sardar Vallabh Bhai Patel Government College,
Sardar Vallabh Bhai Patel National Police Academy,
Sardar Vallabhbhai Arts College,
Sardar Vallabhbhai Commerce College,
Sardar Vallabhbhai National Institute of Technology, Surat
Sardar Vallabhbhai National Institute of Technology, Surat,Surat
Sardar Vallabhbhai Patel Arts and Science College,
Sardar Vallabhbhai Regional College of Engineering and Technology,
Sardar Vallabhbhai Vanijya Mahavidyalaya,
Sardar Veerangonda Patil Mahila  Vidyapeeth Arts and Comm. College for Women,
Sarhad College of Arts, Commerce & Science,Pune
Sariya College,Giridih
Sarju Prasad Mahavidyalaya,Jaunpur
Sarju Rai Memorial Degree College,
Sarla Dwivedi Mahavidyalaya,
Sarnath Bodhisatva Mahavidyalaya,Varanasi
Saroj Vidyashankar Saraswati Mandir Mahavidyalaya,
Sarojini Naidu College for Women,
Sarojini Naidu Vanita Maha Vidyalaya,Hyderabad
Sarojini Naidu Vanita Pharmacy  Maha Vidyalaya,
Sarojini Naydu Govt. Girls Post Graduate College,
Sarsuna College,
Sarupathar College,Golaghat
Sarvajanik Arts & Commerce College,Nandurbar
Sarvajanik Commerce College,
Sarvajanik Degree College,
Sarvanand Sanskrit College,
Sarvanand Shandilya Yogeshwar Degree College,
Sarveshwari Mahavidyalaya,
Sarvjeet Kaushal Public Mahavidyalaya,Siddharthnagar
Sarvoday College of Education,
Sarvodaya College of Education,
Sarvodaya Kisan Degree College,
Sarvodaya Mahavidyalaya,
Sarvodaya Mahavidyalaya,Ambedkar Nagar
Sarvodaya Mahavidyalaya,Bahraich
Sarvodaya Mahila Degree College,Azamgarh
Sarvodaya Mahila Mahavidyalaya,Jaunpur
Sarvodaya PG College,
Sarvodya Mahavidyalaya,
Saryu Degree College,Gonda
Saryu Devi Mahavidyalaya,
Saryu Indra Mahavidyalaya,
Sasi Institute of Technology & Engineering,West Godavari
Sasurie College of Arts & Science,Tiruppur
Sasurie College of Engineering,Tiruppur
Saswat Mahavidyalaya,
Sat Jinda Kalyana College,
Satendra Bahadur Singh Sanskrit Mahavidyalaya,
Sateri Pisani Education Society’s Shri Gopal Gaonkar Memorial Goa Multi-Faculty College,South Goa
Satish Chandra College,
Satish Pradhan Dnyanasadhana College, Thane, (Arts, Science & Commerce),
Satish Public College of Education,
Satnami Kanya Vidyapeeth,Bulandshahr
Satpuda Shikshan Prasarak Mandal’s, Vasantrao Naik Arts, Science & Commerce College,
Satpura Mahavidyalaya for Law,
Satya Institute of Technology & Management,Vizianagaram
Satya Narain Uccha Shiksha Sansthan,
Satya Narayan Agarwal Government Arts & Commerce College,
Satya Narayan Mahavidyalaya,
Satya Narayan Mahavidyalaya,Deoria
Satya Narayan Sanskrit College,
Satya Sai Mahavidyalaya,Rae Bareli
Satyadev Degree College,Ghazipur
Satyam College of Education,Bharuch
Satyam College of Education,Jammu
Satyam Law College.,Ghaziabad
Satyam Shivam Subham Mahavidyalaya,Allahabad
Satyaniketan's Adv. Manoharrao Nanasaheb Deshmukh Arts & Science College,
Satyapal Singh Mahavidyalaya,Shahjahanpur
Satyapal Singh Yadav Mahavidayala,Shahjahanpur
Satyasahi College For women's,
Satyawati College (Evening Classes),
Satyawati College,
Satyawati Patel Mahavidyalaya.,Lakhimpur
Satyendra Narayan Singh Mahila Mahavidyalaya,
Sau Rajanitai Nanasaheb Deshmukh Arts, Commerce and  Science College,
Sau Rajnitai Nanasaheb Deshmukh Arts Commerce and Science College,
Saubhagyawati Bai Dani Mahila Mahavidyalya,
Saudan Singh Institute of Higher Education,Agra
Saurashtra College,
Saurashtra Gyanpith Arts & Commerce College,
Saveetha Engineering College,Chennai
Savita Devi Mahavidyalaya,
Savitri Bai Phule Government Post Graduate College,
Savitri Dayaram Pandey Sanskrit Mahavidyalaya,Pratapgarh
Savitri Devi Mahavidyalaya,
Savitri Devi Mahavidyalaya,Jaunpur
Savitri Devi Mahavidyalaya,Rampur
Savitri Devi Mahila Mahavidyalaya,Allahabad
Savitri Devi Mahila Mahavidyalaya,Shahjahanpur
Savitri Girls College,
Savitri Mahila Mahavidyalaya,Ghazipur
Savitri Shri Nath Mahavidyalaya,Ambedkar Nagar
Savitri Singh Mahila Mahavidyalaya,Azamgarh
Savitri Women's College,
Savitribai College of Arts,
Savitribai Phule B.Sc. and B.C.A. College,Hingoli
Savitribai Phule Mahila Mahavidyalaya,
Savitribai Phule Shikshan Prasarak Mandal’s Loknete Gopinathji Munde Arts, Commerce and Science College,Ratnagiri
Sawai Man Singh Medical College,
Sayyid Muhammed Ali Shihab Thangal Memorial Arts and Science Women’s College,Malappuram
Sazolie College,
SBIHM School of Management,Kolkata
SCAD College of Engineering and Technology,
School of Computer Science (Radha Govind Group of Institutions),
School of Engineering & Technology (Radha Govind Group of Institutions),
School of Engineering and Technology,Jhajjar
School of Environment and Architecture,
School of Information Technology,
School of Management   (Radha Govind Group of Institutions),
School of Management Sciences,
School of Management Sciences,Lucknow
School of Open Learning,
School of Planning and Architecture, Bhopal
School of Planning and Architecture, Bhopal,Bhopal
School of Planning and Architecture, Delhi
School of Planning and Architecture, Delhi,New Delhi
School of Planning and Architecture, Vijayawada
School of Planning and Architecture, Vijayawada,Vijayawada
School of Social Work,
Science College,
Science College,Ganjam
Science College,Kokrajhar
Scient Institute of Technology,Rangareddy
SCMS School of Engineering and Technology,Ernakulam
SCMS School of Technology & Management,
Scott Christian College,
Scottish Church College,
SCP Arts and DDS Commerce College,
SECAB Institute of Engineering and Technology,
SECAB's ARSI College of Arts , Science & Commerce for Women,
Secondary Teachers Training College,
Secondary Teachers' Training College,
Secondary Training College,Mumbai
Seelam Sioda Reddy and Jyothi Arts & Science College,
Seemant Degree College,
Seemanta Mahavidyalaya,
Seemawarti Mahavidyalaya,Bahraich
Seethalakshmi Achi Women's College,Sivagangai
Seethalakshmi Ramaswamy College,
SEICOM Degree College,
Selvam College of Technology,Namakkal
Selvamm Arts and Science College,
Semiliguda College,Korapat
Seng Khasi College,
Sengamala Thayaar Educational Trust Women’s College,
Sengunthar Arts and Science College,Namakkal
Sengunthar Engineering College,
Senthamarai College of Arts and Science,Madurai
Senthamil College,
Serampore College,
Serampore Girls' College,
Serchip College,
Servite College of Education for Women,
Ses's Mahasatee Arts & Commerce College,
Seshadripuram Academy of Business Studies,,
Seshadripuram College,
Seshadripuram Degree College,
Seshadripuram Evening Degree College,Bangalore
Seshadripuram First Grade College,Bangalore
Seshadripuram Institute of Commerce & Management,
Seth Anandaram Jaipuria College,
Seth Badri Prasad Smrati Mahavidyalaya,Jalaun
Seth Chunilal Amarchand Bohra Law College,
Seth G.B. Podar College,
Seth G.L. Bihani S.D. Postgraduate College,
Seth G.R. Chamaria College,
Seth Gagan Das Smriti Samiti Girls College,
Seth Goradhandas Sunderdas Medical College,
Seth Govindji Raoji Ayurved Mahavidyalaya,
Seth Jai Prakash Mukand Lal Institute of Engineering & Technology,Yamunanagar
Seth Kesarimal Porwal College of Arts & Science & Commerce,
Seth Motilal (PG) College,
Seth Narsingdass Mor College of Arts & Commerce & Smt. G.D. Sraf Science College,
Seth Navrang Rai Lohia Jairam Girls College,
Seth Netram Maghraj Tiberawala Government Girls College,
Seth Phool Chand Bagla (PG) College,
Seth Phoolchand Agarwal Smriti Mahavidyalaya,
Seth Purushotamdas Thakur Das Mahila College of Arts & Home Science,
Seth R.C.S. Arts & Commerce College,
Seth R.N. Ruia Government College,
Seth Raghunath Prasad Arts & Commerce Degree College,Rewa
Seth Ram Niranjan Das Murarka Sanskrit College,Patna
Seth Ram Swaroop Govindi Devi Mahavidyalaya,
Seth Ramakrishna Dhanuka Girls College,
Seth Ramanand Mangal Sain Degree College,
Seth Ramdas Memorial Mahavidyalaya,Jhansi
Seth Ranglal Kothari Government College,
Seth RL Saharia Government PG College,Jaipur
Seth Seorajmal Jalan Girls' College,
Seth Shree Kedarnath Modi Rajkiya Mahavidhalya,Jhunjhunun
Seth Virendra Kumar Mahavidyalaya,Jalaun
Sethu Institute of Technology,Virudhunagar
Seva Bharati Mahavidyalaya,
Seva Sadan College of Arts, Science & Commerce,
Seva Sadan's College of Education,
Sevabharathi First Grade College,Chamarajanagar
Sevadal Mahila Mahavidyalaya,
Sevamitra Bachelor of Social Work College,
Sevashram Degree College,
Sevayatan Sikshan Mahavidyalaya,
Seven Hills College of Pharmacy,Chittoor
Sewa Sadan Mahavidyalaya,
SGS Govt. Institute of Advanced Study in Education,East Godavari
Sh. Agrasen Mahila Mahavidyalaya,
Sh. C.h. Shah Maitri Vidyapith Mahila College of Education,
Sh. Chhatrapati Shivaji College,
Sh. N.K. Mehta & Smt. M.F. Devi Arts College,
Sh. P.H. Goswami Municipal Arts & Science College,
Sh. Puttulal Memorial Degree College,
Sh. Raja Rajeshwari Arts & Commerce College for Women,
Sh. Ratnasinhji Mahida Commerce College,
Sh. Sant Gadge Maharaj Mahavidyalaya,
Sh. Sant Gajanan Maharaj College of Engineering,
Sh. Shiv Prasad Memorial Girls Degree College,
Sh. Vijay Swaroop Mahila College of Education,
Sha-Shib College of Science & Management,
Shabari Smarak Degree College,
Shabri Balika Mahavidyalaya,
Shadab College of Education,Kashmir
Shadan College of Engineering and Technology,Hyderabad
Shadan Women’s College of Engineering and Technology,Hyderabad
Shafi Degree College,
Shah and Anchor Kutchi Engineering College,Mumbai
Shah Chandulal Kasturchand Municipal Commerce College,
Shah Goverdhan Lal Kabra Teachers College (C.T.E.),
Shah K.M. Law College,
Shah K.S. Arts & V.M. Parekh Commerce College,
Shah Norotamdas Harjivandas Commerce College,
Shah Satnam Ji Boys College,Sirsa
Shah Satnam Ji College of Education,Sirsa
Shah Sogamal Peeraji Oswal Government First Grade College,Vijayapur
Shah-I-Hamdan College of Education,Kashmir
ShahadaTaluka Co-Operative Education Society Ltd., Senior Arts MahilaMahavidyalaya,
Shahajade Singh Mahavidyalaya,
Shahaji Degree College,Pilibhit
Shahajiraje Mahavidyalaya,
Shaheed Akshayber Mall Mahila Mahavidyalaya,Mau
Shaheed Bandhu Singh Degree College,Gorakhpur
Shaheed Bhagat Singh College (Evening Classes),
Shaheed Bhagat Singh College,
Shaheed Bhagat Singh Government Degree College,
Shaheed Bhagat Singh Khalsa College For Girls,
Shaheed Bhagat Singh Law College,
Shaheed Bhagat Singh Mahavidhyalaya,,Sitapur
Shaheed Bhagat Singh Science Mahavidyalaya,Jalaun
Shaheed Bhagat Singh State Technical Campus,
Shaheed Bheema Nayak Govt. Post Graduate College,
Shaheed Captain Ripudaman Singh Rajkiya Mahavidyalaya,Sawai Madhopur
Shaheed Captain Vikram Batra Govt. College,
Shaheed Dalbir Singh Govt. College,Sonipat
Shaheed Darshan Singh Pheruman Memorial College For Women,
Shaheed Durga Mal Govt. Post Graduate College,
Shaheed Kanshi Ram College of Physical Eudcation,
Shaheed Kashi Ram Memorial College,
Shaheed Khem Chandra Dourbi Government Degree College,,Nainital
Shaheed Lance Naik Krishan Lal Government College for Girls,
Shaheed Major Satish Dahiya Government College,
Shaheed Mangal Pandey Government Girls Degree College,
Shaheed Rajguru College of Applied Sciences for Woman,
Shaheed Ram Singh Pathania Memorial G.N.D. University College,
Shaheed Sanjay Singh Mahila College,
Shaheed Singhran Mahavidyalaya,Jalaun
Shaheed Udham Singh Government College,
Shaheed Udham Singh Government Degree College,
Shaheed Veernarayan Singh Government College,Raigarh
ShaheedMangalPandey,
Shaheen College of Education,Kashmir
Shaheen Smarak Mahavidyalaya,
Shahid Bhagat Singh Degree College,
Shahid Bhagatsingh Mahavidyalaya,
Shahid Captain Vijay Pratap Singh Mahavidyalaya,
Shahid Jagdeo Smarak Mahavidyalay,
Shahid Matangini Hazra Government General Degree College for Women,Purba Champaran
Shahid Rajeev Pandey Government College,Raipur
Shahid Smarak Rajikya Mahaviydalaya,
Shahind Ksudiram College,
Shahji Law College,
Shahzada Nand College,
Shailabala Women's College,Cuttack
Shaildevi Mahavidyalaya,Durg
Shailendra Education Society’s, Arts, Commerce and Science College,
Shailesh Mahavidyalaya,Ghazipur
Shakti Peeth Degree College,
Shakti Smarak Sansthan,
Shakuntala Degree College,Bijnor
Shakuntala Devi Mahila Mahavidyalaya,
Shama Parveen Girls Degree College,
Shambhu Dayal College,
Shambhunath Institute of Engineering & Technology (SIET),
Shams Teacher’s Training College,
Shankar  Rao Bhalke College,Pune
Shankar Narayan College of Arts & Commerce,
Shankar Narayan College of Arts & Commerce,Thane
Shankara Gowda College of Education,
Shankarlal Agrawal College of Management Studies,
Shankarlal Agrawal Science College,
Shankarlal Dhanraj Signodia College of Arts and Commerce,
Shankarlal Khandelwal Arts, Science and Commerce College,
Shankarrao Chavan Mahavidyalaya,
Shankarrao Chavan Mahavidyalaya,Nanded
Shankarrao Mohite Mahavidyalaya,
Shankarrao Patil Mahavidyalaya,
Shanmuga Industries Arts & Science College,
Shantarau Potdukhe College of Law,
Shanthi Arts Science & Commerce College,
Shanti Devi Arya Mahila College,
Shanti Devi Jain Degree College,
Shanti Devi Mahavidyalaya,
Shanti Devi Memorial Mahila Mahavidyalaya,
Shanti Devi Rajan Babu Mahavidyalaya,
Shanti Devi Ram Badan Mahavidyalaya,Ambedkar Nagar
Shanti Devi Subhash Chandra Sushant Degree College,Bahraich
Shanti Education Society’s A.G. Patil Institute of Technology,Solapur
Shanti Jagdish Mahavidyalaya,Pratapgarh
Shanti Mahavidyalaya,
Shanti Mahila Mahavidyalaya,
Shanti Niketan College of Business Management and Computer Science,
Shanti Niketan College of Education, Franshi,,Hisar
Shanti Samarak Mahavidyalaya Shikshan Evam Prashikshan Sansthan,
Shanti Sashktikaran Mahavidyalaya,Gorakhpur
Shanti Sudama Samarak Mahavidyalaya,
Shanti Tara Girls College,
Shantilal Shah Engineering College,
Shantilata Mahavidyalaya,
Sharad Chandra Mahavidyalaya,
Sharada Devi Mahavidyalaya,Chandauli
Sharada Vidtalaya Degree College for Women,
Sharadabai Pawar College of Education,Pune
Sharadchandra Arts & Commerce College,
Sharadchandra Mahavidyalaya,
Sharadchandraji Pawar College (Arts and Commerce),Pune
Sharadrao Pawar Arts & Commerce College,
Sharda Devi Degree College,Jhansi
Sharda Devi Kanya Mahavidyalaya,Jaunpur
Sharda Devi Memorial Degree College,Sant Kabir Nagar
Sharda Mahavidyalaya (Arts & Science),
Sharda Sadan College,
Sharda Vilas College,Mysore
Sharda Vilas Law College,Mysore
Shardabai Pawar Mahila Arts, Commerce & Science College,Pune
Shardachandra Pawar Mahavidyalaya,
Shardchandra Arts & Commerce College,
Sharirik Shikshan Mahavidyalaya,
Sharmila Jaiswal Degree College,Allahabad
Shasakiya Naveen Mahavidyalaya,Dhamtari
Shashi Bhushan Balika Vidyalaya Degree College,
Shashidhar Panda Government College,
Shashwat Suryavanshi Mahavidyalaya,Ghazipur
Shaskiya Bapu Mahavidyalaya,Chhatarpur
Shaskiya Brijlal Verma Mahavidyalaya,
Shaskiya Danvir Tularam Mahavidyalaya,
Shaskiya Gundadhur Mahavidyalaya,Kondagaon
Shaskiya Kanya P.G. Mahavidyalaya,
Shaskiya Kavyopadhyaya Hiralal Mahavidyalaya,
Shaskiya Koduram Dalit Mahavidyalaya,
Shaskiya Lal Shyam Shah Mahavidyalaya,
Shaskiya Maa Mahamaya Mahavidyalaya,
Shaskiya Madanlal Shukla Mahavidyalaya,
Shaskiya Mahaprabhu Vallabhacharya Snatakottar Mahavidyalaya,
Shaskiya Mahaveer Mahavidyalaya,
Shaskiya Mahavidyalaya Madhya Pradesh,Barwani
Shaskiya Mahavidyalaya,
Shaskiya Mahavidyalaya,Alirajpur
Shaskiya Mahavidyalaya,Burhanpur
Shaskiya Mahavidyalaya,Damoh
Shaskiya Mahavidyalaya,Dhar
Shaskiya Mahavidyalaya,Indore
Shaskiya Mahavidyalaya,Jhabua
Shaskiya Mahavidyalaya,Raisen
Shaskiya Mahavidyalaya,Rewa
Shaskiya Mahavidyalaya,Seoni
Shaskiya Mahavidyalaya,Tikamgarh
Shaskiya Naveen Mahavidyalaya,Baloda Bazar
Shaskiya Naveen Mahavidyalaya,Raipur
Shaskiya Pandit Shyam Shakar Mishr Mahavidyalaya,Gariaband
Shaskiya Pataleshwar Mahavidyalaya,
Shaskiya Pt. Madav Rao Sapre College,
Shaskiya Rajmahant Nayandas Mahilang Mahavidyalaya,
Shaskiya Ramanand Sanskrit Mahavidyalaya,Bhopal
Shaskiya Sanskrit Mahavidyalaya,Panna
Shaskiya Sanskrit Mahavidyalaya,Sidhi
Shaskiya Shivnath Vigyan Mahavidyalaya,
Shaskiya Snatkottar Mahavidyalaya,
Shaskiya Venkat Sanskrit Mahavidyalaya,Rewa
Shastrarth Mahavidyalaya,
Shastri Deepan Chaudhary Mahavidyalaya,
Shatabdi Center for Education Excellence Mahavidyalaya,
Shatabdi Institute of Education,
Shavarathi First Grade College,
Sheela Devi Rambharose Lal Mahavidyalaya,
Sheikh Hamza College of Education,Kashmir
Sheikh-ul-Alam Memorial Degree College,Kashmir
Shekh Shahid Mahila Mahavidyalaya,
Shekhawati Institute of Engineering and Technology,
Shekhawati Institute,Sikar
Shekhawati P.G. Mahavidyalaya,
Sheodani College (Rural),
Shershah College,
Sheth B J Institute of Learning & Research H.R. Arts College Comp.,
Sheth Brijal Sevakram Law College,
Sheth C.D. Carfiwalal Commerce College,
Sheth H.J. Law College,
Sheth H.P. Arts & Talod Shahkari Mandali Commerce College,
Sheth K.M. School of Post-Graduate Medicine and Research,
Sheth L.H. Science College,
Sheth L.U.Jhaveri College of Arts and Sir M.V. College of Science and Commerce,Mumbai
Sheth M.N. Contractor College of Education,
Sheth Motilal Nayalchand Science College,
Sheth Motilal Nyalchand Law College,
Sheth Purushottamadas Thakurdas Arts and Science College,
Sheth R.A. College of Arts and Commerce,
Sheth R.A. College of Science,
Sheth Shoorji Vallabhdas Arts and Commerce College,
Sheth Shri I.M. Patel College of Education,
Sheth T.C. Kapadia Arts College,
Sheth T.J. Education Society’s, Sheth Nanjibhai Khimjibhai Thakkar Thanawala College of Commerce & Sheth Jayantilal Tribhovandas Thanawala College of Arts,
Shia Degree College,
Shibli National College,
Shibu Soren Janjatiya Degree College,Sahibganj
Shidheshwari Sanskrit Mahavidyalaya,
Shikaripara Mahavidyalaya,
Shiksha Mandal’s, Wardha Bajaj Institute of Technology,Wardha
Shiksha Snatak Mahavidyalaya,Raipur
Shikshak Sanchalit Shikshan Sansthan's Arts & Commerce College,
Shikshan Maharishi Guruvaya R.G. Shinde Mahavidyalaya,
Shikshan Maharshi Dnyandeo Mohekar Mahavidyalaya,
Shikshan Maharshi Dr. Bapuji Salunkhe Mahavidyalaya,
Shikshan Maharshi Shri Krushnrao Zoting Patil Arts & Commerce College,
Shikshan Mahavidyalaya,
Shikshan Mandal's Mahila Mahavidyalaya,
Shikshan Prasarak Mandal Andur's Jawahar Arts Science & Commerce College,
Shikshan Prasarak Mandal’s Sahebrao Shankarrao Dhamdhere Arts & Commerce College,Pune
Shikshanmaharshi Bapuji Salunkhe Mahavidyalaya,
Shillong College,
Shillong Commerce College,
Shillong Law College,
Shimurali Sachinandan College of Education,
Shirakole Mahavidyalaya,South Twenty Four Parganas
Shirdee College of Education,Jammu
Shiri Kumaran College of Arts and Science College,Coimbatore
Shirmati Savitarani Narayandas Jawan - Dhiya Mahavidyalaya,
Shirpur Education Society’s Smt. H.R. Patel Arts Mahila College,
Shishu Ananta Mahavidyalaya,
Shitrikamji Bhai Chatwani Arts and J.V. Gokal Trust Commerce College,
Shiv Adarsh Mahavidyalaya,
Shiv College of Education,
Shiv Harsh Kisan P.G. College,
Shiv Lok Sadhana Kaksha Degree College,
Shiv Mahavidyalaya,
Shiv Mahesh Shaikshik Sansthan,
Shiv Mandir Chhuttan Lala Kaka Girls Degree College,
Shiv Moorat Singh Mahavidyalaya,
Shiv Nandan Nand Kishore Mishra College,
Shiv Nandan Prasad Mandal Law College,
Shiv Prasad Sadanand Jaiswal Arts & Commerce College,
Shiv Prasad Sanskrit Degree College,
Shiv Savitri Mahavidyalaya,
Shiv Shakti Arts and Science College,
Shiv Shakti Girls Degree College,Sitapur
Shiv Shakti Mahavidyalaya,Aligarh
Shiv Shankar Chaturvedi Mahavidyalaya,
Shiv Shankar Singh Mahavidyalaya,Azamgarh
Shiv Shanker Singh Shiv Ram Singh Mahavidyalaya,
Shiv Shyam Mahavidyalaya,Allahabad
Shiva College,Durg
Shiva Degree College,
Shiva Nath Verma Smarak Mahavidyalaya,
Shivai Shikshan Prasarak Mandal’s Sundarrao More Arts, Commerce & Science College,Raigarh
Shivaji Arts & Commerce College,
Shivaji Arts, Commerce & Science College,
Shivaji College of Education,
Shivaji College,
Shivaji Law College,
Shivaji Mahavidyalaya,
Shivaji Vidyapeeth Mahavidyalaya,
Shivajirao Kadam Institute of Technology and Management – Technical Campus,
Shivalik College of Education,Jammu
Shivalik College of Engineering,Dehradun
Shivam College,
Shivanand College,
Shivangi Mahila Mahavidyalaya,Jaunpur
Shivani College of Engineering and Technology,Tiruchirappalli
Shivani Engineering College,Tiruchirappalli
Shivanshu Susheel Mahavidyalaya,Bahraich
Shivapati Deree College,
Shivchhatrapati College,
Shivdarshan Mahavidyalaya,Banda
Shivdulari Devi Daldapat Shahi Mahila Mahavidyalaya,Kushinagar
Shivjagruti Senior College,
Shivkali Yadav Jagpatti Balika Mahavidyalaya,,
Shivkumari Sahab Mahavidyalaya,Mau
Shivlok Shrinet Mahavidyalaya,
Shivmohan Singh Ramautar Mahavidyalaya,
Shivnagar Vidya Prasarak Mandal’s Institute of Management,Pune
Shivneri Mahavidyalaya,
Shivpal Singh Mahavidyalaya,
Shivraj College of Arts & Commerce and D.S. Kadam Science College,
Shivraj Smarak Mahavidyalaya,
Shivramji Moghe Arts, Commerce and Science College,Yavatmal
Shivsagar Sevabhavi Shikshan Prasarak Mandal’s, Kala Mahavidyalaya,
Shivsakhi Memorial Degree College,Ghazipur
Shivvati Shivnandan Shukla Mahavidyalaya,
Shiwanand Degree College,
Shobha Singh Yadav Govt. College,
Sholapur Social Association’s Arts and Commerce College,
Shra Shiva Shahu Mahavidyalaya,
Shram Sadhana Bombay Trust’s College of Engineering and Technology,
Shram Safalya Education Society’s Pandit Jawaharlal Nehru College of Social Work,
Shrama Shakti College,
Shramdham Arts, Science & Commerce,
Shramjivi Shikshan Prasarak Mandal Adarsh Mahavidyalaya,
Shree Agrasain College.,
Shree AgraseN Mahavidyalaya,
Shree Ambaji Arts College,
Shree Anant Krishi Vikas Pratishthan’s, Sau. Kesharbai Sonajirao Kshirsagar alias Kaku College of Agriculture,
Shree Anant Krishi Vikas Pratishthan’s, Sau. Kesharbai Sonajirao Kshirsagar alias Kaku College of Food Technology,
Shree Arjunlal Hirani College of Journalism and Performing Arts,
Shree Babu Lal Mahavidyalaya,
Shree Bajrang Mahavidyalaya,
Shree Balaji Academy,
Shree Bankey Bihari Dental College & Research Centre,
Shree Benakappa Shankrappa Simhasanad Government First Grade College,
Shree Bharat Sarasvati Mandir Sansad Shri Mahendra Kumar Navinchandra Kampani Arts and Shri Amitkumar Kishorchandra Shah Commerce College,
Shree Bharatesh Vidya Mandal’s Bharatesh College of Education,Belgaum
Shree Bhikhabhai Patel Arts College,
Shree Bhuvneshwari Raja Mahavidyalaya,Patna
Shree C.U. Shah College of Commerce, Management and Computer Education,
Shree Chanakya Education Society’s Indira College of Commerce and Science,Pune
Shree Chanakya Education Society’s Indira College of Engineering and Management,Pune
Shree Chanakya Education Society’s Indira College of Pharmacy,Pune
Shree Chanakya Education Society’s Indira School of Business Studies,Pune
Shree Chhatradhari Sanskrit Mahavidyalaya,
Shree D.D. Kotiyawala Municipal Law College,
Shree D.R. Mahila Mahavidyalaya,,Varanasi
Shree Dauji Maharaj Degree College,Agra
Shree Dhabaleswar College of Science & Technology,
Shree Dhanvantary Pharmacy College,Surat
Shree Dnyanraj Mauli Shikshan Seva Mandal’s Achievers College of Commerce & Management (Night College),
Shree Doodh Nath Sarvodaya Mahavidyalaya,Jhansi
Shree Ganga Shardul Rajakiya Acharya Sanskrit College,Bikaner
Shree Gopal Banerjee College,
Shree Gorakshnath Sanskrit Vidyapeeth P.G. College,Gorakhpur
Shree Guru Gobind Singh Ji Government College,Sirmaur
Shree J.B. Dharukawala Mahila Arts College,
Shree J.M. Patel Arts College,
Shree J.M. Patel Institute of Social Work & Applied Arts,
Shree J.M. Patel Post Graduate Studies & Research in Humanities,
Shree J.S. Parmar Arts & Commerce College,
Shree Jagannath Mohavidyalaya,
Shree Jagveer Singh Chauhan Smrati Mahavidyalaya,
Shree Jai Mangal Sanskrit  Mahavidyalaya,
Shree Ji Baba Institute,
Shree K.S. Degree College,,
Shree Kishor Goswami Mahavidyalaya,Mahoba
Shree Kokilaben Karsanbhai Patel Girls Science College,
Shree Kongadiyappa First Grade College,
Shree Krishna College,Sitapur
Shree Krishna Educational Institute,,Sitapur
Shree Krishna Sharda Devi Mahila Mahavidyalaya,Mirzapur
Shree L.R. Tiwari College of Engineering,Thane
Shree L.R. Tiwari Degree College of Arts, Commerce & Science,Thane
Shree Laxminarayan Ayurvedic College,Amritsar
Shree M.R. Desai (Sanjay Farm) Arts & Shree Ibrahimbai I Laher Kosadia (Alipore) Commerce College,
Shree M.S. Chauhan Mahavidyalaya,
Shree Mahanth Vaidehi Sharan Sanskrit Mahavidyalaya,
Shree Mansa Ram Bramha Ji Mahavidyalaya,Mau
Shree Medha Degree College,,
Shree Meghmani Parivar and Shree Bhailalbhai A Patel (Detrowale) Umiya Arts and Commerce College for Girls,
Shree Mehendra Das Degree College,
Shree Mohan Dhansira Mahavidyalaya,
Shree Morarji Desai Arts and Commerce College,
Shree Narayana College,
Shree Neelkanta Vidhi Mahavidyalaya,
Shree Neminath Jain Brahmachayrasram’s Shriman Sureshdada Jain College of Pharmacy,Nashik
Shree Niranjana Swamy First Grade College,
Shree P.M. Patel College of Education (B.Ed),
Shree P.M. Patel College of Paramedical Science & Technology,
Shree P.M. Patel Institute of Biosciences,
Shree P.M. Patel Institute of Business Administration,
Shree P.M. Patel Institute of Integrated M.Sc. in Biotechnology,Anand
Shree P.M. Patel Institute of P.G. Studies & Research in Science,
Shree Pandharinath Arts Commerce College,
Shree Purushottam Singh Mahavidyalaya,
Shree Radhey P.G. College,
Shree Raghavendra Arts and Science College,
Shree Raghukul Mahavidyalaya,
Shree Raghuvir Saran Degree College,
Shree Rahul Education Society’s Rahul College of Education,Thane
Shree Rahul Education Society’s Shri. L.R. Tiwari College of Law,,Thane
Shree Rajendra Suri. Govt. College,
Shree Rajroop Memorial Mahavidyalaya,Kushinagar
Shree Ram Institute of Management & Technology,
Shree Ram Mahavidyalaya,
Shree Raman Singh Degree College,
Shree Ramchandra Education Society’s Shree Ramchandra College of Engineering,Pune
Shree Ramprakash Sanskrit Mahavidyalaya,
Shree Rang Navchetan Mahila Arts College,
Shree Rangey Raghav Mahavidyalaya,Bharatpur
Shree S.D. Patel Arts & C.M. Patel Commerce College,
Shree S.P. Patel Arts College,
Shree Sahajanand Vanijya Mahavidyalaya,
Shree Sarvajanik College of Education,
Shree Sathyam College of Engineering and Technology,,Salem
Shree Shivaji Arts, Commerce & Science College,
Shree Shree Gourgobind Girls’ College,
Shree Shukdev Prasad Tripathi Smarak Sanskrit Vidyapeeth,Kushinagar
Shree Siddhi Vinayak Mahavidyalya,
Shree Sidhi Vinayak College of Law,  Jamunavata, Goverdhan Road,  Mathura-281 001,  Uttar Pradesh,Mathura
Shree Tejendraprasadaji Swaminarayan Arts College,
Shree Thakorbhai patel, Arts & Commerce College,Bharuch
Shree U.H. Chaudhari Arts College,
Shree V.M. Sakariya Mahila Arts College,
Shree Veereshwar Arts College,
Shree Venkateshwara Arts & Science (Co-Education) College,Erode
Shree Venkateshwara Hi-Tech Engineering College,Erode
Shreemati Gangabai Khivaraj Ghodawat Kanya Mahavidyalaya,
Shreemati Shivraji Maurya Sanskrit Mahavidyalaya,
Shreenath Alaknanda Mahavidyalaya,Ghazipur
Shreenivasa Engineering College,Dharmapuri
Shri  Hazari Lal Mahavidyalaya,
Shri & Smt. P.K. Kotawala Arts College,
Shri Aaijee Mahila Mahavidyalaya,Jodhpur
Shri Aanasagar Mahila Shiksha Shastri College,
Shri Aayaz Hussain Post Graduate College,
Shri Abhimanyu Yadav Mahavidyalaya,Jaunpur
Shri Acharya Tulsi Amrit Mahavidyalaya,
Shri Adarsh Ramanand Sanskrit College,
Shri Adarsh Sanskrit College,
Shri Agrasen Degree College,
Shri Agrasen Kanya Mahavidyalaya,Korba
Shri Agrasen Kanya P.G. College,
Shri Agrasen Mahavidyalaya,
Shri Akhil Anjana Kelavani Mandal Sanchalit B.C.A. College,
Shri Akshaibar Singh Memorial Mahavidyalaya,
Shri Alpesh N. Patel Post Graduate Institute of Science & Research,,Anand
Shri Ambabai Talim Santha’s Sanjay Bhokare Group of Institutes Faculty of Engineering Management and Polytechnic,Sangli
Shri Amolak Jain Vidya Prasarak Mandal’s Smt. Shantabai Kantilal Gandhi Arts, Amolak Science & Panalal Hiralal Gandhi Commerce College,
Shri Anand College,
Shri Anandaneshwar Arts, Science and Commerce College,
Shri Asaramji Bhandwalder Arts Commerce and Science College,
Shri Asha Ram Digambar Jain Girls College,
Shri Atal Bihari Vajpayee Government Arts and Commerce College,
Shri Aurobindo College (Evening Classes),
Shri Aurobindo College,
Shri Ayurveda Mahavidyalaya,
Shri B.M. Kankanawadi Ayurved Mahavidyalaya,
Shri B.S.D.P. Mahavidyalaya,
Shri B.Sham Sunder Memorial College of Physical Education,
Shri Babasaheb Deshmukh Parwekar Mahavidyalaya,Yavatmal
Shri Babasaheb Dhabekar Arts & Commerce College,
Shri Babbu Singh Mahavidyalaya,Mahoba
Shri Babu Kaliram Rakesh Rajkiya Mahavidyalaya,
Shri Babu Singh Balika Degree College,Farrukhabad
Shri Babu Singh Daddu Ji Krishi Mahavidyalaya,Farrukhabad
Shri Babu Singh Degree College,
Shri Babu Singh Degree College,Farrukhabad
Shri Babu Singh Degree College,Kaushambi
Shri Babu Singh Jay Singh Ayurvedic, Medical College & Hospital,Farrukhabad
Shri Babunandan Adarsh Mahavidyalaya,Ghazipur
Shri Bachchu Ram Singh Ram Swaroop Singh Mahavidyalaya,Fatehpur
Shri Baijnath Girls Institute of Education and Management,Bara Banki
Shri Bajrang Degree College,
Shri Bajrang Singh Mahavidyalaya,
Shri Bajrang Teachers' Training College,
Shri Bajrangi Mahavidyalaya,
Shri Balaji Adhyapak Mahavidyalaya,Washim
Shri Balaji Degree College,
Shri Balaji Maharaj Mahavidyalaya,
Shri Balaji Maharaj Mahavidyalaya,Hatras
Shri Balaji Mahavidhyalay,Hardoi
Shri Balaji Mahavidyalaya,
Shri Balasaheb Mane Shikshan Prasarak Mandal’s,Kolhapur
Shri Baldeo Singh Bhalesultan Mahavidyalaya,
Shri Banke Bihari Mahavidyalaya,Auraiya
Shri Bankey Lal Memorial Degree College,Moradabad
Shri Bhagwan Mahavir Post-Graduate College,
Shri Bhagwan Shiv Mahavidyalaya,
Shri Bhagwandas Sanskrit Mahavidyalaya,Hardwar
Shri Bharat Singh Kamla Mahavidyalaya,,
Shri Bhawanand Sanskrit Mahavidyalaya,
Shri Bhawani Niketan Mahila College,
Shri Bhawani Singh Mahavidhyalaya,Agra
Shri Bhogilal Pandya Govt. College,
Shri Bhoomiraj Singh Lila Devi Mahavidyalaya,
Shri Bhuwaneshwari Sanskrit Mahavidyalaya,Mirzapur
Shri Birla Acharya Sanskrit College,
Shri Brajraj Singh Mahavidyalaya,Etah
Shri C.P. Degree College of Physical Education,
Shri C.V. Shah Law College,
Shri Chandra Swami Degree College,
Shri Chandrabhan Singh Mahavidyalaya,Agra
Shri Chandrashekhar Mallikarjun Mamani Government First Grade College,
Shri Channabasaveshwar Arts, Science & Commerce College,
Shri Chatrapati Shivaji Shikshan Mandal's College,
Shri Chetram Singh Mahavidyalaya,
Shri Chhatrapati Shahuji Maharaj Mahavidyalaya,Gonda
Shri Chhatrapati Shikshan & Arogya Prasarak Mandal’s Shri Sant Gajanan Mahavidyalaya,Ahmadnagar
Shri Chhote Lal Jagroop Singh Yadav Mahavidyalaya,Unnao
Shri Chinai College of Commerce and Ecnomis,
Shri Chitarmal Mahavidyalaya,Agra
Shri Chunibai Nagjibhai Patel Fertikuiwala Arts & Dabhol N. Science College,
Shri Cloth Market Kanya Vanijya Mahavidyalaya,
Shri D.P. Verma Memorial Degree College,
Shri D.V. Raval Arts & Commerce College,
Shri Dadu Acharya Sanskrit College,
Shri Dadu Balram Singh Sanskrit Mahavidyalaya,
Shri Dalchand Singh Mahavidylaya,
Shri Danrajji Shrichandji Badamia College of Professional Studies,Pali
Shri Darshan Mahavidyalaya,
Shri Darshan Singh Mahavidyalaya,
Shri Datta Arts & Commerce College,
Shri Dayanand Mahavidyalaya,
Shri Deendayal Kushwaha Mahavidyalaya,
Shri Deep Chandra Choudhary Mahavidyalaya,Lalitpur
Shri Devi Prasad Mahavidyalaya,
Shri Devi Singh Institute of Education,
Shri Dhaneshwar Degree College,
Shri Dharmasthala Manjunath Eshwara College of Business Management,
Shri Dharmjeet Singh Mahavidyalaya,
Shri Dhokeshwar College,
Shri Digambar Jain Adarsh Mahila Sanskrit P.G. College,
Shri Digamber Jain Acharya Sanskrit College,
Shri Digamber Jain Adarsh Mahila Teachers Training College,
Shri Dnyanesh Mahavidyalaya,
Shri Dnyaneshwar Mahavidyalaya,
Shri Dnyaneshwar Shikshan Sanstha Sanchalit, Shivchhatrapati Arts College,
Shri Dr. R.G. Rathod Arts & Science College,
Shri Draunacharya Degree College,
Shri Durga Prasad Sarraf College,
Shri Durga Sanskrit Mahavidyalaya,Mahoba
Shri Durga Shiksha Neketan Mahavidyalaya,
Shri Durga Shiksha Niketan Mahavidyalaya,
Shri Durgaji Sanskrit Mahavidyalaya,
Shri Dwarkadhish Sanskrit Academy and Indological Research Institute,
Shri Fateh Singh Mahavidhyalay,Aligarh
Shri G.S. Institute of Technology and Science,
Shri Gadge Maharaj Mahavidyalaya,
Shri Gajanan Maharaj Arts & Commerce College,Yavatmal
Shri Gajanan Maharaj Shikshan Prasarak Mandal’s Sharadchandra Pawar College of Pharmacy,Pune
Shri Gajanand Shital Yadav Mahavidyalaya,,Mirzapur
Shri Gandhi Degre (PG) College,
Shri Gandhi P.G. College,
Shri Gandhi Smarak Degree College,
Shri Ganesh Arts College,
Shri Ganesh College of Education,
Shri Gauri Shankar College,Firozabad
Shri Gauri Shankar Sanskrit College,
Shri Gayadeen Mahavidyalaya,
Shri Ghurai Lal Verma Science Mahavidyalaya,
Shri Girija Prasad Dwivedi Mahavidyalaya,
Shri Girraj Maharaj Mahavidyalaya,
Shri Gnanambica Degree College,Chittoor
Shri Gopalji Mahavidyalaya,
Shri Gopi Chand College of Pharmacy,
Shri Gopichand Mahavidyalaya,
Shri Gosar Hansraj Gosrani Commerce & Shri D.D. Nagda B.B.A College,Jamnagar
Shri Goverdhan Sanskrit College,
Shri Govind Degree College,
Shri Govind Guru Government College,Banswara
Shri Govind Singh Gurjar Rajkiya Mahavidyalaya,
Shri Govindprabhu Arts and Commerce College,Chandrapur
Shri Govindrao Munghate Arts & Science College,
Shri Gujarati Samaj B.Ed College,
Shri Gulab Singh Mahavidyalaya,
Shri Gulab Singh Rajkiya Mahavidyalaya,
Shri Gumani Singh Mahavidyalaya,
Shri Guru Angad Dev College,Tarn Taran
Shri Guru Buddhisswami Mahavidyalaya,
Shri Guru Gobind Singhji Institute of Engineering & Technology,
Shri Guru Gorakshnath Mahavidyalaya,
Shri Guru Harkishan Degree College,
Shri Guru Nanak Girls’ Degree College,
Shri Guru Nanak Kanya Mahavidyalaya,
Shri Guru Ram Rai Institute of Technology & Science,
Shri Guru Ram Rai Post-Graduate College,
Shri Guru Ravidas Sanskrit Snatkottar Mahavidyalaya,
Shri Guru Teg Bahadur Govt. College,
Shri Guru Teg Bahadur Khalsa College,
Shri Gurudatta Shikshan Sanstha’s Loknete Dr. J.D. Pawar College of Pharmacy,Nashik
Shri H.K. Arts College,
Shri H.K. Commerce College,
Shri H.S. Shah College of Commerce,
Shri Hardev College,Ballia
Shri Hari Mahavidyalaya,
Shri Hari Shankar Ji Mahavidyalaya,
Shri Haripal Shastri Smarak Mahavidyalaya,
Shri Harishankar Mahavidyalaya,
Shri Havagi Swami College,
Shri Hoti Singh Mahendra Singh Adarsh Kanya Mahavidyalya,
Shri Hubraj Jaiswal Mahila Mahavidyalaya,Ambedkar Nagar
Shri I.K. Chavda Gram Vidhyapith,Anand
Shri I.V. Patel Collee of Commerce,
Shri Indramani Mahila Mahavidyalaya,Jaunpur
Shri J.L.K.  Kotecha Arts  and Smt. S.H. Gardi Commerce College,
Shri J.M. Patel Arts & Smt. M.N. Patel Mahila Commerce College,
Shri J.S. Bhakata & Shri K.M. Bhakta Arts, Shri A.N. Shah Science  & Shri N.F. Shah Commerce College,
Shri J.S. Patil Munghate Arts and Commerce College,
Shri Jagadamba First Grade Arts & Science College,
Shri Jagadguru Fakkireshwar Government First Grade College,
Shri Jagadguru Tontadarya Vidyapeetha’s Basaveshwar Arts and Commerce College,
Shri Jagannath Mahavidyalaya (Degree College),
Shri Jagath Narayan Sanskrit College,
Shri Jagdamba Mahila Mahavidyalaya,
Shri Jagdev Singh Mahavidyalaya,Hardoi
Shri Jagdguru Murugharajendra Vidyapeeth Mahantha First Grade Arts and Commerce College,
Shri Jahar Singh Mahavidyalaya,
Shri Jai Narain Post Graduate College,
Shri Jain College of Arts & Commerce,Pune
Shri Jain Diwakar Mahavidyalaya,Indore
Shri Jain Girl’s P.G. College,Bikaner
Shri Jain PG College,
Shri Jain Teachers' Trainiing College,
Shri Jain Terapanth College,
Shri Jamuna Ram Mahavidyalaya,
Shri Jangjeet Singh Mahavidyalaya,Agra
Shri Jankiraman Mahavidyalaya,
Shri Jayantilal Hirachand Sanghvi Gujarati Innovative College of Commerce & Science,
Shri Jayendrapuri Arts & Science College,
Shri Jiledar Singh Smarak Mahavidyalaya,Mainpuri
Shri K.K. Shastri Government Commerce College,
Shri K.M. Mamani Govt. First Grade College,
Shri K.N. Singh Mahila Mahavidyalaya,
Shri K.P. Shah Law College,
Shri K.V.P. Science, M.T.K.P. Arts and S.G.S. Parekh Commerce College,
Shri Kalidas B.S.W. College,
Shri Kaljibhai R. Katara Arts College,Sabar Kantha
Shri Kalyan Rajkiya Kanya Mahavidyalaya,Sikar
Shri Kalyan Singh Degree College,Kannauj
Shri Kameshwar Sanskrit Mahavidyalaya,
Shri Kamla Prasad Singh Degree College,
Shri Kanhaiyalal Manikchand Mahila Mahavidyalay,Sultanpur
Shri Kanyakubja Sanskrit Mahavidyalaya,
Shri Kashi Chandrdev Yadav Mahavidyalaya,
Shri Kashi Vishwanath Vedic Karmakand Sanskrit Mahavidyalaya,Varanasi
Shri Khandelwal Vaish Girls College,
Shri Khushiram Mahavidyalaya,Aligarh
Shri Kirori Lal Shastri Degree College,
Shri Kirshna Mahavidyalaya,
Shri Kirshnaswamy College for Women,Chennai
Shri Kisanlal Nathmal Goenka Arts & Commerce College,Washim
Shri Kishandas Kikani Arts & Commerce College,
Shri Kishna Shastri Sanskrit College,
Shri Komal Nath Singh Mahavidyalaya,
Shri Komil Singh Shanti Devi Mahavidyalaya,Kannauj
Shri Krishan Ayu Sanskrit College,
Shri Krishan Chander Government Degree College,Jammu
Shri Krishan Mahavidyalaya,Baghpat
Shri Krishana Mahavidyalaya,
Shri Krishna Academy of Legal Education,Alwar
Shri Krishna Ambedkar Mahavidyalaya,
Shri Krishna College of Engineering,
Shri Krishna Gita Rashtriya Mahavidyalaya,Azamgarh
Shri Krishna Jubilee Law College,Muzaffarpur
Shri Krishna Madhav Girl’s College,
Shri Krishna Mahavidyalaya,
Shri Krishna Mahila Degree College,
Shri Krishna Mahila Mahavidyalaya,
Shri Krishna Mahila Mahavidyalaya,Mau
Shri Krishna Ram Bahadur Shanti Devi Mahila Mahavidyalaya,
Shri Krishna Sudama Sansthan,Varanasi
Shri Krishnadas Jajoo Gramin Seva Mahavidyalaya,
Shri Kuleshwar Mahadev  Shaskiya Mahavidyalaya,Raipur
Shri Kumar Sen Sharma Mahavidyalaya,,Aligarh
Shri Kumar Swami Mahavidyalaya,
Shri Kumareshwar Arts and Commerce College,
Shri Kund Kund Jain Degree College,
Shri Lachhiram Mahavidyalaya,Ghazipur
Shri Lakhan Singh Khajani Devi Mahavidhyalaya.,Hatras
Shri Lal Bahadur Shastri Arya Mahila College,
Shri Lal Bahadur Shastri Degree College,Gonda
Shri lal Bahadur Shastri Mahavidyalaya,
Shri Lal Ji Singh Jivan Jyoti Mahavidyalaya,Sitapur
Shri Lal Shankar Unia Shankar Arts & Harivandan and Padmaben Thakore Thakore Commerce College for Women,
Shri Lal Singh Degree College,
Shri Lalaram Sharma Memorial Mahavidyalaya,Aligarh
Shri Lalla Singh Mahavidyalaya,Jalaun
Shri Lallan Ji Bramhachari Mahavidyalaya,
Shri Laturi Singh Shri Ram Mahavidyalaya,
Shri Laxmikanta College of Technology,Balaghat
Shri Lemdeo Patil Arts & Commerce College,
Shri M. Shivacharya First Grade college,
Shri M.D. Shah Mahila College of Arts and Commerce,
Shri M.L.V. Government College,
Shri M.N. Patel M.Ed. College,Sabar Kantha
Shri M.N. Shukla Education College,
Shri M.P. Shah Municipal Commerce College,
Shri M.S. Chauhan Mahavidyalaya,
Shri Madhaorao Wankhede Sharirik Shikshan Mahavidyalaya,
Shri Madhav College of Education & Technology,
Shri Madhavrao Patil Mahavidyalaya,
Shri Madhwa Vadiraja Institute of Technology & Management,Udupi
Shri Madrambapuri First Grade college of Arts & Commerce,
Shri Mahadev Shikshan Sansthan Mahavidyalaya,Gonda
Shri Mahadevappa Basalingappa Halli Government First Grade College,Dharwad
Shri Mahanth Maniraj Das Baliraj Mahavidyalaya,
Shri Maharaja Rajendrasinhji College of Arts & Science,
Shri Maharani Tarabai Government College of Education,Kolhapur
Shri Mahatma Basweshwar Mahavidyalaya,
Shri Mahaveer College,Jaipur
Shri Mahaveer Mahavidyalaya,
Shri Mahavir Sanskrit College,
Shri Mahesh Prasad Degree College,
Shri Mahesh Teachers College,
Shri Mahila Arts  & Commerce College,
Shri Malkhan Singh Mahavidyalaya,
Shri Manibhai Virani and Smt. Navalben Virani Science College,
Shri Manilal Kadakia College of Management & Computer Studies,
Shri Mannu Lal Kanya Mahavidyalaya,
Shri Mateshwari Sugni Devi Kanya Mahavidyalaya,
Shri Mathur Chaturved Sanskrit Mahavidyalaya,
Shri Mathuradas Mohota College of Science,Nagpur
Shri Megh Singh College,
Shri Megh Singh Degree College,
Shri Meharvan Singh Mahavidyalaya,
Shri Mishri Lal Sanwal Government Girls’ College,
Shri Mohansinh Chhotubhai Rathava College of Arts,
Shri Mohar Singh Degree College,
Shri Muktanand College,
Shri Munai Yadav Somna Devi Mahila Mahavidyalaya,Sant Kabir Nagar
Shri Murli Manohar Town Degree College,
Shri Naranbhai Shamalbhai Patel Law College,
Shri Narayan Pratap Singh Smriti Mahavidyalaya,
Shri Narayan Sharma Teachers Training College,
Shri Narayan Singh Mahavidyalaya,Hardoi
Shri Narayan Singh Mahavidyalaya,Lucknow
Shri Narayan's Guru College,
Shri Narendra Tidke College of Arts & Commerce,
Shri Narheji Law College,
Shri Narsingh Prasad Singh Mahavidyalaya,
Shri Nath Baba Mahavidyalaya,Ballia
Shri Nathmal Goenka Law College,
Shri Natvarsinhji Arts & Science College and Shri Shantilal Gordhandas Patel Commerce College,
Shri Neelam Devi Mahavidyalaya,
Shri Neelkantheshwar Government Post Graduate College,
Shri Nehru Shardapith Evening College,
Shri Neminath Jain Brahmacharyashram (Jain Gurukul’s) Karmveer Keshavlalji Harakchandji Abad Arts, Shriman Motilalji Giridharilalji Lodha Commerce and Shriman P.H. Jain Science College,
Shri Niketan Arts Commerce College,Nagpur
Shri Nimbark Krishna Madhavanand Sanskrit Mahavidyalaya,Patna
Shri Nishad Raj Akhandanand Mahavidyalaya,
Shri Nivas Bodhayan Ramanuj Sanskrit College,
Shri Omkarnath Malpani Law College,
Shri P.K. Chaudhari Mahila Arts College,
Shri P.L. Memorial P.G. College,
Shri P.L. Verma Teacher Training College,
Shri P.N. Pandya Arts, M.P. Pandya Science and Smt. D.P. Pandya Commerce College,
Shri Pad Krishna Kolhatkar Mahavidyalaya,
Shri Padmaprabha Digambar Jain Arts College,
Shri Paramhans Shikshan Prashikshan Mahavidyalaya,
Shri Parashar Brahm Sudhakar Pandey Damyanti Devi Institute of Girls Education,Mau
Shri Parmanand Manorma Devi Mahila Mahavidyalaya,Ghazipur
Shri Prabhu Dayal Mahila Mahavidyalaya,Sitapur
Shri Pragya Mahavidyalaya,
Shri Pram Hans Sanskrit College,
Shri Pramod Ji Mahila Mahavidyalaya,Sonbhadra
Shri Pratap Singh Barahath Government College,
Shri Pt. Yagya Narayan Dubay Smarak Mahavidyalaya,
Shri Pundlik Maharaj Mahavidyalaya,
Shri Pustikar Shri Purohit Surajraj Roopadevi Smriti Mahila Mahavidyalaya,Jodhpur
Shri Puttulal Marg Shri Memorial Mahavidyalaya,Firozabad
Shri R.C. Jall Law College,
Shri R.K. (P.G.) College,
Shri R.K. Parekh Arts & Science College,
Shri R.N. Yadav Mahavidyalaya,
Shri R.T. Ayurved College,
Shri Radha Krishna Mahavidyalaya,Auraiya
Shri Radhakisan Laxminarayan Toshniwal College of Science (R.L.T. College of Science),
Shri Radheshyam R. Morarka Government College,
Shri Radheshyam R. Morarka Rajkiya Mahavidyalaya,Jhunjhunun
Shri Radhey Jamuna Devi Kanya Mahavidyalaya,Agra
Shri Radhey Krishan Munni Devi Mahavidyalaya,Kanpur Dehat
Shri Raghavendra Singh Hazari Govt. Degree College,
Shri Raghunath Bishnoi Memorial College,,
Shri Raghunath Brambhacharya Ashram Adarsh Sanskrit Mahavidyalaya,
Shri Raghuraj Singh Sanskrit Mahavidyalaya,
Shri Raj Rajeshwari Mahila Mahavidyalaya,Jaunpur
Shri Rajaram Degree College,Hamirpur
Shri Rajaram P.G. College,
Shri Rajasthani Seva Sangh’s Smt. Parmeshwaridevi Durgadutt Tiberwala Lions Juhu College of Arts, Commerce & Science,Mumbai
Shri Rajendra Singh Degree College,
Shri Rajendra Singh Yadav Mahavidyalaya,
Shri Rajendra Suri Kundan Jain Rajkiya Mahila Mahavidyalaya,Jalor
Shri Rajnath Pandey Sanskrit Mahavidyalaya,
Shri Rajni Parekh Arts, Shri Keshavlal B. Commerce & Smt. B.C.J. Sc. College,
Shri Rajpati Singh Smarak Shikshan Prashikshan Mahavidyalaya,
Shri Rajveer Singh Memorial Mahavidyalaya,
Shri Ram Adarsh Mahavidyalaya,
Shri Ram Autar Singh Mahavidyalaya,Fatehpur
Shri Ram Bharosey Singh Mahavidyalaya,
Shri Ram Chandra Singh Mahavidyalaya,
Shri Ram College of Commerce & Education,
Shri Ram College of Commerce,
Shri Ram College of Law,
Shri Ram College,
Shri Ram Das Mahavidyalaya,
Shri Ram Degree College,Sonbhadra
Shri Ram Dular Pahalwan Mahavidyalaya,
Shri Ram Girls College,
Shri Ram Gopal Mahavidyalaya,Agra
Shri Ram Institute of Information Technology,
Shri Ram Karan  Mahavidyalaya,
Shri Ram Karan Mahavidyalaya,
Shri Ram Krishna Mahavidyalya,Bulandshahr
Shri Ram Kumar Bhartiya Gyan Devi Mahavidyalaya,
Shri Ram Mahavidhyalaya,Jhansi
Shri Ram Mahavidyalaya,
Shri Ram Manohar Yadav Mahavidyalaya,
Shri Ram Murti Smarak College of Engineering and Technology,
Shri Ram Pher Shiv Pher Mahavidyalaya,
Shri Ram Prasad Mishra Pt. Babu Lal Mahavidyalaya,
Shri Ram Sanskrit Mahavidyalaya,
Shri Ram Sanskrit Mahavidyalaya,Jaunpur
Shri Ram Singh Dhani Rajkiya Mahavidyalaya,Almora
Shri Ram Singh Mahavidyalaya,
Shri Ram Surat Mahavidyalaya,Jaunpur
Shri Ram Swaroop Patel Mahavidyalaya,
Shri Ram Tirth Mishr Samarak Mahavidyalaya,
Shri Rama Krishna B.T. College,
Shri Ramanuj Sanskrit Mahavidyalaya,
Shri Rambhajan Singh Mahavidyalaya,
Shri Rambhapuri Jagadguru Veeragangadhar Arts & Commerce College,
Shri Ramchandra Badami Mahila Mahavidyalaya,Ghazipur
Shri Ramcharan Singh Mahavidyalaya,
Shri Ramdeobaba College of Engineering and Management,
Shri Ramdeobaba Kamla Nehru Engineering College,
Shri Ramdham Mahavidyalaya,
Shri Ramdhari Chauhan Mahavidyalaya,
Shri Ramendra Singh Sumanlata Mahavidyalaya,,Farrukhabad
Shri Rameshbhai Ambalal Patel Vidhya Sankul Managed Shree Janki Vallabh Arts College & Shree Manubhai C. Patel Commerce College,
Shri Rameshwar Gahira Guru Sanskrit Mahavidyalaya,Jashpur
Shri Rameshwar Tripathi Mahavidyalaya,Rae Bareli
Shri Ramgopal Singh Mahavidyalaya,
Shri Ramkaran Mahavidyalaya,
Shri Ramlachchan Mahavidyalaya,Mau
Shri Ramlal Singh Mahavidyalaya,Hardoi
Shri Rammurti Gupta Government Degree College,
Shri Ramnuj Sanskrit Mahavidyalaya,
Shri Ramprakash Porwal Mahavidyalaya,
Shri Ramswaroop Singh Mahavidyalaya,
Shri Raojibhai Gokalbhai Patel Gujarati Professional Institute,
Shri Raosaheb Ramrao Patil Mahavidyalaya,
Shri Ratan Singh Boys (S.R.S Boys) College,Bharatpur
Shri Ratan Singh Memorial Mahavidyalaya,Shahjahanpur
Shri Ratan Singh Snatakottar Mahila College,Bharatpur
Shri Ratanlal Kanwar Lal Patni Govt. P.G. College,
Shri Ratanlal Kanwarlal PatniGirl’s College,
Shri Ratanshi Purushottam Anand College of Education,
Shri Rati Ram Mahavidyalaya,
Shri Renukadevi Arts, Commerce and Science Mahavidyalaya,
Shri Rishikul Brahmachary Ashram Sanskrit College,
Shri Roopram Institute of Education,
Shri Rudra Adhyatma Sanskrit Mahavidyalaya,
Shri S. Ramaswamy Naidu Memorial College,
Shri S.G. Patel Arts and Shri P.K. Desai Commerce College,Tapi
Shri S.I. Patil Arts G.B. Patel Science and STKVS Commerce College,
Shri S.S. Mehta Arts and Shri M.M. Patel Commerce College,
Shri Sacha Adhyatam Sanskrit College,
Shri Sadguru Dham Sanskrit Mahavidyalaya,Jalaun
Shri Sadgurudev Shri Ranchhoddasji Bapu Mahila Home Science College, Lt. Meenaben Jayantilal Kundaliya Eng. Medium Mahila Commerce College,
Shri Sagar Singh Somvati Mahavidyalaya,
Shri Sahab Singh Mahavidyalaya,
Shri Sahajanand Arts and Commerce College,
Shri Sahdeo Sanskrit Mahavidyalaya,
Shri Sai Baba Aadarsh Mahavidyalaya,
Shri Sai Girls Degree College,Pilibhit
Shri Sakthikailassh Women’s College,Salem
Shri Samarth Arts & Commerce College,,
Shri Sampatrao Mane (Arts and Commerce) Mahavidyalaya,
Shri Sampurnanand Sanskrit Mahavidyalaya,
Shri Sanatan Dharam Girls College,
Shri Sanatan Dharam Sanskrit College,
Shri Sangameshwar Arts and Commerce College,
Shri Sangidass Bal Krishan Government College,
Shri Sangved Aadrash Sanskrit Mahavidyalaya,Sant Kabir Nagar
Shri Sankat Mochan Sanskrit Mahavidyalaya,
Shri Sant Damaji Mahavidyalaya,
Shri Sant Gadagebaba Mahavidyalaya,
Shri Sant Gadge Baba Hindi Mahavidyalaya,
Shri Sant Gadge Maharaj Mahavidyalaya,
Shri Sant Gadgebaba Hind Mahavidyalaya,
Shri Sant Gajanan Maharaj Arts College,
Shri Sant Gajanan Maharaj College of Engineering,
Shri Sant Janabi Education Society Arts, Commerce & Science College,
Shri Sant Savta Mali Gramin Mahavidyalaya,
Shri Sant Sundardas Govt. Girls College,Dausa
Shri Sant Tukaram Shikshan Prasarak Mandal’s Adhyapak Mahavidyalaya,Pune
Shri Santaji Arts & Science College,
Shri Sanwaliaji Government College,
Shri Sanyasi Sanskrit Mahavidyalaya,Varanasi
Shri Saraswati College of Social Work,
Shri Saraswati Durga Mahila Mahavidyalaya,Bijnor
Shri Saraswati Gurukul Vidapith,
Shri Saraswati Vidya Prasarak Mandal's Smt. P.K. Kotecha Mahila Mahavidyalaya,
Shri Sardar Singh Smarak Mahavidyalaya,
Shri Sarman Munja Jadesa Arts & Commerce College,
Shri Sarvadanand Sanskrit Mahavidyalaya,
Shri Satguru Degree College,
Shri Satsai College For Women,
Shri Satyapal Singh Memorial Degree College,Shahjahanpur
Shri Sevantilal Amrutlal Surani Vidya Sankul Smt. Kantaben Kirtilal Shah Arts and Smt. Lilavatiben Bapulal Gunjariya Commerce College,Banas Kantha
Shri Sha. Bra. Siddalinga Shivacharya Mahaswamigalu Panchagraha Hiremath Government First Grade College,Dharwad
Shri Shahaji Chh. Mahavidyalaya,
Shri Shahdev Podhariya Ambedkar Mahavidyalaya,
Shri Shahu Mandir Mahavidyalaya,Pune
Shri Shakti Degree College,
Shri Shaligram Sharma Smarak (P.G.) College,
Shri Shamrao Patil (Yadravkar) Educational & Charitable Trust’s Sharad Institute of Technology College of Engineering,Kolhapur
Shri Shankar Durga Ji Mahavidyalaya,
Shri Shankar Ji Mahavidyalaya,
Shri Shankar Shiv Mahavidyalaya,
Shri Shankar Singh Mahavidyalaya,
Shri Shankaracharya Mahavidyalaya,
Shri Shankaracharya Technical Campus,Durg
Shri Shankarlal Sundarbai  Shasun Jain College for Women 3, Madley Road, T. Nagar Chennai – 600 017 Tamil Nadu,Chennai
Shri Shankarro Bezalwar Arts & Commerce College,
Shri Shantaveer Arts College,
Shri Sharada Mata Prasad Degree College,Azamgarh
Shri Sharanabasaveshwar College of Arts,
Shri Sharanabasaveshwar College of Commerce,
Shri Sharanabasaveshwar Science College,
Shri Sharda College,
Shri Shardapeeth Arts, Commerce & College of Education,
Shri Shiv Charan Mathur Govt. College,
Shri Shiv Chhatrapati College,Pune
Shri Shiv Mahavidyalaya,
Shri Shiv Mangal Singh Memorial Degree College,Shahjahanpur
Shri Shiv Sanatan Dharm Sanskrit Pathshala,
Shri Shiv Shankar Sanskrit Mahavidyalaya,
Shri Shivaji Agricultural College,
Shri Shivaji Arts & Commerce College,
Shri Shivaji Arts, Commerce & Science College,
Shri Shivaji College of Arts & Science,
Shri Shivaji College of Arts, Commerce & Science,
Shri Shivaji College of Arts, Science & Commerce College,
Shri Shivaji College of Education,
Shri Shivaji College of Physical Education,Amravati
Shri Shivaji College of Science,
Shri Shivaji Law College,
Shri Shivaji Mafat Education Society's Shri Sant Gadge Maharaj Mahavidyalaya,
Shri Shivaji Mahavidyalaya,
Shri Shivaji Science College,
Shri Shivaji Vidya Prasarak Sanstha’s Bhausaheb N.S. Patil Arts and Mulla Fidaalli Mulla Abdulalli Commerce College,
Shri Shivaji Vidya Prasarak Sanstha's Late S.D. Patil Alias Baburao Dada Arts, Comomerce & Late M.D. Shidsode Science College,
Shri Shivdayal Pal Mahavidyalaya,
Shri Shivpujan Gokul Mahavidyalaya,
Shri Shivsankat Haran Adarsh Sanskrit College,
Shri Shivyogi Marughendra Swamji Arts, Science and Commerce College,
Shri Shridhar Singh Yadav Mahavidyalaya,
Shri Shripadbodh Swamiji Government First Grade College,
Shri Shyam Sundar Degree College,
Shri Shyamdas Baba College,Mathura
Shri Siddheshwar Mahavidyalaya,
Shri Siddheswar Maharaj Mahavidyalaya,
Shri Siddhivinayak Degree College,Agra
Shri Siddhivinayak Educational Mahavidyalaya,Agra
Shri Sivabasara Swamiji Naggnnur Arts and Commerce College,
Shri Sobran Singh Mahavidhyalaya,Etawah
Shri Somalal Kasturdas Shah And Shri Krishna O.M. Arts College,
Shri Sumanbhai Rangjibhai Bhabhar Arts College,
Shri Sunder Lal Ji Smriti Mahavidyalaya,Unnao
Shri Surat Jilla Sahkar Bank Commerce College, Shri Sahkari Khand Udyog arts College,
Shri Suresh Chand Singhal Memorial Mahavidhyalaya,Agra
Shri Surupsing Hirya Naik College of Education,
Shri Suryanarayan Samarak Sanskrit Mahavidyalaya,
Shri Swami Vivekanand Education Society's College of Education,
Shri Swami Vivekanand Shikshan Sanstha’s Dr. Patangrao Kadam Arts and Commerce College,Raigarh
Shri Swamiji Maharaj College of Education and Sciences,Datia
Shri Swaminarayanan Arts College,
Shri Swaminath Singh Surender Mahavidyalaya,
Shri Teekamani Sanskrit College,
Shri Tej Singh Gajadhar Mahavidyalaya,
Shri Thakur Ji Maharaj Mahavidyalaya,
Shri Thakur Ji Ram Laxman Janki Mahila Mahavidyalaya,,Ghazipur
Shri Thakur Shiv Bahadur Yashwant Singh Mahavidyalaya,,
Shri Thakurji Maharaj Mahavidyalaya,
Shri Tridandidev Sanskrit College,
Shri Tulshiramji Jadhao Arts & Science College,
Shri U.K. Vachhani Mahila Arts College,
Shri Ugratara Bharati Mandan Sanskrit Mahavidyalaya,
Shri Uma Maheshwar Mahavidyalaya,
Shri Umedram Panchal Arts Smt. Maniben G.P. Science & V.L. Shah Commerce College,
Shri V.D. Kanakia Arts & Shri M.R. Sanghvi Commerce College,Bhavnagar
Shri V.K. Kanakia Arts & Shri M.R. Sanghvi Commerce College,Bhavnagar
Shri V.M. Mehta Municipal Arts & Commerce College,
Shri Vaishnav College of Commerce,
Shri Vaishnav Institute of Law,Indore
Shri Vaishnav Institute of Management & Science,Indore
Shri Vaishnav Institute of Technology and Management,Gwalior
Shri Vaishnav Institute of Technology and Science,
Shri Vaishno Devi College of Education,Jammu
Shri Vanraj Arts and Commerce College,
Shri Vardhman Kanya Mahavidyalaya,
Shri Vasantrao Naik Arts & Commerce College,
Shri Vasavi College,Erode
Shri Vashishtha Mahavidyalaya,Ghazipur
Shri Ved Vedang Sanskrit Mahavidyalaya,Chandauli
Shri Veer Pulikeshi  Vidya Vardhak Samstha’s Sri Sidramappa Basappa Mamadapur Arts, Commerce and Science College,
Shri Venkatesh Mahavidyalaya,
Shri Venkateswara College,
Shri Venketesh Parankush Sanskrit Mahavidyalaya,
Shri Vijay Mahantesh Vidyavardhak Sangha’s College of Business Administration,
Shri Vijay Swaroop Maharaj Mahavidyalaya,
Shri Vijaysinha Yadav Arts & Science College,
Shri Vikram Singh Degree College,Bijnor
Shri Vile Parle Kelavani Mandal’s  Narsee Monjee College of Commerce & Economics,
Shri Vile Parle Kelavani Mandal’s Dr. Bhanuben Nanavati College of Pharmacy,Mumbai
Shri Vile Parle Kelavani Mandal’s Usha Pravin Gandhi College of Arts, Science and Commerce.,Mumbai
Shri Vile Parle Kelavani Mandal’s, Dwarkadas J. Sanghvi College of Engineering,Mumbai
Shri Vile Parle Kelvani Mandal’s, Mithibai College of Arts, Chauhan Institute of Science and Amrutben Jivanlal College of Commerce and Economics,
Shri Vileshwar Sanskrit College,
Shri Vimal Nath Siksha Prakshishan Mahila Mahavidyalay,
Shri Vinayak Mahavidyalaya,
Shri Virendra Nath Singh Smarak Mahavidyalaya,
Shri Vishnu Bhagwan Mahavidyalaya,Etah
Shri Vishnu College of Pharmacy,West Godavari
Shri Vishnu Engineering College for Women,West Godavari
Shri Vishwanath Post Graduate College,
Shri Vittlal Rao Shankarao Naik Arts, Commerce & Science College,
Shri Vyankatesh Arts, Commerce & Science College,
Shri Vyas Kshatra Sanskrit Mahavidyalaya,
Shri Wagheshwar Gramvikas Pratishthan’s, Shri Vasantrao Pharate – Patil Arts, Commerce & Science College,Pune
Shri Yoganand Swami Arts College,
Shri Yogeshwar Nath Mahavidyalaya,Chandauli
Shri. Dnyaneshwar Maskuji Burungale College of Science & Arts,
Shri. VasantraoNaikMahavidyalaya,
Shrichand Ji Mahavidyalaya,
Shrimad Dayanand Kanya Gurukul Mahavidyalaya,amroha
Shriman Bhausaheb Zadbuke Mahavidyalaya,
Shrimant Babasaheb Deshmukh Mahavidyalaya,
Shrimati Gumanbai Pannalal Bhanshali Govt. Girls College,
Shrimati Indira Gandhi Govt. Degree College,
Shrimati Narbada Devi Bihani Government Post Graduate College,Hanumangarh
Shrimati Pana Devi Morijawala Rajkiya Kanya Mahavidyalaya,
Shrimati Savitarani Naryandas Jawandhiya Mahavidy,
Shrinathji Institute of Biotechnology & Management,Rajsamand
Shripati Singh Mahavidyalaya,Faizabad
Shripatrao Chougule Arts and Commerce College,
Shripatrao Kadam Mahavidyalaya,
ShriRajendra Singh Mahavidhyalaya,Mainpuri
Shriram Institute of Technology,
Shriram Kala Mahila Mahavidyalaya,
Shriram Sanskrit College,
Shruti Kirti Boudh Kanya Mahavidyalaya,
Shukdeo Mahto Janta Mahavidyalaya,
Shukdeo Prasad Tripathi Mahavidyalaya,
Shyam Bux Singh Mahavidyalaya,
Shyam Karan Smarak Mahavidyalaya,Azamgarh
Shyam Kumari Mahavidyalaya,
Shyam Lal College (Evening Classes),
Shyam Lal College,
Shyam Mahavidyalaya,Sonbhadra
Shyam Nandan Sahay College,Muzaffarpur
Shyam Raghvendra Degree College,Jhansi
Shyam Shah Medical College,Rewa
Shyam Sundar Sanskrit College,
Shyam Sundari Mahila Mahavidyalaya,Mau
Shyam Sunder Narayan Mushran Institute of Management & Technology,
Shyam Tara Mahila Mahavidyalaya,
Shyama Devi College of Education,Bara Banki
Shyama Prasad Mukherjee College,
Shyama Prasad Singh Mahila College,
Shyama Tiwari Mahavidyalaya,Mau
Shyameshwar Degree College,
Shyamji Ramji Degree College,
Shyamlal Pandviya Govt. College,
Shyamlal Saraswati Mahavidyalaya,
Sibsagar College,Sivasagar
Sibsagar Commerce College,Sivasagar
Sibsagar Girls College,Sivasagar
Sidana Institute of Education,Amritsar
Siddarth College of Arts, Science and Commerce,
Siddartha Educational Academy Group of Institutions,,Chittoor
Siddartha Institute of Science and Technology,Chittoor
Siddha Narayan Ramharsh Degree College,
Siddhaganga Institute of Technology,
Siddhant Raj Mahavidhyalaya,Agra
Siddhar Sivagnanni Arts and Science College,Viluppuram
Siddharth Arts, Commerce & Science College,
Siddharth College of Commerce and Economics,
Siddharth College of Law,
Siddharth Govt. College,
Siddharth Institute of Engineering and Technology,Chittoor
Siddharth Law College,
Siddharth Mahavidyalaya,
Siddharth Mahavidyalaya,Siddharthnagar
Siddhartha College,
Siddhartha Institute of Engineering & Technology,Rangareddy
Siddhartha Institute of Technology & Sciences,Malkangiri
Siddhartha Law College,
Siddhartha Mahavidyalaya,Saharanpur
Siddharthkoh Law College,
Siddheshwar College,
Siddhi Narayan Tripathi College of Education & Technology,Allahabad
Siddhi Vinayak Mahavidyalaya,Gonda
Siddhinath Mahavidyalaya,Purba Medinipur
Siddique Ahmed P.G. College,
Sidheshwar Badri Rampur Narayan College,
Sidheswar College of Science & Technology,
Sidheswari Laxminath Sanskrit College,
SIES Graduate School of Technology,
Sikh National College,
Sikkim Government College,
Sikkim Government Law College,
Sikkim Government Science College,
Sikkim Institute of Higher Nyingma Studies,
Silapathar College,Dhemaji
Silapathar Science College,Dhemaji
Silapathar Town College,Dhemaji
Silda Chandrasekhar College,
Silicobyte Katni Degree College of Professional Studies,
Silicon City College,
Silicon Institute of Technology,
Siliguri B.Ed. College,
Siliguri College of Commerce,
Siliguri College,
Siliguri Institute of Technology,Darjiling
Siliguri Mahila Mahavidyalaya,
Silli College,
Silver Jubilee Govt. College,Kurnool
Silver Oak College of Engineering & Technology,Ahmadabad
Simdega College,
Simen Chapari College,Dhemaji
Simha Subba mahalakshmi First Grade College,
Simulia College,
Sinapali College,
Sindhedevi Mahavidyalaya,
Sindhi College,Bangalore
Sindhu Mahavidyalaya,
Sindri College,
Singari Devi Smarak Degree College,
Singhbhum College,
Singrauli Institute of Technical Education,Sidhi
Singrini Collieoies Women's Degree College,
Sinhgad Technical Education Society’s  NBN Sinhgad Technical Institute Campus,Pune
Sinhgad Technical Education Society’s Sinhgad College of Engineering,Pune
Sinhgad Technical Education Society’s Sinhgad College of Pharmacy,Pune
Sinhgad Technical Education Society’s Smt. Kashibai Navale College of Engineering,Pune
Sinhgad Technical Education Society’s, Smt. Kashibai Navale College of Pharmacy,Pune
Sinhgad Technical Education Society’s,,Pune
Sipajhar College,Darrang
Sipna College of Engineering & Technology,Amravati
Sir C.R. Reddy College for Women,West Godavari
Sir C.R. Reddy College of Engineering,West Godavari
SIR C.R. Reddy College of Pharmaceutical Sciences,Chittoor
Sir C.R.R. College,West Godavari
Sir Chhotu Ram Govt. College for Women,
Sir CRR College of Law,West Godavari
Sir CV Raman Institute of Technology and Sciences,
Sir Ganesh Dutta Memorial College,Patna
Sir Gurudas Mahavidyalaya,
Sir H.S. Gour Mahavidyalaya,
Sir Issac Newton College of Engineering and Technology,Nagapattinam
Sir J.P. Mahila Mahavidyalaya,Jaunpur
Sir K.P. College of Commerce,
Sir Krishna Santsang Girls College,
Sir L.A. Shah Law College,
Sir M. Visvesvaraya Institute of Technology,Bangalore
Sir M.U. Degree College,
Sir M.U. Teachers Training College,
Sir M.V. Govt. Arts & Commerce College,
Sir M.V. Govt. Science College,
Sir Madanlal Institute of Education,
Sir P.P. Institute of Science,
Sir P.T. Science College,
Sir Parashurambhu College,Pune
Sir Sayyed College of Arts, Commerce & Science,
Sir Syed College,
Sir Theagaraya College,
Sir Vithaldas Thackersey College of Home Science (Autonomous),
Sir. J.J. College of Architecture,
Siratul Mustakim Degree College,Sultanpur
SIRDA Institute of Engineering Technology,Mandi
Siri PSG Arts & Science College for Women,
Sirpur Kagaznagar Employees' Degree College,
Sirsa College of Science & Technology,
Sirsi Sadat Degree College,
Sirtaj Singh Humela Devi Shikshan Evam Prashikshan Mahavidyalaya,
Sissi Borgoan College,Dhemaji
Sister Nibedita Government General Degree College for Girls,Kolkata
Sita Devi Girls Mahavidyalaya,
Sita Devi Mahavidyalaya,Bara Banki
Sita Ram Modi Government Sanskrit College,
Sita Ram Singh Ramanand Singh Smarak Mahavidyalaya,
Sita Subaraju Memorial College,
Sitabai Arts College to Sitabai Arts, Commerce & Science College,
Sitadevi Ratanchand Nahou Adarsh College,Bangalore
Sitalkuchi College,
Sitananda College,
Sitapur Shiksha Sansthan,
Sitara Banno Memorial Degree College,
Sitaram Jajoo Government Girls College,Neemuch
Sitaram Samarpan Mahavidyalaya,
Sitaram Singh Mahavidyalaya,,
Siva Sivani Degree College,
Sivananda Sharma Memorial R.V. 1st Grade College,Bangalore
Sivanath Sastri College,
Sivanthi Aditanar College,
Siya Ram Kusturi Devi College of Education,
Siyaram Shyamadevi Mahavidyalaya,
SJAVS K.R. Balad Arts and Commerce College,
SJB Institute of Technnology,Bangalore
SJC Institute of Technology,
SJMV Sangha's Arts and Comm. College,
SJMVS Arts and Comm. College For Women,
SJVP College of Education,Davanagere
SKN Sinhgad College of Engineering,Solapur
SKP Engineering College,
Slopeland College of Teachers Education,
SLS MAVMM Ayira Vaisyar College,Madurai
Sm. R.M. Prajapati Arts College,
Smarat Ashok Technological Institute,
SMBT Dental College & Hospital,
SMBT Institute of Dental Sciences & Research,Nashik
SMBT Sevabhavi Trust’s, S.M.B.T. Institute of Medical Sciences & Research Centre,,Nashik
SML Govt. Degree College,Kurnool
Smrati Mahavidyalaya,Lakhimpur
Smriti Patel Mahavidyalaya,
SMS First Grade College of Arts & Comm.,
Smt Addepalli Mahalaxmi Devi College of Education for Women,West Godavari
Smt Radhabai Sarda Arts, Commerce & Science College,
Smt. & Shri G.S. Akkihal Commerce College,Dharwad
Smt. & Sri Y.E. Rangaiah Shetty  Govt. First Grade College,
Smt. A. Shyamala Devi Degree College for Women,
Smt. A.P. Patel Arts & Late Shri N.P. Patel Commerce College,
Smt. A.S. Chaudhary Mahila Arts and Home Science College,
Smt. Ahalyabahi Appangonda Patil College of Arts & Comm. For Women,
Smt. Ahalyabai Appangonda Patil College of Arts & Commerce for Women,
Smt. Akkatai Ramgonda Patil Kanya Mahavidyalaya,
Smt. Allum Sumangalamma Memorial College for Women,
Smt. Aruna Asaf Ali Govt. Post Graduate College,
Smt. B.C. Jalundhwala College of Education,
Smt. B.D. Jain Girls Degree College,
Smt. B.V.P.P. College of Education,
Smt. Basavarama Tarakam Memorial Law College (Eve.),Y.S.R.
Smt. Bhagirathi Devi Memorial Degree College,Moradabad
Smt. Bhudevi Khushaliram Degree College,
Smt. Bhudevi Mahavidyalaya,
Smt. Binzani Mahila Mahavidyalaya,
Smt. C.B. Shah Mahila Mahavidyalaya,
Smt. C.C. Mahila Arts & Smt. Sheth C.N. Commerce College,
Smt. C.D.J. Rofel arts and J.S.R.A. Rofel Commerce college,
Smt. C.P. Choksi Arts and Shree P.L. Choksi Commerce College,
Smt. C.R. Gardi Arts College,
Smt. Chandibai Himathamal Mansukhani College,
Smt. Chandrawati Devi Mahila Mahavidyalaya,
Smt. Dan Kuwar Mahila Mahavidyalaya,
Smt. Dashrath Devi Mahavidyalaya,
Smt. Dhanpata Maurya Smarak Mahavidyalaya,
Smt. Dhanraji Devi Mahila Degree College,
Smt. Dharamwati Devi Mahavidyalaya,Aligarh
Smt. Dilawari Devi Kisan Kanya Degree College,
Smt. Draupadi Devi Tripathi Degree College,
Smt. Dulari Radhey Shyam Degree College,
Smt. Durga Devi Sharma Charitable Trust’s Chandrabhan Sharma College of Arts, Commerce & Science,Mumbai
Smt. Durga Devi Sharma Charitable Trust's Chandrabhan Sharma College of Arts, Commerce & Science,new panvel
Smt. Durgawati Devi Mahavidyalaya,Allahabad
Smt. Fulehra Smarak Mahila P.G. College,
Smt. G.D. Saharia Government Sanskrit College,
Smt. G.J. Sheth Commerce College,
Smt. G.S. College,Krishna
Smt. Genda Devi Mahavidyalaya,
Smt. Giriyamma R. Kanthappa Shresti First Grade Women's College,
Smt. Girja Devi Mahila Mahavidhyalay,Fatehpur
Smt. Godavaribai Ganpatrao Khadse College,
Smt. Gomati Devi Mahavidyalaya,
Smt. Gomti Devi Chhote Lal Bind Mahavidyalaya,Allahabad
Smt. Gouramma Kom Basavanneppa Ankalkoti Government First Grade College,
Smt. Gowramma and Sri D.K. Kempegowda Government Degree College,Ramanagara
Smt. H.B. Jasani Arts and N.K. Jasani Commerce College,
Smt. Harshaben Chhaganbhai Patel Arts & Commerce College,
Smt. Heerabai Adiveppa Nandi Arts College,
Smt. Honnuramma Late M. Siddappa Government First Grade College,
Smt. I.S. Yadawad  Government First Grade College,
Smt. Indira Gandhi Government First Grade Women’s College,
Smt. Indira Gandhi Mahavidyalaya,
Smt. Indira Mahadev Beharay College of Arts Shriman Chandulal Sheth College of Commerce and  Shrimati Shobhanatai Chandulal Sheth College of Science,
Smt. J. Devi Mahila Mahavidyalaya,
Smt. J.A. Patel Mahila Arts, Commerce and Home Science College,
Smt. J.C. Dhanak Arts and Commerce College,
Smt. J.J. Kundalia Arts and Commerce College,
Smt. J.J. Kundalia B.Ed College,
Smt. J.J. Kundalia Commerce College,
Smt. J.P. Shroff arts College,
Smt. Jagwanti Devi Hiranand Mahavidyalaya,
Smt. Jaipatti Devi Smarak Mahavidyalaya,
Smt. Jaldhara Devi Mahavidyalaya,Hatras
Smt. Janki Rampal Mahavidyalaya,Jaunpur
Smt. Jawala Devi College of Education,Fatehgarh Sahib
Smt. Jayaben Dhirajlal Thakkar (Pumpwala) B.Ed. College – Radhanpur,
Smt. K.C.M. Shah B.Ed. College,
Smt. K.L. Tiwari College of Architecture,Palghar
Smt. K.L. Tiwari Degree College of Commerce & Science,Palghar
Smt. K.S.N. Kansagra Mahila College,
Smt. Kailashi Devi R. Saroj Mahavidyalaya,
Smt. Kamaladevi Gauridutt Mittal College of Arts and Commerce,
Smt. Kamla Ram Udit Mahavidyalaya,
Smt. Kandukuri Rajyalakshmi College for Women,East Godavari
Smt. Kapila Khandvala College of Education,
Smt. Kasturbabai Walchand College of Arts and Science,
Smt. Kesha Devi Mahila Mahavidyalaya,
Smt. Kesharbai Lahoti Mahavidyalaya,
Smt. Keshri Devi Lohia Government Girls College,Churu
Smt. Kishoritai Bhoyar College of Pharmacy,Nagpur
Smt. Kokilabai Gawande Mahila Mahavidyalaya,
Smt. Krishna Mahavidyalaya,
Smt. Kusumtai Rajarambapu Patil Kanya Mahavidyalaya,
Smt. Laxmi Devi Mahila Educational Institute,
Smt. Laxmibai Radha Kishan Toshinwal College of Commerce,
Smt. Laxmiben & Sri Chimanlal Mehta Arts College,
Smt. Leela Devi College,
Smt. Longshree Devi Degree College,
Smt. M.C. Desai Arts and Commerce College,
Smt. M.M. Shah College of Education,
Smt. M.M. Shah Mahila Arts College,Mehsana
Smt. M.N.K. Dalal Education College for Women,
Smt. M.P.S. Govt. College For Women,Chittoor
Smt. M.T. Dhamsania Commerce College,
Smt. Mahadevi Mahavidyalaya,
Smt. Manglaben Chunilal Desai Arts and Commerce College,
Smt. Maniben M.P. Shah Women's College of Arts & Commerce,
Smt. Manorama Mahavidyalaya,
Smt. Margshri Kanya Mahavidyalaya,Firozabad
Smt. Mathubai Garware Kanya Mahavidyalaya,
Smt. Meenalben Mehta College, Panchgani, (Arts, Commerce and Science),
Smt. Mithibai Motiram K. College of Commerce & Economics,
Smt. Mithlesh Sharma Degree College,Hatras
Smt. N.C. Gandhi & B.V. Gandhi Mahila Arts & Commerce College,
Smt. N.D. (P.G.) College,Agra
Smt. N.P.S. Govt. Degree College for Women,Chittoor
Smt. Nagarathnamma College of Nursing,Bangalore
Smt. Nankibai Wadhwani Kala Mahavidyalaya,
Smt. Nathiba Hargovandas Lakhmichand Municipal Medical College,
Smt. Neelamma K.A. Sathyanarayana Setty Government First Grade College,Bangalore
Smt. Neetu Devi Bind Mahavidyalaya,
Smt. Om Vati Mahvidyalaya,Jalaun
Smt. P.N. Dosthi Women's College of Arts and Kumari U.R. Shah Women's College of Commerce & Dr. B.N. Mahendra College of Home Science,
Smt. P.N.R. Shah Mahila Arts and Commerce College,
Smt. Panau Devi Mahavidyalaya,
Smt. Parvatiben Puranchand Patil Arts College,
Smt. Pramila Gokuldas Daga Girls College,
Smt. Prem Lata Maya Devi Aggarwal Girls Degree College,
Smt. Pushpa Devi Mahavidyalaya,Kaushambi
Smt. Pushpatai Hiray Art Science and Commerce Mahila Mahavidyalaya,
Smt. Putabenshah College of Education,
Smt. R.D. Shah Arts College And Smt. V.D. Shah Commerce College,
Smt. R.P. Bhalodia Mahila Arts and Commerce& Home Science College,
Smt. R.P. Chauhan Arts & Smt. J.K. Shah & Shri K.D. Shah Commerce College,
Smt. R.R. Patel Mahila Arts and Commerce College,
Smt. R.S. Patel College of Physical Education,
Smt. Radhadevi Goenka College for Women,
Smt. Radhikatai Pandav College of Engineering,
Smt. Radhikatai Pandav College of Engineering,Nagpur
Smt. Raghuraji Devi Mahila Mahavidyalaya,
Smt. Rajdei Singh Mahila Mahavidyalaya,Jaunpur
Smt. Rajkamal Baburao Tidke Mahavidyalaya,
Smt. Rajrani Agnihotri Degree College,
Smt. Ram Shree Shiksha Mahila Mahavidyalaya,
Smt. Rama Agrahari Mahila Mahavidyalaya,
Smt. Ramachopra S.D. Kanya Mahavidyalya,
Smt. Ramadevi Mahila Mahavidyalaya,
Smt. Ramdulari College,
Smt. Ramdulari Memorial Kanya Mahavidyalaya,
Smt. Rasilaben Ranchhodbhai Haribhai Patel Mahila Arts College,
Smt. Ratnaprabhadevi Mohite-Patil College of Home Science for Women,
Smt. Rewaben Manoharbhai Patel Mahila Kala Mahavidyalaya,
Smt. Roshan Kunwari - Kusumlata Degree College,
Smt. Rudramba M.P. Prakash Government First Grade College,,
Smt. Rukmini Shedtihi Memorial National Govt. Grade College,
Smt. S.D.C.L.B. Government Girls College,
Smt. S.G. Rao College of Teachers Education,
Smt. S.H. & C.R. Gradi Arts and Comm. College,
Smt. S.H. Gardi Arts and Smt. C.R. Gardi Commerce College,
Smt. S.I. Patel Ipcowala College of Commerce,
Smt. S.I. Patel Ipcowala College of Education,
Smt. S.M. Panchal Science College,
Smt. S.R. Mehta Arts College,
Smt. S.S. Ajmera Municipal Law College,
Smt. Sabitaben Chunibhai Patel & F.K. Commerce College,
Smt. Sadguna C.U. Arts College for Girls,
Smt. Sadguna C.U. Shah Home Science and C.U. Shah Arts and Commerce Mahila College,
Smt. Salunkabai Raut Arts & Commerce College,
Smt. Saraladevi Sathishchandra Agarwal Govt. First Grade College,
Smt. Sarlaben Babubhai Patel Arts and Shri Rambhai Nathabhai Amin Commerce College,
Smt. Satyawati Devi Institute of Education & Technology,
Smt. Savitri Devi Mahila Mahavidyalaya,Sant Kabir Nagar
Smt. Shakuntalabai Dhabekar Mahavidyalaya,
Smt. Sharda Devi Jawala Prasad Agarwal Kanya Degree College,
Smt. Sharda Johari Nagar Palika Kanya Mahavidyalaya,
Smt. Shiv Dulari Singh Mahila Degree College,
Smt. Shyama Devi Harsh Mahila Mahavidyalaya.,Sultanpur
Smt. Sitabai Mangilal Agarwal Institute of Management,
Smt. Somavva Channabasappa Angadi Government First Grade College,
Smt. Sunder Dei Balika Mahavidyalaya,Sant Kabir Nagar
Smt. Surajdevi Ramchandra Mohta Mahila Mahavidyalaya,
Smt. Surajmukhi Mahavidhyalaya,,
Smt. Sushila Devi Mathur Kanya Mahavidyalaya,
Smt. Sushilaben Ramniklal Mehta Arts College,
Smt. Sushiladevi Deshmukh Senior  College,
Smt. Sushiladevi Malharrao Desai Kanya Mahavidyalaya,
Smt. T. J. Patel Commerce College (English Medium),
Smt. Tapaben Sunderlal Raichand Commerce College,
Smt. Tara Devi Mahavidyalay,
Smt. Ullasben Gardhandas College of Education,
Smt. Ushaben Chandrakant Thakar Women’s College,,Nagpur
Smt. V.D. Gardi Law College,
Smt. V.D. Ghelani Mahila College Arts College,
Smt. V.H.D. Central Institute of Home Sciences,
Smt. V.P. Kapadia Mahila Arts College,
Smt. V.R. Bhakta College of Education,
Smt. Vatsalebai Naik Mahila Mahavidyalaya,
Smt. Velagapudi Durgamba Siddhartha Law College,Vijayawada
Smt. Vidyawati College of Education.,Jhansi
Smt. Vidyawati College of Law,Saharanpur
Smt. Vijayarje Scindia Degree College,
Smt. Vimala Devi Mahavidyalaya,Allahabad
Smt. Vimlaben Khimji Tejookaya Arts, Science and Commerce College,
Smt.Gujarati Devi Mahavidyalya,Azamgarh
SMT.Kamla Devi G.D. Mittal Mahila Mahavidyalaya,
Smt.Sushma Swaraj Govt. College for Girls,
Sneh Lata Gupta Memorial Degree College,
Sngap Syiem College,
SNJB’s Late Sau. Kantabai Bhavarlalji Jain College of Engineering,Nashik
SNS College of Engineering,Coimbatore
SNS College of Technology,Coimbatore
Soch Kral Memorial College of Education Trainings,Kashmir
Social and Cultural Association’s Smt. Narmadabai Nago Chaudhari Arts, Commerce & Science College,
Social Science College,Pune
Social Welfare Residential Government Degree College for Girls,Krishna
Society for Computer Technology & Research’s Pune Institute of Computer Technology,Pune
Softvision College,
Soghra College,
Sohanlal D.A.V. College of Education,
Sohela College,
Sohra Government College,
Solamalai College of Engineering,Madurai
Sona College of Technology,Salem
Sonada Degree College,
Sonadevi Sethia Girls College,
Sonamai Shikshan Prasarak Mandal’s Arts & Science Mahila College,  Shahada, Dist. Nandurbar-425 409,,
Sonamati Mahavidyalaya,Kanpur Nagar
Sonamukhi College,
Sonapur College,Kamrup
Sonari College,Sivaganga
Sonari Commerce College,Sivasagar
Sonarpur Mahavidyalaya,
Sone Shri Smarak Balika Mahavidyalaya,
Sonelal Memorial Mahavidyalaya,
Sonepur College,
Sonopant Dandekar College of Arts Commerce & Science,
Sonpati Devi Mahila Mahavidyalaya,
Sontoli Anchalik College,Kamrup
Sophia College of Women,
Sophia Girls College,
Soran Singh Roria College of Education,Aligarh
SOS J.N. Kaul Institute of Education,Nainital
Sou. Mangaltai Ramchandra Jagtap Mahila Mahavidyalaya,
Sou. Nirmalatai Thopte College of Education,Pune
Sou. Suvarnlata Gandhi Mahavidyalaya,
Soundarya Institute of Management and Science,
South Asian Institute of Rural & Agricultural Management,Imphal West
South Calcutta Girls' College,
South Calcutta Law College,
South East Manipur College,
South Indian Children’s Education Society’s Degree College of Arts, Science and Commerce,Thane
South Indian Education Society’s College of Commerce & Economics,
South Konkan Education Society’s Rani Parvati Devi College of Business Administration,
South Malda College,
Southfield College,
Sovarani Memorial College,
Sownarayan Rameshwar Fatepuria College,
SPACES Degree College,
Sparsh Mahavidyalaya,
Spectrum College of Education,Raipur
Sphoorthy Engineering College,
Spirits Degree College,
Sponsored Teachers Training College,
Springdale College of Management Studies,
Sr. N.K. Mehta & Smt. M.F. Dani Malvan Arts College,
SRC (Smt. Rajrani Chauhan) Law College,
Sree Abiraami Arts and Science College for Women,Vellore
Sree Amman Arts & Science College,Erode
Sree Anantha Padmanabha Arts , Science  & Commerce College,
Sree Ayyappa College for Women,
Sree Ayyappa College,
Sree Buddha College of Engineering,
Sree Buddha College of Engineering,Alappuzha
Sree Cauvery First Grade College,,Mysore
Sree Chaitanya College of Engineering,Karimnagar
Sree Chaitanya College,
Sree Chaitanya Mahavidyalaya,
Sree Chitra Tirunal Institute for Medical Sciences and Technology,Thiruvananthapuram
Sree Dattha Group of Institutions,Hyderabad
Sree Dattha Institute of Engineering and Science,Rangareddy
Sree Dattha Institute of Pharmacy,Rangareddy
Sree Devi Kumari Women's College,
Sree Ganesh Prasad Varnee Degree College,
Sree Gokulam Arts & Science College,Kozhikode
Sree Kerala Varma College,
Sree Krishna College,
Sree Manjunathaswamy First Grade College,Davanagere
Sree Narayan College,
Sree Narayana Arts and Science College,Kottayam
Sree Narayana College for Women,
Sree Narayana College,
Sree Narayana Guru College of Commerce,
Sree Narayana Guru College,
Sree Narayana Training College,
Sree Nataraja Rasidealial Girst Grade College For Women,Mysore
Sree Neelakanta Govt. Sanskrit College,
Sree Padmavathi Women's Degree and PG College,Chittoor
Sree Rama Engineering College,,
Sree Ramu College of Arts & Science,
Sree Sakthi Engineering College,Coimbatore
Sree Sankara College,
Sree Sankara Vidyapeedom College,
Sree Saraswathi Thiagaraja College,
Sree Sastha Institute of Engineering and Technology,Chennai
Sree Sevugan Annamalai College,Sivagangai
Sree Shivaji Arts, Comm. & Science College,
Sree Siddaganga College of Arts, Science & Commerce,
Sree Siddaganga College of Education,
Sree Siddaganga First Grade College of Arts and Commerce,Nelamangala
Sree Sowdambika College of Engineering,
Sree Vahini Institute of Science and Technology,Krishna
Sree Venkateswara College of Engineering,
Sree Vidyadhi Raja N.S.S. College,
Sree Vidyaniketan College of Pharmacy,Chittoor
Sree Vidyanikethan Engineering College,Chittoor
Sree Vidyanikethan Institute of  Management  Andhra Pradesh,Chittoor
Sree Vivekananda College,
Sreekavitha Engineering College,Khammam
Sreekrishnapuram V.T. Bhattathiripat College,
Sreenidhi Institute of Science and Technology,
Sreenivasa Institute of Technology and Management Studies (SITAMS),Chittoor
Sreeram College,
Sresakthimayeil Institute of Nursing & Research,
Sreyas Institute of Engineering and Technology,Hyderabad
Sri 	Adichunchanagiri College of Education,
Sri A.B.R. Govt. Degree College,Guntur
Sri A.S.N.M. Govt. College,West Godavari
Sri Adi Chunchanagiri Women’s College,
Sri Adichunchanagiri College of Pharmacy,Mandya
Sri Adichunchanagiri First Grade College of Arts and Commerce,
Sri Adichunchanagiri First Grade College,
Sri Adinasayana Mahila Kalasala,Anantkala
Sri Aditya Degree College,,
Sri Aditya Degree College,Bhimavaram
Sri Agrasen Girls College,
Sri Agrasen P.G. College of Education (CTE),
Sri Akilandeswari Women’s College (Day),
Sri Anant Ram Dwivedi Mahavidyalaya,
Sri Ankal Reddy Memorial Degree College,Kurnool
Sri Ankala Reddy Memorial College of Education,Kurnool
Sri Arali Siddlingappa Basappa Government First Grade College,
Sri Aravindar Arts & Science College,
Sri Arvind Mahila College,Patna
Sri Aurobindo College,Bangalore
Sri Aurobindo General Degree College (English Medium),
Sri Avadh Raj Singh Smarak Mahavidyalaya,Gonda
Sri B.C.S.S. Arts & V.S. Commerce College,
Sri B.P. Brahmbhatt Arts and M.H. Guru Commerce College,
Sri Badri Prasad Mahavidyalaya,
Sri Baijnath Singh Mahavidyalaya,
Sri Baijnatha Shivkala Mahavidyalaya,
Sri Balamurugan Arts and Science College,Salem
Sri Baldev PG College,
Sri Baldev Ram Mirdha Govt. College,
Sri Bhagawan Mahaveer Jain College,Bangalore
Sri Bhagawan Mahaveer Jain First Grade College,
Sri Bharat Pati Mahavidyalaya,
Sri Bharathi Arts and Science College for Women,Pudukkottai
Sri Bhavananda Balika Mahavidyalaya,
Sri Bhiyalal Ramveer Singh Mahavidyalaya,Farrukhabad
Sri Bhuvanendra College,
Sri Bijivemula Veera Reddy Degree College,Y.S.R.
Sri Bodan Ram Mahavidyalaya,
Sri Brij Behari Degree College,
Sri Chaitanya Institute of Technology and Research,
Sri Channamallappa Channaveerappa Hebbal Government First Grade College,
Sri Chaparala Satyanarayana Kalasala,Krishna
Sri Chatrapati Shivaji Maharaj Arts & Science First Grade College,
Sri Chintalapati Vara Prasada Murthy Raju Government Degree College,West Godavari
Sri Chitragupta Post - Graduate College,
Sri Chittem Narsi Reddy Memorial  Government College,
Sri D. Devaraja Govt. First. Grade College,Mysore
Sri D.N.R. Govt. Degree College for Women,West Godavari
Sri Dharmasthala Manjunatheswara College,
Sri Dharmsthala Manjunatheswara Law College,
Sri Dhavala College,
Sri Diamond Degree College,
Sri Durga Malleswara Siddhartha Mahila Kalasala,Krishna
Sri Durgeshwar Mahila Sanskrit Andhra Kalasala,
Sri Durgpal Singh Mahavidyalya,
Sri Eshwar College of Engineering,Coimbatore
Sri Faiyaz Hussain Degree College,
Sri Faruq Hussain  Degree College,
Sri G.H.R. & M.C.M.R. Degree College,Guntur
Sri G.K. & C.K. Bosmia Arts and Commerce College,
Sri G.V.G. Visalakshi College for Women,
Sri Gadadhar Acharya Jana College,Patna
Sri Gajendra Singh Meera Devi Mahavidyalaya,Kannauj
Sri Ganesh College of Arts & Science,Salem
Sri Ganesh Rai Post - Graduate College,
Sri Ganga Memorial Girls Degree College,
Sri Gangaram Bansidhar Mahavidyalaya,Jalaun
Sri Ghanshyam Dubey Degree College,
Sri Girraj Maharaj College of Law & Professional Studies,
Sri Gokarnathesheara College,
Sri Gowthami Degree & P.G. College,Prakasam
Sri Guraijada Apparao Govt. Degree College,Visakhapatnam
Sri Guru Ayyappaswamy First Grade Arts College,
Sri Guru Budhiswami Mahavidyalaya,
Sri Guru Gobind Singh College,
Sri Guru Govind Singh College of Commerce,
Sri Guru Hari Singh College,
Sri Guru Harkrishan Sahib Khalsa College,Ambala
Sri Guru Nanak Dev Khalsa College,
Sri Gurukul Mahavidyalaya,Gorakhpur
Sri H.D. Devegowda Government First Grade College,,
Sri Hanumat Shikshan Sansthan Prashikshan Mahavidyalaya,
Sri Hari Degree College,
Sri Harihar Ji Mahavidyalaya,
Sri Harihar Rajmati Sanskrit Mahavidyalaya,
Sri Harihar Sanskrit Mahavidyalaya,
Sri Heeranand Mahavidyalaya,Hamirpur
Sri Hemadri B.Ed. College,Kolar
Sri Honnadevi Government First Grade College,Tumkur
Sri Indu College of Engineering and Technology,
Sri Indu Institute of Engineering & Technology,Rangareddy
Sri Indu Institute of Management,Rangareddy
Sri Indu Institute of Pharmacy,Rangareddy
Sri Indu P.G. College,Hyderabad
Sri Jagadguru Chandrashekhara Bharathi Memorial College,
Sri Jagadguru Murugharajendra College of Arts Science and Commerce,
Sri Jagadguru Renukacharya College of Science, Arts and Commerce,
Sri Jagadguru Tontadarya Govt. First Grade College,Gadag
Sri Jaganath Mahavidyalaya,
Sri Jagannath Veda Karmakanda Mahavidyalaya,Puri
Sri Jagdamba Degree College,
Sri Jagdish Narayan Mahendra Prasad Mahavidyalaya,
Sri Jai Narayan Mahavidyalay,Ballia
Sri Jamuna Prasad Maurya Shikshan Prashikshan Santhan,Varanasi
Sri Jatangi Rameshwara Rural First Grade College,Chitradurga
Sri Jayachamarajendra College of Engineering,Mysore
Sri Jaydev College of Education & Technology,
Sri K Puttaswamy First Grade College,Mysore
Sri K. Venkatapatheppa College of Physical Education,Chikkaballapura
Sri K.H. Patil, Government First Grade College,
Sri K.L. Shastri Girls Degree College,
Sri Kakatiya Degree College,
Sri Kalavara Varadaraja M. Shetty Government First Grade College,Udupi
Sri Kalayan Government Shastri Sanskrit College,
Sri Kaliswari College,
Sri Kaliswari Institute of Management and Technology,
Sri Kalleshwara First Grade College,
Sri Kanyaka Parameswari Arts and Science College for Women,Chennai
Sri Kasu Brahmananda Reddy Govt. Degree College,Guntur
Sri Kolli Nageshwara Rao Gangaiah Govt. First Grade College,
Sri Komal Shahu Smarak Mahavidyalaya,
Sri Krishna Adithya College of Arts and Science,Coimbatore
Sri Krishna Arts and Science College,
Sri Krishna Brahamacharya Ashram Adarsh  Sanskrit Mahavidyalaya,
Sri Krishna College of Engineering and Technology,Coimbatore
Sri Krishna College of Technology,Coimbatore
Sri Krishna College,
Sri Krishna Degree College,Bangalore
Sri Krishna Dutt Academy,Lucknow
Sri Krishna Institute of Technology,Bangalore
Sri Krishna Janka Devi Mahavidyalaya,
Sri Krishnan Degree College,
Sri Kumara Gurupara Swamigal Arts College,
Sri Kuvempu Mahavidyalaya,
Sri L.N. Hindu College,
Sri Lakshmi College of Arts & Science,Viluppuram
Sri Lakshmi Narsimha Swamy College,
Sri Lakshmi Srinivasa Degree College,Y.S.R.
Sri Lalta Prasad Tiwari Smarak Mahavidyalaya,
Sri Laxmi Kishori Mahavidyalaya,Sitamarhi
Sri Lazminaresmta Sanskrit Andhra Kalasala,
Sri maa Mahila Mahavidyalaya,
Sri Maddaneswara Government First Grade College,
Sri Mahadeswara College for Arts & Science,
Sri Mahant  Ramashray Degree College,
Sri Mahaveera College,
Sri Mahavir Prasad Mahila Mahavidyalaya,
Sri Mahavir Singh Smarak Mahavidyalaya,
Sri Majety Guravaiah Degree College,Guntur
Sri Manakula Vinayagar Engineering College,
Sri Manakula Vinayagar Medical College and Hospital,
Sri Maruthi First Grade College,
Sri Mathura Prasad Mishra Mahavidyalaya,
Sri Meenakshi Government Arts College for Women,
Sri Mittapalli College of Engineering,,Guntur
Sri Muralidhar Bhagwat Lal Mahavidyalaya,
Sri Muthukumaran Institute of Technology,Chennai
Sri Naraheji Mahavidyalaya,Ballia
Sri Narayan Singh Mahavidyalaya,
Sri Narpati Singh Mahavidyalaya,Sant Kabir Nagar
Sri Natarja Residential F.G. College for Women,Mysore
Sri Nath Baba Jangali Baba Mahavidyalaya,
Sri Neelam Sanjeeva Reddy Arts, Science & Commerce College,Kurnool
Sri Nehru Mahavidyalaya College of Arts & Science,
Sri Omar Vaish Vidyapeeth, Lala Purushottam Das Jewellers Mahavidyalaya,
Sri P.P.S. College,
Sri Padmavathi Mahila Kalasala,
Sri Padmavathi School of Pharmacy,
Sri Padum Singh Mahavidhyalaya,
Sri Palakondraya Swamy Degree College,
Sri Paramakalyani College,
Sri Parasakthi College for Women,
Sri Parasnath Institute of Education and Technology,Moradabad
Sri Poornaparajana College,
Sri Poornaparajna Evening College,
Sri Pratap College,Kashmir
Sri Puttu Singh Mahavidyalaya,Auraiya
Sri R.N. Deshpande Government First Grade College,Gadag
Sri R.P.S. College,Muzaffarpur
Sri Raajaraajan College of Engineering and Technology,karaikudi
Sri Rachapudy Nagabhushanam Degree and P.G College,Y.S.R.
Sri Raghukul Mahila Vidyapeeth,Gonda
Sri Raghuveer Singh Yadav Mahavidyalay,
Sri Rakhant Baba Mahavidyalaya,
Sri Ram Chandra Mahavidyalaya,
Sri Ram Dawar Pandey Mahavidyalaya,
Sri Ram Degree College,Gajapati
Sri Ram Engineering College,
Sri Ram Janki Mahavidyalaya,
Sri Ram Kishun College,
Sri Ram Kripal Singh Tallukedar Mahavidyalaya,Kaushambi
Sri Ram Sahay Singh Kanya Mahavidyalaya,Basti
Sri Ram Singh Gulariya Mahavidyalaya,
Sri Ram Singh Mahavidyalaya,
Sri Ram Swaroop Tiwari Janta Mahavidyalaya,
Sri Rama Chandra Sanskrit College,
Sri Ramakrishna College of Arts & Science for Women,
Sri Ramakrishna College of Arts & Science,Coimbatore
Sri Ramakrishna Engineering College,
Sri Ramakrishna Institute of Technology,
Sri Ramakrishna Mahavidyalaya,
Sri Ramakrishna Mission Vidyalaya College of Arts & Science,
Sri Ramakrishna Mission Vidyalaya College of Education,
Sri Ramakrishna Mission Vidyalaya Maruthi College of Physical Education,Coimbatore
Sri Ramakrishna Sarda Vidyamahapitha,
Sri Ramalinga Sowdambigai College of Science and Commerce,
Sri Ramanand Kailash Chand Pengoria College,
Sri Ramashray Jagdamba Gramin Mahavidyalaya,
Sri Rambhapuri Jagadguru Veeragangadhar Arts and Commerce College,
Sri Ramchandra Arts & Science College,
Sri Ramkrishna Degree College,Kurnool
Sri Ramkrishna Sarda Siksha Mandir,
Sri Ramnath Yadav Subhawati Devi Mahavidyalaya,
Sri Rang Shikshan Mahavidyalaya,
Sri Ranganathar Institute of Engineering and Technology,Coimbatore
Sri Rangapoopathi College of Engineering,
Sri Ravinath Singh Degree College,
Sri Ravuri Kanakaiah Memorial Law College,Chittoor
Sri Rayalaseema Christian College of Education,Kurnool
Sri Renugambal College of Education,
Sri S.H. Kelkar College of Arts & Commerce & Science,
Sri S.J.V.P. Arudhya College,
Sri Sai Baba National Degree College,Anantapur
Sri Sai Bharath College of Arts and Science,
Sri Sai College for Women,Bangalore
Sri Sai College of Education,
Sri Sai Degree & P.G. College,
Sri Sai Institute of Technology and Science,
Sri Sai Raghavendra Degree College,Nizamabad
Sri Sai Ram Engineering College,
Sri Sai Ram Institute of Technology,Chennai
Sri Sai Shivram Girls Educational Institute,
Sri Sairam College of Engineering,Bangalore
Sri Sanatan Dharam Prakash Chand Girls College,
Sri Sankara Arts & Science College,
Sri Sankara Bhagavathi Arts & Science College,Thoothukkudi
Sri Sankara's College of Education,Kurnool
Sri Sankaranandagiri Swamy College,Anantapur
Sri Sankat Mochan Uchch Shiksha Evam Takniki Mahavidyalaya,Varanasi
Sri Sanskrit Mahavidyalaya,
Sri Sarada College for Women,
Sri Sarada College for Women,Salem
Sri Sarada College of Education for Women,Tirunelveli
Sri Sarada College of Education,Salem
Sri Sarada College of Physical Education for Women,Salem
Sri Sarada Mahavidyalayam Arts and Science College for Women,
Sri Sarada Nicketan College of Science for Women,
Sri Sarada Niketan College for Women,Sivagangai
Sri Saraswathi College of Education,Anantapur
Sri Sarvajna College of Education,
Sri Sarvodaya College,Sri Potti Sriramulu Nellore
Sri Sathguru Sangeetha Vidyalayam,
Sri Sathya Sai Arts & Science College,Thiruvananthapuram
Sri Sathya Sai College for Women,
Sri Satya Sai Government Degree College,Anantapur
Sri Satyadev Degree College,Allahabad
Sri Shakthi Institute of Engineering and Technology,
Sri Shanmugha College of Engineering and Technology,Salem
Sri Sharda Institute of Professional Studies,Lucknow
Sri Sharda Mahavidyalaya,
Sri Shirdi Sai Womens Degree College,
Sri Shiv Raj Singh Mahavidyalaya,Hardoi
Sri Shivaji Education Society Amravati's Science College,
Sri Shivalingeswar Women College,
Sri Shrinivas Sarowagi College,
Sri Siddaganga College of Arts, Science & Commerce For Women,
Sri siddaganga Evening College,
Sri Siddhartha College of Education,
Sri Siddhartha First Grade College,
Sri Siddhartha Institute of Management Studies,Tumkur
Sri Siddorameswar Degree College,
Sri Sikshayatan College,
Sri Sivani College of Engineering,Srikakulam
Sri Sivasubramaniya Nadar College  of  Engineering,
Sri Sri Bayababa Mahavidyalaya,
Sri Sri Dhabaleswar Mahavidyalaya,
Sri Sri Jagannath Mahavidyalaya,
Sri Sri Shivaligeswara Swamy Govt. First Grade College,
Sri Subramaniaswamy Government Arts College,
Sri Sudrishti Baba Degree College,
Sri Sunflower College of Engineering & Technology,Krishna
Sri Suraj Datt Kanti Devi Mahila Mahavidyalaya,Rae Bareli
Sri T.V. Venkataswamy First Grade College,
Sri Tarachand Degree College,
Sri Tika Ram Kanya Mahavidyalaya,
Sri Tilakdhari Atarwas Mahavidyalaya,
Sri Tirupati Balaji Mahavidyalaya,Etawah
Sri Uma Mahashwar Govt. Degree College,
Sri Umapragathi First Grade College,Tumkur
Sri V.R. Patel Colleg of Commerce,
Sri Vaishnavi Degree College,
Sri Varshneya College,
Sri Vasantrao Naik Mahavidyalaya,Amravati
Sri Vasari Bommidala Govt. Degree College,Kurnool
Sri Vasavi Arts Commerce & Science College,Kurnool
Sri Vasavi Engineering College,West Godavari
Sri Vasavi Institute of Engineering & Technology,Krishna
Sri Vasavi Institute of Pharmaceutical Sciences,West Godavari
Sri Veer Balika College,
Sri Venkataramana Women’s College,
Sri Venkataramanaswamy College,
Sri Venkatesa Perumal College of Engineering & Technology,Chittoor
Sri Venkateshwara Arts College for Men,Chittoor
Sri Venkateshwara College of Arts and Sci.,,
Sri Venkateshwara College of Engineering,Bangalore
Sri Venkateshwara College,
Sri Venkateshwara Govt. Arts & Science College,
Sri Venkateshwara Govt. Oriental College,
Sri Venkateshwara Oriental College,Chittoor
Sri Venkateshwara University College of Engineering,Chittoor
Sri Venkateshwaraa Dental College,
Sri Venkateshwaraa Medical College Hospital & Research Centre,,
Sri Venkateswara & Sri Satyadeva Degree College,Guntur
Sri Venkateswara College of Arts and Computer Sciences,
Sri Venkateswara College of Education,
Sri Venkateswara College of Engineering and Technology,
Sri Venkateswara College of Engineering and Technology,Chittoor
Sri Venkateswara College of Engineering,Chittoor
Sri Venkateswara College of Engineering,Sriperumbudur
Sri Venkateswara College of Pharmacy,Chittoor
Sri Venkateswara Degree College,Anantapur
Sri Venkateswara Degree College,Guntur
Sri Venkateswara Engineering College,
Sri Venkateswara Institute of Technology,Anantapur
Sri Venkateswaraa College of Technology,
Sri Vidya Mandir Arts & Science College,
Sri Vijay Vidyalaya College of Arts and Science,
Sri Vinayaga College of Arts and Science,Viluppuram
Sri Visweswara Sanskrit Andhra Kalasala,
Sri Vivekananda Arts & Science College,Prakasam
Sri Vivekananda Degree College for Women,
Sri Vyasa N.S.S. College,
Sri Y.N. College,West Godavari
Sri Y.S. Reddy Memorial Degree College,Y.S.R.
Sri Y.V. Nagi Reddy Degree College,
Sri YKR & K Government Degree College,
Sri. T.V. Venkataswamy College of Education,Tumkur
Sridevi Women’s Engineering College,Hyderabad
Srijan Mahavidyalaya,
Sriji College,Ongole
Srikrupa Institute of Pharmaceutical Sciences,
Srimad Andavan Arts and Science College,
Srimath Sivagnana Balaya Swamigal Tamil, Arts and Science College,
Srimathi D.N. Bhat Vaishnav College for Women,
Srimathi Indira Gandhi College,
Srimati Shanti Devi Degree College,Agra
Srimati Vanshraji Devi Shikshan Prashikshan Mahila Mahavidyalay,Sant Kabir Nagar
Srinagar College of Education,Kashmir
Srinagar Women’s College,Kashmir
Srinath Ramnath Mahavidyalaya,Allahabad
Srinath Sanskrit Mahavidyala,
Srinibas College,
Srinivas College of Hotel Management,
Srinivas Institute of Management Studies,
Srinivasa Institute of Engineering & Technology,East Godavari
Srinivasa Institute of Technology and Science,,
Srinivasa Ramanujan Institute of Technology,Anantapur
Srinivasan College of Arts & Science,Perambalur
Srinivasarao College of Pharmacy,Visakhapatnam
Sripat Singh College,
Sriram Chandra Bhanj +3 (Degree) College,
Srisaila College of Education,
Srishti Balika Shikshan Sansthan,
SRK Institute of Technology,Krishna
SRM TRP Engineering College,Tiruchirappalli
SRM Valliammai Engineering College,Kancheepuram
SRNK Government Degree College,
SRR & CVR (Govt.) College,Vijayawada
Srri Hagadguru Murugharajendra Arts College for Women,
Srusti Academy of Management,
SS College of Engineering,Udaipur
SSM College of Engineering,Baramula
SSM Institute of Engineering and Technology,Dindigul
SSS College of Education (B.Ed.),Nanded
ST Xavier’s College of Management & Technology,Patna
St.  John's College,
St. Agnes College,
St. Albert College,
St. Aloysious College,
St. Aloysius College,
St. Aloysius Degree College,
St. Aloysius Evening College,
ST. Aloysius Institute of Technology,Jabalpur
St. Andrew College of Arts, Science & Commerce,
St. Andrew's College,
St. Ann’s College for Women,Guntur
St. Ann's College for Women,Hyderabad
St. Ann’s College for Women,Visakhapatnam
St. Ann's College of Education,
St. Ann’s College of Engineering and Technology,Prakasam
St. Anne’s Arts and Science College,Chennai
St. Anne’s College of Engineering and Technology,Cuddalore
St. Anne’s Degree College for Women,Bangalore
St. Anne’s Degree College,Kodagu
St. Anne’s First Grade College for Women,Bangalore
St. Annes College of Education,
St. Anthony's College,
St. Antony’s College of Arts and Sciences for Women,Dindigul
St. Antony’s College,Idukki
St. Bede's College,
St. Berchuman's College,
St. Christopher's College of Education,Chennai
St. Claret College,Bangalore
St. Columbas' College,
St. Cyril's College,
St. Dominic's College,
St. Edmunds College,
St. Francies College for Women,
St. Francies De Sales College,
St. Francis College,Bangalore
St. Francis de Sales College,Bangalore
St. Francis De Sales College,West Siang
St. Francis Institute of Management and Research,
St. Francis Institute of Technology,Mumbai
St. Geogories College,
St. George College,Nagpur
St. George's College,
St. Gonsalo Garcia College of Arts & Comm.,
St. Ignatius College of Educaction,
St. Jerome’s College of Arts and Science,Kanniyakumari
St. John College,
St. John’s College of Arts & Science,
St. John's College,
St. John's Medical College,
St. Johns College of Engineering & Technology,Kurnool
St. Johns College of Pharmaceutical Sciences, Yerrakota,  Yemmiganur-518 360,  Dist. Kurnool,Kurnool
St. Josep's Teachers College of Education,Mysore
St. Joseph College of Arts and Commerce,
St. Joseph College of Teacher Education for Women,
St. Joseph College,,Ukhrul
St. Joseph Engineering College,
St. Joseph Girls Degree College,
St. Joseph Mahavidhyalaya,
St. Joseph Vaz College,
St. Joseph’s Academy of Higher Education & Research,
St. Joseph’s Arts and Science College for Women,,Sivagangai
St. Joseph’s College  (Arts & Science),Chennai
ST. Joseph's College for Women,
St. Joseph’s College for Women,
St. Joseph’s College for Women,Tiruppur
St. Joseph's College for Women,Visakhapatnam
St. Joseph’s College of Arts & Science for Women,Krishnagiri
St. Joseph’s College of Arts & Science,
St. Joseph's College of Commerce,
St. Joseph's College of Education for Women,Guntur
St. Joseph’s College of Engineering,Chennai
St. Joseph's College,
ST. Joseph's College,
St. Joseph’s College,
St. Joseph's College,Bangalore
St. Joseph’s College,Hassan
St. Joseph's College,Thrissur
St. Joseph’s Commerce College,Dharwad
St. Joseph’s Degree & PG College,
St. Joseph's Degree College,Kurnool
St. Joseph's Evening College,
St. Joseph’s Institute of Technology,Chennai
St. Joseph's Training College,
ST. Josephs College of Engineering and Technology,
St. Jude's College,
St. Justin Arts and Science College for Women,Sivaganga
St. Justin's College of Education,
St. Mark Educational Institution Society Group of Institutions,Anantapur
St. Mark. N.T.R. College of Education,
St. Martin’s Engineering College,
St. Mary’s  Group of Institutions Guntur for Women,Guntur
St. Mary’s  Women’s Engineering College,Guntur
St. Mary’s Centenary College of Management,
St. Mary’s Centenary Degree College,
St. Mary’s College of Teacher Education,
St. Mary's College,
St. Mary’s College,
St. Mary’s College,,
St. Mary’s Engineering College,
St. Mary’s Group of Institutions,
St. Michael College of Engineering and Technology,
St. Michael's College,
St. Mira's College of Girls,Pune
St. Mother Theresa Engineering College,
St. Paul Institute of Professional Studies,Indore
St. Paul's C.M. College,
St. Paul’s College of Arts and Science for Women,Coimbatore
St. Paul’s College of Education,Prakasam
ST. Paul's College,
St. Pauls College of Pharmacy,Rangareddy
St. Peter Degree College,  St Peter Educational Premises,
St. Peter’s College of Engineering and Technology,Chennai
St. Peter's College,
St. Peter’s Engineering College,Rangareddy
St. Peter’s Institute of Pharmaceutical Sciences,
St. Philomena's College,
St. Philomena's College,Mysore
St. Pious X Degree & PG College for Women,
St. Pius Xth College,
St. R.C. College of Higher Education,
St. Stephen's College,
St. Tereasa's Institute of Education,
St. Teresa Degree College for Women,Bangalore
St. Teresa's College,
St. Thomas College of Engineering & Technology,
St. Thomas College of Teacher Education,
St. Thomas College,
St. Thomas College,Dakshina Kannada
St. Vencent College of Commerce,Pune
St. Vincent Pallotti College of Engineering & Technology,Nagpur
St. Vincent Pallotti College,
St. Wilfred’s College for Girls,
St. Wilfred’s P.G. College,
St. Xavier College,
St. Xavier College,Senapati
St. Xavier’s Catholic College of Engineering,Kanniyakumari
St. Xavier's College for Women,
St. Xavier's College Jaipur,Jaipur
St. Xavier's College of Education,
St. Xavier's College of Education,Patna
St. Xavier's College,
St. Xavier’s College,Dumka
St. Xavier’s College,Latehar
St. Xavier’s College,Simdega
St. Xavier's Institute of Education,
St. Xavier’s PG College,
Standard College,
Stani Memorial P.G College,SMPGC Campus,
Stanlay Medical College,
Stanley College of Engineering & Technology for Women,Hyderabad
State Ayurvedic College,
State College of Teacher Education,
State Institute of Physical Education for Women,
Stella Maris College,
Stella Mary’s College of Engineering,,Kanyakumari
Stella Matutina College of Education,
Stephens Institute of Paramedical Sciences,Jammu
Stewart Science College,
Sth. Bankatswami Mahavidyalaya,
Subanarakha Mahavidyalaya,
Subansiri College,Lakhimpur
Subarnarekha Mahavidyalaya,
Subbalakshmi Lakshmipathy  College of Science,
Subedar Singh Mahavidyalaya,Sultanpur
Subhadara Devi Mularam Krishak Mahavidyalaya,
Subhadra Educational Society’s S.N.B.P. College,Pune
Subhadra Mahatap College,
Subhan Institute of Educational Technology and College of Education,Kashmir
Subharam Government Degree College,Chittoor
Subhas Bose Institute of Hotel Management.,Kolkata
Subhas Chandra Bose Covtenary College,
Subhash Chandra Bose Institute of Higher Education,Lucknow
Subhash Chandra Bose P.G. College,
Subhash Chandra Mahavidyalaya,Varanasi
Subhash Chandra Snatak Mahavidyalaya,Gonda
Subhash Smarak Degree College,Rampur
Subhwanti Institute of Education,Siwan
Sudam Charan Degree College,
Sudama Devi Mahila Mahavidyalaya,Chandauli
Sudarshan Degree College,Lalitpur
Sudha Devi Mahavidyalaya,Varanasi
Sudha Rustagi College of Dental Sciences and Research,Faridabad
Sudha Sureshbhai Maniar College of Computer and Management,Nagpur
Sudhagad Education Society’s Sheth J.N. Paliwala Commerce College, Science & Arts College,
Sudhakar Mahila P.G. College,
Sudhakar Singh Foundation Mahavidyalaya,Jaunpur
Sudharsan College of Arts and Science,,Pudukkottai
Sudhiranjan Lahari Mahavidyalaya,
Suganthi Devadason Marine Research Institute,
Suguna College of Engineering,Coimbatore
Sugwanti Smarak Mahavidyalaya,Mau
Sujatha Degree & P.G. College for Women,
Sukanta Mahavidyalaya,
Sukdev Singh Lavkush Mahavidyalaya,
Sukhai Singh Mahavidyalaya,
Sukhdai Smarak Mahavidyalaya,
Sukhdeo Sahay Madheshwar Sahay Degree College,Palamu
Sukhdev Kisan Degree College,
Sukhmaya Mahila P.G. College,
Sukhram Singh Mahavidyalaya,
Sukinda College,
Sukruli Degree College,
Sukumar Sengupta Mahavidyalaya,Paschim Medinipur
Sukus Mission College (Arts),
Sullamussalam Arabic College,
Sullamussalam Science College,
Sultan-Ul-Uloom College of Pharmacy,Hyderabad
Sultanat Bahadur P.G. College,
Suman Satyanarayan Janhit Mahavidyalaya,Unnao
Sumathi Reddy Institute of Technology for Women,
Sumitra Mahavidyalaya,
Sun College of Engineering and Technology,Kanyakumari
Sunbeam College for Women,
Sunbeam Women’s College Varuna, 904/1, Central Jail Road Sikraul, Varanasi – 221 002 Uttar Pradesh,Varanasi
Sundarabai B. Patil Women’s College of Education,
Sunder Singh College,
Sunderban Hazi Desarat College,
Sunderban Mahavidyalaya,
Sunderrao Solanke Mahavidyalaya,,
Sundershan College,Rewa
Sundra Vati Mahila College,
Sunniyya Arabic College,
Supreme Knowledge Foundation Group of Institutions,
Suraj Bhan College,Pilibhit
Suraj Gyan Mahavidyalaya,Jalaun
Surajmal College,
Surajmal Saha Mahavidyalaya,Puri
Surana College,
Surat Pandey Degree College,
Suratgarh P.G. College,
Suren Das College,Kamrup
Surendra Prasad Shukla Mahila Mahavidyalaya,
Surendranath College for Women,
Surendranath College,
Surendranath Evening College,Kolkata
Surendranath Law College,
Suresh Chandra Mishra Mahavidyalaya,
Suresh Kumar Singh Shiv Prasad Mahavidyalaya,Hardoi
Suri Vidyasagar College,
Surjan Devi Anusuiya Devi Degree College,Lucknow
Surya Baksh Pal Smarak Degree College,
Surya Bali Yadav Mahavidyalaya,
Surya College of Education,Jammu
Surya Engineering College,Erode
Surya Sen Mahavidyalaya,
Suryadatta Education Foundation Suryadatta Institute of Business Management & Technology,Pune
Suryadatta Education Foundation Suryadatta Institute of Management & Mass Communicatioin,Pune
Suryadatta Education Foundation’s Suryadatta College of Hospitality, Management & Travel Tourism (SCHMTT),Pune
Suryadatta Education Foundation’s Suryadatta College of Management Information Research & Technology (SCMIRT),,Pune
Suryaddataa Education Foundation’s SCMIRT Night College,Pune
Suryamukhi Dinesh Ayurved Medical College and Hospital,
Suryapal Singh Patel Mahavidyalaya,
Suryodaya College of Engineering & Technology,Nagpur
Susana Methodist Girls’ B.Ed. College,
Sushalavati Government Women's College,
Sushant Teachers Training College,Muzaffarpur
Sushil Institute of Management & Technology,Meerut
Sushil Kar College,
Sushil Verma Memorial Girls Degree College,Lakhimpur
Sushila Devi Mahavidyalaya,Allahabad
Sushila Rai Mahila Mahavidyalaya,Azamgarh
SVE Socity's Arts and Commerce,
SVR Engineering College,Kurnool
SVS College of Engineering,Coimbatore
SVS Group of Institutions,,Warangal
Sw. Badan Singh Kushwaha Kanya Mahavidyalaya,Kanpur Nagar
Sw. Badan Singh Kushwaha Smarak Mahavidyalaya,Kanpur Nagar
Sw. Bhagawanti Devi Degree College,
Sw. Chandrashekhar Ji Poorva Pradhanmantri Smarak Mahavidyalaya,Ghazipur
Sw. Daya Shankar Patel Mahavidyalaya,
Sw. Dhanraj Singh Mahavidyalaya,
Sw. Dileep Kumar Smarak Mahavidyalaya,
Sw. Haripal Singh Mahavidyalaya,Fatehpur
Sw. Kripa Shankar Tiwari Mahavidyalaya,,
Sw. Krishna Devi Shankar Singh Mahila Shikshan Sansthan,Kanpur Dehat
Sw. Mahadev Prasad Smarak Mahila Mahavidyalaya,
Sw. Malti Singh Mahavidyalaya,Jaunpur
Sw. Pandit Nawal Kishore Sharma Government P.G. College,,
Sw. Pt. Ramdular Pandey Mahavidyalaya,
Sw. Shri Baburam Mahavidyalaya,Hamirpur
Sw. Shri Ram Bharose Lal Verma Government Shastri Sanskrit College,
Sw. Smt. Indira Gandhi Shaskiya Kanya Mahavidyalaya,
Sw. Sunder Lal Shivhare Degree College,Hamirpur
Sw. Tilak Raj Singh Mahavidyalaya,Kaushambi
Sw. Yashoda Kanya Mahavidyalaya,
Swa. Sawarkar Mahavidyalaya,
Swahid Maniram Dewan College,Sivaganga
Swahid Peoli Phukon College,Sivaganga
Swahid Smriti Mahavidyalaya,Nalbari
Swami Avdhutanand Mahavidyalaya,Mainpuri
Swami Basudevacharya Anugraha Narayan College,
Swami Dayanand Degree College,Bareilly
Swami Dayananda College of Arts and Science,
Swami Devanand P.G. College,
Swami Dhananjoy Das Kathiababa Mahavidyalaya,Bankura
Swami Dharnidhar College,
Swami Educational Complex Mahavidyalaya,
Swami Ganga Girl Janta Girls College,
Swami Girishanand Degree College,
Swami Jaidev Yogiraj Mahavidhyalaya,Shahjahanpur
Swami Kalyan Dev Degree College,
Swami Kalyan Dev Mahila Mahavidyalaya,Bijnor
Swami Kalyananand Mahavidyalaya,
Swami Karapatry Jee Maharaj Government Degree College,
Swami Keshvanand Institute of Technology,Jaipur
Swami Keshwanand Gramothan Vidyapeeth,
Swami Muktanand College of Science,
Swami Niswambalananda Girls College,
Swami Premanand Mahavidyalaya,
Swami Ramanand Teerth Mahavidyalaya,
Swami Ramanand Teerth Rural Medical College,
Swami Ramprapannacharya Madrasi Swami Raghwacharya Ramanuj Sanskrit Mahavidyalaya,Mathura
Swami Sahajanand College of Arts,Bhavnagar
Swami Sahajanand College of Commerce & Management,
Swami Sahajanand College of Computer Science,
Swami Sahajanand College of Information Technology,
Swami Sahajanand College,
Swami Sahajanand Institute of Commerce,Bhavnagar
Swami Sahajanand Janta Mahavidyalaya,
Swami Sahajanand Mahavidyalaya,
Swami Sahajanand Snatkottar Mahavidyalaya,
Swami Satyamitranand Mahavidyalaya,
Swami Sharan Mahavidyalaya,Chandauli
Swami Shraddhanand College,
Swami Shri Swaroopanand Saraswati Mahavidyalaya,
Swami Shukdevanand College,
Swami Shukhdavanand Law College,
Swami Swantantra Nand Memorial College,
Swami Swaroopanand Institute of Management & Technology,
Swami Vivekanand  Mahavidyalaya,Ambedkar Nagar
Swami Vivekanand College of Computer Science,
Swami Vivekanand College of Higher Education,Pilibhit
Swami Vivekanand College of Higher Education,Unnao
Swami Vivekanand Education Trust M.Ed. College,
Swami Vivekanand Governemnt College,
Swami Vivekanand Government College,
Swami Vivekanand Government College,Agar Malwa
Swami Vivekanand Government College,Ujjain
Swami Vivekanand Govt. College,
Swami Vivekanand Govt. P.G. College,
Swami Vivekanand Homoeopathic Medical College & Hospital,
Swami Vivekanand Mahavidyalaya,
Swami Vivekanand Mahavidyalaya,Banda
Swami Vivekanand Mahavidyalaya,Jhansi
Swami Vivekanand Mahila Mahavidyalaya,Lucknow
Swami Vivekanand S.S. Mahavidyalaya,
Swami Vivekanand Vidyaprasarak Mandal’s College of Commerce,North Goa
Swami Vivekananda College,
Swami Vivekananda Institute of Science & Technology,South Twenty Four Parganas
Swami Vivekananda Institute of Technology,
Swami Vivekananda Mahavidyalaya,
Swami Vivekananda Mahavidyalaya,West Tripura
Swami Vivekananda Memorial College,
Swami Vivekananda Sarvodya Bank College of Education,
Swami Vivkeanand Sr. College,
Swami Yogananda Giri College,Kokrajhar
Swamy Vivekanand Adarsh Mahavidyalaya,
Swantantra Sanik Late Kanhaiyalalji Ramchandra Inani Mahavidyalaya,
Swantatrya Sainik Suryabhanji Pawar Art’s College,
Swar Mahila Mahavidyalaya,Rampur
Swarg Mandir Kanya Mahavidyalaya,
Swargiya Balram Singh Smarak Mahavidyalaya.,Ballia
Swargiya Bishwanath Singh Sharma Mahavidyalaya,
Swargiya Nagulal Malviya Government College,Ujjain
Swargiya Ramvilash Singh Shikshan  Sanstha Mahila Mahavidyalaya,Chandauli
Swargiya Ramvilash Singh Shikshan Sanstha,Chandauli
Swargiya Subedar Singh Smriti Mahila Mahavidyalaya,Varanasi
Swarn Jayanti Mahavidyalaya,
Swarna Bharathi Institute of Science & Technology,
Swarnachuda College,
Swarnamoyee Jogendranath Mahavidyalaya,
Swarnandhra College of Engineering & Technology,West Godavari
Swatantra Girls Degree College,
Swatantra Sangram Senani Swargiya Parashu Ram Umrao Mahavidyalaya,
Swatantrata Sangram Senani  Vishram Singh Government P.G. College,
Swatantrata Sangram Senani Mahendra Degree College,
Swatantrata Sangram Senani Paramhans Mishra Vanshraji Devi Mahila Mahavidyalaya,Mau
Swatantrata Sangram Senani Swargiya Sri Pan Singh Bisht Rajkiya Mahavidyalaya,Almora
Swatantrata Senani Shri Prabhu Narayan Singh Mahavidyalaya,
Swatantrya Sainik Shri Kanhaiyalalji Ramchandra Innani Mahavidyalaya,
Swatantrya Senani Ramrao Awargaonkar Law College,
Swava College of Arts, Science & Comm. Of Management,Bangalore
Swavalambi College of Education,
Sweekar Academy of Rehabilitation Sciences,
Swoddharak Vidyarthi Sansth's Dadasaheb Rawal College,
Syadwad Institute of Higher Education & Research,
Syamprasad College (Evening),
Syampur Siddheswari Mahavidyalaya,
Syamsundar College,
Syana Degree College,
Sydenham College of Commerce and Econnomics,Mumbai
Syed Ammal Arts & Science College,Ramanathapuram
Syed Ammal Engineering College,,Ramanathapuram
Syed Appalaswamy College,Krishna
Syed Degree College, Village Nadwari,
Syed Hameedha Arts & Science College,Ramanathapuram
Syed Nehal Ahsan Evening College,Patna
Symbiosis College of Arts and Commerce,Pune
Symbiosis Society's Law College,Pune
Symboyzia Girls College,
Synergy Institute of Engineering & Technology,
Synod College,
T. John College,Bangalore
T. M. Government College,
T. R. C. Law College,Bara Banki
T. Subbarami Reddy & Balarama Krishna Degree College,Visakhapatnam
T.B.D.S. Janta College,
T.C. College of Arts, Science and Commerce,Pune
T.C. College of Teacher’s Education,
T.H.B. College,Sonitpur
T.J.S Engineering College,
T.K. Madhava Memorial College,
T.K.M. College of Arts and Science,
T.M. Jacob Memorial Government College,
T.M.A.E. Society's College of Education,
T.M.A.E.'S College of Education,
T.M.C.'S Sideswar Arts College,
T.N.B. College,
T.N.B. Law College,
T.N.D. Mahavidyalaya,
T.P. College,
T.P.D. Malawa College,
T.P.S. College,Patna
T.P.V. College,Purbi Champaran
T.R. Girls College,
T.R.C Mahavidyalaya,
T.R.R. Govt. Degree College,Prakasam
T.R.S. College of Education and Technology,Kaushambi
T.S. Bhama College,
T.S. Paul Manipur Women's College,
T.S.S.'s S.S.R.G. Women College,
T.T. Mahavidyalaya,
Taawish College of Education,Jammu
Tadipatri Engineering College, Kadapa Road,Tadipatri (M), Anantapur-515 411, Andhra Pradesh,
Tagore Arts College,
Tagore College of Education,Jammu
Tagore Engineering College,Chennai
Tagore Government College of Education,
Tagore Shiksha Mahavidyalaya,Indore
Tahira Khanam College of Education,Kashmir
Tai Golwalkar Mahavidyalaya,,Nagpur
Tai Golwalkar Mahavidyalaya,Nagpur
Takhatmal Srivallabh Homoeo Medical College,
Taki Government College,
Takshashila Institute of Management,
Takshashila Mahavidyalaya,
Takshshila Public Mahavidyalaya,
Talchar College,
Tale Vibhag Shikshan Prasarak Mandal’s D.G. Tatkare Arts & Commerce College,
Talekchand Mayachand Shah Mahila Arts College,
Talimuddin Niswan (Girls) Degree College,
Talla Padmavathi College of Engineering,,Warangal
Tamenglong College,
Tamralipta Mahavidyalaya,
Tana Bhagat College,
Tangala College,Darrang
Tapi Valley Education Society Women’s College of Education,
Tara Chand Vedic Putri Degree College,
Tara Devi Harakh Chand Kankaria Jain College,Kolkata
Tara Govt. College,
Tara Tarini College,Ganjam
Tarakeshwar Degree College,
Tariq College of Education,Jammu
Tarkeshwar Narain Agrawal, Teacher’s Training College,Bhojpur
Tata College,
Tathagat Budha Mahila Mahavidyalaya,Etawah
Tatyasaheb Kore College of Pharmacy,Kolhapur
Tatyasaheb Kore Institute of Engineering and Technology,Kolhapur
Tau Devi Lal Government College for Women,
Taufiq Memorial Degree College,,
Taywade College,Nagpur
Teacher Education to Institute of Advanced Studies in Education(IASE),
Teacher Training College,Bhagalpur
Teacher's Training College,
Teacher's Training College,Muzaffarpur
Teachers' Training College,Cachar
Technical Education & Research Institute,Ghazipur
Technical Teacher's Training Institute,
Techno Institute of Higher Studies,Lucknow
Technocrats Institute of Technology - MBA,Bhopal
Technocrats Institute of Technology (Excellence),
Technocrats Institute of Technology,Bhopal
Tecnia Institute of Advanced Studies,
Teegala Krishna Reddy Engineering College,Hyderabad
Teerthanker Mahaveer Institute of Management and Technology,
Tehatta Sadananda Mahavidyalaya,,
Tejaa Shakthi Institute of Technology for Women,
Telahi Tuwaram Nath College,Lakhimpur
Telangana Social Welfare Residential Armed Forces Preparatory Degree College for Women,
Telangana Social Welfare Residential Degree & PG College of Commerce for Women,,
Telangana Social Welfare Residential Degree College for Women (Budvel),Malkangiri
Telangana Social Welfare Residential Degree College for Women,
Telangana Social Welfare Residential Degree College for Women,,
Telangana Social Welfare Residential Degree College for Women,Khammam
Telangana Social Welfare Residential Degree College for Women,Mahbubnagar
Telangana Social Welfare Residential Degree College for Women,Medak
Telangana Social Welfare Residential Degree College for Women,Nizamabad
Telangana Social Welfare Residential Degree College for Womens (Girls),
Telangana Social Welfare Residential Degree College for Womens,,
Telangana Social Welfare Residential Degree College Women,
Telangana Social Welfare Residential DegreeCollege for Women,
Telangana Tribal Welfare Residential Degree  College for Women,
Telangana Tribal Welfare Residential Degree College (Boys),
Telangana Tribal Welfare Residential Degree College (Boys),,
Telangana Tribal Welfare Residential Degree College (Boys),Adilabad
Telangana Tribal Welfare Residential Degree College (Girls),
Telangana Tribal Welfare Residential Degree College (Girls),  Asifabad,  Dist. Kumrambheem-504 293,
Telangana Tribal Welfare Residential Degree College (Girls),,
Telangana Tribal Welfare Residential Degree College for Boys,Karimnagar
Telangana Tribal Welfare Residential Degree College for Men,
Telangana Tribal Welfare Residential Degree College for Women,
Telangana Tribal Welfare Residential Degree College for Women,Nalgonda
Telangana Tribal Welfare Residential Degree College for Women.,Medak
Telangana Tribal Welfare Residential Degree College of Life Sciences for Women,Nizamabad
Telangana Tribal Welfare Residential Degree College of Life Sciences for Womens,Nizamabad
Telangana Tribal Welfare Residential Degree College,
Tellakula Jalayya Polisetty Somasundaram College,Guntur
Tengakhat College,Dibrugarh
Tentulia Sasan Debasthan College,
Tenughat Mahavidyalaya,
Teresian College,Mysore
TERF’s Academy College of Arts and Science,Tiruppur
Terna Mahavidyalaya (Arts, Science & Commerce),
TET’s Thakur College of Science & Commerce,
Tetso College,
Texcity Arts & Science College,
Tezpur College,Sonitpur
Th. Amar Singh Mahavidyalaya,
Th. Biri Singh Mahavidyalaya,
Th. Jay Narayan Singh Memorial Degree College,Fatehpur
Th. Shiv Pratap Singh Mahavidyalaya,Fatehpur
Th. Tej Singh Mahavidyalaya,Agra
Thadomal Shahani Engineering College,Mumbai
Thakur Aidal Singh Smriti Kanya Mahavidyalaya,
Thakur Anant Singh College of Education,Jammu
Thakur Biri Singh Mahavidyalaya,
Thakur Dharam Singh (TDS) College of Education,Jammu
Thakur Educational Trust’s Thakur Institute of Management Studies,
Thakur Har Narayan Singh Degree College,
Thakur Jagdev Chand Memorial Govt. Degree College,Hamirpur
Thakur Kripal Singh Memorial Degree College,
Thakur Nigamananda Mahavidyalaya,
Thakur Panchanan Mahila Mahavidyalaya,
Thakur Rajesh Singh Mahavidyalaya,Etawah
Thakur Satya Narayan Chandra Pratap Singh Mahavidyalaya,Sultanpur
Thakur School of Architecture & Planning,Mumbai
Thakur Sen Negi Govt. College,
Thakur Yugraj Singh Mahavidyalaya,
Thakurdeen Pathak Mahila Mahavidyalay,Ambedkar Nagar
Thakurdin Pathak Smriti Mahavidyalaya,
Thambal Marik College,
Thamirabharani Engineering College,Tirunelveli
Thangal Kunju Musaliar College of Engineering,
Thangavelu Engineering College,Chennai
Thanjavur Medical College,
Thanthai Hans Roever College,
Thanthai Periyar Government Institute of Technology,Vellore
Thassim Beevi Abdul Kader College For Women,Ramanathapuram
Thavathiru Santhalinga Adigalar Arts Science and Tamil College,
The Adoni Arts & Science College,Kurnool
The American College,
The Bharat Education Society’s Sant Gadge Maharaj College of Commerce & Economics,
The Bhusawal People's Charitable Sanstha's Dadasaheb Devidas Namdeo Bhole College,
The Bombay Salesian Society’s Don Bosco Institute of Technology,Mumbai
The City College,
The Cochin College,
The College of Law and Legal Ed.,Shahdol
The Dale View College of Pharmacy and Research Centre,
The Dhansura People's Co-Operative Bank Ltd. Arts & Commerce College,
The Erode College of Pharmacy,
The Ethiraj College for Women,
The Gokhale Education Society's College of Educational Training and Research,
The Graduate School College for woman,
The Great Ramswaroop Prakash Kumari Memorial Degree College,Pilibhit
The Guru Nanak Vidyak Society's College of Arts, Science & Commerce,
The H.N.S. Bank Ltd. Science College,
The Ideal Fine Arts Society College of Visual Art,
The Ideal Teachers’ Training Academy,
The Indian College of Arts and Draftmanship,
The Institute of Education Onkarmal Somani College of Education,Mysore
The Institute of Science,Mumbai
The Jagadguru Renukacharya College of Law,
The Jijamata Mahavidyalaya,
The K.N.S.B.C. Arts and Commerce College,
The K.P.E. Arts and Commerce College,
The K.P.E. Society's Law College,
The Kavery Engineering College,Salem
The Kelkar Education Trusts Vinayak Ganesh Vaze College of Arts Science and Commerce,
The Kerala Law Academy Law College,
The Lallubhai Motilal College of Pharmacy,
The M.T.B. Arts College,
The Matrix Educational Foundation’s Matrix School of Management Studies,Pune
The National College,
The National Institute of Engineering,Mysore
The New College,
The New Progressive College of Teacher’s Education,Chennai
The Oxford College of Business Management,Bangalore
The Oxford College of Engineering,
The Oxford College of Hotel Management,
The Oxford College of Nursing,
The Oxford College of Pharmacy,
The Oxford College of Physiotherapy,
The Oxford College of Science,Bangalore
The Oxford Dental College,
The Patidar Gin Science College,
The Poona Dioccsan Education Society's Vidya Bhavan College of Commerce,Pune
The Quaid-E-Milleth College for Men,
The R.H. E. Society's College of Arts, Science & Commerce,
The Richmond Fellowship Post Graduate College for Psychosocial Rehabilitation,
The Rural College,
The Sarvoday Nagrik Sahkari Bank Ltd.  Mahila Arts College,
The Sethupathy Government Arts College,Ramanathapuram
The Shirpur Education Society’s H.R. Patel Institute of Pharmaceutical Education & Research,Dhule
The Shirpur Education Society's R.C. Patel College of Education,
The Shirpur Education Society’s R.C. Patel Institute of Pharmaceutical Education & Research,
The Shirpur Education Society’s R.C. Patel Institute of Technology,
The South Indian Association’s The S.I.A. College of Higher Education,
The Standard Fire Works Rajaratnam College for Women,
The Tehnological Institute of Textile & Sciences,
The Tolani Education Society's College of Commerce,
The Ugar-Sugar Khurad Works Dr. Shiragaonkar Education Trust's Arts and Commerce College,Belgaum
The Vijaya Teachers' College,
Theivanai Ammal College for Women,Viluppuram
Theosophycal Women First Grade College,
Thiagaraja College of Engineering,Madurai
Thiagarajar College for Preceptors,
Thiagarajar College,
Thiagarajar School of Management,Madurai
Thiru A. Govindaswamy Government Arts College,
Thiru Kolangiappar Government Arts College,
Thiru Vi Kalloori Government Arts College,
Thirumala Devaswom Board Medical College,
Thiruthangal Nadar College,
Thiruvalluvar Arts and Science College,
Thiruvalluvar College of Engineering and Technology,
Thiruvalluvar College,
Thiruvalluvar Government Arts College,
Thiyagi Dharmakkan Amirtham College of Arts and Science,Ramanathapuram
Thokchom Ibotombi Institute of Teacher Education and Training (TIITET),Bishnupur
Thomas Jones Synod College,
Thong Nokbe College,Karbi Anglong
Thoubal College,
Tihidi Degree College,
Tihu College,Nalbari
Tika Ram College of Education,
Tikaram Jagannath Arts, Commerce & Science College,Pune
Tikaram Yadav Smriti Mahavidyalaya,
Tikrikilla College,
Tilak Ayurved Mahavidyalaya,Pune
Tilak College of Education,Pune
Tilak Degree College,
Tilak Dhari Mahila Mahavidyalaya,
Tilak Dhari PG College,
Tilak Education Society J.K.  College of Science & Commerce,Mumbai
Tilak Education Society S.K College of Science & Commerce,
Tilak Ram Saini Girls Degree College,Saharanpur
Tilkayat Shree Govindlal Government Sanskrit College,
Tilkayat Shree Govindlal Government Shastri Sanskrit College,
Tingkhong College,Dibrugarh
Tinsukia College,Tinsukia
Tinsukia Commerce College,Dibrugarh
Tinsukia Law College,Tinsukia
Tirot Sing Memorial College,
Tirpude College of Social Work,
Tirpude Institute of Management Education,,
Tirukkoilur College of Arts and Science,
Tirumala Engineering College,Guntur
Tirunelveli Medical College,
Tirunelvelli Dakshina Mara Nadar Sangam College,
Tiruppur Kumaran College for Women,
Titus-2 Teacher's Training College,
TKR College of Engineering and Technology,Hyderabad
TMAE Society's College of Education,
Toc H Institute of Science & Technology,Ernakulam
Tolani College of Arts and Science,
Tolani Commerce College,
Tontadarya College of Engineering,,
Topiwala National Medical College,
Toshniwal Arts, Commerce & Science College,
Tranquebar Biship Maniokam, Lutheeran College,
Tribal Education Society’s Arts, Commerce & Science Mahila Mahavidyalaya,Jalgaon
Tribhuvan Singh Harihar Singh Degree College,
Trident Academy of Technology,
Trident college of Education,
Trident Teacher’s Training College,Muzaffarpur
Trikamjibhai Chatvani Arts & J.V. Gokal Trust Commerce College,
Trilok Chand Degree College,Bareilly
Trilok Nath Degree College,
Trimurti Shikshan Sanstha’s Smt. Vimalbai Uttamrao Patil Arts & Late Dr. Bhaskar Sadashiv Desale Science College,
Trimuti Shikshan Sanstha's Smt Vimalbai Uttamrao Patil Arts of Late Dr. Bhaskar Sadashiv Desale Science College,
Trinity College for Women,Namakkal
Trinity College of Engineering and Technology,
Trinity College,Jalandhar
Trinity Institute of Professional Studies,
Trinity Teacher Training College,
Tripura Engineering College,
Tripura Government Law College,
Tripura Institute of Technology,
Tripuraneni Siva Prasad Rao & Edupuganti Radha Krishna Rao Govt. Degree College,Krishna
Trivedi Girls Degree College,
Triveni Debi Bhalotia College,
Triveni Devi Ganga Shri Mahila Mahavidyalaya,
TRR Engineering College,
Trupti Women's College,
Trust Fund College,
TSPS Mandal's Ltd. Sindgi C.M. Managuli Arts College,
TTL College of Business Management,Mysore
Tufanganj College,
Tukaram Baburao Kadam College of Arts, Science & Commerce,
Tukaram Krishnaji Kolekar Arts and Commerce College,
Tula's Institute,Dehradun
Tula’s Institute,Dehradun
Tula’s Institute,Dhoolkot,
Tulasi Women's College,
Tuli College of Hotel Management,
Tuli College,,Mokokchung
Tuljabhavani Mahavidyalaya,
Tulsiram Mahavidyalaya,Auraiya
Tulsiramji Gaikwad Patil College of Engineering and Technology,Nagpur
Tunga Mahavidyalaya,
Tungnath Maurya Smarak Mahavidyalaya,Gonda
Tura Government College,
Turku Hansda Lapsa Hemram Mahavidyalaya,
Tusra Degree College,
U.G. Smuruti Mahavidyalaya,
U.N. Mehta Arts College,
U.N.S. College,
U.P. College,
U.R. College,
U.S.M.R. First Grade College,
U.V.K. College,
Udai Pratap College,
Udai Pratap Singh Mahavidyalaya,Fatehpur
Udairaj Singh Rampyari Mahavidyalaya,Azamgarh
Udala College,
Udalguri College,Darrang
Uday Mahavidyalaya,Faizabad
Uday Memorial B.Ed. College,Ranchi
Uday Veer Singh Kanya Mahavidyalaya,,
Udaya School of Engineering,Kanyakumari
Udayanath College of Science & Technology,
Udaynarayanpur Madhabilata Mahavidyalaya,
Udhna Citizen Commerce College & S.P.B. College of Business Administration & Smt. Diwaliben Harjibhai Gondalia College of BCA & IT.,Surat
Udit Narain Post Graduate Degree College,
Udit Narain Rishav Mahavidyalaya,
Ujani Majuli Kherkatia College,Jorhat
Ujjain Engineering College,
Ujjawal Singh Mahavidyalaya,Fatehpur
Ujwal Gramin Mahavidyalaya,
UKF College of Engineering & Technology,Kollam
Ultra Modern Girls Degree College,Azamgarh
Uluberia College,
Uma Arts & Nathiba Commerce Mahila College,
Uma Devi Kanya Mahavidyalaya,Pilibhit
Uma Mahavidyalaya,
Uma Shikshanshastra Mahavidyalaya (B.Ed.),Solapur
Uma Vindyavasni Sanskar Mahavidyalaya,Surajpur
Umakant Radhakant Sanskrit Mahavidyalaya,
Umamahewaranar, Karanthai Arts College,
Umanath Singh Vidhi Mahavidyalaya,Jaunpur
Umang Geetai College of Women’s Education,Nagpur
Umashanker Shashtri Mahavidyalaya,
Umeda Devi Mahavidyalaya,Mirzapur
Umeschandra College,
Umshyrpi College,
Uni Trust Surajba Mahila Arts College,
Union Christian College,
Union christian Training College,
Unique College of Education,Kashmir
Unique Institute of Managemetn and Technology,
United College,
United Institute of Technology,Coimbatore
United Mission Degree College,Bangalore
United Tribal Degree College,Lakhimpur
Unity College of Teacher Education,
Unity College,
Unity Degree College,
Universal College of Computer Application,Bangalore
Universal College of Engineering & Technology,Guntur
Universal P.G. College,
Universal School of Administration, Gururayanapura,
Universal T.T. College,Dausa
University Arts and Science College,
University B.T. & Evening College,
University College of Arts,
University College of Education,
University College of Engineering,
University College of Engineering,Tiruchirappalli
University College of Fine Arts,Davanagere
University College of Fine Arts/Music,
University College of Law,
University College of Medical Sciences,
University College of Science,
University College of Technology,
University College,
University College,Barnala
University Commerce College,
University Evening College,
University Evening College,Mysore
University Evening Law College,
University Institute of Engineering & Technology (UIET),
University Law College,
University Maharaja's College,
University Maharani's College,
University of Allahabad,Allahabad
University of Delhi,Delhi
University Post Graduate College (O.U.),
University Post Graduate College,
University Post-Graduate College,
University Rajasthan College,
University Studies In Law,
Unnamalai Institute of Technology,Thoothukudi
Upadhi Mahavidyalaya,
Upendra Nath Brahma College,Chirang
Upendra Pai Memorial College,
Upendranath College,
Urdu Arts (Evening) College,
Urmila Devi Degree College,
Urmila Gramin Shikshan Sansthan Mahavidyalaya,
Urmila Gramin Shikshan Sansthan Mahavidyalaya,Faizabad
Urmila Mahavidyalaya,
Urmila Mahila Mahavidyalaya,
Ursuline Women Teachers' Training College,
Urumu Dhanalakshmi College,
Usha Educational Institute,
Usha Latchumanan College of Education,
Usha Rama College of Engineering & Technology,Krishna
Usmani Degree College,
Utikan Kerada Mahabir College,
Utkal Sangeet Mahavidyalaya,
Utkalmani Gopabandhu Mahavidyalaya,
Utkalmani Homoeopathy College,
Utkarsh School of Management and Technology,Bareilly
Uttam Institute of Technology & Management,
Uttam Memorial College,,Raigarh
Uttar Barpeta College,Barpeta
Uttar Kampith Mahavidyalaya (SR.),Nalbari
Uttar Pradesh Vastra Prodhogiki Sansthan,
Uttaranchal (P.G.) College of Bio-Medical Sciences & Hospital,Dehradun
Uttari Karnpura Shramik Mahavidyalaya,Ranchi
V.B. Women College,Kashmir
V.B.S. Mahila Mahavidyalaya,Mau
V.E.T. First Grade College,Bangalore
V.K. Jain College of Education,
V.K. Krishna Menon College of Commerce and Economics and Sharad Shankar Dighe College of Science,
V.K.V. Govt. Degree College,East Godavari
V.L.B. Janaki Ammal Collee of Arts & Science,
V.M. Salgaocar College of Law,
V.M.V Commerce J.M.T. Arts & J.J.P. Science College,Nagpur
V.N.B.P. Degree College,Gorakhpur
V.N.S.B. Ltd. Arts and Commerce College,
V.O. Chidambaram College,
V.O.C. College of Education,Thoothukkudi
V.P. Mandal's Shri S.R.N. Arts & Sh. MBS Commerce College,
V.P. Muthaiah Pillai Meenkashi Ammal Arts and Science College for Women,
V.P.S.C.S.B. Arts, Schamrp Science and Samiti's Commerce College,
V.P.S.P.M.S. Arts, Commerce and Science College,
V.R. Arts & Commerce College,
V.R. College of Engineering,
V.R. College,Sri Potti Sriramulu Nellore
V.R. Sidhartha Engineering College,Krishna
V.R.A. lodhi Govt. Arts and Commerce,
V.R.S. & Y.R.N. College,Prakasam
V.R.S. College of Engineering and Technology,Viluppuram
V.R.S. Degree College,Y.S.R.
V.S. Lakshmi Women’s Degree College & P.G. College,Kakinada
V.S. Patel College of Arts & Science,
V.S. Sivalingam Chettiar Government Arts College,Sivagangai
V.S.A.V. Degree College,
V.S.B. Engineering College,Karur
V.S.J. College,
V.S.K. Degree College,West Godavari
V.S.M. College,East Godavari
V.S.P.M.’s, College of Physiotherapy,Nagpur
V.S.R. & N.V.R. College,Guntur
V.S.R. Govt. Degree College,Krishna
V.S.S. College,Jalna
V.S.S. Medical College,
V.T. Choksi Sarvajnik College of Education,
V.T. Choksi Sarvajnik Law College,
V.T.J.M. & I.V.T.R. Degree College,Guntur
V.V. & M. Degree College,Prakasam
V.V. College,
V.V. Giri Government Kalasala,West Godavari
V.V. Mandal's arts, Science and Commerce College,
V.V. Vanniaperumal College For Women,
V.V.K. Degree College,
V.V.N. Degree College,Bangalore
V.V.P. Engineering College,Rajkot
V.V.P. Institute of Engineering & Technology,Solapur
V.V.S.'S S.V.M.  Arts, Science & Commerce College,
V.W. Sabha's Arts, Science and Commerce College,
Vaagdevi College of Engineering,
Vaagdevi College of Pharmacy,
Vaagdevi Degree & PG College,
Vaagdevi Engineering College,,Warangal
Vaagdevi Institute of Technology & Science,
Vaagdevi Pharmacy College,
Vaageswari College of Engineering,
Vagdevi Degree College,
Vagishwari Rambari Mahila Degree College,
Vai. Dhunda Maharaj Deglukar College,
Vaidic Mahavidyalaya,
Vaidya Shri M.M. Patel College of Education,
Vaikunta Baliga Law College,
Vaish Arya Kanya Mahavidyalaya,
Vaish Arya Shikshan Mahila Mahavidyalaya,Jhajjar
Vaish College of Education,
Vaish College,
Vaish Girls College,
Vaish Mahila Mahavidyalaya,
Vaishali Mahila College,Vaishali
Vaishanavi Degree College,Allahabad
Vaishno Devi Prashikshan Mahavidyalaya,
Valia Chhaganlal Laljibhai College of Commerce & Valia Lilavantiben Chhaganlal College of Arts,
Vallabh Govt. College,
Vallabhbhai Patel Chest Institute,
Vallurupalli Nageshwara Rao Vignana Jyothi Institute of Engineering & Technology,Hyderabad
Valluvar College of Science & Management,Karur
Vananchal College,
Vanashree Arts College,
Vanasthali Degree College,
Vanavarayar Institute of Agriculture,
Vani Sakkare Government First Grade College,
Vanijya Mahavidyalaya,Patna
Vanita Vishram Women’s College of Commerce,Surat
Vankisannarudrappa Law College,
Vanvasi Mahila Mahavidyalaya,
Vardhaman College of Engineering,
Vardhaman College,
Vardhman Mahavir College,Nalanda
Vardhman Mahavir Medical College & Safdarjung Hospital,New Delhi
Vasant College of Education,
Vasant Kanya Mahavidyalay,Varanasi
Vasant Mahavidyalaya,
Vasanta College for Women,Varanasi
Vasantdada Patil Pratishthan’s College of Engineering and Visual Arts,
Vasantrao Kale Mahavidyalaya,
Vasantrao Naik Arts Science & Commerce College,
Vasantrao Naik Govt. Institute of Arts & Social Science,
Vasantrao Naik Mahavidyalaya,
Vasantraodada Patil Institute of Management Studies and Research,Sangli
Vasavi College of Education,
Vasavi College of Engineering,
Vasavi Mahila Kalasala,Kurnool
Vasireddy Venkatadri Institute of Technology,Guntur
Vasundhara College of Arts & Science,
Vasundhara Kala Mahavidyalaya,
Vasundhara Mahila P.G. Mahavidyalaya,
Vector Control Research Centre,
Vedang Institute of Technology,Khordha
Vedant Institute of Education & Technology,
Vedanta P.G. Girl’s College,
Vedavathi Government First Grade College,Chitradurga
Vedavyasa College of Architecture,Malappuram
Vedic Kanya P.G.Mahavidyalaya,
Vedik Balika P.G. Mahavidyalaya,
Vedyas Mahavidyalaya,
Veena Memorial P.G. College,,
Veena Sudhakar Ojha Mahavidyalaya,
Veena Vadini Teacher’s Training Institute,
Veer Abdul Hameed Smarak Mahavidyalaya,
Veer Bahadur Singh Memorial Mahavidyalaya,
Veer Bala Kali Bai Government Girls College,
Veer Balidani Nayak Government PG College Sendhwa,Barwani
Veer Kunwar Degree College,Bijnor
Veer Kunwar Singh Mahila College,
Veer Savarkau Govt. College,
Veer Shaheed Kesari Chand Rajkiya Mahavidyalaya,Dehradun
Veer Wajekar Arts Science Comm. College,
Veerangana Avanti Bai Mahila Mahavidyalaya,
Veerangana Avantibai Mahavidyalaya,Shahjahanpur
Veerangana Maharani Laxmi Bai Government Girls Degree College,
Veerangana Rani Awanti Bai Lodhi Rajkiya  Mahila Mahavidyalaya,
Veerangna Jhalkari Bai Government Girls College,
Veerbhumi Govt. P.G. College,
Veerkhand Mahavidhyalaya,Aligarh
Veermata Jijabai Technical Institute,
Veetrag Swami Kalyan Dev Degree College,
Vel Tech High Tech Dr. Rangarajan Dr. Sakunthala Engineering College,
Vel Tech Multi Tech Dr. Rangarajan Dr. Sakunthala Engineering College,
Vel's College of Science,
Velaballary Channabasaveshwar Education Society’s Arts and Commerce college,
Velalar College of Engineering and Technology,
Velammal College of Engineering and Technology,Madurai
Velammal Engineering College,Chennai
Vellalar College for Women,
Vellu Thampi Memorial N.S.S. College,
Velumanoharan Arts and Science,Ramanathapuram
Vemalpalli Kodanda Ramayya College,Buddevaram
Vemana Institute of Technology,
Vemu Institute of Technology,Chittoor
Venkatesh Mahajan Senior College,
Venkateshwara Institute of Computer Science and Technology,
Venutai Chavan College,Satara
Verma Shyam Dulari Mahavidyalaya,Azamgarh
Verrasaiva College,
Vesaka Patel College,
Vet Institute of Arts and Science (Co-Education) College,Erode
Vethathiri Maharishi College of Yoga,
Vickram College of Engineering,Sivaganga
Victor Public College,
Victoria College of Education,Bhopal
Victoria College of Education,Indore
Victoria Institute,
Vidarbha Arts & Commerce College,
Vidarbha Ayurved Mahavidyalaya,
Vidarbha Institute of Technology,
Vidhya Deep Degree College,Saharanpur
Vidhyaa Giri College of Arts and Science,Sivaganga
Vidhyashree Parth Mahavidylaya,Bareilly
Vidhyasthali Institute of Technology, Science and Management.,Jaipur
Vidnyan Mahavidyalaya,
Vidnyan Mahavidyalaya,Solapur
Viduttma Kanya Mahavidyalaya,
Vidya Bharati College,Kamrup
Vidya Bharati Mahavidyalaya,
Vidya bhawan G.S. Teachers' Training College,
Vidya Bhawan Mahila Mahavidyalaya,
Vidya Bhawan Rural Institute,
Vidya College of Engineering,
Vidya Devi Kanya Mahavidyalaya,Saharanpur
Vidya Devi Mahavidyalaya,Shahjahanpur
Vidya First Grade College,
Vidya Institute of Creative Teaching,
Vidya Institute of Fashion Technology,
Vidya Jyothi Degree & P.G. College,
Vidya Jyothi Institute of Technology,
Vidya Mandir Degree College,
Vidya Prabodhini College of Commerce, Education,
Vidya Prasarak Mandal’s Dr. V.N. Bedekar Institute of Management Studies,,Thane
Vidya Prasarak Mandal's K.G. Joshi Arts & N.G. Bedekar College of Commerce,
Vidya Prasarak Mandal’s Kinhavali Arts, Commerce & Science College,Thane
Vidya Prasark Mandal's Thane Municipal Council Law College,
Vidya Pratishthan (Maharashtra)’s College of Education,
Vidya Pratishthan's Arts, Science & Commerce College,Pune
Vidya Pratishthan’s Institute of Information Technology,Pune
Vidya Pratishthan’s Kamalnayan Bajaj Institute of Engineering & Technology,Pune
Vidya School of Business,
Vidya Vardhak Sangh’s Arts and Commerce College,
Vidya Vardhaka Sangha First Grade College,
Vidya Vikas Art’s, Commerce & Science College,
Vidya Vikas Education Society’s Vikas Night College of Arts, Science and Commerce,
Vidya Vikas Mandal’s Arts and Commerce College,
Vidya Vikas Mandal's Shree Damodar College of Commerce and Economics,
Vidyaa Vikas College of Engineering and Technology,Namakkal
Vidyabharati   Foundation’s IBMR BBA, BCA, B.Com., P.G. Studies in Commerce and Management College,
Vidyabharti College,Wardha
Vidyabharti Trust College of Business, Computer-Science & Research,
Vidyabharti Trust College of Master in Computer Application,Surat
Vidyalankar Institute of Technology,Mumbai
Vidyalankar School of Information Technology,,Mumbai
Vidyanagar College,
Vidyaniketan Mahavidyalaya,
Vidyant Hindu Degree College,
Vidyarthi P.G. College,
Vidyasagar College for Women,
Vidyasagar College of Arts & Science,
Vidyasagar College,
Vidyasagar Kala Mahavidyalaya,
Vidyasagar Mahavidyalaya,
Vidyasagar Metropolitan College,
Vidyasagar School of Social Work,
Vidyasagar Teachers' Training College,
Vidyavardhaka College of Engineering,Mysore
Vidyavardhaka Law College,Mysore
Vidyavardhika F.G. College,Mysore
Vidyavardhini’s College of Engineering & Technology,Palghar
Vidyavati Mukand Lal Girls College,
Vidyawati Devi Mahavidhyalaya,Kushinagar
Vidyawati Devi Mahavidyalaya,Allahabad
Vidyodaya College of Arts and Commerce,Mysore
Vidyodaya Law college,
Vidyottama Kanya Mahavidyalaya,
Vignan Degree College,Guntur
Vignan Institute of Pharmaceutical Technology,Visakhapatnam
Vignan Institute of Technology & Science,
Vignan Pharmacy College,Guntur
Vignan’s Institute of Engineering for Women,Visakhapatnam
Vignan’s Institute of Information Technology,Visakhapatnam
Vignan’s Institute of Management and Technology for Women,
Vignan's Institute of Management and Technology for Women,Anantapur
Vignan’s Lara Institute of Technology & Science,Guntur
Vignan’s Nirula Institute of Technology & Science for Women,
Vignana Bharathi Institute of Technology,
Vijaneshwara Government Law College (Martur),
Vijay College of Education for Women,
Vijay College of Education,
Vijay College of Fine Arts,
Vijay Degree College,
Vijay Shikshan Prasarak Mandal’s Dagdojirao Deshmukh Arts, Commerce and Science College,
Vijay Singh Pathik Rajkiya Mahavidyalaya,
Vijay Vidrohi Krantikari Shikshan Sansthan,
Vijaya College,
Vijaya First Grade College,
Vijaya Institute of Pharmaceutical Sciences for Women,
Vijaya Institute of Pharmaceutical Sciences for Women,,Vijayawada
Vijaya Institute Technology for Women,
Vijaya Mahantesh Krupaposhit S.R. Vastrad Arts, Science & Vijay Shankarappa Bellihal Commerce College,
Vijaya Raje Government Girls Post-Graduate College,
Vijayam Science and Arts Degree College,Chittoor
Vijayanagar College,
Vijayaraje Institute of Science & Management,Gwalior
Vijaygarh Jyotish Ray College,
Vijaynagar Arts College,
Vikas College of Engineering & Technology,,
Vikas College of Engineering & Technology,Krishna
Vikas Group of Institutions,,
Vikas Parishad’s Mandre College of Commerce, Economics and Management,
Vikayal Vikrama Rai Mahila Mahavidyalaya,Azamgarh
Vikram Dev College,
Vikram Singh Kanya Mahavidyalaya.,Chandauli
Vikram Singh Kanya Mahavidyalya,
Vikramjit Singh Sanatan Dharam College,
Villa Marie Degree College for Women,Hyderabad
Vimal Jyothi Engineering College,Kannur
Vimal Muni College of Education,Jammu
Vimala College,
Vimla Devi Harihar Singh Smarak Mahila Mahavidyalaya,Bara Banki
Vimla Ramashankar Mahavidyalaya,Ghazipur
Vimla Rani Bhargava Degree College,
Vimla Vikram Mahavidyalaya,
Vimla Yadav Mahavidyalaya,
Vinayak College,
Vinayak College,Bijnor
Vinayak P.G. College,Sikar
Vinayak Vidyapeeth,
Vinayakrao Patil Mahavidyalaya,
Vinda Pal Ugrasen Pal Mahavidyalaya,Sant Kabir Nagar
Vindhya Gurukul College,Mirzapur
Vindhya Kanya Mahavidyalaya,
Vindhya Mahila Mahavidhyalaya,Mirzapur
Vindhya Vasini (+3) College,
Vindhyachal Ji (Girls) College,Ghazipur
Vindhyanchal College,Satna
Vindhyavasini Mahavidhyalaya,Mirzapur
Vindhyavasini Prasad Vidyakant Pandit Mahavidyalaya,Allahabad
Vinijya Mahavidyalaya,Satna
Vinod Kumar Mahila Mahavidyalaya,,Sultanpur
Vinodani College,
Vinutana Shikshana Seva Samsthe,
Vipra Arts, Commerce and Physical Education Mahavidyalaya,
Vir Bahadur Singh Degree College,
Vir Bahadur Singh Government Degree College,
Vir Hanumanjew Degree Mahavidyalaya,Kendrapara
Virangana Avanti Bai Govt. College,
Virangana Avanti Bai Lodhi Degree College,Hardoi
Virangna Avantibai Government Degree College,
Virendra Bahadur Mahila Mahavidyalaya,Pratapgarh
Virendra Mahavidyalaya,Ghazipur
Virendra Mithileshwar Mahavidyalaya,Siddharthnagar
Virendra Nath Shukla Institute of Education & Technlogy,
Virendra Singh Ramvati Memorial Mahavidyalaya,Hardoi
Virudhunagar Hindu Nadars Senthikumara Nadar College,
Visakha Govt. Degree College for Women's,Visakhapatnam
Visakha Institute of Engineering and Technology,Visakhapatnam
Vishal Kanya Degree College,Bareilly
Visheshwar Dayal Mahavidyalaya,Sitapur
Vishnu Institute of Pharmaceutical Education & Research,,Medak
Vishnu Institute of Technology,West Godavari
Vishveshwarya Group of Institutions,
Vishveswarya College of Law,
Vishwa Bharathi College of Engineering,
Vishwa Bharathi P.G. College of Engineering & Management,
Vishwa Nath Prasad Mahavidyalaya,
Vishwa Nath Rai Kakand Degree College,
Vishwa Vishwani Institute of Systems and Management,,Hyderabad
Vishwa Vishwani School of Business,
Vishwakarma Mahavidyalaya,Aligarh
Vishwanath Singh Mahavidyalaya,
Vishwanathrao Deshpande Rural Institute of Technology,
Vishwashanti Foundation’s Oxford College of Commerce,
Vishwashanti Foundation’s Oxford College of Computer Applications,
Vishwasrao Naik Arts, Commerce and Baba Naik Science Mahavidyalaya,
Vishwavidyalaya Engineering College,Surguja
Vishweshwar Education Society’s Western College of Commerce and Business Management,
Visthapit Mahavidyalaya,
Visva-Bharati University,Santiniketan
Visvesvaraya College of Engineering & Technology,
Visvesvaraya National Institute of Technology, Nagpur
Visvesvaraya National Institute of Technology, Nagpur,Nagpur
Visveswarapura College of Arts and Commerce,
Visveswarapura College of Science,
Visveswarapura Evening College of Arts & Commerce,
Visvodaya Engineering College,Sri Potti Sriramulu Nellore
Visvodaya Govt. College,Sri Potti Sriramulu Nellore
Viswajyothi College of Engineering & Technology,Ernakulam
Viswam Engineering College,Chittoor
Viswavani College of Education,Kurnool
Vithalrao Patil Mahavidyalaya (Arts, Commerce & Science),
Vithalrao Shinde Arts College,
Vitthalbhai Patel and Rajratna, P.T. Patel Science College,
Vivek College of Education,
Vivek College of Law,Bijnor
Vivek Education Soceity’s Vivek College of Commerce,
Vivek P.G. Mahavidyalaya,Jaipur
Vivek Vardhini (Afternoon) College of Arts,
Vivek Vardhini College,
Vivekanand Arts College,
Vivekanand Arts,  Sardar Dalipsingh Commerce & Science College,
Vivekanand Colleg of Arts, Science and Commerce,
Vivekanand College for Women,
Vivekanand College of Commerce,
Vivekanand College of Education,
Vivekanand College of Law,
Vivekanand College of Nursing,Moradabad
Vivekanand College,
Vivekanand Education Society Institute of Management Studies & Research, 495-497,,Mumbai
Vivekanand Education Society's College of Arts, Science & Commerce,
Vivekanand Education Society’s College of Pharmacy,Mumbai
Vivekanand Education Society’s Institute of Technology,Mumbai
Vivekanand Education Society’s, College of Architecture,Mumbai
Vivekanand Gramoudyog M. Degree College,
Vivekanand Institute of Hotel & Tourism Management,
Vivekanand Institute of Management and Technology,
Vivekanand Institute of Technology & Science,
Vivekanand Law College,
Vivekanand Mahavidyalaya,
Vivekanand Mahavidyalaya,Raipur
Vivekanand Setavarsiki Mahavidyalaya,
Vivekanand Vinijya Mahavidyalaya,
Vivekananda College of Arts & Science for Women,
Vivekananda College of Education,
Vivekananda College of Education,Aligarh
Vivekananda College of Education,Jammu
Vivekananda College,
Vivekananda Degree College,
Vivekananda Institute of Education,Raipur
Vivekananda Institute of Management Studies,Coimbatore
Vivekananda Institute of Professional Studies,New Delhi
Vivekananda Institute of Social Work And Social Sciences (VISWASS),
Vivekananda Mahavidyalaya,
Vivekananda Mission Mahavidyaloaya,
Vivekanandha Arts & Science College for Women,Salem
Vivekanandha College for Women,Namakkal
Vivekanandha College of Arts and Science for Women,
Vivekanandha College of Engineering for Women,
Vivekanandha College of Technology for Women,Namakkal
Vivekanandha Institute of Engineering and Technologyfor Women,Namakkal
Vivekanandha Institute of Information and Management Studies,Namakkal
Vivekannanda Govt. College,
VKR, VNB & AGK College of Engineering,
VMV Commerce JMT Arts & JJP Science College,
VNS Institute of Management,
Voorhees College,
VSB College of Engineering Technical Campus,Coimbatore
VSM College of Engineering,East Godavari
VSPM’s Dental College & Research Center,Nagpur
VSPM’s Madhuribai Deshmukh Institute  of Nursing Education,Nagpur
VVS'S Shri Khasgastesh College of Arts & Commerce,
Vyas Institute of Engineering and Technology,Jodhpur
Vyasa Arts & Science Women’s College,
Vyasnagar College,
Vyavasayi Vidya Pratishthan Sanchalit Indubhai Parekh School of Architecture,Rajkot
Vysya College,Salem
W.K. Bhagini Seva Mandal's Arts & Commerce College for women,
Wada Nirmiti Educational Society Wada College of Management & Science,Palghar
Wada Nirmiti Educational Society’s, Vidya Varidhi Degree College of Arts, Commerce & Science,,
Waghire College of Arts, Commerce and Science,Pune
Waikhom Mani Girl's College,
Wainganga College of Engineering and Management,Nagpur
Walchand College of Arts and Science,
Walchand College of Engineering,
Walchand Institute of Technology,
Walther Degree College,
Wangcha Rajkumar Govt. College,
Wangkhao Government College,
Warana Mahavidyalaya,Sangli
Wassem Turki Muslim Degree College,
Wavoo Wajeeha Women’s College of Arts & Science,Thoothukkudi
Waymade College of Education (English Medium),
Wazir Ram Singh Government College,
Weeta College of Education,Kashmir
Wesley Degree College (Co-Eduation),
West Goalpara College,Goalpara
West Godavari Institute of Science and Engineering (PD),
West Silchar College,Cachar
Western College,
Williamnagar Government College,
Willingdon College,
Wilson College,
Wilsonia Degree College,
Wisdom Education College,Moradabad
Wisdom Women’s College of Arts and Science,
WMO Arts & Science College,
Women College of Home Science & BCA,
Women's Christian College,
Women’s College of Arts and Commerce,
Women's College of Arts, Commerce & Computer Application,
Women's College,
Women’s College,
Women's College,Cachar
Women's College,Tinsukia
Women’s University College of Education,
Wular Valley College of Education,Kashmir
Xavier Institute of Engineering,Mumbai
XITE, Gamharia,Saraikela-Kharsawan
Y.A. Govt. College for Women,Prakasam
Y.D.D. Govt. First Grade College,
Y.K. College,
Y.M.C.A. College of Physical Education,
Y.S.L. College of Education,
Y.V. Rao Siddhartha College of Education,Krishna
Yadaorao Poshattiwar Arts College,
Yadav Deshmukh V.D. Arts & Commerce college,
Yadava College,
Yadunandan – Pavitri Degree College,
Yadunandan College,
Yairipok Universal College,Thoubal
Yashaswi Education Society’s, International Institute of Management Science,Pune
Yashavantrao Chavan Institute of Science,
Yashawantrao Chavan College,
Yashika Kanya Degree College,Moradabad
Yashoda Girls Arts & Commerce College,
Yashoda Mahavidyalaya,Jaunpur
Yashoda Nandan Haribans Mahavidyalaya,
Yashraj Institute of Professional Studies,
Yashvant Rao Meghawale Government College,Dhamtari
Yashwant Mahavidyalaya,
Yashwant Rao Chavan College of Arts Commerce & Science,
Yashwant Rao Chavan Mahavidyalaya,
Yashwantrao Chavan Arts and Commerce College,
Yashwantrao Chavan Arts and Science Mahavidyalaya,
Yashwantrao Chavan College of Science,
Yashwantrao Chavan Mahavidyalaya,
Yashwantrao Chavan School of Social Work,
Yashwantrao Chavan Shikshan Prasarak Mandal’s Dadasaheb Digamber Shankar Patil Arts, Commerce & Science College,
Yashwantrao Chavan Warana Mahavidyalaya,
Yashwantrao Chawhan Mahavidyalaya,
Yashwantrao Gudadhe (Patil) Memorial College of Arts, Commerce and Science,
Yashwantrao Mohite College of Arts, Science and Commerce,Pune
Yasin Meo College,
Yerneni Venkata Nageswara Rao Govt Degree College,Krishna
Yeshwant College of Information Technology,
Yeshwant Mahavidyalaya,
Yeshwantrao Chavan College of Engineering,
Yingli College,
YMS Degree College,
Yogender Mahavidyalaya,Azamgarh
Yogeshwari Mahavidyalaya,
Yogiji Maharaj Mahavidyalaya Mahila Arts & Commerce College,
Yogiraj Shri Krishna Mahavidyalaya,Aligarh
Yogoda Satsanga Mahavidyalaya,
Yogoda Satsanga Palpara Mahavidyalaya,Purba Medinipur
Younus College of Engineering & Technology,
Youth Education and Welfare Society’s National Senior College,Nashik
YSR Vivekananda Government Degree College,
Yuvakshetra Institute of Management Studies,
Yuvaraja’s College (Autonomous),Mysore
Yuvraj Dutt (PG) College,
Yuvraj Subhaghsinghji Arts and Sri K.S. Commerce College,
Z.A. Islamic College,
Z.F. Wadia Women's College & N.K. Johata College of Commerce,
Zagdu Singh Charitable Trust’s Thakur College of Engineering & Technology,Mumbai
Zagdu Singh Charitable Trust’s Thakur Institute of Management Studies & Research,,Mumbai
Zakir Hussain College (Evening Classes),
Zakir Hussain Delhi College,
Zamorin's Guruvayurappan College,
Zeal Education Society’s Zeal College of Engineering and Research,Pune
Zirtri Government Women's College,
Zisaji Presidency College,
Zunhebota Govt. College,
Zunheboto Government College,
