Name of the college,District,State
Aldel Education Trust’s St. John College of Humanities & Science St. John Technical and Educational Campus,Palghar,Maharashtra
Govt Degree College,Kangra,Himachal Pradesh
Lachi Devi Mahila Mahavidyalaya,Ghazipur,Uttar Pradesh
A M A L College,Visakhapatnam,Andhra Pradesh
A Veeriya Vendayar Memorial Sri Pushpam College,Thanjavur,Tamil Nadu
A. K. Singh College,,Jharkhand
A. V. Patel Commerce College,Valsad,Gujarat
A.B.M. College,Purbi Singhbhum,Jharkhand
A.B.M. Degree College,Prakasam,Andhra Pradesh
A.B.N & P.R.R. College,,Andhra Pradesh
A.B.R. College of Engineering & Technology,,Andhra Pradesh
A.B.R.L. Degree College,Sant Kabir Nagar,Uttar Pradesh
A.C.T. College of Engineering and Technology,Kancheepuram,Tamil Nadu
A.D. Biligowda First Grade College,Mandya,Karnataka
A.D. Mahavidyalaya,Puri,Odisha
A.D. Patel Institute of Technology,,Gujarat
A.D.M. College for Women,Nagapattinam,Tamil Nadu
A.D.P. College,Nagaon,Assam
A.D.V.S. First Grade College,Davanagere,Karnataka
A.E.S. College,Sonbhadra,Odisha
A.E.S. National College,Kolar,Karnataka
A.G Padmavathi College of Nursing,,Puducherry
A.G. Hashmi Degree College,Balrampur,Uttar Pradesh
A.G.K.M. College,Guntur,Andhra Pradesh
A.I. Jat Heroe's Memorial College,Rohtak,Haryana
A.J. College of Education,Krishna,Andhra Pradesh
A.J. Institute of Management,,Karnataka
A.J. Kalasala,Krishna,Andhra Pradesh
A.J.K. College of Arts & Science,Coimbatore,Tamil Nadu
A.K. (PG) College,Firozabad,Uttar Pradesh
A.K.K. New Law Academy,Pune,Maharashtra
A.K.P. Degree College,Bulandshahr,Uttar Pradesh
A.L. Choudhury College,Hailakandi,Assam
A.M Reddy Memorial College of Pharmacy,Guntur,Andhra Pradesh
A.M Reddy Memorial College of Pharmacy,,Andhra Pradesh
A.M. College,Gaya,Bihar
A.M. College of Education,Nashik,Maharashtra
A.M. College of Law.,Mathura,Uttar Pradesh
A.M. Reddy Memorial College of Engineering and Technology (HM),,Andhra Pradesh
A.M.C.S. College,Kandhamal,Odisha
A.M.P. law College,Rajkot,Gujarat
A.N. College,Patna,Bihar
A.N. Varadarjula First Grade College,Hassan,Karnataka
A.N.D. College,Samastipur,Bihar
A.N.D. Teachers' Training College,Sitapur,Uttar Pradesh
A.N.P. Sanskrit Mahavidyalaya,Madhubani,Bihar
A.N.R. College,Krishna,Andhra Pradesh
A.N.S. College,Aurangabad,Bihar
A.N.S. College,Patna,Bihar
A.P. Gupta Awam Srimati Geeta Devi Mahila Mahavidyalaya,Gorakhpur,Uttar Pradesh
A.P. Mahavidyalaya,Kushinagar,Uttar Pradesh
A.P. Residential Degree College,Guntur,Andhra Pradesh
A.P. Sen Memorial Girls College,Lucknow,Uttar Pradesh
A.P. Singh Mahavidyalaya,Pratapgarh,Uttar Pradesh
A.P.A. College for Women,,Tamil Nadu
A.P.C. Mahalaxmi College for women,,Tamil Nadu
A.P.S. Mahavidyalaya,,Uttar Pradesh
A.R. Burla Mahila Varishtha Mahavidyalaya,Solapur,Maharashtra
A.R. Govindaswamy College of Arts and Commerce,Davanagere,Karnataka
A.R.C. Degree College,Sant Kabir Nagar,Uttar Pradesh
A.R.M. First Grade College,Davanagere,Karnataka
A.R.S. Shakhida Arts & C.C. Gediwala Commerce & C.C. Home Science College,,Gujarat
A.S. College,Rohtas,Bihar
A.S. College,Kashmir,Jammu and Kashmir
A.S. College,Ludhiana,Punjab
A.S. College for Women,Ludhiana,Punjab
A.S. Degree College,,Uttar Pradesh
A.S.B.D. Memorial Degree College,Hardoi,Uttar Pradesh
A.S.N. Pharmacy College,Guntur,Andhra Pradesh
A.S.P. College of Commerce,,Karnataka
A.S.S. Ayurved College,,Karnataka
A.S.S.P. Mandal’s Maharaj J.P. Valvi Arts Commerce & Shri. V.K.Kulkarni Science College,,Maharashtra
A.U. College of Engineering,Visakhapatnam,Andhra Pradesh
A.V. College of Science Arts & Commerce,,Telangana
A.V. Kamalamma College for Women,Davanagere,Karnataka
A.V. Kanthamma College for Women,,Karnataka
A.V.C. College,,Tamil Nadu
A.V.P. College of Arts & Science (Co-Education),Tirupur,Tamil Nadu
A.V.R. & S.V.R. Engineering College,Kurnool,Andhra Pradesh
A.V.V. Degree & P.G. College,Warangal,Telangana
AAA College of Engineering and Technology,,Tamil Nadu
Aadinath College of Education,Lalitpur,Uttar Pradesh
AAER’S Asian College of Science and Commerce,Pune,Maharashtra
Aakansha College,Muzaffarnagar,Uttar Pradesh
Aala Hazrat Degree College,Bareilly,Uttar Pradesh
Aalim Muhammed Salegh College of Engineering,,Tamil Nadu
Aaryabhatta Kala Avam Vigyan Mahavidyalaya.,Gariaband,Chhattisgarh
Aastha Educational Institute,,Uttar Pradesh
Aayojan School of Architecture,Jaipur,Rajasthan
Aayojan School of Architecture and Design,Pune,Maharashtra
Abacus Institute of Engineering and Management,,West Bengal
Abasaheb Marathe Arts and New Commerce Science College,,Maharashtra
Abasaheb Parvekar Mahavidyalaya,Yavatmal,Maharashtra
Abbas Khan College for Women,,Karnataka
Abdul Ahad Azad Memorial Degree,Kashmir,Jammu and Kashmir
Abdul Aziz Ansari Degree College,,Uttar Pradesh
Abdul Gaffar Mahavidyalaya,Unnao,Uttar Pradesh
Abdul Kalam Institute of Technological Sciences,,Telangana
Abdul Qaiyum Ansari College,Jehanabad,Bihar
Abdul Razaq Memorial Degree College,,Uttar Pradesh
Abdul Razzaq Degree College,,Uttar Pradesh
Abdul Usman Mahavidyalaya,Mau,Uttar Pradesh
Abeda Inamdar Senior College of Arts Science & Commerce,Pune,Maharashtra
ABES Engineering College,Ghaziabad,Uttar Pradesh
Abha Yadav Smarak Kanya Degree College,Allahabad,Uttar Pradesh
Abhai Balika Mahavidyalaya,Allahabad,Uttar Pradesh
Abhay College of Commerce and Education,Varanasi,Uttar Pradesh
Abhay Mahavidyalaya,Varanasi,Uttar Pradesh
Abhay Pratap Singh Degree College,Fatehpur,Uttar Pradesh
Abhay Veer Smriti Mahavidyalaya,Etawah,Uttar Pradesh
Abhay Yuwa Kalyan Kendra's College of Education,Dhule,Maharashtra
Abhay Yuwa Kalyan Kendras Arts Mahila Mahavidyalaya,Dhule,Maharashtra
Abhayapuri College,Goalpara,Assam
Abhedananda Mahavidyalaya,Birbhum,West Bengal
Abhimanyu Samanta Singhar College,Jaipur,Odisha
Abhinav Education Society’s College of Education,Pune,Maharashtra
Abhinav Pragya Mahavidyalaya,Hamirpur,Uttar Pradesh
Abhinav Pragya Mahavidyalaya,Hamirpur,Uttar Pradesh
Abhinav Pragya Mahavidyalaya,Fatehpur,Uttar Pradesh
Abhinav Shetkari Shikshan Mandal’s Abhinav College of Arts Commerce and Science,Thane,Maharashtra
Abhinava Sewa Sansthan Mahavidyalaya,,Uttar Pradesh
AbhinavPragya Mahavidyalaya,Hamirpur,Uttar Pradesh
Abhyudaya Oriental College (Evening),Hyderabad,Telangana
ABMS Parishad's yashwantrao Chavan Law College,Pune,Maharashtra
Abul Kalam Azad Educational Institute,Siddharthnagar,Uttar Pradesh
Abul Kalam Azad Mahavidyalaya,Gonda,Uttar Pradesh
Abul Kalam Minority Teachers Training College,West Champaran,Bihar
Academy of Business Administration,,Odisha
Accurate Institute of Management & Technology,,Uttar Pradesh
ACE Engineering College,Rangareddy,Telangana
Ace Institute of Management & Technology,Budaun,Uttar Pradesh
Acharatlal Girdhar Lal Teachers College,Ahmadabad,Gujarat
Acharaya Chankya Mahavidyalaya,Sultanpur,Uttar Pradesh
Achariya Arts and Science College,,Puducherry
Achariya College of Engineering Technology,,Andhra Pradesh
Acharya & BM Reddy College of Pharmacy,Bangalore,Karnataka
Acharya B.N. Seal College,,West Bengal
Acharya Baldev College,Jaunpur,Uttar Pradesh
Acharya Bangalore B-School,Bangalore,Karnataka
Acharya College of Education,Bangalore,Karnataka
Acharya First Grade College for Women,Kolar,Karnataka
Acharya Girish Chandra Bose College,Kolkata,West Bengal
Acharya Institute of Graduate Studies,Bangalore,Karnataka
Acharya Institute of Management and Sciences,,Karnataka
Acharya Institute of Technology,Bangalore,Karnataka
Acharya Jagadish Chandra Bose College,Kolkata,West Bengal
Acharya Naendra Deo Kisan Degree College,Gonda,Uttar Pradesh
Acharya Narayana College,Sultanpur,Uttar Pradesh
Acharya Narendra Deo Nagar Nigam Girls Degree (PG) College,Kanpur Nagar,Uttar Pradesh
Acharya Narendra Dev College,New Delhi,Delhi
Acharya Pathasala College of Arts & Science,Bangalore,Karnataka
Acharya Pathashala College of Commerce,Bangalore,Karnataka
Acharya Pathashala Evening College of Arts & Commerce,Bangalore,Karnataka
Acharya Prafulla Chandra College,North Twenty Four Parganas,West Bengal
Acharya Prafulla Chandra Roy Government College,Darjiling,West Bengal
Acharya Sukumar Sen Mahavidyalaya,,West Bengal
Acharya Tara Chand Shastri Mahvidhyalaya,Agra,Uttar Pradesh
Acharya Triveni Das Balika Mahavidyalay,Ghazipur,Uttar Pradesh
Acharya Tulsi National College of Commerce,Shimoga,Karnataka
Acharya Vinoba Bhave Degree College,Sultanpur,Uttar Pradesh
Acharya’s NRV School of Architecture,Bangalore,Karnataka
Achhruram Memorial College,Puruliya,West Bengal
Achyarya Jawadekar Shikshan Shastra Mahavidyalaya,Kolhapur,Maharashtra
ACME College of Engineering,Ghaziabad,Uttar Pradesh
Acme Institute of Management & Technology,Agra,Uttar Pradesh
ACS College of Engineering,Bangalore,Karnataka
Adaikalamatha College,Thanjavur,Tamil Nadu
Adarash College,Giridih,Jharkhand
Adarsh Arts and Commerce College,Gadchiroli,Maharashtra
Adarsh Bharti Mahavidyalaya,Jaunpur,Uttar Pradesh
Adarsh College of Education,Dewas,Uttar Pradesh
Adarsh College of Education,Jammu,Jammu and Kashmir
Adarsh College of Science Commerce & Arts,,Telangana
Adarsh Comprehensive College of Education & Research,Pune,Maharashtra
Adarsh Devkali Baba Smarak Mahavidyalaya,Azamgarh,Uttar Pradesh
Adarsh Hindi Mahavidyalaya Degree Colege,Nizamabad,Telangana
Adarsh Institute of Management & Science,Dhar,Madhya Pradesh
Adarsh Janta Mahavidyalaya,Kheri,Uttar Pradesh
Adarsh Janta Mahavidyalaya,Mirzapur,Uttar Pradesh
Adarsh Janta Mahavidyalaya,Etah,Uttar Pradesh
Adarsh Kanya Mahavidyalaya,Ambedkar Nagar,Uttar Pradesh
Adarsh Krishan College of Education,Mainpuri,Uttar Pradesh
Adarsh Mahavidhyalaya,Jodhpur,Rajasthan
Adarsh Mahila Mahaviyalaya,Bhiwani,Haryana
Adarsh Nanhku Ram Mahavidyalay,Jaunpur,Uttar Pradesh
Adarsh Samaj Mahavidyalaya,Firozabad,Uttar Pradesh
Adarsh Sangit College,Sagar,Madhya Pradesh
Adarsh Satendra Mahavidyalaya,Lucknow,Uttar Pradesh
Adarsh Science J.B. Arts and Birla Commerce Mahavidyalaya,Amravati,Maharashtra
Adarsh Sewa Bhartiya Mahavidyalaya,Varanasi,Uttar Pradesh
Adarsh Shikshan Sanstha’s Kalikadevi Arts Commerce & Science College,Bid,Maharashtra
Adarsh Shri Basudeo Sanskrit Mahavidyalaya,Jaunpur,Uttar Pradesh
Adarsh Vidya Mandir College of Education Shiksha Mahavidyalaya,Jaipur,Rajasthan
Adarsh Vidya Prasarak Sanstha’s Adarsh College of Arts & Commerce,Thane,Maharashtra
Adarsh Vidya Vardhaka Sangha Shiv Parappasangappa Sajjan Art College,Bangalore,Karnataka
Adarsha Education Society's Arts Commerce and Science College,Parbhani,Maharashtra
Adarsha Shikshna Samiti's Commerce College,Gadag,Karnataka
Adharsh Vidhyalaya College of Arts & Science For Women,Erode,Tamil Nadu
Adharshila College of Education,Meerut,Uttar Pradesh
Adhi College of Engineering and Technology,Kancheepuram,Tamil Nadu
Adhi Yamaan College of Engineering,Hosur,Tamil Nadu
Adhiparasakthi College of Arts and Science,Vellore,Tamil Nadu
Adhiparasakthi College of Pharmacy,,Tamil Nadu
Adhiparasakthi Engineering College,Kancheepuram,Tamil Nadu
Adhiyamaan College of Engineering,Hosure,Tamil Nadu
Adhiyaman Arts and Science College for Women,Krishnagiri,Tamil Nadu
Adhunik Institute of Education & Research,Ghaziabad,Uttar Pradesh
Adhyapak Mahavidyalaya,Pune,Maharashtra
Adhyapak Shiksha Mandal's C.H.C. Arts S.G. Patel Commerce & Babaji B.J. Patel Science College,Nandurbar,Maharashtra
Adichunchanagiri Institute of Technology,,Karnataka
Adikari Saraldass College,Cuttack,Odisha
Adishakati Dhandai Mata Shikshan Prasarak Sanstha’s Late Annasaheb R.D. Deore Arts & Science College,Dhule,Maharashtra
Aditanar College of Arts & Science,,Tamil Nadu
Adithya Institute of Technology,Coimbatore,Tamil Nadu
Aditi Mahavidyalaya,,Delhi
Aditya College of Architecture,Mumbai,Maharashtra
Aditya College of Engineering,East Godavari,Andhra Pradesh
Aditya College of Engineering & Technology,East Godavari,Andhra Pradesh
Aditya College of Engineering,Chittoor,Andhra Pradesh
Aditya College of Law,Agra,Uttar Pradesh
Aditya College of Pharmacy,East Godavari,Andhra Pradesh
Aditya Degree & PG College,Vizianagaram,Andhra Pradesh
Aditya Degree College,West Godavari,Andhra Pradesh
Aditya Degree College,,Andhra Pradesh
Aditya Degree College,,Andhra Pradesh
Aditya Degree College,,Andhra Pradesh
Aditya Degree College,Rajamundry,Andhra Pradesh
Aditya Degree College,Visakhapatnam,Andhra Pradesh
Aditya Degree College,,Andhra Pradesh
Aditya Degree College,Visakhapatnam,Andhra Pradesh
Aditya Degree College,,Andhra Pradesh
Aditya Degree College for Women,,Andhra Pradesh
Aditya Degree College for Women Road No. 5,,Andhra Pradesh
Aditya Degree College,,Andhra Pradesh
Aditya Degree College,Visakhapatnam,Andhra Pradesh
Aditya Engineering College,East Godavari,Andhra Pradesh
Aditya Institute of Management Studies and Research,Mumbai,Maharashtra
Aditya Institute of Management Science and Research,,Puducherry
Aditya Institute of Technology and Management,Srikakulam,Andhra Pradesh
Aditya Narayan College,Dumka,Jharkhand
Aditya Pharmacy College,East Godavari,Andhra Pradesh
Adivasi Arts & Commerce College,Panch Mahals,Gujarat
Adivasi Arts and Commerce College,Sabar Kantha,Gujarat
Adivasi College,Kandhamal,Odisha
Adivasi Pragati Mandal Sanchalit Comrade Godavari Shamrao Parulekar College of Arts Commerce and Science,Thane,Maharashtra
Adrash College,Sangli,Maharashtra
Adusumilli Gopalakrishnaiah & Sugarcabe Growers Siddhartha Degree College of Arts & Science,Krishna,Andhra Pradesh
Adv. Sitaram (Babanbhai) Anandramji Baheti Arts Commerce & Science College,Jalgaon,Maharashtra
Advance Computer College,Osmanabad,Maharashtra
Advance Institute of Management,Ghaziabad,Uttar Pradesh
Advocate Ramkrishnaji Rathi Law College,Washim,Maharashtra
Adwaita Mission Training College,Banka,Bihar
AEC Training College and Centre,Hoshangabad,Madhya Pradesh
Aeronautics College,Soraput,Odisha
Afzal Mashkabee Taher Anasari Government First Grade College,,Karnataka
Afzalgarh Mahavidyalaya,Bijnor,Uttar Pradesh
Agalpur Panchayat Samiti College,Balangir,Odisha
Agarapara College,Bhadrak,Odisha
Agasti Arts Commerce and Dadasaheb Rupwate Science College,,Maharashtra
Aggarawal Girls Mahavidyalaya,Sawai Madhopur,Rajasthan
Aggarwal College,Faridabad,Haryana
Aghore Kamini Prakash Chandra Mahavidyalaya,Hugli,West Bengal
Agni College of Technology Thalambur Village,,Tamil Nadu
Agni College of Technology,Chennai,Tamil Nadu
Agra College,Agra,Uttar Pradesh
Agra Vanasthali Mahavidyalya,Agra,Uttar Pradesh
Agrasen Mahavidyalaya,Raipur,Chhattisgarh
Agrasen Post Graduate College,Bulandshahr,Uttar Pradesh
Agrawal College,Jaipur,Rajasthan
Agurchand Manmull Jain College,Chennai,Tamil Nadu
Ahalia School of Optometry and Research Centre,Palakkad,Kerala
Ahir College,,Haryana
Ahmedabad Arts and Commerce College,Ahmadabad,Gujarat
Ahmedabad Commerce (G.B. Shah Commerce) College,Ahmadabad,Gujarat
Ahmedabad Homoeopathic Medical College,Ahmadabad,Gujarat
Ahmedabad Physiotherapy College,Ahmadabad,Gujarat
Ahmednagar College,,Maharashtra
Ahmednagar Zilla Maratha Vidya Prasarak Samaj's New Arts Commerce & Science College,,Maharashtra
AIMAN COLLEGE OF ARTS AND SCIENCE FOR WOMEN,Tiruchirappalli,Tamil Nadu
Aishwarya College of Education,Jodhpur,Rajasthan
Aishwarya College of Education Sansthan,Udaipur,Rajasthan
Aizawl Government College,Aizawl,Mizoram
Aizawl North College,Aizawl,Mizoram
Ajab Narayan Harish Chandra Smarak Mahavidyalaya,Pratapgarh,Uttar Pradesh
Ajara Mahavidyalaya,Kolhapur,Maharashtra
Ajay Binay Institute of Technology,Cuttack,Odisha
Ajay Pal Singh Degree College,Hardoi,Uttar Pradesh
Ajmer Sangeet College,Ajmer,Rajasthan
Akal College of Education for Women,,Punjab
Akal Degree College,Sangrur,Punjab
Akal Degree College For Women,Sangrur,Punjab
Akarapu Sharath Chandrika Devi Memorial College for Women,Warangal,Telangana
Akashdeep Teachers Tarining Girls College,Jaipur,Rajasthan
Akbar Peerbhoy College of Commerce & Economics,Mumbai,Maharashtra
Akbarpur Degree College,Kanpur Dehat,Uttar Pradesh
AKG College,Lucknow,Uttar Pradesh
Akhand Anand Arts and Commerce College,Surat,Gujarat
Akhil Bhartiya Sanskrit Hindi Vidyapeeth,Begusarai,Bihar
Akhilbhagya Degree College,Gorakhpur,Uttar Pradesh
Akhtari Qureshi Girls Degree College,Bijnor,Uttar Pradesh
Akkamahadevi Mahila Mahavidyalaya,Bidar,Karnataka
AKLR Govt. Oriental College,Hyderabad,Telangana
Akshara Institute of Management Studies,,Karnataka
Akshay Academy College,Indore,Madhya Pradesh
Akshaya College of Engineering and Technology,Coimbatore,Tamil Nadu
Akshyawat College,Vaishali,Bihar
Akui Kamalabala Women’s College,Bankura,West Bengal
Al Hafeez College,Bhojpur,Bihar
Al Jamia Arts and Science College,Malappuram,Kerala
Al Salama Institute of Architecture Dist. Malappuram - 679 338,Malappuram,Kerala
Al Shifa College of Arts and Science,Malappuram,Kerala
Al- Shifa College of Pharmacy,Malappuram,Kerala
Al-Ameen Arts Science & Commerce College,Bangalore,Karnataka
Al-Ameen College,,Kerala
Al-Ameen College of Education,Bangalore,Karnataka
Al-Ameen College of Law,Bangalore,Karnataka
Al-Ameen College of Pharmacy,Bangalore,Karnataka
Al-Ameen Engineering College,Erode,Tamil Nadu
Al-Ameen Institute of Information Sciences,Bangalore,Karnataka
Al-Ameen Institute of Management Studies,Bangalore,Karnataka
Al-Ameen Memorial Minority College,Kolkata,West Bengal
Al-Ameen Tippu Sultan Shaheed Degree College,Bangalore,Karnataka
Al-Azhar College of Arts and Science,Idukki,Kerala
Al-Azhar College of Pharmacy,Idukki,Kerala
Al-Azhar Dental College,Idukki,Kerala
Al-Azhar Law College,,Kerala
Al-Azhar Medical College & Super Specialty Hospital,,Kerala
Al-Azhar Training College,Idukki,Kerala
Al-Barkaat Institute of Education,Aligarh,Uttar Pradesh
Al-Habeeb Teacher’s Training College,Bokaro,Jharkhand
Al-Iqra Teacher’s Training College,Dhanbad,Jharkhand
Al-Noor College of Education,Kashmir,Jammu and Kashmir
Al-Shifa College of Nursing  Lemon Valley,Malappuram,Kerala
Al-Shifa College of Paramedical Science,Malappuram,Kerala
Alagappa Chettiar College of Engineering and Technology,,Tamil Nadu
Alagappa Government Arts College,Sivagangai,Tamil Nadu
Alagappa University College of Education,Pasumpon Thevar Thirumagan,Tamil Nadu
Alaka Mahavidyalaya,Jagatsinghapur,Odisha
Alankar Mahila P.G. Mahavidyalaya,Jaipur,Rajasthan
Albertian Institute of Science and Technology (AISAT),,Kerala
Aldel Education Trust’s St. John College of Engineering and Management,Palghar,Maharashtra
Aldel Education Trust’s St. John Institute of Pharmacy and Research,Palghar,Maharashtra
Alder College,Kohima,Nagaland
Alena Mahavidyalaya,Sultanpur,Uttar Pradesh
Alhaz Sunai Bibi Choudhury College,Nagaon,Assam
Aligarh College of Education,Aligarh,Uttar Pradesh
Aligarh College of Engineering & Management,Aligarh,Uttar Pradesh
Alipurduar College,Jalpaiguri,West Bengal
Alipurduar Mahila Mahavidyalaya,,West Bengal
All Ameen Haji Dada First Grade College of Arts Science & Commerce,Hassan,Karnataka
All Bengal Teachers' Training College,Kolkata,West Bengal
All India Institute of Speech & Hearing,Mysore,Karnataka
All India Shri Shivaji Memorial Society’s College of Engineering,Pune,Maharashtra
All India Shri Shivaji Memorial Society’s College of Hotel Management and Catering Technology,Pune,Maharashtra
All India Shri Shivaji Memorial Society’s College of Pharmacy,Pune,Maharashtra
All India Shri Shivaji Memorial Society’s Institute of Information Technology,Pune,Maharashtra
All Saints College,Thiruvananthapuram,Kerala
All-India Khilafat Committee College of Education,Mumbai,Maharashtra
Allahabad Degree College,Allahabad,Uttar Pradesh
Allama Iqbal College,Nalanda,Bihar
Almadina College of Education,Mahbubnagar,Telangana
Almighty Degree College,,Uttar Pradesh
Alok Vigyan Mahavidyalaya,Ajmer,Rajasthan
Alpha Arts and Science College,Chennai,Tamil Nadu
Alphonsa Arts and Science College,Wayanad,Kerala
Alphonsa College,Kottayam,Kerala
Alpine College of Education,,Uttar Pradesh
Alva’s College,,Karnataka
Alva’s Institute of Engineering and Technology,Dakshina Kannada,Karnataka
Alvi Girls Degree College,,Uttar Pradesh
Amal College of Advanced Studies,Malappuram,Kerala
Amal Jyothi College of Engineering,Kottayam,Kerala
Amar Bhartiya Mahavidyalaya,Gwalior,Madhya Pradesh
Amar Nath Girls Degree College,Mathura,Uttar Pradesh
Amar Shaheed B.A.S.J.S. Memorial College,Rupnagar,Punjab
Amar Shaheed Baba Ajit Singh Jujhar Singh Memorial College of Pharmacy,ropar,Punjab
Amar Shaheed Kanchan Singh Mahavidyalaya,Fatehpur,Uttar Pradesh
Amar Shaheed Thakur Duriyav Singh Degree College,Fatehpur,Uttar Pradesh
Amar Shahid Rao Ram Baksh Singh Degree College,Unnao,Uttar Pradesh
Amar Singh College,Bulandshahr,Uttar Pradesh
Amar Singh Mahavidyalaya,Rae Bareli,Uttar Pradesh
Amar Singh Memorial Degree Collge,,Uttar Pradesh
Amar Singh Rajpoot Memorial Mahavidyalaya,Hamirpur,Uttar Pradesh
Amar Veerangana Rani Durgawati  Shaskiya Mahavidyalaya,Damoh,Madhya Pradesh
Amarawati Devi Mahavidhyalay,Gorakhpur,Uttar Pradesh
Amardeep College,Firozabad,Uttar Pradesh
Amardeep Singh Shergil Memorial College,Jalandhar,Punjab
Amareshwar Arts & Commerce College,Bidar,Karnataka
Amarjeet Singh Shiksha Smarak Mahila Mahavidyalaya,Mau,Uttar Pradesh
Amarnath Mishra P.G. College,Ballia,Uttar Pradesh
Amaryuti Satsang College,Deoghar,Jharkhand
Amba K.P.S.B.P. College of Education,Sant Kabir Nagar,Uttar Pradesh
Ambah Postgraduate College,Morena,Madhya Pradesh
Ambai Arts College,Tirunelveli,Tamil Nadu
Ambay College of Law,Ghaziabad,Uttar Pradesh
Ambay Girls Degree College,,Uttar Pradesh
Ambedkar College,North Tripura,Tripura
Ambedkar College of Arts & Science,Malappuram,Kerala
Ambedkar Degree College,Meerut,Uttar Pradesh
Ambegaon Taluka Vidya Vikas Mandal’s B. D. Kale Mahavidyalaya,Pune,Maharashtra
Ambika Prasad Degree College,Chandauli,Uttar Pradesh
Ambika Pratap Narain Post - Graduat College,Basti,Uttar Pradesh
Ambika Ram Devi Degree College,,Uttar Pradesh
Ambikabai Jadhav Mahila Mahavidyalaya,Thane,Maharashtra
Ambli Dodda Bharmappa First Grade College,Bellary,Karnataka
AMC Engineering College,Bangalore,Karnataka
AMC Group of Educational Institutions,Palakkad,Kerala
Amdanga Jugal Kishore Mahavidyalaya,North Twenty Four Parganas,West Bengal
Amdar Shashikant Shinde Mahavidyalaya,Satara,Maharashtra
Amer Maharaja College,Jaipur,Rajasthan
Amguri College,Sivaganga,Assam
Amir Hasan Sakur Ahmed College,Madhubani,Bihar
Amiruddaula Islamia Degree College,Lucknow,Uttar Pradesh
Amit Mahavidyalaya,Kushinagar,Uttar Pradesh
Amman College of Arts & Science,Dindigul,Tamil Nadu
Amogha Institute of Professional and Technical Education,Ghaziabad,Uttar Pradesh
Amolakchand Mahavidyalaya,Yavatmal,Maharashtra
Amolakchand Vidhi Mahavidyalaya,Yavatmal,Maharashtra
Amrat Kapadia Navjivan Women's College,Hyderabad,Telangana
Amrawati Devi Degree College,Pratapgarh,Uttar Pradesh
Amridula Islamia Degree College,Lucknow,Uttar Pradesh
Amrit Ganga Degree College,Allahabad,Uttar Pradesh
Amrit Lal Mahavidyalaya,Mahrajganj,Uttar Pradesh
Amrita Sai Institute of Science & Technology,Krishna,Andhra Pradesh
Amrita Singh Memorial Degree College,Aligarh,Uttar Pradesh
Amritsar Group of Colleges,Amritsar,Punjab
Amruta Institute of Engineering & Management Sciences,,Karnataka
Amruteshwar Arts Commerce & Science College,Pune,Maharashtra
Amrutvahini Sheti and Shikshan Vikas Sansthan’s Amrutvahini College of Engineering,Pune,Maharashtra
Amtunna Bano Mahila Mahavidyalaya,Kannauj,Uttar Pradesh
Anand Arts College,Anand,Gujarat
Anand Chandra College of Commerce,Jalpaiguri,West Bengal
Anand College of Education,Agra,Uttar Pradesh
Anand Commerce College,Anand,Gujarat
Anand Degree College,,Uttar Pradesh
Anand Education College,Anand,Gujarat
Anand Homowopathic Medical College and Research Institute,Anand,Gujarat
Anand Institute of Higher Technology,Kancheepuram,Tamil Nadu
Anand Law College,Anand,Gujarat
Anand Mahila Mahavidyalaya,Azamgarh,Uttar Pradesh
Anand Mercantile College of Science Management & Computer Technology,Anand,Gujarat
Anand Niketan College,Chandrapur,Maharashtra
Anand Niketan College of Agriculture,Chandrapur,Maharashtra
Anand Pharmacy College,Anand,Gujarat
Anand Vihar College for Women,Bhopal,Madhya Pradesh
Ananda Chandra College,Jalpaiguri,West Bengal
Ananda Chandra Training College,Jalpaiguri,West Bengal
Ananda College,Sivagangai,Tamil Nadu
Anandamohan College,Kolkata,West Bengal
Anandapur College,,Odisha
Anandi Devi Institute of Higher Education,Hatras,Uttar Pradesh
Anandi Janki Mahila Mahavidyalaya,Purnia,Bihar
Anandras Dhonde Alias Babaji Mahavidyalaya,Bid,Maharashtra
Anantha Lakshmi Institute of Technology and Sciences,Anantapur,Andhra Pradesh
Anantha Lakshmi Institute of Technology and Sciences,,Andhra Pradesh
Ananthacharya Indological Research Institute,Mumbai,Maharashtra
Anantrao Pawar College,Pune,Maharashtra
Anantrao Thopte Arts Science & Commerce College,Pune,Maharashtra
Anchal College,Bargarh,Odisha
Anchalik Kishan College,Bargarh,Odisha
Anchalik Sahayog Degree College,,Odisha
Anchalika Degree College,Ganjam,Odisha
Anchalika Degree Mahavidyalaya,Mayurbhanj,Odisha
Anchalika Degree Mahavidyalaya,Dhenkanal,Odisha
Anchalika Degree Mahavidyalaya,Ganjam,Odisha
Anchalika Mahavidyalaya,Mayurbhanj,Odisha
Anchalika Mahavidyalaya,,Odisha
Anchalika Mahavidyalaya+3,,Odisha
Anchalika Panchayat College,Jaipur,Odisha
Anchalika Science Degree College,Ganjam,Odisha
Andhra Bashabhi Vardhini Govt. College,Warangal,Telangana
Andhra Christian College,Guntur,Andhra Pradesh
Andhra Loyola College,Krishna,Andhra Pradesh
Andhra Loyola Institute of Engineering and Technology,Vijayawada,Andhra Pradesh
Andhra Luthern College for Education,Guntur,Andhra Pradesh
Andhra Mahila Sabha School of Informatics,Hyderabad,Telangana
Andhra Medical College,Visakhapatnam,Andhra Pradesh
Andhra Muslim College,Guntur,Andhra Pradesh
Andhra Vidyahi Vardhani Degree & P.G. College,Warangal,Telangana
Andhra Women's Sanskrit College,Visakhapatnam,Andhra Pradesh
Angappa College of Arts & Science,Coimbatore,Tamil Nadu
Angel Charities Fr. C. Rodrigues Institute of Technology,Mumbai,Maharashtra
Angel College of Engineering and Technology,Tiruppur,Tamil Nadu
Angoori Devi College of Law Education,Bulandshahr,Uttar Pradesh
Angppa College of Arts & Science,Coimbatore,Tamil Nadu
Angul Mahila Mahavidyalaya,,Odisha
Aniket College of Social Work,Wardha,Maharashtra
Anil Neerukonda Institute of Technology & Sciences,Visakhapatnam,Andhra Pradesh
Anitha Venkateswara Rao College of Education,Guntur,Andhra Pradesh
Anjali Institute of Management and Science,Agra,Uttar Pradesh
Anjani Girdhari Adarsh Mahavidyalaya,,Uttar Pradesh
Anju Priyanka Degree College,,Uttar Pradesh
Anjum Mahila Mahavidyalaya,Kushinagar,Uttar Pradesh
Anjuman Arts Science & Commerce College,,Karnataka
Anjuman Arts Science & Commerce College,Bijapur,Karnataka
Anjuman Arts Science and Commerce College,Dharwad,Karnataka
Anjuman B.Ed College,Kheda,Gujarat
Anjuman College of Arts and Commerce,Belgaum,Karnataka
Anjuman Education Trust B.Ed College,Kheda,Gujarat
Anjuman Education Trust M.Ed. College,Kheda,Gujarat
Anjuman Imadaut Tulba's Arts Commerce & Science  Night College,Nashik,Maharashtra
Anjuman-E-Islam's Nehru Arts Science and commerce College,Dharwad,Karnataka
Anjuman-I-Islam’s Kaleskar Technical Campus School of Engineering & Technology,,Maharashtra
Anjuman-I-Islam’s Kaleskar Technical Campus School of Pharmacy,,Maharashtra
Anna Adarsh College for Women Shanthi Colony,Chennai,Tamil Nadu
Annada College,Hazaribagh,Jharkhand
Annai College of Arts & Science,,Tamil Nadu
Annai Fathima College of Arts and Science,Madurai,Tamil Nadu
Annai Mathammal Sheela Engineering College,Namakkal,Tamil Nadu
Annai Vailankanni Arts & Science College,Thanjavur,Tamil Nadu
Annai Vailankanni College of Engineering,,Tamil Nadu
Annai Velankanni College,,Tamil Nadu
Annamacharya College of Pharmacy,Y.S.R.,Andhra Pradesh
Annamacharya Institute of Technology & Science,,Telangana
Annamacharya Institute of Technology & Sciences,Chittoor,Andhra Pradesh
Annamacharya Institute of Technology & Sciences,Y.S.R.,Andhra Pradesh
Annamacharya Institute of Technology and Sciences,,Andhra Pradesh
Annamacharya PG College of Computer Studies.,,Andhra Pradesh
Annammal College of Education for Women,,Tamil Nadu
Annapoorana Engineering College,Salem,Tamil Nadu
Annapurnadevi Vidya Prasarak Sanstha Sanchalit Late. Annasaheb Pitambar Shankar Wadile Arts College,Dhule,Maharashtra
Annasaheb Dange College of B Pharmacy,Sangli,Maharashtra
Annasaheb Dange College of Engineering & Technology,Sangli,Maharashtra
Annasaheb Gundewar College,Nagaon,Maharashtra
Annasaheb Magar Mahavidyalaya,Pune,Maharashtra
Annasaheb Vartak College of Arts & Kedarnath Malhotra College of Commerce & E.S. Andrades College of Science,Thane,Maharashtra
Annasaheb Waghire Arts Science and Commerce College,Pune,Maharashtra
Annavaram Satyavati Devi  Govt. College for Women,East Godavari,Andhra Pradesh
Anooplal Yadav Mahavidyalaya,Supaul,Bihar
Ansal Institute of Technology,Gurgaon,Delhi
Ansar Arabic College,Malappuram,Kerala
Antyoday Mahavidyalaya Devgram,Nagpur,Maharashtra
Anubis Degree College,Bareilly,Uttar Pradesh
Anubose Institute of Technology,Khammam,Telangana
Anupama Rai Memorial College of Education,,Uttar Pradesh
Anuradha Engineering College,Buldana,Maharashtra
Anurag College of Pharmacy,Nagpur,Maharashtra
Anurag Engineering College,Nalgonda,Telangana
Anurag Group of Institutions,Rangareddy,Telangana
Anushri Mahavidyalaya,,Uttar Pradesh
Anvarul Islam Arabic College,Malappuram,Kerala
Anvarul Islam Women’s Arabic College,Malappuram,Kerala
Anwar - Ul - Uloom College (Afternoon) of Arts & Commerce,Hyderabad,Telangana
Anwar-Ul-Uloom College of Business Management,Hyderabad,Telangana
Anwarul-Uloom College,Hyderabad,Telangana
AP.S.M. College,Begusarai,Bihar
Apeejay College of Fine Arts,Jalandhar,Punjab
Apeejay Institute of Management & Engineering Technical Campus.,Jalandhar,Punjab
Apeejay Sareswati College for Girls,Bhiwani,Haryana
Apex College,Nagaur,Rajasthan
Apital Law College,,Odisha
Apollo College Opp. Veterinary College,Durg,Chhattisgarh
Appasaheb Birnale College of Pharmacy,Sangli,Maharashtra
Appasaheb Ragunathrao Bhaurao  Garud Arts Commerce  & Science College,Jalgaon,Maharashtra
Appaswami Mahavidyalaya,Washim,Maharashtra
Apsam College of Education,Bhojpur,Bihar
Aqsa Women’s Degree College,Thane,Maharashtra
Aquinas College,,Kerala
Arambagh Girls’ College,Hugli,West Bengal
Araria College,Araria,Bihar
Arasu Engineering College,Thanjavur,Tamil Nadu
Aravali P.G. College,Sikar,Rajasthan
Archana Girls Degree College,,Uttar Pradesh
Arcot Sri Mahaalakshmi Women’s College,,Tamil Nadu
Arignal Anna Government Arts College,Viluppuram,Tamil Nadu
Arignar Anna College,Kanniyakumari,Tamil Nadu
Arignar Anna Government Arts & Science College,Karaikal,Puducherry
Arignar Anna Government Arts College,Salem,Tamil Nadu
Arignar Anna Government Arts College,Tiruchirappalli,Tamil Nadu
Arignar Anna Government Arts College,Tiruvannamalai,Tamil Nadu
Arignar Anna Government Arts College for Men,Namakkal,Tamil Nadu
Arignar Anna Government Arts College for Women,Vellore,Tamil Nadu
Arihant Charitable Trust’s Arihant Charitable Minority B.S.W College,,Karnataka
Arihant College,Indore,Madhya Pradesh
Aristotle P.G. College,Rangareddy,Telangana
Arjan Dass College,Firozpur,Punjab
Arjun College of Technology,Coimbatore,Tamil Nadu
Arjun College of Technology & Sciences,Hyderabad,Telangana
Arjun Girls Degree College,Mau,Uttar Pradesh
Arjun Prasad Mahila Mahavidyalaya,Ambedkar Nagar,Uttar Pradesh
Arjun Singh Mahavidyalaya,Varanasi,Uttar Pradesh
Arjunganj Vidhya Mandir Degree College,Lucknow,Uttar Pradesh
Armapore Degree (PG) College,Kanpur Nagar,Uttar Pradesh
Armed Forces Medical College,Pune,Maharashtra
Army Institute o Education,Gautam Buddha Nagar,Uttar Pradesh
Army Institute of Technology (AIT),Pune,Maharashtra
Aronai College,Kokrajhar,Assam
Arpit Girls Degree College,,Uttar Pradesh
Arputha College of Arts and Science,Pudukkottai,Tamil Nadu
Arts & Commerce College,Surat,Gujarat
Arts & Commerce College,Chhindwara,Madhya Pradesh
Arts & Commerce College,,Gujarat
Arts & Commerce College,Sangli,Maharashtra
Arts & Commerce College,Pune,Maharashtra
Arts & Commerce College,Chhindwara,Madhya Pradesh
Arts & Commerce College,Jalgaon,Maharashtra
Arts & Commerce College,Satara,Maharashtra
Arts & Commerce College,Chandrapur,Maharashtra
Arts & Commerce College,,Gujarat
Arts & Commerce College,Buldana,Maharashtra
Arts & Commerce Degree College,Bhandara,Maharashtra
Arts & Commerce Girls Mahavidyalaya,Raipur,Chhattisgarh
Arts & Science College,,Maharashtra
Arts & Science College,,Maharashtra
Arts & Science College,,Maharashtra
Arts & Science College for Women,,Telangana
Arts and Commerce College,Satara,Maharashtra
Arts and Commerce College,Yavatmal,Maharashtra
Arts and Commerce College,,Gujarat
Arts and Commerce College,Sangli,Maharashtra
Arts and Commerce College,Pune,Maharashtra
Arts and Commerce College,Sangli,Maharashtra
Arts and Commerce College,Sangli,Maharashtra
Arts and Commerce College,Satara,Maharashtra
Arts and Commerce College,,Gujarat
Arts and Commerce College,Pune,Maharashtra
Arts and Commerce College,Nashik,Maharashtra
Arts and Commerce College,Satara,Maharashtra
Arts and Commerce College,Amravati,Maharashtra
Arts and Commerce Mahila Mahavidyalaya,Bid,Maharashtra
Arts and Science College,Amravati,Maharashtra
Arts and Science College,Bid,Maharashtra
Arts and Science Mahila Mahavidyalaya,Budaun,Maharashtra
Arts College,Panch Mahals,Gujarat
Arts College,,Gujarat
Arts College,Sabar Kantha,Gujarat
Arts College,Buldana,Maharashtra
Arts College fo Education,,Uttar Pradesh
Arts Degree College,Rewa,Madhya Pradesh
Arts Comm. & Science College,Nanded,Maharashtra
Arts Commerce & Science College,Jalgaon,Maharashtra
Arts Commerce & Science College,,Maharashtra
Arts Commerce & Science College,Wardha,Maharashtra
Arts Commerce & Science College,Nashik,Maharashtra
Arts Commerce & Science College,Nanded,Maharashtra
Arts Commerce & Science College,Jalgaon,Maharashtra
Arts Commerce & Science College,,Maharashtra
Arts Commerce & Science College,Yavatmal,Maharashtra
Arts Commerce & Science College,Amravati,Maharashtra
Arts Commerce and Science College,Sangli,Maharashtra
Arts Commerce and Science College,Kolhapur,Maharashtra
Arts Commerce and Science College,Pune,Maharashtra
Arts Commerce and Science College,Chandrapur,Maharashtra
Arts Commerce and Science College,,Maharashtra
Arts Commerce College,Satara,Maharashtra
Arts Commerce College,Amravati,Maharashtra
Arts Comomerce & Science College,Nashik,Maharashtra
Arts Comomerce & Science College,Pune,Maharashtra
Arts Science & Commerce College,Jalna,Maharashtra
Arts Science & Commerce College,Nashik,Maharashtra
Arts Science & Commerce College,Sangli,Maharashtra
Arts Science & Commerce College,Pune,Maharashtra
Arts Science & Commerce College,Pune,Maharashtra
Arts Science & Commerce College,,Maharashtra
Arts Science & Commerce College,Osmanabad,Maharashtra
Arts Science & Commerce College,Nashik,Maharashtra
Arts Science & Commerce College,,Maharashtra
Arts Science and Commerce College,Amravati,Maharashtra
Arts Science and Commerce College,,Maharashtra
Arts Science and Commerce College,Amravati,Maharashtra
Arts Science and R.A. Patel Commerce College,,Gujarat
Arul Anandar College,Madurai,Tamil Nadu
Arulmigu Kalasalingam College of Arts & Science,Virudhunagar,Tamil Nadu
Arulmigu Kalasalingam College of Education,Virudhunagar,Tamil Nadu
Arulmigu Kalasalingam College of Engineering,Virudhunagar,Tamil Nadu
Arulmigu Kalasalingam College of Pharmacy,Virudhunagar,Tamil Nadu
Arulmigu Palaniandavar College of Arts & Culture,Dindigul,Tamil Nadu
Arumugam Pillai Seethai Ammal College,Sivagangai,Tamil Nadu
Arun Kumar Keshari Mahila Mahavidyalaya,Sonbhadra,Uttar Pradesh
Aruna Memorial Saraswati Mahavidyalaya,Mau,Uttar Pradesh
Arunachala College of Engineering for Women,,Tamil Nadu
Arunai Engineering College,Tiruvannamalai,Tamil Nadu
Arunodaya Dnyan Prasarak Mandal's Women's College of Arts Commerce & Home Science,Jalgaon,Maharashtra
Arvindbabu Deshmukh Mahavidyalaya,Nagpur,Maharashtra
Arya College,Ludhiana,Punjab
Arya College,Panipat,Haryana
Arya College of Engineering,,Rajasthan
Arya College of Engineering & Information Technology,Jaipur,Rajasthan
Arya College of Pharmacy,,Rajasthan
Arya Girls College,Ambala,Haryana
Arya Kanya Degree College,Hardoi,Uttar Pradesh
Arya Kanya Degree College,Almora,Uttarakhand
Arya Kanya Degree College,Allahabad,Uttar Pradesh
Arya Kanya Mahavidyalya,Kurukshetra,Haryana
Arya Kanya Pathshala Degree College,Ghaziabad,Uttar Pradesh
Arya Kanya Post Graduate College,Jhansi,Uttar Pradesh
Arya Khajano Devi Mahavidyalaya,,Uttar Pradesh
Arya Mahila Degree College,Shahjahanpur,Uttar Pradesh
Arya Mahila P.G. College,Varanasi,Uttar Pradesh
Arya Shikshak Prashikshan Mahavidyalaya,Sikar,Rajasthan
Arya Vidyapeeth Kanya Mahavidyalaya,Bharatpur,Rajasthan
Arya Vidyapeeth Mahila Teachers' Training college,Bharatpur,Rajasthan
Arya Vidyapith College,Kamrup,Assam
Aryabhatta College,New Delhi,Delhi
Aryakul College of Education,Lucknow,Uttar Pradesh
Aryakul College of Pharmacy & Research Sitapur,Sitapur,Uttar Pradesh
Aryakul College of Pharmacy & Research,,Uttar Pradesh
Aryan Institute of Management & Computer Studies,Agra,Uttar Pradesh
Aryavart Institute of Higher Education,Lucknow,Uttar Pradesh
Asan Memorial College of Engineering & Technology,,Tamil Nadu
Asannagar Madan Mohan Tarkalankar College,Nadia,West Bengal
Asansol Engineering College,Kolkata,West Bengal
Asansol Girls College,,West Bengal
ASC Degree College,Bangalore,Karnataka
Asha Bhagwan Bux Singh Mahavidyalaya,,Uttar Pradesh
Asha Mahavidyalaya,Ghazipur,Uttar Pradesh
Asha Mahavidyalaya,Varanasi,Uttar Pradesh
Asha Singh Mahavidyalaya,Ballia,Uttar Pradesh
Asharfi Lal Shukla Mahavidyalaya,Jalaun,Uttar Pradesh
Ashbhai Maganbhai Patel College of Commerce,Mumbai,Maharashtra
Ashok & Rita Patel Institute of Integrated Study & Research in Biotechnology And Allied Sciences (Aribas),Anand,Gujarat
Ashok Mahavidyalaya,Basti,Uttar Pradesh
Ashok Mahavidyalaya,Unnao,Uttar Pradesh
Ashok Shukla Mahila Mahavidyalaya,Jalaun,Uttar Pradesh
Ashoka College of Education,Jammu,Jammu and Kashmir
Ashoka Education  Foundation’s Ashoka International Centre for Educational Studies & Research,Nashik,Maharashtra
Ashoka Education Foundation’s Ashoka Center for Business and Computer Studies,Nashik,Maharashtra
Ashoka Women’s Engineering College,Kurnool,Andhra Pradesh
Ashrampatana Degree College,,Odisha
Ashtang Ayruved College,Pune,Maharashtra
Ashti Taluka Shikshan Prasarak Mandal's Adv. B.D. Hambarde Mahavidyalaya,,Maharashtra
Ashutosh College,,West Bengal
Ashwaghosh Education and Vyayam Prasarak Mandal’s Women’s College of Bachelor in Computer Application,,Maharashtra
Asian Educational Institute,,Punjab
Asian Vidhi Evam Nayaik Vigyan Mahavidyalaya,Bareilly,Uttar Pradesh
Asian Worker Dev Institute,,Odisha
Asim Siddique Memorial Degree College,Budaun,Uttar Pradesh
Aska Science College,Ganjam,Odisha
Asom Sattriya Sangit Mahavidyalaya,Jorhat,Assam
ASS & SPS's Sh. Dh. Aggarwal Arts RA Commerce and C.C.S. And M.G.A. Science College,,Maharashtra
Assam Engineering College,Kamrup,Assam
Assam Medical College,Dibrugarh,Assam
ASSMP'S College of Arts,,Maharashtra
Assumption College,,Kerala
Astron College of Education,,Uttar Pradesh
Asufu Christian Institute,Senapati,Manipur
Atal Behari College,,Odisha
Atal Bihari Vajpayee Government College,,Chhattisgarh
Atal Bihari Vajpayee Government Degree College,Una,Himachal Pradesh
Atal Bihari Vajpayee Government Degree College,,Himachal Pradesh
Atal Bihari Vajpayee Institute of Medical Science & Dr. Ram Manohar Lohia Hospital,,Delhi
Atal Bihari Vajpayee Nagar Nigam Degree College,Lucknow,Uttar Pradesh
Atar Singh Degree College,,Uttar Pradesh
Atarra Post Graduate College,,Uttar Pradesh
Atash College of Management & Technology,,Madhya Pradesh
Atharva Educational Trust’s Atharva College of Engineering,Mumbai,Maharashtra
Athawale College of Social Work,,Maharashtra
Athawale College of Social Work,,Maharashtra
Athmallik College,,Odisha
Ati Bal Singh Mahavidyalaya,,Uttar Pradesh
Atma Prakash Adarsh Mahavidyalaya,Ghazipur,Uttar Pradesh
Atma Ram Mahavidyalaya,Budaun,Uttar Pradesh
Atma Ram Sanatan Dharma College,New Delhi,Delhi
Atman College of Education,Jammu,Jammu and Kashmir
ATME College of Engineering,Mysore,Karnataka
Atmiya Institute of Technology & Science,,Gujarat
Atria Institute of Technology,,Karnataka
Attabira College,,Odisha
Audisankara College of Engineering & Technology,Sri Potti Sriramulu Nellore,Andhra Pradesh
Audisankara Institute of Technology,Sri Potti Sriramulu Nellore,Andhra Pradesh
Audyogik Shikshan Mandal’s College of Commerce Science and Information Technology (CSIT),Pune,Maharashtra
Audyogik Shikshan Mandal’s Institute of Business Management & Research (IBMR),Pune,Maharashtra
Audyogik Shikshan Mandal’s Institute of International Business & Research (IIBR),Pune,Maharashtra
Audyogik Shikshan Mandal’s Institute of Management & Computer Studies,Mumbai,Maharashtra
Audyogik Shikshan Mandal’s Institute of Professional Studies (IPS),Pune,Maharashtra
Audyogik Tantra Shikshan Sanstha ATSS College of Business Studies & Computer Application,Pune,Maharashtra
Aul College,,Odisha
Aurora’s P.G. College-MBA,,Telangana
Aurora’s P.G. College-MCA,Hyderabad,Telangana
Aurora’s P.G. College-MCA,Hyderabad,Telangana
Aurora’s Post Graduate College (MBA),Hyderabad,Telangana
Aurora’s Post Graduate College (MCA),Hyderabad,Telangana
Aurora’s Technological and Research Institute,,Telangana
Auurveda & Unani Tibbia College,,Delhi
Auxilium College,,Tamil Nadu
Auxilium College of Arts & Science for Women,,Tamil Nadu
Avadh Girls Degree College,,Uttar Pradesh
Avanthi Institute of Engineering & Technology,Hyderabad,Telangana
Avanthi Institute of Engineering and Technology,Visakhapatnam,Andhra Pradesh
Avanthi Institute of Engineering and Technology,Vizianagaram,Andhra Pradesh
Avanthi Institute of Pharmaceutical Sciences  Cherukupally Village,Vizianagaram,Andhra Pradesh
AVN Institute of Engineering & Technology,Rangareddy,Telangana
AVS College of Arts & Science,Salem,Tamil Nadu
AVS Engineering College,Salem,Tamil Nadu
Avvaiyar Government College for Women,,Puducherry
Awadh Bihari Sanskrit Mahavidyalaya,Khagaria,Bihar
Awadh Bihari Singh Mahavidyalaya,Vaishali,Bihar
Awadh Centre of Education for Women,,Uttar Pradesh
Awadh Narayan Singh Mahavidyalaya,,Uttar Pradesh
Awadhesh Singh Mahavidyalaya,,Uttar Pradesh
Awadhesh Suresh Singh Smarak Mahavidyalaya,,Uttar Pradesh
Awadhoot Bhagwan Ram P. G. College,,Uttar Pradesh
Ayachi Mithila Mahila College,Darbhanga,Bihar
Ayodhya Prasad Dwivedi Degree College,,Uttar Pradesh
Ayodhya Prasad Memorial Degree College,,Uttar Pradesh
Ayodhya Prasad Mishra Mahavidyalaya,Unnao,Uttar Pradesh
Ayurved Mahavidyalaya,,Maharashtra
Ayurved Mahavidyalaya,,Maharashtra
Ayurvedi Mahavidyalaya Samiti's,,Karnataka
Ayurvedic College,,Kerala
Ayya Nadar Janaki Ammal College,,Tamil Nadu
Ayyan Thiruvalluvar College of Arts & Science,,Tamil Nadu
Azad College of Education,,Maharashtra
Azad Hind Four Smriti Mahavidyalaya,,West Bengal
Azad Hind Mahavidyalaya,,Uttar Pradesh
Azad Mahavidyalaya,Siddharthnagar,Uttar Pradesh
Azad Mahavidyalaya,Azamgarh,Uttar Pradesh
Azad Mahavidyalaya,,Maharashtra
Azeem Memorial National Degree College,Sitapur,Uttar Pradesh
B C Bhoomaraddi College of Arts Commerce & Science College,,Karnataka
B V K Degree College,Visakhapatnam,Andhra Pradesh
B. Baruah College,Kamrup,Assam
B. P. Poddar Institte of Management and Technology,Kolkata,West Bengal
B. Parauerwarahha Arts & Commerce College,,Karnataka
B. Raghunath Arts Commerce and Science College,,Maharashtra
B.A.J.S.S. Arts & Commerce College for Women,,Karnataka
B.A.J.S.S. Arts & Commerce College for Women,,Karnataka
B.A.J.S.S. First Grade Arts College,,Karnataka
B.B. Arts & N.B. & B.P. Science Commerce College,,Maharashtra
B.B. College,,Odisha
B.B. Kishan College,Barpeta,Assam
B.B. Mahavidyalaya,,Odisha
B.B.D. Government College,,Rajasthan
B.B.H. College,Prakasam,Andhra Pradesh
B.B.K.D.A.V. College For Women,,Punjab
B.B.N. College,,Himachal Pradesh
B.B.S. Public Degree College,,Uttar Pradesh
B.B.S. Raj Mahavidyalaya,Azamgarh,Uttar Pradesh
B.C.M. College of Education,,Chandigarh
B.C.T. Kumaon Engineering College,,Uttarakhand
B.D. College,Patna,Bihar
B.D. Shah College of Education,,Gujarat
B.D.D.B. Mahila Mahavidyalaya,,Uttar Pradesh
B.D.M. Mahavidyalaya,Mathura,Uttar Pradesh
B.D.M. Municipal Girls Degree College,,Uttar Pradesh
B.D.T. College of Engineering,,Karnataka
B.E.A. College of Education,,Karnataka
B.E.S'S Marchant's Arts & Commerce College,,Karnataka
B.E.S. College,,Karnataka
B.E.S. College of Education,,Karnataka
B.E.S. Evening College of Arts & Commerce,Bangalore,Karnataka
B.E.T. Sadathunnisa College,Bangalore,Karnataka
B.Ed College,,Maharashtra
B.Ed College,,Maharashtra
B.G.B.S. Women's College,West Godavari,Andhra Pradesh
B.G.S Science Academy Jnanagangothri Campus,Chikkaballapura,Karnataka
B.H.B. College,Barpeta,Assam
B.H.H Degree College for Women,Guntur,Andhra Pradesh
B.J. Medical College,Pune,Maharashtra
B.J. Vanijya Mahavidyalaya,,Gujarat
B.J.B. Morning College,,Odisha
B.J.S. Rampuria Jain College,,Rajasthan
B.K. Birla College of Arts Science & Commerce,Thane,Maharashtra
B.K. Birla Institute of Higher Education,,Rajasthan
B.K. Majumdar Institute of Business Administration-H.L.B.B.A.,,Gujarat
B.K. Mody Government Pharmacy College,,Gujarat
B.K. Patel Arts & Smt. L.M. Patel Commerce College,,Gujarat
B.K.M. Science College,,Gujarat
B.K.R. Girls Degree College,Ghazipur,Uttar Pradesh
B.K.S.N. Govt. College,,Madhya Pradesh
B.L. Academy of Higher Education,,Uttar Pradesh
B.L. Jindal Sui Wala College,,Haryana
B.L.D.E. Association Basaveshwar Arts & Commerce College 4,,Karnataka
B.L.D.E. Association’s Smt. Bangaramma Sajjan Arts and Commerce College for Women,,Karnataka
B.L.D.E.A. Sdjanayogi Shri Siddeswar Swami College of Education,,Karnataka
B.L.D.E.A.'S Dr. Bachana Pitamchar P.G. Halakatti College of Engg. & Technology,,Karnataka
B.L.M. Girls College,,Punjab
B.L.N.L. Bohra College,Sahibganj,Jharkhand
B.M. College,Madhubani,Bihar
B.M. College of Commerce,Pune,Maharashtra
B.M. Memorial Degree College,Ambedkar Nagar,Uttar Pradesh
B.M. Ruia Girls’ College,,Maharashtra
B.M. Shetty First Grade College,,Karnataka
B.M. Sreenivasaiah College for Women,,Karnataka
B.M.A. College,Darbhanga,Bihar
B.M.B. Girls College,,Madhya Pradesh
B.M.D. College,Vaishali,Bihar
B.M.S. College of Engineering,,Karnataka
B.M.S. College of Law,,Karnataka
B.M.S. Government First Grade College,,Karnataka
B.N. Bandodkar College of Science,,Maharashtra
B.N. College,Dhubri,Assam
B.N. College,Patna,Bihar
B.N. College of Education,Jammu,Jammu and Kashmir
B.N. College of Education,Banka,Bihar
B.N. College of Physical Education,,Rajasthan
B.N. Degree College,,Uttar Pradesh
B.N. Girls College,,Rajasthan
B.N. Jalan College,,Jharkhand
B.N. Patel Institute of Paramedical and Science,Anand,Gujarat
B.N.A.S. Mahavidyalaya,,Uttar Pradesh
B.N.K.B. Post - Graduate college,,Uttar Pradesh
B.N.M. College,Munger,Bihar
B.N.M.A. College,,Odisha
B.N.M.V. College,Madhepura,Bihar
B.N.S. Girls Degree College of Education,,Uttar Pradesh
B.N.V. College,Hamirpur,Uttar Pradesh
B.P. Baria Science Institute,Navsari,Gujarat
B.P. Chaliha College,Kamrup,Assam
B.P. Mahavidyalaya,Gonda,Uttar Pradesh
B.P. Poddar Institute of Management & Technology,Kolkata,West Bengal
B.P. Singh Degree College,,Uttar Pradesh
B.P. Sulakhe Commerce College,Solapur,Maharashtra
B.P.C.A.'S College of Physical Education,Mumbai,Maharashtra
B.P.H.E. Society’s Centre for Studies in Rural Development Institute of Social Work and Research,Ahmadnagar,Maharashtra
B.P.H.E. Society’s Institute of Management Studies (Career Development & Research),Ahmadnagar,Maharashtra
B.P.S. College,Gopalganj,Bihar
B.P.S. College of Education,Ahmadnagar,Haryana
B.P.S. Govt. Medical College for Women,,Haryana
B.Parameshwarappa Arts And Commerce College,Chitradurga,Karnataka
B.R. Mahila College,Munger,Bihar
B.R. Tambakad Arts and Commerce First Grade College,Haveri,Karnataka
B.R.B.S. Degree College,,Uttar Pradesh
B.R.D. Government Degree College,Sonbhadra,Uttar Pradesh
B.R.D. Medical College,Gorakhpur,Uttar Pradesh
B.S. College,Patna,Bihar
B.S. College,Lohardaga,Jharkhand
B.S. College of Physical Education,Belgaum,Karnataka
B.S. Educational Kanya Mahavidyalaya,Sitapur,Uttar Pradesh
B.S.A. College,Mathura,Uttar Pradesh
B.S.K College,Sahibganj,Jharkhand
B.S.K. College,Dhanbad,Jharkhand
B.S.M. (P.G.) College,Hardwar,Uttarakhand
B.S.N. Vocational College,Lucknow,Uttar Pradesh
B.S.P. College,Mathura,Uttar Pradesh
B.S.S. College,Saharsa,Bihar
B.S.S. Mahavidyalaya,,Uttar Pradesh
B.S.S.G. Government College,Ludhiana,Punjab
B.T. Chanaiah Gowramma Government First Grade College,Kodagu,Karnataka
B.T. Evening College,Chittoor,Andhra Pradesh
B.T. Women’s Degree College,,Odisha
B.T.L. First Grade College,Bangalore,Karnataka
B.V. Parikh Janta College,Purbi Singhbhum,Jharkhand
B.V. Raju College,West Godavari,Andhra Pradesh
B.V.B. College of Engg. And Technology,Dharwad,Karnataka
B.V.V. Sangha's Basaveshwar Law College,Bagalkot,Karnataka
B.V.V. Sangha's Basaveshwar Science College,Bagalkot,Karnataka
B.V.V. Sangha's S.C. Nandimath Law College,Bagalkot,Karnataka
B.V.V. Sangha's Shri S. R. Kanthi Arts Commerce And Science College,,Karnataka
B.V.V. Sangha’s College of Education,Bagalkot,Karnataka
B.V.V.S'S Basaveshwar College of Physical Education,Bagalkot,Karnataka
B.V.V.S. Akkamahadevi Women’s Arts Science & Commerce College,Bagalkot,Karnataka
B.V.V.Sangha’s Institute of Management Studies Vidyagiri,Bagalkot,Karnataka
B.Y.K. Commerce College,Nashik,Maharashtra
Baba Baijnath Degree College,Kanpur Nagar,Uttar Pradesh
Baba Baijnath ji Mahavidyalaya,Azamgarh,Uttar Pradesh
Baba Baijnath Mahavidyalaya,Azamgarh,Uttar Pradesh
Baba Banda Singh Bahadur Engineering College,Fatehgarh Sahib,Punjab
Baba Bariyar Shah Mahavidyalaya,Sultanpur,Uttar Pradesh
Baba Barua Das Degree College,Ambedkar Nagar,Uttar Pradesh
Baba Barua Das Shikshan Sansthan Mahila Mahavidyalaya,Ambedkar Nagar,Uttar Pradesh
Baba Bhole Maa Parwati Maa Shobhawati Adarsh Mahavidyalaya,Sultanpur,Uttar Pradesh
Baba Bhootnath Mahavidyalaya,Paschim Champaran,Bihar
Baba Bhrigu Mahavidyalaya,,Uttar Pradesh
Baba Bihari Lal Educational Institute,Ambedkar Nagar,Uttar Pradesh
Baba Budha College,Amritsar,Punjab
Baba Domandev Mahavidyalaya,,Uttar Pradesh
Baba Farid College of Engineering and Technology,,Punjab
Baba Farid College of Management and Technology.,Bareilly,Uttar Pradesh
Baba Gajadhar Das Balika P.G. College,Ghazipur,Uttar Pradesh
Baba Gajjan Das Balika Mahavidyalaya,Ghazipur,Uttar Pradesh
Baba Ganesh Datt Degree College,Jaunpur,Uttar Pradesh
Baba Gangadas Government Girls College,Jaipur,Rajasthan
Baba Gayadeen Baidya Babu Ram Mahavidyalaya,Gonda,Uttar Pradesh
Baba Heera Singh Deepa Singh Jee Primary Teachers Training College,Bhojpur,Bihar
Baba Indradev Girls Educational Institute,Ghazipur,Uttar Pradesh
Baba Institute of Technology and Science,,Andhra Pradesh
Baba Jagdev Das Maa Amarawati Shivpujan Mahavidyalaya,Mau,Uttar Pradesh
Baba Jagdev Yadav Degree College,Allahabad,Uttar Pradesh
Baba Jageshwar Nath Mahavidyalaya,Chandauli,Uttar Pradesh
Baba Jai Gurudev Smriti Mahavidyalaya Tighra,,Uttar Pradesh
Baba Jai Ram Dwivedi Mahavidyalaya,,Uttar Pradesh
Baba Kashi Nath Mahavidyalaya,Ballia,Uttar Pradesh
Baba Khetanath Mahila Mahavidyalaya,Alwar,Rajasthan
Baba Mathuradas Sitaram Mahavidyalaya,Ballia,Uttar Pradesh
Baba Mohanram Kissan (Co-Edu.) P.G. College,Alwar,Rajasthan
Baba Naik Mahavidyalaya,Sangli,Maharashtra
Baba Naipal Smarak Mahavidyalaya,Azamgarh,Uttar Pradesh
Baba Namdev University College,Gurdaspur,Punjab
Baba Panchalingeswar Degree College,,Odisha
Baba Parmahans Tribhuwan Smarak Mahila Mahavidyalaya,Mau,Uttar Pradesh
Baba Parvat Nath Degree College,Sant Kabir Nagar,Uttar Pradesh
Baba Prasiddha Narayan Mahavidyalaya,Jaunpur,Uttar Pradesh
Baba Raghav Das Post - Graduate College,Deoria,Uttar Pradesh
Baba Raghavadas Bhagwan Das Degree College,Deoria,Uttar Pradesh
Baba Raghavadas Bhagwandas Mahila Mahavidyalaya,Deoria,Uttar Pradesh
Baba Ramcharitra Mahavidyalaya,Ghazipur,Uttar Pradesh
Baba Ramdal Surajdev Smarak Mahavidyalaya,Ballia,Uttar Pradesh
Baba Ramdas Mahavidyalaya,Bareilly,Uttar Pradesh
Baba Ramdev Smarak Mahavidyalaya,Ghazipur,Uttar Pradesh
Baba Ramnath Smarak Mahavidyalaya,Ambedkar Nagar,Uttar Pradesh
Baba Ramnath Utkarsh Mahavidyalaya,Azamgarh,Uttar Pradesh
Baba Ramtahal Das Vishal Mahavidyalaya,Azamgarh,Uttar Pradesh
Baba Rishideo Singh  Mahavidyalaya,Ballia,Uttar Pradesh
Baba Sadhav Ram Degree College,Azamgarh,Uttar Pradesh
Baba Sahab Dr. Bhim Rao Ambedkar Mahavidyalaya,Jaunpur,Uttar Pradesh
Baba Saheb Bhim Rao Ambedkar  Government Co-Education College,Jalandhar,Punjab
Baba Saheb Dr. Ambedkar Mahavidyalaya,Firozabad,Uttar Pradesh
Baba Sahoru Das Smarak (B.S.D.S.) Mahavidyalaya,Azamgarh,Uttar Pradesh
Baba Sri Chand Ji Govt. College,Sangrur,Punjab
Baba Sukhdev Smarak Mahavidyalaya,Ambedkar Nagar,Uttar Pradesh
Baba Tapeshwar Mahila Mahavidyalaya,Mau,Uttar Pradesh
Baba Thanidas Balika Mahavidyalaya,,Uttar Pradesh
Baba Tufani Singh Mahavidyalaya,Chandauli,Uttar Pradesh
Baba Vishambhar Das Government Girls College,Sikar,Rajasthan
Baba Vishwanath Mahavidyalay,Ghazipur,Uttar Pradesh
Baba Vishwanath Mahavidyalaya,Varanasi,Uttar Pradesh
Baba Vishwanath Mahavidyalya,Azamgarh,Uttar Pradesh
Baba Vishwanath Shikshan Prashikshan Mahavidyalaya,Faizabad,Uttar Pradesh
Baba Viswanath Krishak Mahavidyalaya,Azamgarh,Uttar Pradesh
Baba Zorawar Singh F.S. Girls Khalsa College,Rupnagar,Punjab
Babaji Datey Kala Ani Vanijya Mahavidyalaya,Yavatmal,Maharashtra
Babasaheb Bhimrao Ambedkar Law College,Lucknow,Uttar Pradesh
Babasaheb Chitale Mahavidyalaya,Sangli,Maharashtra
Babasaheb Naik College of Engineering,Yavatmal,Maharashtra
Babasaheb Ram Sanskrit Mahavidyalaya,Darbhanga,Bihar
Babbar Akali Memorial Khalsa College,Hoshiarpur,Punjab
Babe Ke Ayurvedic Medical College & Hospital,Moga,Punjab
Babe Ke College of Education,Moga,Punjab
Babe Ke College of Education,Firozpur,Punjab
Babe Ke Institute of Nursing,Moga,Punjab
Baboo Ram Singh Mahavidyalaya,Sonbhadra,Uttar Pradesh
Babu Anant Ram Janta College,Kaithal,Haryana
Babu Basant Lal Mahavidyalaya,,Uttar Pradesh
Babu Basantlal Rajnarayan Mahavidyalaya,Mirzapur,Uttar Pradesh
Babu Bheesham Singh Institute of Higher Education,Rae Bareli,Uttar Pradesh
Babu Brij Bihari Singh Mahavidyalaya,Kushinagar,Uttar Pradesh
Babu Fateh Bahadur Singh Degree College,Allahabad,Uttar Pradesh
Babu Gulab Singh Gaharwar Mahavidyalaya,Mirzapur,Uttar Pradesh
Babu Hari Ram Singh Mahavidyalaya,Allahabad,Uttar Pradesh
Babu Ishwari Prasad Rawal Memorial College,,Uttar Pradesh
Babu Jagan Prasad Baijnath Sanskrit Mahavidyalaya,Varanasi,Uttar Pradesh
Babu Jagjivan Ram Govt. Degree College,Hyderabad,Telangana
Babu Jai Shanker Gaya Prasad Mahavidyalaya,Unnao,Uttar Pradesh
Babu Jangi Singh Degree College,Gorakhpur,Uttar Pradesh
Babu K.P. Singh Mahavidyalaya,Azamgarh,Uttar Pradesh
Babu Kamta Prasad Jain Mahavidyalaya,Baghpat,Uttar Pradesh
Babu Lal Makharia Girls College,,Rajasthan
Babu Lalji Singh Mahavidyalaya,Gorakhpur,Uttar Pradesh
Babu Mahipati Singh Mahavidyalaya,,Uttar Pradesh
Babu Nakki Singh Smarak Mahavidyalaya,Azamgarh,Uttar Pradesh
Babu Purushottam Das Radha Raman Das Mahavidyalaya,Gorakhpur,Uttar Pradesh
Babu Raghunath Ji Mahila Mahavidyalaya,Azamgarh,Uttar Pradesh
Babu Ram Degree College,,Uttarakhand
Babu Ram Rukmani Devi Mahavidyalaya,Kanpur Dehat,Uttar Pradesh
Babu Ram Yadav Mahavidyalaya,Mainpuri,Uttar Pradesh
Babu Rameshwar Singh College,Mahoba,Uttar Pradesh
Babu Rampal Singh Mahavidyalaya,Moradabad,Uttar Pradesh
Babu Sant Bux Mahavidyalaya,Pratapgarh,Uttar Pradesh
Babu Shivpattar Rai Smarak Balika Mahavidyalaya,Azamgarh,Uttar Pradesh
Babu Shobha Ram Govt. Arts College,Alwar,Rajasthan
Babu Singh Mahavidyalaya,Kannauj,Uttar Pradesh
Babu Sundar Singh Mahavidyalaya,Bahraich,Uttar Pradesh
Babu Tahsildar Shahi Mahavidyalaya,Kushinagar,Uttar Pradesh
Babu Udrej Shikshan Sansthan,Jaunpur,Uttar Pradesh
Babu Vasudeo Singh Smarak Mahavidyalaya,,Uttar Pradesh
Babu Vishnu Pratap Singh Smarak Mahavidhyalaya,Kushinagar,Uttar Pradesh
Babu Vishram Singh Mahavidyalaya,Gorakhpur,Uttar Pradesh
Babua Ji Degree College,Deoria,Uttar Pradesh
Babubhai M.Shah Mahavidyalay,Jhunjhunun,Gujarat
Babulal Makharia Girls College (Kanya Mahavidyalaya),Jhunjhunun,Rajasthan
Baburam Kailashi Devi Mahila Mahavidyalaya,Mau,Uttar Pradesh
Baburam Mohanlal Mahavidyalaya,Auraiya,Uttar Pradesh
Baburao Patil College of Arts and Science,Solapur,Maharashtra
Baburaoji Gholop College of Arts Science & Commerce,Pune,Maharashtra
Baby John Memorial Government College,,Kerala
Baccha Chand Smarak Dwaba Vikas Mahavidyalaya,Gorakhpur,Uttar Pradesh
Bachchi Devi Mahavidyalaya,Gorakhpur,Uttar Pradesh
Badagala Sesharmma & Jagannadha Rao Degree College,Srikakulam,Andhra Pradesh
Badampahar Degree College,Mayurbhanj,Odisha
Badli Mahavidyalaya,Sultanpur,Uttar Pradesh
Badri Narayan Singh Mahavidyalaya,Pratapgarh,Uttar Pradesh
Badrinarayan Barwale Mahavidyalaya,Jalna,Maharashtra
Badrinarayan College,Rohtas,Bihar
Badruka College of Commerce & Arts,Hyderabad,Telangana
Badruka College of Commerce & Arts (Afternoon),Hyderabad,Telangana
Baftist College,Kohima,Nagaland
Baghmara College,Dhanbad,Jharkhand
Bagnan College,,West Bengal
Bahadur Yadav Memorial Mahavidyalaya,Deoria,Uttar Pradesh
Bahan Mayawati Mahavidyalaya,Ghazipur,Uttar Pradesh
Baharagora College,,Jharkhand
Bahauddin Govt. Arts College,Junagadh,Gujarat
Bahauddin Govt. Science College,Junagadh,Gujarat
Bahera College,Darbhanga,Bihar
Bahirhi Smarak Mahavidyalaya,Parbhani,Maharashtra
Bahjoi Mahavidyalaya,sambhal,Uttar Pradesh
Bahona College,Jorhat,Assam
Bahratiya Mahavidyalaya,Amravati,Maharashtra
Bahu - uddeshiya Sewa Shiksha Sansthan Mahila Mahavidyalaya,Kannauj,Uttar Pradesh
Bahujan Samaj Shikshan Prasarak Mandal Arts Commerce and Science College,Dhule,Maharashtra
Baidyanath College of Education,Nawada,Bihar
Baijnath Chaudhary Government College for Women,,Haryana
Baijnath Pandey Arya Sanskrit College,Siwan,Bihar
Baijnath Ramnaresh Mahavidyalaya,Azamgarh,Uttar Pradesh
Baikunth Teachers’ Training College,Siwan,Bihar
Baikunthi Devi Kanya Mahavidyalaya,Agra,Uttar Pradesh
Baikunthnath Mahavidyalaya,Gonda,Uttar Pradesh
Bailadila College (Arvind College),,Chhattisgarh
Baisimouza Degree College,Jagatsinghapur,Odisha
Baiswara Degree College,Bareilly,Uttar Pradesh
Bajaj College of Science,Wardha,Maharashtra
Bajali College,Barpeta,Assam
Bajkul Milani Mahavidyalaya,,West Bengal
Bajrang Degree College,Pratapgarh,Uttar Pradesh
Bal Ganga Mahavidyalaya,Garhwal,Uttarakhand
Bal Govind Patel Smarak Degree College,Allahabad,Uttar Pradesh
Bal Mandhir Mahila Teachers' Training College,Jaipur,Rajasthan
Bal Vikas Mahavidyalaya,Auraiya,Uttar Pradesh
Bal Vikas Mahavidyalaya,Bijnor,Uttar Pradesh
Bala Devi Roshan Lal College of Higher Education,Pilibhit,Uttar Pradesh
Balagarh Bejoy Krishna Mahavidyalaya,Hugli,West Bengal
Balaji College,Ghazipur,Uttar Pradesh
Balaji Institute of Technology and Science,Warangal,Telangana
Balanga College,Puri,Odisha
Balangi Mahavidyalaya,,Odisha
Balarampur College,Puruliya,West Bengal
Balasaheb Desai College,Satara,Maharashtra
Balasaheb Kharadekar College,Sindhudurg,Maharashtra
Balasore Art & Crafts College,,Odisha
Balasore Law College,,Odisha
Balasore Mahila Degree College,,Odisha
Balavoomi Mahavidyalaya,,Odisha
Balawan College,,Meghalaya
Balbabhai Damodardas College,Ahmadabad,Gujarat
Balbhim College of Arts Science & Commerce,Bid,Maharashtra
Baldeo Das Santlal Mahila College,,Jharkhand
Baldev Institute of Management Technology & Sciences,Jammu,Jammu and Kashmir
Baldev Shridhar Mahavidyalaya,Ghazipur,Uttar Pradesh
Bali Ram Bhagat College,Samastipur,Bihar
Baliapal College of Physical Education,,Odisha
Balikhand +3 College,,Odisha
Balikoda College,Jagatsinghapur,Odisha
Balikuda Women’s College,Jagatsinghapur,Odisha
Balimela College of Science and Technology,Malkangiri,Odisha
Ballari Business College,,Karnataka
Ballari Institute of Technology & Management,,Karnataka
Ballary Rudrappa Education Trust’s Arts Commerce and Science College,Haveri,Karnataka
Balram Mahavidyalaya,Allahabad,Uttar Pradesh
Balrampur City Montessori Girl’s Degree College,Balrampur,Uttar Pradesh
Balugaon College,,Odisha
Balurghat B.Ed. College,Dakshin Dinajpur,West Bengal
Balurghat College,Dakshin Dinajpur,West Bengal
Balurghat Mahila Mahavidyalaya,Dakshin Dinajpur,West Bengal
Balwant College,Sangli,Maharashtra
Balwant Vidyapeeth rural Institute,Agra,Uttar Pradesh
Bamanpukur Humayun Kabir Mahavidyalaya,,West Bengal
Bamra Trust Fund College,Sambalpur,Odisha
Banaras Institute of Teacher’s Education,Varanasi,Uttar Pradesh
Banarasi Das Arya Girls College,Jalandhar,Punjab
Banarhat Kartik Oraon Hindi Government College,Jalpaiguri,West Bengal
Baneswar Sarathibala Mahavidyalaya,,West Bengal
Bangabasi College,Kolkata,West Bengal
Bangabasi Evening College,Kolkata,West Bengal
Bangabasi Morning College,Kolkata,West Bengal
Bangalore City College,Bangalore,Karnataka
Bangalore Institute of Technology,Bangalore,Karnataka
Bangalore Medical College,,Karnataka
Bangtol College,Chirang,Assam
Banikanta College of Teachers' Education,Kamrup,Assam
Banipur Mahila Mahavidyalaya,North Twenty Four Parganas,West Bengal
Bankatlal Badruka College for Inforamation Technology,Hyderabad,Telangana
Bankatlal Rajram Boob College of Commerce,Raichur,Karnataka
Bankey Bahadur Singh Mahavidyalaya,Ballia,Uttar Pradesh
Bankey Bihari Kanya Mahavidyalaya,Budaun,Uttar Pradesh
Banki College,Cuttack,Odisha
Bankim Sardar College,South Twenty Four Parganas,West Bengal
Bankura Christian College,Bankura,West Bengal
Bankura Sammilani College,Bankura,West Bengal
Bankura Sammilani Medical College,Bankura,West Bengal
Bankura Unnayani Institute of Engineering,Bankura,West Bengal
Bankura Zilla Saradamani Mahila Mahavidyapith,Bankura,West Bengal
Bannari Amman Institute of Technology,Erode,Tamil Nadu
Banshi College of Education,,Uttar Pradesh
Banshidhar Mahavidyalaya,Jalaun,Uttar Pradesh
Banshidhar Sharda Devi Mahavidyalaya,Mainpuri,Uttar Pradesh
Bansichand Mahavidyalaya,Gorakhpur,Uttar Pradesh
Bansilal Ramnath Agarwal Charitable Trust's Vishwakarma Institute of Technology,Pune,Maharashtra
Bansilal Ramnath Agarwal Charitable Trust’s Vishwakarma Institute of Management,Pune,Maharashtra
Bansilal Ramnath Agarwal Charitable Trust’s Vishwakarma College of Arts Commerce and Science,Pune,Maharashtra
Bansilal Ramnath Agarwal Charitable Trust’s Vishwakarma Institute of Information Technology,Pune,Maharashtra
Bansraj Jaishri Degree College,Gorakhpur,Uttar Pradesh
Bansur PG College,Alwar,Rajasthan
Bant Anchalika College,Bhadrak,Odisha
Bantala College of Higher Education,,Odisha
Banwari Devi Ashok Kumar Smarak Mahavidyalaya,Shrawasti,Uttar Pradesh
Banwari Sahu Mahavidyalaya,Latehar,Jharkhand
Banwari Shankar College,Saharsa,Bihar
Banwarilal Bhalotia College,,West Bengal
Baosi Banikanta Kakati College,Barpeta,Assam
Bapatla College of Arts & Science,Guntur,Andhra Pradesh
Bapatla Engineering College,Guntur,Andhra Pradesh
Bapu Mahavidyalaya,Chhatarpur,Madhya Pradesh
Bapu Mahavidyalaya,Ghazipur,Uttar Pradesh
Bapu Post Graduate College,Gorakhpur,Uttar Pradesh
Bapujee College,,Odisha
Bapuji College,Barpeta,Assam
Bapuji First Grade College,Chitradurga,Karnataka
Bapuji Grameena Vikas Samiti's Arts & Commerce College,,Karnataka
Bapuji Institute of Engineering & Technology,Davanagere,Karnataka
Bapumiya Sirajoddin Patel Arts Commerce & Science College,Buldana,Maharashtra
Bapurao Deshmukh College of Engineering,Wardha,Maharashtra
Bar Ramrao Deshmukh Arts & Smt. Indiraji Kapadiya Commerce & Nyayamurti Krishna Rao Deshmukh Science College,Amravati,Maharashtra
Bar S.K. Wonkheda University College of Education,Nagpur,Maharashtra
Bar. Sheshrao Wankhede College of Arts and Commerce,Nagpur,Maharashtra
Bar. Sheshrao Wankhede Mahavidyalaya,Nagpur,Maharashtra
Barabazar Bikram Tudu Memorial College,Puruliya,West Bengal
Barabir College,,Odisha
Barama College,Nalbari,Assam
Barapur Degree College,Bhadrak,Odisha
Barasahi Panchaya Samit College,Mayurbhanj,Odisha
Barasat College,,West Bengal
Barasat Government College,,West Bengal
Barbhag College,Nalbari,Assam
Bareilly College,,Uttar Pradesh
Barfiya Lal Juwantha Government Degree College,Uttarkashi,Uttarakhand
Barik Mahavidyalaya,Moradabad,Uttar Pradesh
Baring Union Christian College,,Punjab
Baripada College,,Odisha
Barjora College,,West Bengal
Barkhu Ram Verma Mahila Mahavidyalaya,Azamgarh,Uttar Pradesh
Barnagar College,Barpeta,Assam
Barpali College,,Odisha
Barpeta Girls College,Barpeta,Assam
Barpeta Road Howly College,Barpeta,Assam
Barrackpore Rastraguru Surendranath College,,West Bengal
Baruah Law College,Kamrup,Assam
Baruipur College,,West Bengal
Baruneswar Mahavidyalaya,,Odisha
Basanagonda Giraddi Govt. First Grade College,,Karnataka
Basant Degree College,,Uttar Pradesh
Basant Ram Nagina Mahavidyalaya,Chandauli,Uttar Pradesh
Basanti Devi College,,West Bengal
Basanti Devi Degree College,,Uttar Pradesh
Basavaraddi Arts and Commerce College,Dharwad,Karnataka
Basaveshwar Arts College,,Karnataka
Basaveshwar Engg. College,,Karnataka
Basaveshwara College of Commerc & Arts,,Karnataka
Basaveshwara Degree College,,Karnataka
Basaveshwara Veerashaiva Vidyavardhak  Sangha’s Basaveshwara Arts Science & Commerce College,Bagalkot,Karnataka
Basdev Singh Mahila Mahavidyalaya,,Uttar Pradesh
Baselios Poulose II Catholicos College,,Kerala
Baselius College,,Kerala
Basheer Khan Mahila Mahavidyalaya,Ghazipur,Uttar Pradesh
Bashumiya Saukar Government First Grade College,,Karnataka
Bashumiyan Sahukar Government First Grade College,Raichur,Chhattisgarh
Basirhat College,,West Bengal
Basmatti Devi Sankatha Prasad Mahila Mahavidyalaya,Varanasi,Uttar Pradesh
Basudev Degree College,Lucknow,Uttar Pradesh
Basudev Godabari Degree College,Sambalpur,Odisha
Basudev Somani College,Mysore,Karnataka
Basugaon College,Chirang,Assam
Basundhara Teacher’s Training College,Muzaffarpur,Bihar
Batadraba Sri Sri Sankardev College,Nagaon,Assam
Bauhre Hari Singh College,Aligarh,Uttar Pradesh
Bavisgam B.Ed. College,,Gujarat
Baxi Jagabandhu Bidyadhar College,,Odisha
Baya Abadhut College,Jagatsinghapur,Odisha
Bayalsi Degree College,,Uttar Pradesh
BDS Gurukul of Education,,Uttar Pradesh
BDS School of Law,,Uttar Pradesh
Beacon Institute of Technology,,Uttar Pradesh
Beant College of Engineering & Technology,,Punjab
Bebe Nanaki University College,,Punjab
Bebe Nanki Khalsa College For Women,,Punjab
Beeju Patnayak Sonkar Balika Degree College,Ghazipur,Uttar Pradesh
Beena Singh Mahila Mahavidyalaya,,Uttar Pradesh
Beerbal Degree College,,Uttar Pradesh
Begunia College,,Odisha
Behala College,,West Bengal
Behalal College of Commerce,,West Bengal
Behali Degree College,Sonitpur,Assam
Behramji Jijabhai Medical College,,Gujarat
Bejoy Narayan Mahavidyalaya,,West Bengal
Belapur Education Society’s Arts & Commerce College,,Maharashtra
Belavani Mahavidyalaya,,Odisha
Belavoomi Mahavidyalaya,,Odisha
Belda College,,West Bengal
Belgaum Diocese Board of Education and Social Welfare Our Lady of Fatima College of Commerce,,Karnataka
Belgaum Diocese Board of Education Fatima College of Business Administration,,Karnataka
Belpahar College,,Odisha
Beltola College,Kamrup,Assam
Bengal Fine Arts College,North Twenty Four Parganas,West Bengal
Bengal Institute of Science & Technology,Puruliya,West Bengal
Bengal Institute of Technology & Management,,West Bengal
Bengal Music College,,West Bengal
Bengtol College,Chirang,Assam
Beni Madhav Singh Mahavidyalaya,,Uttar Pradesh
Beni Prasad Singh Somvanshi Mahavidyalaya,,Uttar Pradesh
Beni Singh College,Rohtas,Bihar
Beni Singh College,Rohtas,Bihar
Berhampore College,,West Bengal
Berhampore Girl's College,,West Bengal
Berhampur City College,,Odisha
Berhampur College,,Odisha
Besant Evening College,,Karnataka
Besant Theosophical Government Degree College,Chittoor,Andhra Pradesh
Besant Women's College for Women,,Karnataka
Bethani Christian College,,Manipur
Bethlahem Institute of Engineering,,Tamil Nadu
Bethuadabari College,,West Bengal
Bethune College,,West Bengal
Betnoti College,,Odisha
Bh. S.R. & V.L.M. Degree College,West Godavari,Andhra Pradesh
Bhabha Atomic Research Centre,,Maharashtra
Bhadarwar Vidya Mandir Degree College,,Uttar Pradesh
Bhadrak Institute of Engineering & Technology,,Odisha
Bhadrak Morning College,,Odisha
Bhadrak Women's College,,Odisha
Bhadrakali College,Chatra,Jharkhand
Bhadri Vishal Degree (PG) College,,Uttar Pradesh
Bhagalpur Evening College,Bhagalpur,Bihar
Bhagalpur National College,Bhagalpur,Bihar
Bhagat Phool Singh Memorial Girls College,,Haryana
Bhagat Singh Govt. P. G. College,Ratlam,Madhya Pradesh
Bhagauti Prasad Singh Mahavidyalaya,,Uttar Pradesh
Bhagavan Chandra Sanskrit Mahavidyalaya,,Odisha
Bhagawan Buddha Homoeopathic Medical College & Hospital,Bangalore,Karnataka
Bhagawan Sri Satyasai Baba College,Guntur,Andhra Pradesh
Bhagawandeen Singh Patel Mahavidyalaya,Chitrakoot,Uttar Pradesh
Bhagawant Pandey Mahavidyalaya,,Uttar Pradesh
Bhagini Mandal Chopda’s College of Social work,,Maharashtra
Bhagini Nivediat College,,Delhi
Bhagirath Ji Silawat Government College,Indore,Madhya Pradesh
Bhagirathi Bai Narayanrao Maanay College,,Karnataka
Bhagirathi Devi Mahavidyalaya,,Uttar Pradesh
Bhagirathi Institute of Management and Technology,Bijnor,Uttar Pradesh
Bhagirathi Krishak Mahavidyalaya,,Uttar Pradesh
Bhagirathi Singh Smarak Mahavidyalaya,,Uttar Pradesh
Bhagwan Aadinath College of Education,Lalitpur,Uttar Pradesh
Bhagwan Adarsh Mahavidyalaya,,Uttar Pradesh
Bhagwan Devi Maiku Lal Mahavidyalaya,,Uttar Pradesh
Bhagwan Mahavidyalaya (Arts Commerce & Science),,Maharashtra
Bhagwan Parshu Ram College,Kurukshetra,Haryana
Bhagwan Shri Satya Sai Educastion Society's Shri Satya Sai Institute of Home Science,,Karnataka
Bhagwan Sri Krishna College of Education For Women,,Haryana
Bhagwan Suri Sulhya Sai Education Society's Shri Suthya Sai Institute fo Home Science (For Women),,Karnataka
Bhagwandin Arya Kanya Degree College,,Uttar Pradesh
Bhagwandin Yadav Mahavidyalaya,Allahabad,Uttar Pradesh
Bhagwant Singh Institute of Professional Studies,,Uttar Pradesh
Bhagwant Singh Mahavidyalaya,,Uttar Pradesh
Bhagwanti Education Centre Degree College,,Uttar Pradesh
Bhagwantrao Arts & Science College,Gadchiroli,Maharashtra
Bhagwantrao Arts College,,Maharashtra
Bhagwantrao Shivajirao Patil Mahavidyalaya,,Maharashtra
Bhagwat College,,Uttar Pradesh
Bhagwat Dutt Balika Mahavidyalaya,,Uttar Pradesh
Bhagwat Jha Azad College,,Jharkhand
Bhagwat Prasad Memorial Mahavidyalaya,,Uttar Pradesh
Bhagwat Prasad Smarak Mahavidyalaya,Rae Bareli,Uttar Pradesh
Bhagwati College of Law,Meerut,Uttar Pradesh
Bhagwati College of Management & Technology,,Uttar Pradesh
Bhagwati Institute of Mangement and Technology,,Uttar Pradesh
Bhagwati Institute of Technology & Science,,Uttar Pradesh
Bhagwati Prasad Mahavidyalaya,Banda,Uttar Pradesh
Bhagwati Prasad Mohini Devi Mahavidyalay,Ambedkar Nagar,Uttar Pradesh
Bhagwati Sher Singh Memorial Degree College,,Uttar Pradesh
Bhagyawanti Devi Devta Singh Mahila Mahavidhyalaya,,Uttar Pradesh
Bhagyawati Mahila Mahavidyalaya,Sultanpur,Uttar Pradesh
Bhai Assa Singh Girls College,,Punjab
Bhai Kishanrao Deshmukh Mahavidyalaya,,Maharashtra
Bhaila Degree College,,Uttar Pradesh
Bhairab College,,Odisha
Bhairab Ganguly College,,West Bengal
Bhairabi College (+3),,Odisha
Bhairavnath Shikshan Mandal’s Bhairavnath Vidnyan Mahavidyalaya,Pune,Maharashtra
Bhakt Mata Karma Govt. College,Raipur,Chhattisgarh
Bhakt Mata Karma Govt. College,Raipur,Chhattisgarh
Bhakta Bala B.Ed. College,Nadia,West Bengal
Bhaktavallabh Dhola Arts & Commerce College,,Gujarat
Bhalchandra Institute of Education & Management,,Uttar Pradesh
Bhalerao Science College,Nagpur,Maharashtra
Bhandarkar Oriental Research Institute,,Maharashtra
Bhandrakar's Arts and Science College,,Karnataka
Bhangar Mahavidyalaya,,West Bengal
Bhanmati Smarak Mahavidyalya,Ambedkar Nagar,Uttar Pradesh
Bhanrao Kaktkar College,,Karnataka
Bharat College of Education,Jammu,Jammu and Kashmir
Bharat Friends Association’s Bharat College of Arts & Commerce,Thane,Maharashtra
Bharat Institute of Engineering and Technology,Rangareddy,Telangana
Bharat Institute of Technology,Rangareddy,Telangana
Bharat Institute of Technology,,Uttar Pradesh
Bharat Mahavidyalaya,,Maharashtra
Bharat Mishra Sanskrit Mahavidyalaya,Saran,Bihar
Bharat Saraswati Mandir sansad sanchalit,,Gujarat
Bharat Sewak Samaj Mahila Mahavidyalaya,,Jharkhand
Bharat Shikshan Prasarak Mandal Latur Jaikranti Arts Senior College,,Maharashtra
Bharat Shikshan Sanshta’s Arts Science & Commerce College,,Maharashtra
Bharat Singh Rawat Rajkiya Mahavidyalaya,,Uttarakhand
Bharata Mata College,,Kerala
Bharateeya Jain Sanghatana's Arts Science & Commerce College,Pune,Maharashtra
Bharatesh College of Computer Application,Belgaum,Karnataka
Bharatesh Education Trust’s Global Business School,Belgaum,Karnataka
Bharath College of Science and Management,,Tamil Nadu
Bharathamatha College of Arts and Science,Palakkad,Kerala
Bharathi College of Education,,Karnataka
Bharathi Women's College,,Tamil Nadu
Bharathi Women’s College (Autonomous),,Tamil Nadu
Bharathiar Palkalaikoodam,,Puducherry
Bharathiar University Arts & Science College,,Tamil Nadu
Bharathiar University Arts and Science College,Erode,Tamil Nadu
Bharathiar University Arts and Science College,,Tamil Nadu
Bharathiar University Arts and Science College,Coimbatore,Tamil Nadu
Bharathidasan College of Arts & Science,,Tamil Nadu
Bharathidasan Government College for Women,,Puducherry
Bharathidasan University College,,Tamil Nadu
Bharathidasan University College for Women,,Tamil Nadu
Bharathidasan University Constituent College,Tiruchirappalli,Tamil Nadu
Bharathiyar Arts & Science College for Women,Salem,Tamil Nadu
Bharathiyar Institute of Engineering for Women,Salem,Tamil Nadu
Bharati College,,Delhi
Bharati College,,Karnataka
Bharati Vidyapeeth College of Architecture,Mumbai,Maharashtra
Bharati Vidyapeeth College of Engineering,,Maharashtra
Bharati Vidyapeeth College of Pharmacy,,Maharashtra
Bharati Vidyapeeth's College of Engineering,Pune,Maharashtra
Bharati Vidyapeeth's Dr. Patangarao Kadam Mahavidyalaya,,Maharashtra
Bharati Vidyapeeth’s College of Engineering,,Maharashtra
Bharati Vidyapeeth’s College of Pharmacy,,Maharashtra
Bharati Vidyapeeth’s Institute of Management Studies & Research,,Maharashtra
Bharati Vidyapeeth’s New Law College,,Maharashtra
Bharati Vihar Mahavdiyalaya,,Odisha
Bharatiya Jain Sanghatana’s Arts Science & Commerce College,Pune,Maharashtra
Bharatiya Mahavidyalaya,Amravati,Maharashtra
Bharatiya Samajik Vidnyane Va Loksahiya Sanshodhan Sanstha,,Maharashtra
Bharatiya Samskruthi Vidyapeeth Arts & Commerce College for Women,,Karnataka
Bharatiya Vidya Bhavan’s Hazarimal Somani College of Arts and Science and Jayaramdas Patel College of Commerce and Management Studies,,Maharashtra
Bharatiya Vidya Bhavan’s Sardar Patel Institute of Technology,,Maharashtra
Bharti Mahila Mahavidyalaya,,Uttar Pradesh
Bharti Vidyapeeth's Matoshri Bayabai Shripatrao Kadam Kanya Mahavidyalaya,,Maharashtra
Bhartiya College of Education,Jammu,Jammu and Kashmir
Bhartiya Institute of Higher Education,,Uttar Pradesh
Bhartiya Kapil Muni Degree College,,Uttar Pradesh
Bhartiya Krishak Mahavidyalaya,,Uttar Pradesh
Bhartiya Mahavidyalaya,,Uttar Pradesh
Bhartiya Mahavidyalaya,,Uttar Pradesh
Bhartiya Sahitya Sanskrit College,,Uttar Pradesh
Bhartiya Vidhya Mandir College of Law,,Rajasthan
Bhartiya Vidya Bhavan's Shri Ishavrlal L.P. Arts Science & J. Shah Commerce College,,Gujarat
Bhas College,,Jharkhand
Bhaskar Degree College,Jammu,Jammu and Kashmir
Bhaskara Charya College of Applied Science,,Delhi
Bhatkanande Sangit Mahavidyalaya,,Madhya Pradesh
Bhatkanande Sangit Mahavidyalaya,,Madhya Pradesh
Bhattar College,,West Bengal
Bhausaheb Lahane Dnyanprakash Arts College,,Maharashtra
Bhavan's Shri Amritlal Kalidas Doshi Mahila College,,Gujarat
Bhavan’s Mehta Mahavidyalaya,,Uttar Pradesh
Bhavan’s Tripura College of Teacher Education,,Tripura
Bhavan’s Vivekananda College of Science Humanities & Commerce,,Telangana
Bhavana's New Science College,,Telangana
Bhavdiya Educational Institute,,Uttar Pradesh
Bhavna's New Science College (Evening),,Telangana
Bhawabhuti Mahavidyalaya,,Maharashtra
Bhawani Prasad Pandey Mahavidyalaya,,Uttar Pradesh
Bhawanipur Anchalik College,Barpeta,Assam
Bheema Institute of Technology & Science,Kurnool,Andhra Pradesh
Bheemanna Khandre Institute of Technology,,Karnataka
Bherulal Patidar Govt. P.G. College,,Madhya Pradesh
Bhilai Institute of Technology,Durg,Chhattisgarh
Bhilai Mahila Mahavidyalaya,,Chhattisgarh
Bhim Rao Ambedkar College,,Delhi
Bhimabhol College,,Odisha
Bhimavaram Institute of Engineering & Technology,,Andhra Pradesh
Bhimthadi Education Society’s Late. K.G. Kataria College,Pune,Maharashtra
Bhismagiri College,,Odisha
Bhiwandi Nizampur Nagarpalika College,,Maharashtra
Bhiwapur Mahavidyalaya,,Maharashtra
Bhogawati Mahavidyalaya,,Maharashtra
Bhoj Reddy Engineering College for Women,Hyderabad,Telangana
Bhola Nath Mishra Degree College,Jaunpur,Uttar Pradesh
Bhonsale Military College,,Maharashtra
Bhopal School of Social Sciences,Bhopal,Madhya Pradesh
Bhowanipur Education Society College,,West Bengal
BHS First Grade College,Bangalore,Karnataka
Bhuban Women’s Degree College,,Odisha
Bhupal Nobles P.G. College,,Rajasthan
Bhusawal Arts Science & P.O. Nahata Commerce college,,Maharashtra
Bhuvan Malti Teachers’s Training College,,Bihar
Bibhuti Kanungo College of Arts and Crafts,,Odisha
Bibi Raza College Degree for Women,,Karnataka
Bidhan Chandra College,,West Bengal
Bidhan Chandra College,,West Bengal
Bidhannagar College,,West Bengal
Bihar College of Engineering,Patna,Bihar
Bihar College of Pharmacy,Patna,Bihar
Bihar Institute of Technology,,Jharkhand
Bihari Lal Degree College & Professional Studies,Bara Banki,Uttar Pradesh
Bihari Lal Smarak Kisan Mahavidyalaya,,Uttar Pradesh
Bihari Mahila Mahavidyalaya,,Uttar Pradesh
Bihpuria College,Lakhimpur,Assam
Bihpuria P.G.T College,Lakhimpur,Assam
Bijanbari Degree College,,West Bengal
Bijapur District Physically Handicapped Welfare Association’s Matoshree Ambawa Khed Arts and Commerce College,,Karnataka
Bijepur College,,Odisha
Bijni College,Kokrajhar,Assam
Bijoy Krishna Girls College,,West Bengal
Biju Patnaik College,,Odisha
Biju Patnaik Institute of Information Technology and Management Studies,,Odisha
Biju Pattnaik College of Science & Education,,Odisha
Biju Pattnaik Degree College,,Odisha
Biju Pattnaik Degree Women's College,,Odisha
Bikali College,Goalpara,Assam
Bikramjeet Goswami Memorial College,Puruliya,West Bengal
Bilal Education Society’s College of Education for Women,Bidar,Karnataka
Bilasipara College,Dhubri,Assam
Binandi Chandra Medhi College,Kamrup,Assam
Binapani Sanskrit Mahavidyalaya,,Odisha
Binayak Acharya College,Ganjam,Odisha
Bindeshwari Degree College,,Uttar Pradesh
Bindeshwari Dubey Awasiya Mahavidyalaya,,Jharkhand
Bindeshwari Mahavidyalaya,,Uttar Pradesh
Bindeshwari Mahavidyalaya,,Uttar Pradesh
Binod Bihari Mahato College,,Jharkhand
Bipin Behari Degree College,,Uttar Pradesh
Bir Bikram Evening College,,Tripura
Bir Lachit Borphukan College,Sivasagar,Assam
Bir Narain Chand College,Purnia,Bihar
Bir Raghab Moran Government Model College,Tinsukia,Assam
Biraja Women's Degree College,,Odisha
Biramangol College,,Manipur
Birapara College,,West Bengal
Birbhum Institute of Engineering and Technology,,West Bengal
Birbhum Mahavidyalaya,,West Bengal
Birchand Patel Smarak Mahavidyalaya,Vaishali,Bihar
Bird Society' Bachelor of Social Work College,,Karnataka
Bird's Society Bachelor of Social Work College,,Karnataka
Birjhora Kanya Mahavidyalaya,Bongaigaon,Assam
Birjhora Mahavidyalaya,Bongaigaon,Assam
Birla Government College,,Rajasthan
Birla Vishvakarma Mahavidyalaya,,Gujarat
Birmaharajpur College,,Odisha
Birpur College,,Odisha
Birsa College,,Jharkhand
Bishnu Samantray College,,Odisha
Bishop Abraham Memorial College,,Kerala
Bishop Ambrose College,Coimbatore,Tamil Nadu
Bishop Appasamy College of Arts & Science,,Tamil Nadu
Bishop Benziger College of Nursing,Kollam,Kerala
Bishop Chulaparambil Memorial College,,Kerala
Bishop Cotton Women's Christian College,,Karnataka
Bishop Cotton Women’s Christian Law College,Bangalore,Karnataka
Bishop Heber College,Tiruchirappalli,Tamil Nadu
Bishop Kurialalcherry College For Women,,Kerala
Bishop Moore College,,Kerala
Bishop Speechly College for Advanced Studies,,Kerala
Bissau College,,Meghalaya
Biswanath College,Sonitpur,Assam
Biswasray Science College,Ganjam,Odisha
Biyani Girls B.Ed. College,,Rajasthan
Biyani Girls College,,Rajasthan
BLDE Association's New Arts College,,Karnataka
Bldea Commerce BHS Arts & TGP Science College,,Karnataka
Blooming Buds Degree College,,Uttar Pradesh
Blossom Arts and Science College,Malappuram,Kerala
BM. H.E.C.'S College of Commerce,,Karnataka
BMS Institute of Technology & Management,Bangalore,Karnataka
BMS School of Architecture,Bangalore,Karnataka
BNM Institute of Technology,Bangalore,Karnataka
Bodofa U.N. Brahma College,Kokrajhar,Assam
Bohare Narayan Singh Arya Mahavidyalaya,Mathura,Uttar Pradesh
Bohre Natthi Lal Mudgal Mahavidhyalaya,Agra,Uttar Pradesh
Bojirout Memorial College,,Odisha
Bokaro Mahila College,,Jharkhand
Bokaro Steel City College,,Jharkhand
Bokaro Steel Mines College,,Jharkhand
Bolpur College,,West Bengal
Bombay College of Pharmacy,,Maharashtra
Bombay Natural History Society,,Maharashtra
Bombay Teachers' Training College,,Maharashtra
Bon Maharaj Institute of Management & Technology,,Uttar Pradesh
Bon Secours College for Women,,Tamil Nadu
Bon Secours College of Education,Thanjavur,Tamil Nadu
Bonaigarh College,,Odisha
Bonam Venkata Chalamayya Engineering College,East Godavari,Andhra Pradesh
Bonam Venkata Chalamayya Institute of Technology & Science,East Godavari,Andhra Pradesh
Bongaigaon College,Bongaigaon,Assam
Bonnie Foi College,Bhopal,Madhya Pradesh
Bora Institute of Management Sciences,Lucknow,Uttar Pradesh
Bordoloni Central College,Dhemaji,Assam
Borhat Bhabani Prasad Baruah Memorial College,Sivasagar,Assam
Borholla College,Jorhat,Assam
Boston College for Professional Studies,,Madhya Pradesh
Botadkar Arts and Commerce College,,Gujarat
Boudh Panchayat College,,Odisha
Br. Nath Pai Art Commerce and Science Women’s College,,Maharashtra
Br. Nath Pai B. Ed College,Sindhudurg,Maharashtra
Brahaspati Mahila Mahavidyalaya,,Uttar Pradesh
Brahmanand Degree (PG) College,,Uttar Pradesh
Brahmananda Keshab Chandra College,,West Bengal
Brahmani College,,Odisha
Brahmanjharilo Mahavidyalaya,,Odisha
Brahmaputra Degree College,Lakhimpur,Assam
Brahmarshi Sahajanand Saraswati College,Bhojpur,Bihar
Brahmavart Degree College,,Uttar Pradesh
Brahmlin Shri Pujari Maharaj Mahavidyalaya,Jaunpur,Uttar Pradesh
Brahmlin Shri Pujari Maharaj Mahavidyalaya,Jaunpur,Uttar Pradesh
Braj Bhushan Sanskrit College,Gaya,Bihar
Braj Bhushan Singh Mahavidyalaya,Etawah,Uttar Pradesh
Braj Lal Prasad Mahavidyalaya,Patna,Bihar
Braj Raj Sahodra Mahavidyalaya,Sultanpur,Uttar Pradesh
Braja Mohan Thakur Law College,Purnia,Bihar
Brajabandhu Mahavidyalaya,,Odisha
Brajkishor Vishnu Kumar Mahavidyalaya,Jalaun,Uttar Pradesh
Brajraj Singh College,,Uttar Pradesh
Brajrajnagar College,,Odisha
Bramh Dev Indramati Tripathi,,Uttar Pradesh
Bramha Dev Mahavidyalaya,Allahabad,Uttar Pradesh
BRCM College of Engineering & Technology,Bhiwani,Haryana
Bright Future Degree College,Pilibhit,Uttar Pradesh
Bright Moon Girls P.G. College,,Rajasthan
Brij Behari Sahai Mahavidyalaya,,Uttar Pradesh
Brijlal Biyani Science College,,Maharashtra
Brijlal Pandey Mahavidyalaya,Gonda,Uttar Pradesh
Brijlal Smarak Mahavidyalaya,Mahrajganj,Uttar Pradesh
Brijlal Varma Memorial Mahavidyalaya,,Uttar Pradesh
Brijraj Singh Degree College,Allahabad,Uttar Pradesh
Brijraj Singh Girls Degree College,Allahabad,Uttar Pradesh
Brilliant Grammar School Educational Society’s Group of Institutions-,Hyderabad,Telangana
Brilliant Institute of Engineering & Technology,,Telangana
Brindavan  College,Bangalore,Karnataka
Brindavan College of Engineering,Bangalore,Karnataka
Brindavan Institute of Technology & Science,Kurnool,Andhra Pradesh
BRS College (College of Rural Studies),,Gujarat
Brundaban Chandra College,,Odisha
Brundaban Subudhi College,,Odisha
Budaun Institute of Management & Technology,Budaun,Uttar Pradesh
Budaun Keshri Choudhry Badan Singh Memorial Degree College,,Uttar Pradesh
Buddha Balika Degree College,,Uttar Pradesh
Buddha Mahavidyalaya,,Uttar Pradesh
Buddha PG College,,Uttar Pradesh
Buddist Education Institute of Mahila Mahavidyalaya,,Uttar Pradesh
Budge Budge College,,West Bengal
Budge Budge Institute of Technology (BBIT),Kolkata,West Bengal
Budha Vidyapeeth Degree College,,Uttar Pradesh
Budhdham Sharnam Mahavidyalaya,Ghazipur,Uttar Pradesh
Budhni Devi Smarak Mahavidhyalaya,Bahraich,Uttar Pradesh
Builders Engineering College,Tiruppur,Tamil Nadu
Bundelkhand College,,Uttar Pradesh
Bundelkhand Institute of Engineering & Technology,,Uttar Pradesh
Buniadpur Mahavidyalaya,,West Bengal
Bunts Sangh’s S.M. Shetty College of Science Commerce and Management Studies,Mumbai,Maharashtra
Bunts Sangha Mumbai Anna Leela College of Commerce and Economics and Shobha Jayaram Shetty College for BMS  Shashi Manmohan Shetty Higher Education Complex,Mumbai,Maharashtra
Burdwan Medical College & Hospital,,West Bengal
Burdwan Raj College,,West Bengal
Burhani College of Commerce and Arts,,Maharashtra
Burla College,,Odisha
BVC College of Engineering Palacharla,West Godavari,Andhra Pradesh
BVRIT Hyderabad College of Engineering for Women,Hyderabad,Tamil Nadu
BVVS'S Arts & Commerce College,,Karnataka
BVVS's Basaveshwar Commerce College,,Karnataka
C-Edge College,,Nagaland
C-Impact Institute,,Uttar Pradesh
C. & S.H. Desai Arts College and L.K.L. Doshi Commerce College,,Gujarat
C. Abdul Hakeem College,,Tamil Nadu
C. Abdul Hakeem College of Engineering & Technology,,Tamil Nadu
C. Achuta Menon Government College,,Kerala
C. Bhimasena Rao National College of Law,,Karnataka
C. Kandaswami Naidu College for Women,,Tamil Nadu
C. M. Dubey Post Graduate College,,Chhattisgarh
C.B. Gupta Agriculture Degree College,,Uttar Pradesh
C.B. Gupta B.S.S. Mahavidyalaya,Lucknow,Uttar Pradesh
C.B. Khedgi's Basaveshwar Science Rajavijay Sinh Commerce and Raja Jaysinh Arts College,,Maharashtra
C.B. Patel Arts College,,Gujarat
C.B.M. College,,Tamil Nadu
C.C. Sheth College of Commerce,,Gujarat
C.C.R.D. College,,Uttar Pradesh
C.D. Girls Degree College,Lucknow,Uttar Pradesh
C.D. Jain College of Commerce,,Maharashtra
C.E. Society's Bhagirathibai Purupetre Arts Sitabai Mangilal Agarwal Science & Kasturibai Khander Chaudhary Commerce College,,Maharashtra
C.E.D.  College of Education,Kashmir,Jammu and Kashmir
C.G. Belled Govt. First Grade College,,Karnataka
C.H. Mohammed Koya Memorial Government Arts and Science College,,Kerala
C.I. College,,Manipur
C.J. Patel Arts & Commerce College,,Maharashtra
C.K.G.M. Government College,,Kerala
C.L. Baid Mehta College of Pharmacy,,Tamil Nadu
C.L. Jain College,,Uttar Pradesh
C.M. Bhola College,Madhubani,Bihar
C.M. College,Darbhanga,Bihar
C.M. College of Science,Darbhanga,Bihar
C.M.H. College of Legal Studies,Jammu,Jammu and Kashmir
C.M.J. College,Madhubani,Bihar
C.M.K. National Girls College,,Haryana
C.M.P. Degree College,,Uttar Pradesh
C.M.R. Institute of Management Studies,Bangalore,Karnataka
C.M.S. Academy of Management and Technology,Coimbatore,Tamil Nadu
C.M.S. College,,Kerala
C.M.S. College of Engineering & Technology,Coimbatore,Tamil Nadu
C.M.S. College of Science & Commerce,Coimbatore,Tamil Nadu
C.N. Arts and B.D. Commerce college,,Gujarat
C.N. College,Muzaffarpur,Bihar
C.N.B. College,Sheikhpura,Bihar
C.P. & Berar Education Society's Arts & Commerce College,,Maharashtra
C.P. Mahila Mahaviyalaya,,Madhya Pradesh
C.P. Patel & F.H. Shah Commerce College,,Gujarat
C.P. Ramaswami Aiyar Institute of Indological Research,Chennai,Tamil Nadu
C.R Reddy Degree College,,Andhra Pradesh
C.R. Arya College,,Haryana
C.R. Kisan College,,Haryana
C.S. Jain College of Education,,Tamil Nadu
C.S. Mahavidyalaya,,Uttar Pradesh
C.S. Memorial Degree College,,Uttar Pradesh
C.S.I. College of Nursing Dr. Somervell Memorial C.S.I. Medical College & Hospital,,Kerala
C.S.R. Sarma College,Prakasam,Andhra Pradesh
C.S.S.R. & S.R.R.M. Degree & P.G. College,Y.S.R.,Andhra Pradesh
C.S.T.E Society's S.S.N.  Arts & Commerce College,Belgaum,Karnataka
C.S.T.S. Governemnt Kalasala,West Godavari,Andhra Pradesh
C.U. Shah Arts College,,Gujarat
C.U. Shah City Commerce College,,Gujarat
C.U. Shah Commerce College,,Gujarat
C.U. Shah Science College,,Gujarat
C.V. Raman College of Engineering,,Odisha
C.Z. Patel College of Business and Management,,Gujarat
Cachar College,Cachar,Assam
Calcutta Girls B.T. College,,West Bengal
Calcutta Girls College,,West Bengal
Calcutta Institute of Technology,,West Bengal
Calcutta National Medical College,,West Bengal
Cambridge Institute of Technology,,Karnataka
Cambridge Institute of Technology,,Jharkhand
Camp Education Society Dr. Arvind B.Telang Sr. College of Arts Science and Commerce,Pune,Maharashtra
Canara College,,Karnataka
CANARA Engineering College,,Karnataka
Cancer Chikitsalya(Jan Vikas Nyas) Nursing Mahavidyalaya,,Madhya Pradesh
Cancer Research Institute,,Maharashtra
Cane Growers Nehru Degree (PG) College,,Uttar Pradesh
Cane Societies Nehru Degree (PG) College,,Uttar Pradesh
Capital College of Higher Education,,Nagaland
Capt. Ram Singh Degree College,,Uttar Pradesh
Captain Sukhwasi Singh Smarak Janta Mahavidyalaya,,Uttar Pradesh
Captain Vishal Singh Degree College,,Uttar Pradesh
Captain Williamson Memorial Government College,,Meghalaya
Cardamom Planter's Association College,,Tamil Nadu
CARE Group of Institutions,Tiruchirappalli,Tamil Nadu
Career College,Bhopal,Madhya Pradesh
Career Convent Girls Degree College,Lucknow,Uttar Pradesh
Carmel College,,Kerala
Carmel College,,Karnataka
Carmel College of Arts Science & Commerce for Women,,Goa
Carmel Vidya Bhavan Trust’s Christ College,Pune,Maharashtra
Catholicate College,,Kerala
Caussanel College of Arts and Science,Ramanathapuram,Tamil Nadu
Cauvery College,,Karnataka
Cauvery College,,Karnataka
Cauvery College for Women,,Tamil Nadu
Cauvery College of Engineering & Technology,,Tamil Nadu
Centenary College of Physical Education,,Karnataka
Central Institute of Business Management Research & Development,Nagpur,Maharashtra
Central MontessoryMahila Degree College,,Uttar Pradesh
Central Research Institute,,Himachal Pradesh
Central Women's College of Education,,Uttar Pradesh
Centre for Development Studies & Activities,,Maharashtra
Centre For Research On New International Economic Order,,Tamil Nadu
Centre for Studies and Research on Life and Works of Sardar Vallabhbhai Patel (CERLIP),,Gujarat
CES College of Arts & Commerce,,Goa
Ch. B.R. Mahavidyalaya,Farrukhabad,Uttar Pradesh
Ch. Badansingh Mahavidyalaya,,Uttar Pradesh
Ch. Balluram Godara Government Girls College,,Rajasthan
Ch. Bansi Lal Government College for Women,Bhiwani,Haryana
Ch. Bansi Lal Govt. College,,Haryana
Ch. Bechelal Mahavidyalaya,,Uttar Pradesh
Ch. Bijendra Singh Mahavidhyalaya,,Uttar Pradesh
Ch. Chandan Singh Mahavidyalaya,,Uttar Pradesh
Ch. Charan Singh Government Degree College,,Uttar Pradesh
Ch. Charang Singh Shivden Singh College,,Uttar Pradesh
Ch. Devi Lal Memorial Engg.  College,,Haryana
Ch. Devi Lal Memorial Girls College,Panipat,Haryana
Ch. Devi Singh Mahavidyalaya,Mainpuri,Uttar Pradesh
Ch. Gajraj Singh Mahavidyalaya,,Uttar Pradesh
Ch. Harchand Singh Mahavidyalaya,,Uttar Pradesh
Ch. Hari Singh Kanya Mahavidyalaya,,Uttar Pradesh
Ch. Indal Singh Mahavidyalaya,,Uttar Pradesh
Ch. Ishwar Singh Kanya Mahavidyalaya,,Haryana
Ch. Ishwar Singh Kanya Mahavidyalaya,,Haryana
Ch. J.S.S.S. Mahavidyalaya,,Uttar Pradesh
Ch. Jamadar Singh Mahavidyalaya,,Uttar Pradesh
Ch. Jamadar Singh Mahila Degree College,,Uttar Pradesh
Ch. Jaswant Mahavidyalaya,,Uttar Pradesh
Ch. Jeevan Singh Memorial  Mahavidyalaya,Aligarh,Uttar Pradesh
Ch. Jhamman Singh Degree College,Aligarh,Uttar Pradesh
Ch. Khazan Singh Mahavidyalaya,Unnao,Uttar Pradesh
Ch. Madhav Singh Smarak Mahavidyalaya,,Uttar Pradesh
Ch. Mohar Singh Mahavidyalaya,,Uttar Pradesh
Ch. Mukhtyar Singh Yadav Degree College,,Uttar Pradesh
Ch. Nathu Singh Mahavidyalaya,,Uttar Pradesh
Ch. Natthu Singh Degree College,Mainpuri,Uttar Pradesh
Ch. Natthu Singh Yadav Mahavidyalaya,,Uttar Pradesh
Ch. Nihal Singh Mahavidyalaya,Pilibhit,Uttar Pradesh
Ch. Raghunath Singh Mahavidyalaya,,Uttar Pradesh
Ch. Ram Singh Mahavidyalaya,,Uttar Pradesh
Ch. Shiv Kumar Singh Smarak Mahavidyalaya,,Uttar Pradesh
Ch. Shivnath Singh Shandliya (PG) College,,Uttar Pradesh
Ch. Shri Ram Yadav Mahavidyalaya,,Uttar Pradesh
Ch. Suraj Singh Mahavidyalaya,,Uttar Pradesh
Ch. Tarachand Janta Degree College,,Uttar Pradesh
Ch. Veerbhan Singh Mahavidyalaya,,Uttar Pradesh
Chadalawada Ramanamma Engineering College,Chittoor,Andhra Pradesh
Chaiduar College,Sonitpur,Assam
Chaitanya Bahuuddeshiya Sanstha’s Institute of Management Studies,,Maharashtra
Chaitanya Bharathi Institute of Technology,Y.S.R.,Andhra Pradesh
Chaitanya Bharti Institute of Technology,,Telangana
Chaitanya College,Janjgir - Champa,Chhattisgarh
Chaitanya Degree & P.G. College for Women,Visakhapatnam,Andhra Pradesh
Chaitanya Degree College,,Telangana
Chaitanya PG College,,Telangana
Chaiytugayta (Alor) Government College,Kondagaon,Chhattisgarh
Chajju Ram College of Education,,Haryana
Chakan shikshan Mandal's Arts and Comm. College,Pune,Maharashtra
Chakdaha College,,West Bengal
Chalapathi Institute of Engineering & Technology,Guntur,Andhra Pradesh
Chalapathi Institute of Pharmaceutical Sciences,Guntur,Andhra Pradesh
Chalapathi Institute of Technology,Guntur,Andhra Pradesh
Chaman Lal Law College,,Uttarakhand
Chaman Lal Mahavidhyalaya,Tehri Garhwal,Uttarakhand
Chamarajendra Academy of Visual Arts,Mysore,Karnataka
Chameli Devi Group of Institutions,Indore,Madhya Pradesh
Champaran Group of Institutions,,Bihar
Champaran Group of Institutions,West Champaran,Bihar
Champhai College,,Mizoram
Chanakya Shikshan Mahavidyalaya,,Gujarat
Chanakya Teachers Training College,,Jharkhand
Chanchal College,,West Bengal
Chand Bi Bi College of Education for Women,,Karnataka
Chandakanthaiah Memorial Arts & Science College,,Telangana
Chandan Singh Kanya Mahavidyalaya,Jhansi,Uttar Pradesh
Chander Shekhar Azad Institute of Science & Technology,,Uttar Pradesh
Chandernagore Government College,,West Bengal
Chanderprabhu Jain College of Higher Studies & School of Law,,Delhi
Chandi Das Mahavidyalaya,,West Bengal
Chandibali College,,Odisha
Chandigarh Business School of Administration,,Punjab
Chandigarh Engineering College,,Punjab
Chandigarh Engineering College,,Punjab
Chandigarh School of Business,,Punjab
Chandmal Tarachand Bara College of Arts Commerce & Science,Pune,Maharashtra
Chandra Bali Singh Urmila Mahavidyalaya,,Uttar Pradesh
Chandra Bhan Devi Sewak Mahavidyalaya,,Uttar Pradesh
Chandra Gupt Maurya Prabhavansh Mahila Mahavidyalaya,,Uttar Pradesh
Chandra Kamal Bejbarua College,Jorhat,Assam
Chandra Kamal Bezbarua Commerce College,Jorhat,Assam
Chandra Kamal Mahavidyalaya,,Uttar Pradesh
Chandra Nath Bezbarua College,Golaghat,Assam
Chandra Pal Singh Degree College,,Uttar Pradesh
Chandra Prabha Mahavidyalaya,,Uttar Pradesh
Chandra Prabha Sharma Mahavidyalaya,,Uttar Pradesh
Chandra Sekhar College,,Odisha
Chandra Shekhar Azad Degree College,Muzaffarnagar,Uttar Pradesh
Chandra Shekhar Azad Mahavidyalaya,Aligarh,Uttar Pradesh
Chandra Shekher Shyamraji Mahavidyalaya,,Uttar Pradesh
Chandrabai Shantappa Shendure College,,Maharashtra
Chandrabhan Singh Mahavidyalaya,Faizabad,Uttar Pradesh
Chandrabhan Singh Memorial Shikshan Sansthan,Kanpur Dehat,Uttar Pradesh
Chandrabhanu Mahavidyalaya,Azamgarh,Uttar Pradesh
Chandrakali Mahavidyalaya,Allahabad,Uttar Pradesh
Chandrakanti Ramwati Devi Arya Mahila PG College,,Uttar Pradesh
Chandraketugarh Sahidullah Smriti Mahavidyalaya,,West Bengal
Chandrakona Vidyasagar Mahavidyalaya,,West Bengal
Chandrapur College,,West Bengal
Chandrashekhar Baba Keshav Mahavidyalaya,Ballia,Uttar Pradesh
Chandrashekhar Mahavidyalaya,Mau,Uttar Pradesh
Chandrika Jain Degree Mahavidyalaya,,Odisha
Chandulal Chandrakar Govt. College,,Chhattisgarh
Changu Kana Thakur Arts Commerce & Science College,,Maharashtra
Channabasaveshwara Institute of Technology,Tumkur,Karnataka
Channabasweshwar Pharmacy College (Degree),,Maharashtra
Chanukya First Grade College of Commerce,Davanagere,Karnataka
Chapra Bangaljhi Mahavidyalaya,,West Bengal
Charaibahi College,Morigaon,Assam
Charak Institute of Education,,Uttar Pradesh
Charigarh Mahavidyalaya,,Odisha
Charu Chandra College,,West Bengal
Chatia College,,Assam
Chatra College,,Jharkhand
Chatra Ramai Pandit Mahavidyalaya,,West Bengal
Chatrapati Shivaji M.S.D. College,Lalitpur,Uttar Pradesh
Chatrapur Women’s College,,Odisha
Chatrapur Women’s Degree College,Ganjam,Odisha
Chaudhari Banwari Lal Mahavidyalaya,,Uttar Pradesh
Chaudhari Mahaveer Prasad Memorial Mahavidyalay,,Uttar Pradesh
Chaudhary  Charan Singh Degree College,,Uttar Pradesh
Chaudhary Badri Prasad Sitaram Mahavidyalaya,,Uttar Pradesh
Chaudhary Bashir Khan Mahavidyalaya,,Uttar Pradesh
Chaudhary Charan Singh Mahavidyalaya,,Uttar Pradesh
Chaudhary Charan Singh Mahavidyalaya,Faizabad,Uttar Pradesh
Chaudhary Charan Singh Mahavidyalaya,,Uttar Pradesh
Chaudhary Gaya Prasad Mahavidyalaya,,Uttar Pradesh
Chaudhary Gayasuddin Mahavidyalaya,,Uttar Pradesh
Chaudhary Harnam Singh Mahavidyalaya,,Uttar Pradesh
Chaudhary Kiran Academy,Agra,Uttar Pradesh
Chaudhary Lalta Prasad Singh Bauddha Mahavidyalaya,Balrampur,Uttar Pradesh
Chaudhary Mahadev Prasad Mahavidyalaya,,Uttar Pradesh
Chaudhary Mahendra Singh Degree College,,Uttar Pradesh
Chaudhary Ram Charitra Parmeshwar Prasad Mahavidyalaya,,Uttar Pradesh
Chaudhary Shivkumar Patel Mahila Mahavidyalay,,Uttar Pradesh
Chaudhary Sughar Singh Educational Academy,Etawah,Uttar Pradesh
Chaudhary Tulsiram Yadav Mahavidyalaya,,Uttar Pradesh
Chauri Belha Mahavidyalaya,,Uttar Pradesh
Chausan College of Education,,Karnataka
Chauson College of Education,,Karnataka
Chebrolu Engineering College,Guntur,Andhra Pradesh
Chebrolu Hanumaiah Institute of Pharmaceutical Sciences,Guntur,Andhra Pradesh
Chedalal Mahavidyalaya,Hardoi,Uttar Pradesh
Chellammal Women's College of Pachaiyappa's Trust,,Tamil Nadu
Chembur Colony Yuvak Mandal’s Hashu Advani College of Special Education,Mumbai,Maharashtra
Chembur Sarvankash Shikshanshastra Mahavidyalaya,,Maharashtra
Chembur Trombay Education Society’s N.G. Acharya & D.K. Marathe College of Arts Science and Commerce,,Maharashtra
Chenab College of Education,Jammu,Jammu and Kashmir
Chendhuran College of Engineering and Technology,Pudukkottai,Tamil Nadu
Chennai Institute of Technology,Chennai,Tamil Nadu
Cheran College of Engineering,Karur,Tamil Nadu
Cherraan’s Arts Science College,,Tamil Nadu
Chetana's Hazarimal Somani College of Commerce and Economics Smt. Kusumtai Chaudhari College of Arts,Mumbai,Maharashtra
Chettinad College of Engineering and Technology,Karur,Tamil Nadu
Chezhian College of Education,,Tamil Nadu
Chhaju Ram Memorial Jat College,,Haryana
Chhamaria Anchalik College,Kamrup,Assam
Chhatra Bali Singh Law College,,Uttar Pradesh
Chhatradhari Mahavidyalaya,,Uttar Pradesh
Chhatrapati Sahu Ji Mahila Mahavidyalaya,Chitrakoot,Uttar Pradesh
Chhatrapati Shahu Institute of Business Education and Research,Kolhapur,Maharashtra
Chhatrapati Shahu Ji Maharaj Mahavidyalaya.,Chitrakoot,Uttar Pradesh
Chhatrapati Shivaji College,,Maharashtra
Chhatrapati Shivaji Degree College,,Uttar Pradesh
Chhatrapati Shivaji Kala Mahavidyalaya,,Maharashtra
Chhatrapati Shivaji Mahavidyalaya,,Maharashtra
Chhatrapati Shivaji Mahavidyalaya,,Uttar Pradesh
Chhatrapati Shivaji Night College of Arts and Commerce,,Maharashtra
Chhatrasal Govt. College,,Madhya Pradesh
Chhatraveer Raje Sambhaji Prashasakiya Mahavidyalaya,Chandrapur,Maharashtra
Chhattisgarh Mahtari Mahavidyalaya,Dhamtari,Chhattisgarh
Chhattisgarh Vanijya Avam Vigyan Mahavidyalaya,Durg,Chhattisgarh
Chhaygaon College,Kamrup,Assam
Chhote Lal Damodar Prasad Sibban Lal Degree College,,Uttar Pradesh
Chhote Lohiya  Mahavidyalaya Kashidham,,Uttar Pradesh
Chikiti Mahavidyalaya,,Odisha
Chikitsak Samuha’s Sir Sitaram and Lady Shantabai Patkar College of Arts and Science and V.P. Varde College of Commerce and Economics,Mumbai,Maharashtra
Chikkaiah Naicker College,Erode,Tamil Nadu
Chikkanna Government Arts College,Coimbatore,Tamil Nadu
Chikodi Taluka Education Society’s College of Education,,Karnataka
Chikodi Taluka Education Society’s College of Physical Education (B.P.Ed.),,Karnataka
Chila Roy College,Dhubri,Assam
Chilukuri Nageshwar Rao Government First Grade College,,Karnataka
Chimanbhai Patel College of Agriculture,Banas Kantha,Gujarat
Chinchani Tarapur Education Society’s Shri Purshottamdas Laldas Shroff College of Arts & Commerce,Thane,Maharashtra
Chinmaya Degree College,,Uttarakhand
Chintalapati Satyavathi Devi St. Theresa's College for Women,West Godavari,Andhra Pradesh
Chintamani Arts Mahavidyalaya,,Maharashtra
Chintamani College of Arts & Science,,Maharashtra
Chintamani College of Commerce,Chandrapur,Maharashtra
Chintamani College of Science,,Maharashtra
Chintamani Mahavidyalaya,,Maharashtra
Chintamanrao College of Commerce,,Maharashtra
Chirala Engineering College,Prakasam,Andhra Pradesh
Chiranjeevi Reddy Institute of Engineering & Technology,Anantapur,Andhra Pradesh
Chirawa College,,Rajasthan
Chishtiya College of Arts,,Maharashtra
Chitalo Mohavidyalaya,,Odisha
Chitra Degree College,,Uttar Pradesh
Chitroda College,,Odisha
Chittranjan College,,West Bengal
Chopra Kamala Paul Smriti Mahavidyalaya,Uttar Dinajpur,West Bengal
Chorampa College,,Odisha
Chota Nagpur Law College,,Jharkhand
Chotanagpur College,,Jharkhand
Chotu Ram College of Education,,Haryana
Choudhari College of Education,,Gujarat
Choudhari Yadunath Singh Degree College,,Madhya Pradesh
Choudhary Charan Singh College,Rohtas,Bihar
Choudhary Charan Singh Shivdan Singh College,,Uttar Pradesh
Choudhary Digvijay Singh Mahavidyalaya,Jalaun,Uttar Pradesh
Choudhary Surendra Singh Mahavidyalaya,,Uttar Pradesh
Choudwar College,,Odisha
Chouksey College of Science & Commerce,,Chhattisgarh
Christ Academy Institute of  Advanced  Studies,Bangalore,Karnataka
Christ Church (PG) College,,Uttar Pradesh
Christ College,,Kerala
Christ College,Bhopal,Madhya Pradesh
Christ College,,Karnataka
Christ College,,Odisha
Christ College,Idukki,Kerala
Christ College (Arts Science & Commerce),,Gujarat
Christ College of Engineering  Christ College Road,,Kerala
Christian Academy College,,Meghalaya
Christian College,,Kerala
Christian College,,Kerala
Christian Eminent Mahavidyalaya (Academy of Management Professional Education & Research),,Madhya Pradesh
Christian Medical College,,Tamil Nadu
Christian Medical College,Ludhiana,Punjab
Chundi Ranganayakulu College,Guntur,Andhra Pradesh
Churachandpur College,,Manipur
Cinnamara College,Jorhat,Assam
Citizen Girls College,,Uttar Pradesh
Citizen Welfare Education Society’s Dr. Manzoor Hasan Ayyubi College of Education,,Maharashtra
City Academy Degree College,,Uttar Pradesh
City Academy Law College,Lucknow,Uttar Pradesh
City College,,West Bengal
City College of Commerce & Business Administration,,West Bengal
City College of Management,Shahjahanpur,Uttar Pradesh
City College of Management,Lucknow,Uttar Pradesh
City Degree College,Bijnor,Uttar Pradesh
City Engineering College,Bangalore,Karnataka
City Model College,Kanpur Nagar,Uttar Pradesh
City Public Degree College,,Uttar Pradesh
City Public Mahila Degree College,,Uttar Pradesh
CK College of Engineering and Technology,Cuddalore,Tamil Nadu
Clara’s College of Commerce,Mumbai,Maharashtra
Cluny Women’s College,,West Bengal
CM College of Arts & Science Mount Razi,Wayanad,Kerala
CMA’s Women’s Arts and Commerce Degree College,Belgaum,Karnataka
CMH College of Education,Jammu,Jammu and Kashmir
CMR College of Engineering & Technology,,Telangana
CMR College of Pharmacy,,Telangana
CMR Engineering College,Rangareddy,Telangana
CMR Institute of Technology,,Telangana
CMR Institute of Technology,Bangalore,Karnataka
CMR Technical Campus,,Telangana
CNR Arts and Science College,,Andhra Pradesh
Co-operative Arts & Science College,,Kerala
Coimbatore Institute of Engineering and Technology,,Tamil Nadu
Coimbatore Institute of Technology,Coimbatore,Tamil Nadu
College of  Veterinary  & Animal Sciences,,Maharashtra
College of Accountancy And Management Studies,,Odisha
College of Applied Education & Health Science,,Uttar Pradesh
College of Applied Science,Kottayam,Kerala
College of Applied Science,Thrissur,Kerala
College of Applied Science,Palakkad,Kerala
College of Applied Science,Pathanamthitta,Kerala
College of Applied Science,Malappuram,Kerala
College of Applied Science,Palakkad,Kerala
College of Applied Sciences,Idukki,Kerala
College of Architecture,,Chandigarh
College of Art & Design,,West Bengal
College of Arts,,Delhi
College of Arts,,Maharashtra
College of Arts & Science,,Telangana
College of Arts and Crafts,Patna,Bihar
College of Arts Science & Technology,,Odisha
College of Basic Science and Humanities,Banas Kantha,Gujarat
College of Basic Science and Humanities,,Odisha
College of Basic Sciences,,Himachal Pradesh
College of Basic Sciences & Humanities,,Uttarakhand
College of Basic Sciences & Humanities,Hisar,Haryana
College of Business Administration (CBA),berhampur,Odisha
College of Commerce Arts & Science,Patna,Bihar
College of Computer Science and Information Technology,,Maharashtra
College of Dairy Science,Amreli,Gujarat
College of Dairy Technology,Latur,Maharashtra
College of Dentistry,,Madhya Pradesh
College of Education,,Gujarat
College of Education,,Maharashtra
College of Education,,Gujarat
College of Education,Pune,Maharashtra
College of Education,,Maharashtra
College of Education,,Uttar Pradesh
College of Education,,Daman and Diu
College of Education,Sabar Kantha,Gujarat
College of Education,Bilaspur,Chhattisgarh
College of Education & Technology,,Uttar Pradesh
College of Engineeing,Visakhapatnam,Andhra Pradesh
College of Engineering,,Kerala
College of Engineering,,Goa
College of Engineering,Pune,Maharashtra
College of Engineering,Solapur,Maharashtra
College of Engineering & Technology,,Odisha
College of Engineering & Technology,Akola,Maharashtra
College of Engineering and Management,,West Bengal
College of Engineering Bhubaneswar (CEB),,Odisha
College of Fine Arts,,Kerala
College of Fine Arts,Mysore,Karnataka
College of Fine Arts (Karnataka-Chitrakala Parishad),,Karnataka
College of Fishery Sciences,Nagpur,Maharashtra
College of Home Science,,Maharashtra
College of Home Science,,Himachal Pradesh
College of Home Science Govind Ballabh Pant University of Agriculture & Technology,,Uttarakhand
College of Horticulture,Mahesana,Gujarat
College of Law IPS Academy,Indore,Madhya Pradesh
College of Library & Information Science,,Odisha
College of Life Science Cancer Chikitsalya,,Madhya Pradesh
College of Management Studies,Visakhapatnam,Andhra Pradesh
College of Material Management,,Madhya Pradesh
College of Military Engineering,,Maharashtra
College of Nursing,,Madhya Pradesh
College of Nursing,,Gujarat
College of Nursing,,Chandigarh
College of Pharamcy,,Maharashtra
College of Pharmaceutical Science,,Odisha
College of Physical Education,,Maharashtra
College of Physical Education,,Maharashtra
College of Physical Education,Pasumpon Thevar Thirumagan,Tamil Nadu
College of Physical Education & MGT Studies,Bhopal,Madhya Pradesh
College of Professional Ed1ucation,,Uttar Pradesh
College of Renewable Energy & Environmental Engineering,Banas Kantha,Gujarat
College of Social Work,,Maharashtra
College of Social Work,,Maharashtra
College of Social Work & Arts,,Maharashtra
College of Teacher Education,,Karnataka
College of Teacher Education,,Telangana
College of Teacher Education,,Telangana
College of Teacher Education,,Odisha
College of Teacher Education,,Meghalaya
College of Teacher Education (CTE),,Tripura
College of Teachers Education,,Meghalaya
College of Technology,,Uttarakhand
College of Textile Technology,,West Bengal
College of Veterinary and Animal Sciences,Thrissur,Kerala
College of Veterinary and Animal Sciences,,Uttarakhand
College of Veterinary Science & Animal Husbandry,,Gujarat
College of Veterinary Science and Animal Husbandry,,Madhya Pradesh
College of Veterinary Science and Animal Husbandry,Mathura,Uttar Pradesh
College of Veterinary Science and Animal Husbandry,Adilabad,Madhya Pradesh
College of Visual Arts,,West Bengal
College of Vocational Studies,,Delhi
Colonal Jagannath Singh Mahavidyalaya,,Uttar Pradesh
Columbia College,Raipur,Chhattisgarh
Columbia Institute of Pharmacy,,Chhattisgarh
Commander Arjun Singh Bhadauriya Mahavidyalaya,Etawah,Uttar Pradesh
Commerce College,Kokrajhar,Assam
Comprehensive College of Education,Sri Potti Sriramulu Nellore,Andhra Pradesh
Consortium Minorities Association Arts and Commerce College,,Karnataka
Cooach Behar College,,West Bengal
Cooch Behar Government Engineering College,,West Bengal
Coorg Institute of Technology,Kodagu,Karnataka
Cordia College,,Punjab
Cosmic College of Education,Jammu,Jammu and Kashmir
Cosmos College of Education,,Uttar Pradesh
Cotton College,Kamrup,Assam
Creative Educational Society’s College of Pharmacy,Kurnool,Andhra Pradesh
Crescent School of Education and Training,West Champaran,Bihar
Cross Land College,,Karnataka
CSI College of Engineering,The Nilgiris,Tamil Nadu
CT Institute of Engineering,,Punjab
CT Institute of Managemnet & Information Technology,Jalandhar,Punjab
Cuttack College,,Odisha
CVR College of Engineering,,Telangana
D L R Degree College,East Godavari,Andhra Pradesh
D N R College,Bhimavaram,Andhra Pradesh
D P I A S E,,Odisha
D R G  Govt. Degree College,West Godavari,Andhra Pradesh
D. Banumaiah's College of Commerce & Arts,Mysore,Karnataka
D. K. T. E. Society's Textile &  Engineering Institute,Kolhapur,Maharashtra
D. R. College,Golaghat,Assam
D. S. R. Degree College,Bareilly,Uttar Pradesh
D. Y. Patil Educational Federation’s Dr. D.Y. Patil College of Engineering & Innovation,Pune,Maharashtra
D. Y. Patil Institute of Master of Computer Applications and Management,Pune,Maharashtra
D.A. Pandu Memorial R.V. Dental College,,Karnataka
D.A.N. College of Education for Women,,Punjab
D.A.V. (P.G) College,,Uttarakhand
D.A.V. Centenary College,,Haryana
D.A.V. Centnary College,,Himachal Pradesh
D.A.V. College,,Odisha
D.A.V. College,,Uttar Pradesh
D.A.V. College,,Himachal Pradesh
D.A.V. College,,Himachal Pradesh
D.A.V. College,,Uttar Pradesh
D.A.V. College,,Punjab
D.A.V. College,,Punjab
D.A.V. College,,Haryana
D.A.V. College,,Punjab
D.A.V. College,,Uttar Pradesh
D.A.V. College,,Uttar Pradesh
D.A.V. College,,Haryana
D.A.V. College,,Punjab
D.A.V. College,,Punjab
D.A.V. College,,Haryana
D.A.V. College,,Punjab
D.A.V. College,,Chandigarh
D.A.V. College,,Haryana
D.A.V. College,,Haryana
D.A.V. College,Ghazipur,Uttar Pradesh
D.A.V. College,,Haryana
D.A.V. College,,Haryana
D.A.V. College for Girls,,Haryana
D.A.V. College for Women,,Punjab
D.A.V. College of Education,,Uttar Pradesh
D.A.V. College of Education,,Punjab
D.A.V. College of Education,,Punjab
D.A.V. College of Education For Women,,Punjab
D.A.V. Degree College,,Uttar Pradesh
D.A.V. Degree College,,Uttar Pradesh
D.A.V. Girls College,,Haryana
D.A.V. Institute of Engineering & Technology (DAVIET),Jalandhar,Punjab
D.A.V. Institute of Physiotherapy & Rehabilitation,Jalandhar,Punjab
D.A.V. Mahavidyalaya,,Rajasthan
D.A.V. Mahila Mahavidyalaya,Dhanbad,Jharkhand
D.A.V. Post Graduate College,Varanasi,Uttar Pradesh
D.A.V. Post Graduate College,Siwan,Bihar
D.A.V. Sansthan,Jaunpur,Uttar Pradesh
D.A.V. Velankar College of Commerce,,Maharashtra
D.A.V.Sansthan,Jaunpur,Uttar Pradesh
D.B. College,Madhubani,Bihar
D.B.F. Dayanand College of Arts & Science,,Maharashtra
D.B.K.N. College,Samastipur,Bihar
D.B.S. (P.G.) College,,Uttarakhand
D.B.S. Degree (PG) College,,Uttar Pradesh
D.B.S.K. Girls Degree College,Azamgarh,Uttar Pradesh
D.C. Barua Girls College,Jorhat,Assam
D.C.S.K. Post - Graduate College,,Uttar Pradesh
D.D. Bhoyar Arts & Science College,Nagpur,Maharashtra
D.D. Chokshi College of Secondary Education,,Gujarat
D.D. College,Dehradun,Uttarakhand
D.D. Mahila Mahavidyalaya,,Uttar Pradesh
D.D. Shinde Sarkar College,,Maharashtra
D.D. Thaker Arts & K.J. Patel Commerce College,,Gujarat
D.E. Society's Kirti M. Doongursee College of Arts Science & Commerce,,Maharashtra
D.E.P.G. College,,Uttar Pradesh
D.E.S. Sau Kusum Tai Dabke Law College,,Chhattisgarh
D.G. Melmalagi Ayurved Medical College,,Karnataka
D.G. Ruparel College of Arts Science & Commerce,,Maharashtra
D.G. Shikshan Mahavidyalaya,,Gujarat
D.G.B. Dayanand College of Education,,Maharashtra
D.G.B. Dayanand Law College,Solapur,Maharashtra
D.H.S.K. College,Dibrugarh,Assam
D.J. Academy for Managerial Excellence,Coimbatore,Tamil Nadu
D.J. College,,Uttar Pradesh
D.J. College of Dental Sciences and Research,,Uttar Pradesh
D.J. College of Engineering & Technology,,Uttar Pradesh
D.K. College,Bhojpur,Bihar
D.K. Govt. College for Women,Sri Potti Sriramulu Nellore,Andhra Pradesh
D.K. Mahila Mahavidyalaya,Gadchiroli,Maharashtra
D.K.D.L. Degree College,Kaushambi,Uttar Pradesh
D.K.V. Arts and Science College,,Gujarat
D.L.R. Arts and Science College (Co-Ed),,Tamil Nadu
D.L.S. Mahavidyalaya,,Chhattisgarh
D.M. College of Arts,,Manipur
D.M. College of Commerce,,Manipur
D.M. College of Education,,Punjab
D.M. College of Science,,Manipur
D.M. College of Teacher Education,,Manipur
D.M. Patel Arts & S.S. Patel Commerce College,,Gujarat
D.M.S. Mandal's College of Computer Applications,Belgaum,Karnataka
D.M.S. Mandal’s College of Business Administration,Belgaum,Karnataka
D.N. Jain College,,Madhya Pradesh
D.N. Post Graduate College,,Uttar Pradesh
D.N.R. College of Engineering & Technology,West Godavari,Andhra Pradesh
D.N.R. College of Engineering & Technology,West Godavari,Andhra Pradesh
D.P. Bhosale College,,Maharashtra
D.P. Mahavidyalaya,Budaun,Uttar Pradesh
D.P. Vipra College,Bilaspur,Chhattisgarh
D.P. Vipra Law College,,Chhattisgarh
D.P.G Degree College,,Haryana
D.P.M. Institute of Education,,Uttar Pradesh
D.P.S. Degree College,,Uttar Pradesh
D.R. Goenka Women’s Degree College,West Godavari,Andhra Pradesh
D.R. Mandal's Uttar Maharashtra College of Commerce,,Maharashtra
D.R. Nayapalli College,,Odisha
D.R.G. Mahavidyalaya,Aligarh,Uttar Pradesh
D.R.J. Government Girls College,,Rajasthan
D.R.M. Science College,Davanagere,Karnataka
D.R.N.S.C.V.S. College,Guntur,Andhra Pradesh
D.R.V.D.A.V. Centenary College,,Punjab
D.S. College,Katihar,Bihar
D.S. Educational Institute,,Uttar Pradesh
D.S.M. College,,Maharashtra
D.S.M. Degree College,,Uttar Pradesh
D.S.N. Degree (PG) College,,Uttar Pradesh
D.V. Degree College,,Uttar Pradesh
D.V.M. College of Education,,Telangana
D.V.M. Mahavidyalaya & Technical College,Bijnor,Uttar Pradesh
D.V.S. College of Arts & Science,,Karnataka
D.V.S. Evening College,,Karnataka
D.Y. Patil College of Engineering & Technology,Kolhapur,Maharashtra
D.Y. Patil Education Society’s D.Y. Technical Campus Faculty of Engineering & Faculty of Management,Kolhapur,Maharashtra
Daar-Ul-Rehmat Trust’s A.E. Kalsekar Degree College,Thane,Maharashtra
Dada Ji Mahavidyalaya,,Uttar Pradesh
Dada Patil Mahavidyalaya,,Maharashtra
Dada Patil Rajale Arts and Science College,,Maharashtra
Dadasaheb Balpande College of Pharmacy,Nagpur,Maharashtra
Dadhibaman College,,Odisha
Dadhimati Teachers Training College,,Rajasthan
Dadi Institute of Engineering & Technology,Visakhapatnam,Andhra Pradesh
Daggubati Chanchu Ramayye Memorial Degree College,Prakasam,Andhra Pradesh
Dahiwadi College,,Maharashtra
Daita Madhusudana Sastry Sri Venkateswara Hindu College of Engineering,Krishna,Andhra Pradesh
Dakshin Kamrup College,Kamrup,Assam
Dakshin Kamrup Girls College,Kamrup,Assam
Dakshina Bharat Hindi Prachar Sabha’s Law College,,Karnataka
Dalgoma Anchalik College,Goalpara,Assam
Dalit Mitra Kadam Guruji Science College,,Maharashtra
Dalmia College,,Odisha
Dalvir Singh Degree College,,Uttar Pradesh
Damacherla Sakkubayamma Government College for Women,Prakasam,Andhra Pradesh
Damber Singh College,,Sikkim
Damdama College,Kamrup,Assam
Damdei Christian College,,Manipur
Damyanti Raj Anand Govt. Degree College,,Uttar Pradesh
Damyantitai Deshmukh B.Ed. College,,Maharashtra
Dan Sahay Memorial Degree College,,Uttar Pradesh
Dang Seva Mandal's Arts College,,Maharashtra
Dang Seva Mandal’s Dadasaheb  Bidkar Arts Science &  Commerce College,,Maharashtra
Danielson Degree College,,Madhya Pradesh
Dapoli Education Society’s Dapoli Urban Bank Senior Science College,,Maharashtra
Darbhanga Medical College,Darbhanga,Bihar
Darjeeling Governement College,,West Bengal
Daroga Prasad Rai Degree College,Siwan,Bihar
Darrang College,Sonitpur,Assam
Darshan Singh Memorial Degree College,Bareilly,Uttar Pradesh
Darshan Singh Smriti Mahavidyalaya,Kanpur Dehat,Uttar Pradesh
Darul Irshad Arabic College,,Kerala
Darul Uloom Arabic College,,Kerala
Dasarth Dev Memorial College,,Tripura
Dashmesh Girls College,,Punjab
Dashmesh Girls College,,Punjab
Dashmesh Khalsa College,,Punjab
Dashrath Prasad Singh Institute of Teachers Education VPO.- Prahladpur,Muzaffarpur,Bihar
Dashrath Sansthan,Ghazipur,Uttar Pradesh
Dashrath Singh Smarak Mahavidyalaya,Gonda,Uttar Pradesh
Dashrath Verma Mahavidyalaya,,Uttar Pradesh
Dasmesh Girls College of Education,,Punjab
Datta Meghe Institute of Engineering Technology & Research,Wardha,Maharashtra
Datta Meghe Institute of Management Studies,,Maharashtra
Datta Science College,Amravati,Maharashtra
Dattaji Rao Kadam Arts Commerce & Science College,,Maharashtra
Dau Kalyan Singh Sonwani Mahavidyalaya,Dhamtari,Chhattisgarh
Dau Uttam Sao Government College Machandur,Durg,Chhattisgarh
Daudnagar College,Aurangabad,Bihar
Daulat Ram College,,Delhi
Daulatbhai Triedi Law College,,Gujarat
DAV College for Girls,,Punjab
DAV Degree College,,Uttar Pradesh
David Hare Training College,,West Bengal
Daya Awadh Mahavidyalaya,Faizabad,Uttar Pradesh
Daya Nand College,,Haryana
Daya Shankar Mahila Mahavidyalaya,Allahabad,Uttar Pradesh
Dayal Degree College,,Uttar Pradesh
Dayal Singh College,,Delhi
Dayal Singh College (Evening Classes),,Delhi
Dayananad Mathradas College,,Punjab
Dayanand Academy Of Management Studies,,Uttar Pradesh
Dayanand Anglo Vedic (PG) College,,Uttar Pradesh
Dayanand Arya Kanya Degree College,,Uttar Pradesh
Dayanand Arya Kanya Mahavidyalaya,,Maharashtra
Dayanand Arya Vedic Mahavidyalaya,,Uttar Pradesh
Dayanand Ayurvedic College,Jalandhar,Punjab
Dayanand Bachhrawan Degree College,,Uttar Pradesh
Dayanand college,,Rajasthan
Dayanand College of Arts,,Maharashtra
Dayanand College of Commerce,,Maharashtra
Dayanand College of Law,,Uttar Pradesh
Dayanand Danku Paraga Gyan Uday Mahavidyalaya,,Uttar Pradesh
Dayanand Dinanath College Institute of Pharmacy,,Uttar Pradesh
Dayanand Girls (PG) College,,Uttar Pradesh
Dayanand Law College,,Maharashtra
Dayanand Mahila Mahavidyalaya,,Haryana
Dayanand Medical College & Hospital,Ludhiana,Punjab
Dayanand Science College,,Maharashtra
Dayanand Vidyapeeth College of Law,Meerut,Uttar Pradesh
Dayanand Women's Training College,,Uttarakhand
Dayanand Women's Training College,,Uttar Pradesh
Dayananda Evening College of Arts & Commerce,,Karnataka
Dayananda Sagar Academy of Technology & management,,Karnataka
Dayananda Sagar College of Arts Science & Commerce,Bangalore,Karnataka
Dayananda Sagar College of Dental Sciences,,Karnataka
Dayananda Sagar College of Engineering,,Karnataka
Dayashankar Jagdish Bahadur Mahila Mahavidyalaya,Pratapgarh,Uttar Pradesh
Dayavihar Degree College,,Odisha
Dayawanti Punj Training Institute,,Uttar Pradesh
Dayawati College of Law,Ghaziabad,Uttar Pradesh
De Paul College  Avverahalli,Mandya,Karnataka
Debra Thana Sahid Kshudiram Smriti Mahavidyalaya,,West Bengal
Deccan Education Society’s Shri Navalmal Firodia Law College,Pune,Maharashtra
Deen Bandhu Mahavidyalaya,Siddharthnagar,Uttar Pradesh
Deen Dayal College,,Uttar Pradesh
Deen Dayal Upadhyay Government Degree College,,Uttar Pradesh
Deen Dayal Upadhyay Govt. Degree College,,Uttar Pradesh
Deen Dayal Upadhyaya College,,Delhi
Deen Dayal Upadhyaya Government Degree College,,Uttar Pradesh
Deenbandhu Deenanath Mahavidyalaya,,Uttar Pradesh
Deep Narayan Singh College,Banka,Bihar
Deep Narayan Surya Kumar Smriti Mahavidyalaya,Ambedkar Nagar,Uttar Pradesh
Deep Narayan Yadav Degree College,,Uttar Pradesh
Deepshikha College of Technical Education,Jaipur,Rajasthan
Deepshikha Teacher Training College,Jaipur,Rajasthan
Deesa Nagarpanchayat Arts and Commerce College,,Gujarat
Defence Services Staff College,,Tamil Nadu
Degloor College,,Maharashtra
Degree College,,Uttar Pradesh
Degree College,,Uttar Pradesh
Degree College,,Uttar Pradesh
Degree College,,Uttar Pradesh
Degree College,,Madhya Pradesh
Degree College,,Jharkhand
Degree College,,Madhya Pradesh
Degree College,Supaul,Bihar
Degree College of Physical Education,,Maharashtra
Degree College Of Physical Education,,Gujarat
Dehradun Institute of Technology,,Uttarakhand
Dekha Devi Rasiwasia College,Dibrugarh,Assam
Delhi College of Arts & Commerce,,Delhi
Delhi College of Engineering,,Delhi
Delhi Institute of Pharma Ceutical Science and Research,,Delhi
Delhi School of Professional Studies & Research,,Delhi
Demow College,Sivasagar,Assam
Dempo Charities Trust’s Dhempe College of Arts & Science,,Goa
Dental College,Azamgarh,Uttar Pradesh
Dental College,,Karnataka
Deo Chander Mahavidyalaya,Vaishali,Bihar
Deo Indrawati Mahavidyalaya,,Uttar Pradesh
Deo Narayan Yadav College,Madhubani,Bihar
Deo Shanker Haldha Choudhary Sanskrit Mahavidyalaya,Madhubani,Bihar
DEO Sundari Memorial College,Munger,Bihar
Deoband College of Higher Education,,Uttar Pradesh
Deogarh College,,Odisha
Deoghar College,,Jharkhand
Deogiri College,,Maharashtra
Deomornoi Degree College,Darrang,Assam
Dera Natung Government College,,Arunachal Pradesh
Derabis College,,Odisha
Dergaon Kamal Dowerah College,Golaghat,Assam
Derozio Memorial College,,West Bengal
Des's Bangurnagar Arts Science and Commerce College,,Karnataka
Desai Chandulal Manilal Arts and Commerce College,,Gujarat
Desh Bagat College,,Punjab
Desh Bandhu College,,Delhi
Desh Bandhu Gupta Government College,Panipat,Haryana
Desh Deepak Adarsh Mahavidyalaya,,Uttar Pradesh
Deshbandhu College for Girls,,West Bengal
Deshbandhu Mahavidyalaya,,West Bengal
Deshbhakta Anandrao Balawantrao Naik Arts & Science College,,Maharashtra
Deshbhakta Ratnappa Kumbhar College of Commerce,,Maharashtra
Deshbhakta Sambhajirao Garad Mahavidyalaya,,Maharashtra
Deshrani Rajpoot Mahavidyalaya,Hamirpur,Uttar Pradesh
Dev Bux Baldev Smarak Mahavidyalaya,Faizabad,Uttar Pradesh
Dev College,,Uttar Pradesh
Dev Education College,,Uttar Pradesh
Dev Samaj College for Girls,,Haryana
Dev Samaj College for Women,,Punjab
Dev Samaj College for Women,,Chandigarh
Dev Samaj College of Education,,Chandigarh
Dev Samaj College of Education for Women,,Punjab
Dev Sangha Institute of Professional Studies & Educational Research,,Jharkhand
Dev Sanskriti College of Education & Technology,,Chhattisgarh
Deva Matha College,,Kerala
Deva Nagri College,,Uttar Pradesh
Devaki Amma Memorial College of Pharmacy Chelembra PO. Pulliparamba Dt. Malappuram-673 634,Malappuram,Kerala
Devan Bahadur Padma Rao Mudalier College for Women,,Telangana
Devanampriya Ashok Government First Grade College,Raichur,Karnataka
Devanga Arts College,,Tamil Nadu
Devanshi Girls College of Education.,,Uttar Pradesh
Devanshu Samaj Kalyan Sewa Mahavidyalaya,,Uttar Pradesh
Devarasetty Adilakchuma Women's College,Y.S.R.,Andhra Pradesh
Devaswom Board College,,Kerala
Devaswon Board College,,Kerala
Devaswon Board Pampa College,,Kerala
Devchand College,,Maharashtra
Devchandra Dalsingar Bhartiya Vidyapeeth Mahavidyalaya,,Uttar Pradesh
Devendra Degree College,,Uttar Pradesh
Devendranath Jantha Degree College,,Uttar Pradesh
Devi Ahilya Girls Arts & Commerce Degree College,,Madhya Pradesh
Devi Sharan Ram Chander Degree College,,Uttar Pradesh
Devi Shyamrathi Mahavidyalaya,,Uttar Pradesh
Devi Singh Kesarbai College,,Madhya Pradesh
Devineni Venkata Ramana & Dr. Hima Sekhar MIC College of Technology,Krishna,Andhra Pradesh
Deviprasad Goenka Management College of Media Studies,Mumbai,Maharashtra
Devki Devi Jain Memorial College for Women,,Punjab
Devrukh Shikshan Prasarak Mandal’s Nyayadhish Tatyasaheb Athalye Arts Vedmurti S.R. Sapre Commerce and Vidhidnya Dadasaheb Pitre Science College,,Maharashtra
Devta Mahavidyalaya,,Uttar Pradesh
Dewan Abdul Gani College,,West Bengal
Dewan Institute of Management Studies,Meerut,Uttar Pradesh
Dewan Law College,Meerut,Uttar Pradesh
Dewanhat Mahavidyalaya,,West Bengal
Dhaanish Ahmed College of Engineering,,Tamil Nadu
Dhaanish Ahmed Institute of Technology,Coimbatore,Tamil Nadu
Dhakhakha College,Lakhimpur,Assam
Dhamanagar College,,Odisha
Dhamangaon Education Society’s College of Engineering and Technology,,Maharashtra
Dhamdhama Anchalik College,Nalbari,Assam
Dhampur Degree College,Bijnor,Uttar Pradesh
Dhanabagiyam Krishnaswamy Mudaliar College for Women,,Tamil Nadu
Dhanaji Nan Mahavidyalaya,,Maharashtra
Dhanaji Nana Chaudhari Vidya Prabhodhini Sanchalit Shirish Madhukarrao Chaudhari College,Jalgaon,Maharashtra
Dhanaji Nana Chaudhari Vidya Prabodhini Sanchalit Loksevak Madhukarrao Choudhari College of Social Work,Jalgaon,Maharashtra
Dhanalakshimi College of Education,Guntur,Andhra Pradesh
Dhanalakshmi College of Physical Education,Guntur,Andhra Pradesh
Dhanalakshmi College of Engineering,,Tamil Nadu
Dhanalakshmi Srinivasan College of Arts & Science For Women,,Tamil Nadu
Dhanalakshmi Srinivasan College of Engineering (CBE),Coimbatore,Tamil Nadu
Dhanalakshmi Srinivasan College of Engineering and Technology,Kancheepuram,Tamil Nadu
Dhanalakshmi Srinivasan Engineering College,,Tamil Nadu
Dhananjayrao Gadgil College of Commerce,,Maharashtra
Dhandaimata Education Society Sanchalit Arts College,Jalgaon,Maharashtra
Dhanekula Institute of Engineering and Technology,Krishna,Andhra Pradesh
Dhaneswar Yadav Mahila Mahavidyalaya,Jaunpur,Uttar Pradesh
Dhanraj Baid Jain College,,Tamil Nadu
Dhanraj Kunwar Girls Degree College,,Uttar Pradesh
Dhanwate National College,,Maharashtra
Dharama Samaj Sanskrit College,Muzaffarnagar,Bihar
Dharamamurthi Rao Bahadur Calavala Cunnan Chetty's Hindu College,,Tamil Nadu
Dharamapuram Ganambigai Government Arts College for Women,,Tamil Nadu
Dharampal Singh Chandraul Mahavidyalaya,,Uttar Pradesh
Dharampeth M.P. Deo Memorial Science College,,Maharashtra
Dharamsamaj Sanskrit College,,Uttar Pradesh
Dharamveer Institute of Education & Technology Noorpur,,Uttar Pradesh
Dharamveer Singh Memorial Degree College,Moradabad,Uttar Pradesh
Dharanidhar College,,Odisha
Dharichhana Kunwari Memorial College,Buxar,Bihar
Dharm Jyoti Mahavidyalaya,,Uttar Pradesh
Dharma Appa Rao College,Krishna,Andhra Pradesh
Dharma Devi Badri Prasad Smarak Mahavidyalaya,Sultanpur,Uttar Pradesh
Dharma Devi Mahavidyalaya,Jaunpur,Uttar Pradesh
Dharma Devi Mahavidyalaya,Jaunpur,Uttar Pradesh
Dharma Samaj P.G. College,,Uttar Pradesh
Dharmanagar Government College,,Tripura
Dharmapuram Adhinam Arts College,,Tamil Nadu
Dharmasala Mahavidyalaya,,Odisha
Dharmasinh Desai Institute of Commerce,,Gujarat
Dharmavant College of Science & Commerce,,Telangana
Dharmendra Singh Memorial College,Meerut,Uttar Pradesh
Dharmendrasinhji Arts College,,Gujarat
Dharmraj Singh College of Education,Chitrakoot,Uttar Pradesh
Dharwad Institute of Mental Health and Neuro Sciences,Dharwad,Karnataka
Dheerendra Pal Singh Institute of Higher Education,Mainpuri,Uttar Pradesh
Dhemaji College,Dhemaji,Assam
Dhemaji Commerce College,Dhemaji,Assam
Dhemaji Girl’s College,Dhemaji,Assam
Dhenkanal College,,Odisha
Dhenkanal Law College,,Odisha
Dhenkanal Mahila Mahavidyalaya,,Odisha
Dhing College,Nagaon,Assam
Dhirajlal Degree College,,Odisha
Dhirajlal Gandhi College of Technology,Salem,Tamil Nadu
Dhirendra Mahila Mahavidyalaya,,Uttar Pradesh
Dhondhe Ram Degree College,,Uttar Pradesh
Dhote Bhandu Science College,,Maharashtra
Dhruba Chandra Halder College,,West Bengal
Dhruv Narayan Mahila Mahavidyalay,,Uttar Pradesh
Dhruva Narayan Mahila Mahavidyalaya,,Uttar Pradesh
Dhubri Girls’ College,Dhubri,Assam
Dhule Education Society's College of Education,,Maharashtra
Dhule Education Society’s M.D. Palesha Commerce College,,Maharashtra
Diamond College of Commerce & Science,Nagpur,Maharashtra
Dibru College,Dibrugarh,Assam
Dibrugarh H.S. Kanoi Commerce College,Dibrugarh,Assam
Digambar Jain Adarsh Mahila Sanskrit PG Mahavidyalaya,,Rajasthan
Digambarrao Bindu Arts Commerce and Science College,Nanded,Maharashtra
Digamber Degree College,,Uttar Pradesh
Digboi College,Tinsukia,Assam
Digboi Mahila Mahavidyalaya,Tinsukia,Assam
Digvijai Nath P.G. College,,Uttar Pradesh
Digvijay Nath L.T. Training College,,Uttar Pradesh
Dikhowmukh College,Sivaganga,Assam
Dimapur Government College,,Nagaland
Dimoria College,Kamrup,Assam
Dimow Chariali College,Dhemaji,Assam
Dina Krishna College,,Odisha
Dinabandhu Institute,,West Bengal
Dinabandhu Mahavidyalaya,,West Bengal
Dinabandhu Sahu Law College,,Odisha
Dinbandhu Andrew's College,,West Bengal
Dinhata College,,West Bengal
Dinkarrao K. Shinde College of Education,Kolhapur,Maharashtra
Dinkarrao Ram Chandra Mane Mahavidyalaya,,Maharashtra
Dinsha Patel College of Nursing,,Gujarat
Dinshan Daboo Law College,,Gujarat
Diphu Government College,Karbi Anglong,Assam
Disha - A Resource Centre for the Disabled,Jaipur,Rajasthan
Disha College,,Chhattisgarh
Disha College of Management Studies,Raipur,Chhattisgarh
Disha Institute of Science & Technology,,Uttar Pradesh
Dispur College,Kamrup,Assam
Divine College,Pilibhit,Uttar Pradesh
Divya Kirpal Mahavidyalaya,,Uttar Pradesh
Divyanand Vidya Mandir Mahavidyalaya,,Uttar Pradesh
Dixit College of Higher Education,,Uttar Pradesh
Dixit Mahavidyalaya,Aligarh,Uttar Pradesh
Diyawanath Kewala Shankar Mahavidyalaya,,Uttar Pradesh
DMI College of Engineering,Kancheepuram,Tamil Nadu
Dnyan Bharati Society's Sau. Sitabai Ramkrushna Karandikar College of Commerce Late Mehernosh Bowan Burijar Irani College of  Arts,,Maharashtra
Dnyan Prabodhini Mandal’s Shree Mallikarjun College of Arts & Commerce,,Goa
Dnyandeep College of Administration,Nagpur,Maharashtra
Dnyaneshwar Gramonnati Mandal’s Hon. Balasaheb Jadhav Arts Commerce & Science College,Pune,Maharashtra
Dnyanpasak Shikshan Mandal's College of Arts Commerce and Science,,Maharashtra
Dnyanprassarak Mandal’s College and Research Centre,,Goa
Dnyanvardhini Trust's Sonubhau Baswant College of Arts and Commerce,,Maharashtra
Doaba College,,Punjab
Dogra College of Education,Jammu,Jammu and Kashmir
Dogra Degree College,Jammu,Jammu and Kashmir
Dogra Law College,Jammu,Jammu and Kashmir
Dolphin (P.G.) Institute of Biomedical & Natural Science,,Uttarakhand
Dombivli Yuvak Education Trust Royal College of Science & Commerce,Thane,Maharashtra
Dombnili S.P. Mandal's S.K.V. Pendherkar Arts Science & Commerce College,,Maharashtra
Dominant College of Education,Dausa,Rajasthan
Domkal Girls’ College,Murshidabad,West Bengal
Don Bosco Arts and Science College,,Kerala
Don Bosco College,,Goa
Don Bosco College,Golaghat,Assam
Don Bosco College,,Meghalaya
Don Bosco College,,Arunachal Pradesh
Don Bosco College,,Manipur
Don Bosco College,Wayanad,Kerala
Don Bosco College,Kohima,Nagaland
Don Bosco College of Arts & Science,Thoothukudi,Tamil Nadu
Don Bosco College of Engineering,,Goa
Don Bosco College of Sciences and Management,,Karnataka
Don Bosco College,,Kerala
Don Bosco College Mannuthy,Thrissur,Kerala
Don Bosco Institute of Technology,Bangalore,Karnataka
Donyi-Polo Government College,,Arunachal Pradesh
Doodhnath Smarak Mahavidyalaya,Sultanpur,Uttar Pradesh
Doodhsakhar Mahavidyalaya,,Maharashtra
Doom Doom College,Tinsukia,Assam
Doon Business School,Dehradun,Uttarakhand
Doon College of Education,,Uttar Pradesh
Doon College of Education for Women,,Uttar Pradesh
Doon College of Law,,Uttar Pradesh
Doranda College,,Jharkhand
Doying Gumin College,,Arunachal Pradesh
DPBS College Anupshahr,Bulandshahr,Uttar Pradesh
Dr Moopen’s Medical College,,Kerala
Dr. A. C. Homoeopathic Medical College and Hospital,,Odisha
Dr. A.H. Rizvi Degree College,,Uttar Pradesh
Dr. A.P.J. Abdul Kalam Government College,Kolkata,West Bengal
Dr. A.V. Baliga College of Art & Science,,Karnataka
Dr. A.V. Baliga College of Commerce,,Karnataka
Dr. Akhtar Hasan Rizvi Shia Degree College,Jaunpur,Uttar Pradesh
Dr. Ambedkar (Degree College),,Uttar Pradesh
Dr. Ambedkar Arts Science & Commerce College,,Maharashtra
Dr. Ambedkar College,,Maharashtra
Dr. Ambedkar College of Arts & Commerce,Pune,Maharashtra
Dr. Ambedkar College of Commerce and Economics,,Maharashtra
Dr. Ambedkar College of Education,Bangalore,Karnataka
Dr. Ambedkar College of Law,,Maharashtra
Dr. Ambedkar College of Social Work,,Maharashtra
Dr. Ambedkar Degree College,,Uttar Pradesh
Dr. Ambedkar Degree College of Arts and Commerce,,Karnataka
Dr. Ambedkar First Grade Arts College,,Karnataka
Dr. Ambedkar First Grade College,,Karnataka
Dr. Ambedkar Government Arts College,,Tamil Nadu
Dr. Ambedkar Government Degree College,,Uttar Pradesh
Dr. Ambedkar Government Law College,,Tamil Nadu
Dr. Ambedkar Institute of Management Studies and Research,Nagpur,Maharashtra
Dr. Ambedkar Institute of Technology,Bangalore,Karnataka
Dr. Ambedkar Institute of Technology for Handicapped,Kanpur Nagar,Uttar Pradesh
Dr. Ambedkar Memorial Institute of Information Technology & Management Science,,Odisha
Dr. Ambedkar Smarak Evam Smt. Rajkishori Devi MahilaMahavidyalaya,,Uttar Pradesh
Dr. Amit Kumar Singh Kanya Mahavidyalaya,Ghazipur,Uttar Pradesh
Dr. Annasaheb G.D. Bendale Mahila Mahavidyalaya,,Maharashtra
Dr. Anuradha Tripathi Memorial Balika Degree College,Auraiya,Uttar Pradesh
Dr. Anushka Vidhi Mahavidyalaya,,Rajasthan
Dr. APJ Abdul Kalam Government College,,Dadra and Nagar Haveli
Dr. Arun Motghare Mahavidyalaya,Bhandara,Maharashtra
Dr. Asha Smriti Mahavidyalaya,Lucknow,Uttar Pradesh
Dr. Ashok Kumar Smarak Mahavidyalaya,,Uttar Pradesh
Dr. Awdhesh Prakash Sharma Smarak Mahavidyalaya,Bara Banki,Uttar Pradesh
Dr. B. Ambedkar College of Arts Commerce & Science,,Maharashtra
Dr. B. Lal Institute of Biotechnology,,Rajasthan
Dr. B.B. Hegde First Grade College,Udupi,Karnataka
Dr. B.C. Roy Engineering College,,West Bengal
Dr. B.K. Baruah College,Nagaon,Assam
Dr. B.P.S. College,Agra,Uttar Pradesh
Dr. B.R. Ambedkar College (Arts Sc. & Commerce),,Telangana
Dr. B.R. Ambedkar First Grade College,,Karnataka
Dr. B.R. Ambedkar Government College,Kaithal,Haryana
Dr. B.R. Ambedkar Government Law College,,Puducherry
Dr. B.R. Ambedkar Govt. Girls P.G. College,,Uttar Pradesh
Dr. B.R. Ambedkar Janamshatabdi Mahavidyalaya,,Uttar Pradesh
Dr. B.R. Ambedkar Krishak Degree College,,Uttar Pradesh
Dr. B.R. Ambedkar Law College,,Uttar Pradesh
Dr. B.R. Ambedkar Mahavidyalaya,Banda,Uttar Pradesh
Dr. B.R. Ambedkar P.G. College,Jaipur,Rajasthan
Dr. B.R. Ambedkar Rajkiya Mahavidyalaya,,Uttar Pradesh
Dr. B.R. Ambedkar Satabarshiki Mahavidyalaya,North Twenty Four Parganas,West Bengal
Dr. B.R.R. Govt. College,,Telangana
Dr. Baba Saheb Ambedkar College of Arts & Commerce,,Maharashtra
Dr. Baba Saheb Ambedkar National Institute of Social Science,,Madhya Pradesh
Dr. Babasaheb Ambedkar College of Arts Science & Commerce,,Maharashtra
Dr. Babasaheb Ambedkar College of Engineering & Research,Nagpur,Maharashtra
Dr. Babasaheb Ambedkar College of Social Work,Dhule,Maharashtra
Dr. Babasaheb Ambedkar Commerce and Maharshi Vitherl Ramji Shinde Arts College,Pune,Maharashtra
Dr. Babasaheb Ambedkar Commerce Dr. M.V.R. Shinde Arts College,Pune,Maharashtra
Dr. Babasaheb Ambedkar Education Society’s B. Shankaranand Arts and Commerce College,Belgaum,Karnataka
Dr. Babasaheb Ambedkar Mahavidyalaya,,Maharashtra
Dr. Babasaheb Ambedkar Mahavidyalaya,,Maharashtra
Dr. Babasaheb Ambedkar Memorial College of Law,,Maharashtra
Dr. Babasaheb Nandurkar Sharirik Shikshan Mahavidyalaya,,Maharashtra
Dr. Balasaheb Ambedkar College of Arts & Commerce,,Maharashtra
Dr. Bhagwat Sahay Govt. College,Gwalior,Madhya Pradesh
Dr. Bhanuben Mahendra Nanavati College of Home Science,,Maharashtra
Dr. Bhavar Singh Porte Government College,,Chhattisgarh
Dr. Bheem Rao Ambedkar Mahavidyalaya,,Uttar Pradesh
Dr. Bhim Rao Ambedkar Degree College,Banda,Uttar Pradesh
Dr. Bhim Rao Ambedkar Degree College,,Uttar Pradesh
Dr. Bhim Rao Ambedkar Govt. College,,Rajasthan
Dr. Bhim Rao Ambedkar Mahavidyalaya,,Uttar Pradesh
Dr. Bhim Rao Ambedkar Mahavidyalaya,,Uttar Pradesh
Dr. Bhim Rao Ambedkar Rajkiya Mahavidyalaya,Kannauj,Uttar Pradesh
Dr. Bhimrao Ambedkar Baudhha Mahavidyalaya,,Uttar Pradesh
Dr. Bhimrao Ambedkar Government College,,Madhya Pradesh
Dr. Bhimrao Ambedkar Government College,,Chhattisgarh
Dr. Bhimrao Ambedkar Government College,Mahasamund,Chhattisgarh
Dr. Bhimrao Ambedkar Government P.G. College,,Rajasthan
Dr. Bhimrao Ambedkar Mahavidyalaya,,Uttar Pradesh
Dr. Bhimrao Ambedkar Mahavidyalaya,Gonda,Uttar Pradesh
Dr. Bhimrao Ambedkar Rajkiya Mahavidyalaya,,Uttar Pradesh
Dr. Bhimrao Ambedkar Rajkiya Mahavidyalaya,Jodhpur,Rajasthan
Dr. Bhupendra Nath Dutta Smriti Mahavidyalaya,,West Bengal
Dr. C.D. Deshmukh Commerce & Sau. K.G. Tamhane Arts College,,Maharashtra
Dr. C.V. Raman College of Administration and Network Sciences,Davanagere,Karnataka
Dr. Chandrama Singh Mahila Mahavidyalaya,Varanasi,Uttar Pradesh
Dr. Cheeday Satyanarayana Degree & P.G. College,West Godavari,Andhra Pradesh
Dr. D. P. Singh Mahavidyalaya,Shahjahanpur,Uttar Pradesh
Dr. D. Y. PatilPratishthan’s  Dr. D.Y. Patil Institute of Management Studies,Pune,Maharashtra
Dr. D.G. Shetty Educational Society’s R.S. Shetty College of Commerce,,Karnataka
Dr. D.P. Singh Mahavidyalaya,Shahjahanpur,Uttar Pradesh
Dr. D.Y. Patil Educational Federation Dr. D.Y. Patil Institute of Management & Entrepreneur Development,Pune,Maharashtra
Dr. D.Y. Patil Pratishthan,,Maharashtra
Dr. D.Y. Patil Unitech Society Pune's Dr. D.Y. Patil Arts Commerce and Science College,Pune,Maharashtra
Dr. D.Y. Patil Unitech Society's Dr. D.Y. Patil Arts Commerce and Science College,Pune,Maharashtra
Dr. Datar Science Dr. Behera aRts & Shri P.J. Commerce College,,Maharashtra
Dr. G. Shankar Government Women's First Grade College and P.G. Study Centre,,Karnataka
Dr. G.R. Damodaran College of Science,Coimbatore,Tamil Nadu
Dr. Ganesh Dass D.A.V. College of Education for Women,,Haryana
Dr. Ghali College,,Maharashtra
Dr. Ghanshyam Singh Mahavidyalaya,,Uttar Pradesh
Dr. Gopalrao Khedkar Mahavidyalaya,,Maharashtra
Dr. Govind Prasad Rani Devi Patel Mahavidyalaya,,Uttar Pradesh
Dr. H.N. Sinha Arts and Commerce College,,Maharashtra
Dr. Harekrushna Mahatab College,,Odisha
Dr. Hari Shankar Mishra Mahavidyalaya,,Uttar Pradesh
Dr. Harivansh Rai Bachchan Mahavidyalaya,,Uttar Pradesh
Dr. Islam Majeed Teacher’s Training College,,Uttar Pradesh
Dr. Islam Majid Degree College,,Uttar Pradesh
Dr. J.J. Magdum College of Engineering,Kolhapur,Maharashtra
Dr. Jadunath College,,Odisha
Dr. Jagannath Mishra College,Muzaffarpur,Bihar
Dr. Jagannath Mishra College,,Jharkhand
Dr. Jagnnath Mishra Sanskrit College,Madhubani,Bihar
Dr. Jhasaketan Sahu College,Sambalpur,Odisha
Dr. Jyothirmayi Degree College,Kurnool,Andhra Pradesh
Dr. K. Shivaramakarantha Government First Grade College,,Karnataka
Dr. K.R.R.M. Degree College,Guntur,Andhra Pradesh
Dr. K.S.P.R. College of Education,Guntur,Andhra Pradesh
Dr. K.V. Subba Reddy Institute of Pharmacy,Kurnool,Andhra Pradesh
Dr. K.V. Subba Reddy Institute of Technology,Kurnool,Andhra Pradesh
Dr. Kailash Nath Singh Mahavidyalaya,,Uttar Pradesh
Dr. Kailashnath Katju Vidhi Mahavidyalaya,,Madhya Pradesh
Dr. Kanailal Bhattacharyya College,,West Bengal
Dr. Lankapalli Bullayya College,Visakhapatnam,Andhra Pradesh
Dr. Lohiya Karpoori V.D. College,Samastipur,Bihar
Dr. Lohiya Mahila Mahavidyalaya,,Uttar Pradesh
Dr. M.K.. Umathe Arts & Ramchandrarao Mokhare Commerce College,,Maharashtra
Dr. M.V. Shetty College of Physiotherapy,,Karnataka
Dr. M.V. Shetty College of Social Work,,Karnataka
Dr. M.V. Shetty College of Speech and Hearing,,Karnataka
Dr. Mahalingam College of Engineering and Technology,Pollachi,Tamil Nadu
Dr. Mahendra Kumar Chhote Lal Bind Mahavidyalaya,Allahabad,Uttar Pradesh
Dr. Manrakhan Lal Sahu Government College.,Durg,Chhattisgarh
Dr. Meghnad Saha College,Uttar Dinajpur,West Bengal
Dr. MGR Janaki College of Arts and Science for Women,,Tamil Nadu
Dr. Milind Bimbe College,Jalgaon,Maharashtra
Dr. Mithilesh Mani Tripathi Adarsh Degree College,Siddharthnagar,Uttar Pradesh
Dr. MPS Memorial College of Business Studies,,Uttar Pradesh
Dr. Mrs. Indira Bai B. Pathak Mahila Mahavidyalaya,,Maharashtra
Dr. N.G.P. Arts & Science College,Coimbatore,Tamil Nadu
Dr. N.G.P. Institute of Technology,Coimbatore,Tamil Nadu
Dr. N.S.A.M. First Grade College,Bangalore,Karnataka
Dr. N.S.A.M. First Grade College,,Karnataka
Dr. Nobin Bordoloi College,Jorhat,Assam
Dr. P.  Dayananda Pai - P. Satisha Pai Government First Grade College,Dakshina Kannada,Karnataka
Dr. P.D. Patil College of Computer Science & Management Studies,,Maharashtra
Dr. P.D.B.H. Government Post-Graduate College,,Uttarakhand
Dr. P.G.A.S. Samiti’s Pandit Panchaxara Gavaigalavara Music College,,Karnataka
Dr. P.N. Singh Degree College,Saran,Bihar
Dr. Panjabrao Deshmukh College of Law,,Maharashtra
Dr. Panjabrao Deshmukh College of Law,,Maharashtra
Dr. Parashuram Deen Bandhu Mahavidyalaya,Ambedkar Nagar,Uttar Pradesh
Dr. Parshuram Mishra Institute of Advanced Study In Education,,Odisha
Dr. Pushpendra Singh Smarak Mahavidyalaya,,Uttar Pradesh
Dr. R. Ahmed Dental College and Hospital,,West Bengal
Dr. R.A.N.M. Arts & Science College,Erode,Tamil Nadu
Dr. R.K. Shanmugam College of Arts & Science,Viluppuram,Tamil Nadu
Dr. R.K. Shanmugam College of Education,Viluppuram,Tamil Nadu
Dr. R.M.L.S. College,Muzaffarpur,Bihar
Dr. R.P. Richharia Degree College,,Uttar Pradesh
Dr. R.V. Arts and Science College,Coimbatore,Tamil Nadu
Dr. Radha Bai Govt. Navin Kanya Mahavidyalaya,,Chhattisgarh
Dr. Rafiq Zakaria College for Women,,Maharashtra
Dr. Rajendra Prasad Memorial Girls Degree College,,Uttar Pradesh
Dr. Ram Bahadur Singh Memorial Mahavidyalaya,,Uttar Pradesh
Dr. Ram Krishna Thakur Janta Sanskrit Mahavidyalaya,Madhubani,Bihar
Dr. Ram Kumar Gayatri Devi Degree College,,Uttar Pradesh
Dr. Ram Manohar Lohia Degree College,,Uttar Pradesh
Dr. Ram Manohar Lohia Degree College,,Uttar Pradesh
Dr. Ram Manohar Lohia Degree College,,Uttar Pradesh
Dr. Ram Manohar Lohia Degree College,,Uttar Pradesh
Dr. Ram Manohar Lohia Degree College,,Uttar Pradesh
Dr. Ram Manohar Lohia Government Degree College,,Uttar Pradesh
Dr. Ram Manohar Lohia Mahavidhyalaya,,Uttar Pradesh
Dr. Ram Manohar Lohia Mahavidyalaya,,Uttar Pradesh
Dr. Ram Manohar Lohia Mahavidyalaya,,Uttar Pradesh
Dr. Ram Manohar Lohia Mahavidyalaya,,Uttar Pradesh
Dr. Ram Manohar Lohia Chobisa Mahavidyalaya,,Uttar Pradesh
Dr. Ram Manohar Lohiya Balika Mahavidyalaya,Pratapgarh,Uttar Pradesh
Dr. Ram Manohar Lohiya Degree College,,Uttar Pradesh
Dr. Ram Manohar Lohiya Government Degree College,Jaunpur,Uttar Pradesh
Dr. Ram Manohar Lohiya Mahavidyalaya,Gorakhpur,Uttar Pradesh
Dr. Ram Manohar Lohiya Mahavidyalaya,,Uttar Pradesh
Dr. Ram Manohar Lohiya Mahavidyalaya,,Uttar Pradesh
Dr. Ram Manohar Lohiya Mahavidyalaya,,Uttar Pradesh
Dr. Ram Manohar Lohiya Mahavidyalaya,,Uttar Pradesh
Dr. Ram Manohar Lohiya Subedar Mahavidyalaya,,Uttar Pradesh
Dr. Ram Manohur Lohiya Mahavidyalaya,,Uttar Pradesh
Dr. Ram Narayan Mahila Mahavidyalaya,,Uttar Pradesh
Dr. Rama Prasanna Maniram Singh Mahavidyalaya,,Uttar Pradesh
Dr. Rammanohar Lohia College of Law,,Karnataka
Dr. Rammanohar Lohiya Mahila Mahavidyalaya,Jhansi,Uttar Pradesh
Dr. Ramnaresh Mahavidyalaya,Azamgarh,Uttar Pradesh
Dr. Ramraj Singh Mahila Mahavidyalaya,Nalanda,Bihar
Dr. Rishikant Siddarth Mahavidyalaya,,Uttar Pradesh
Dr. Rishikant Siddarth Mahavidyalaya,Etah,Uttar Pradesh
Dr. Rizvi College of Law,,Uttar Pradesh
Dr. Rohini Kanta Barua Law College,,Assam
Dr. S. & S.S. Gandhy Government Engineering College,,Gujarat
Dr. S. Gopalaraju Government First Grade College,Bangalore,Karnataka
DR. S.C GulhanePrerna College of Commerce Science and Arts.,Nagpur,Maharashtra
Dr. S.K. Sinha Women's College,Purbi Champaran,Bihar
Dr. S.N.N. Government Degree College,,Uttarakhand
Dr. S.P. Singh College of Teacher Education,,Bihar
Dr. S.R. Chandrasekhar Institute of Speech and Hearing,Bangalore,Karnataka
Dr. Samala Ramaiah Janakamma Degree College,Sri Potti Sriramulu Nellore,Andhra Pradesh
Dr. Sampurnanand Medical College,,Rajasthan
Dr. Samuel George Institute of Engineering & Technology,Prakasam,Andhra Pradesh
Dr. Samuel George Institute of Pharmaceutical Sciences,Prakasam,Andhra Pradesh
Dr. Saravepalli Radhakrishna Government Arts College,,Puducherry
Dr. Sarojini B.S.W. College,Dharwad,Karnataka
Dr. Shadi Lal College of Education,,Uttar Pradesh
Dr. Shashi Bhushan Institute of Education,Hailakandi,Assam
Dr. Shashi Kant Singh Mahavidyalaya,Varanasi,Uttar Pradesh
Dr. Shiv Uma Gupta Degree College,Fatehpur,Uttar Pradesh
Dr. Shivanand Nautiyal Government Post Graduate College,Chamoli,Uttarakhand
Dr. Shivling Shivacharaya Maharaj Pratishtan’s College of Education (B.Ed.),Latur,Maharashtra
Dr. Shyama Prasad Mukherjee Degree College,,Uttar Pradesh
Dr. Shyama Prasad Mukherjee Govt. Degree College,,Uttar Pradesh
Dr. Shyamprasad Mukharji Arts College,,Maharashtra
Dr. Sivanthi Aditanar College of Physical Education,,Tamil Nadu
Dr. SNS College of Education,,Tamil Nadu
Dr. SNS Rajalakshmi College of Arts & Science,Coimbatore,Tamil Nadu
Dr. Subhash Mahila Arts Commerce and Home Science College,,Gujarat
Dr. Subhash Mahila College of Education,,Gujarat
Dr. Sudhir Chandra Sur Institute of Technology and Sports Complex,Kolkata,West Bengal
Dr. Susheela Grameen Mahavidyalaya,,Uttar Pradesh
Dr. Sushila Tiwari Private Mahavidyalaya,,Uttarakhand
Dr. T. Thimmaiah Institute of Technology,,Karnataka
Dr. T. Thimmaiah Institute of Technology,,Karnataka
Dr. T.M.A. Pai College of Education,,Karnataka
Dr. Uday Jasraj Ratna Mahila Mahavidyalaya,,Uttar Pradesh
Dr. Umayal Ramanathan College for Women,,Tamil Nadu
Dr. V S K Govt Degree College,Visakhapatnam,Andhra Pradesh
Dr. V.H. Dave Homoeopathic Medical College and S.I. Patel Homeopathic Hospital,,Gujarat
Dr. V.M. Medical College,,Maharashtra
DR. V.R.K Women’s College of Engineering & Technology,,Telangana
Dr. Virambhai Rajabhai Godhaniya College of Arts Commerce Home Science and Information Technology for Girls,,Gujarat
Dr. Virendra Swarup Institute of Professional Studies,,Uttar Pradesh
Dr. Vishwambhar Singh Pratap Singh Mahavidyalaya,,Uttar Pradesh
Dr. Vithalrao Vikhe Patil Foundation’s Medical College & Hospital,,Maharashtra
Dr. Vithalrao Vikhe Patil Foundation’s College of Nursing,Ahmadabad,Maharashtra
Dr. Z.H. Degree College,,Uttar Pradesh
Dr. Z.H.T.T. College,Darbhanga,Bihar
Dr. Zakir Husain College,Sivagangai,Tamil Nadu
Dr. Zakir Hussain First Grade College,,Karnataka
Dr.B.R. Ambedkar College,,West Bengal
Draupadi Devi Vindhayachal Degree College,,Uttar Pradesh
DRIEMS,,Odisha
DRK Institute of Science & Technology,Hyderabad,Telangana
Dronacharya College of Education,,Himachal Pradesh
Dronacharya College of Engineering,,Haryana
Dronacharya Govt. College,,Haryana
DSBG Govt. First Grade College,,Karnataka
Duddupudi Degree College for Women,Raichur,Karnataka
Dudhnath Singh Smarak Mahavidyalaya,Jaunpur,Uttar Pradesh
Dudhnoi College,Goalpara,Assam
Dugheshwar Nath Sanskrit Mahavidyalaya,,Uttar Pradesh
Duja Devi Degree College,,Uttar Pradesh
Dukhulal Nibaran Chandra College,,West Bengal
Dulari Devi Degree College,,Uttar Pradesh
Dulari Mahila Mahavidyalaya,Ambedkar Nagar,Uttar Pradesh
Duleshwari Sukhdev (D.S.) Memorial Girls Degree College,Ballia,Uttar Pradesh
Duliajan College,Dibrugarh,Assam
Duliajan Girls’ College,Dibrugarh,Assam
Dum Dum Motijeel College,,West Bengal
Dum Dum Motijheel Rabindra Mahavidyalaya,,West Bengal
Dumakal College,,West Bengal
Dumkal Institute of Engineering & Technology,Murshidabad,West Bengal
Dumri Mahavidyalaya,Gumla,Jharkhand
Dunguripali College,,Odisha
Durama College,West Garo Hills,Meghalaya
Durga College of Education,Jammu,Jammu and Kashmir
Durga Mahavidyalaya,,Chhattisgarh
Durga Narain Degree (PG) College,,Uttar Pradesh
Durgabai Deshmukh College of Special Education(Visual Impairment),,Delhi
Durgadevi Saraf Institute of Management Studies,,Maharashtra
Durgadut Chunnilal Sagarmal Khandelwal Post-Graduate College,,Uttar Pradesh
Durgapur Government College,,West Bengal
Durgapur Institute of Advanced Technology & Management,,West Bengal
Durgapur Institute of Legal Studies,Barddhaman,West Bengal
Durgapur Women's College,,West Bengal
Durgawati Radheshyam Balika Mahavidyalaya,Ghazipur,Uttar Pradesh
Dushyant Singh Bhale Sultan Mahavidyalaya.,,Uttar Pradesh
Dutika Sahu College,,Odisha
Duvvuru Ramanamma Women's Degree College,,Andhra Pradesh
Dwaba Sanskrit Prachar Samiti Mahavidyalaya,,Uttar Pradesh
Dwaraka Doss Goverdhan Doss Vaishnav College,,Tamil Nadu
Dwarika Prasad Mahavidyalaya,,Uttar Pradesh
Dwarika Prasad Sinha Mahila Mahavidyalaya,Ballia,Uttar Pradesh
Dwarka Nath College,Patna,Bihar
Dwijendralal College,,West Bengal
Dyal Singh College,Karnal,Haryana
E.C.I. Mahila Mahavidyalaya,,Uttar Pradesh
E.G.S. Pillay Engineering College,,Tamil Nadu
E.K. Nayanar Memorial Government College,,Kerala
E.M.E.A. College of Arts & Science,,Kerala
E.M.G. Yadava Women's College,,Tamil Nadu
E.R.K. Arts and Science College,,Tamil Nadu
Easa College of Engineering and Technology,Coimbatore,Tamil Nadu
East Calcutta Girls' College,,West Bengal
East N West Teacher’s Training College,Saharsa,Bihar
East Point College of Engineering & Technology,,Karnataka
East West Institute of Technology,Bangalore,Karnataka
Eastern Christian College,,Nagaland
Eastern Karbi Anglong College,Karbi Anglong,Assam
Easwari Engineering College,Chennai,Tamil Nadu
Edayathangudy G.S. Pillay Arts & Science College,Nagapattinam,Tamil Nadu
Education B.Ed College,,Gujarat
Education College,Murshidabad,West Bengal
Edurite College of Management Studies,,Karnataka
Egra Sarada Shasibhusan College,,West Bengal
EGS Pillay College of Education,Nagapattinam,Tamil Nadu
Ekalabya Panchayat Samiti College (+3),,Odisha
Ekamra Mahavidyalaya,,Odisha
Eklavya Mahavidyalaya,,Uttar Pradesh
Eknath Sitarama Divekar College,Pune,Maharashtra
Ekram Nabi Khan Girls Degree College,Sant Kabir Nagar,Uttar Pradesh
Ekshala College of Education,,Telangana
Eliezer Joldan Memorial College,Ladakh,Jammu and Kashmir
Ellenki College of Engineering & Technology,,Telangana
Elphinstone College,Mumbai,Maharashtra
Emarti Devi Women's College,,Odisha
Emerald Height College for Women,,Tamil Nadu
Engineering College,,Chhattisgarh
Er. Perumal Manimekalai College of Engineering,Krishnagiri,Tamil Nadu
Er. R.S.V. Mahavidyalaya,,Uttar Pradesh
Eram College,Bara Banki,Uttar Pradesh
Eram Girls Degree College,Lucknow,Uttar Pradesh
Erode Arts and Science College,Erode,Tamil Nadu
Erode Sengunthar Engineering College,,Tamil Nadu
Eswar College of Engineering,,Andhra Pradesh
Evening College,,Telangana
Ewing Christian College,,Uttar Pradesh
Excel Business School,Komarapalayam,Tamil Nadu
Excel College of Engineering and Technology,Komarapalayam,Tamil Nadu
Excel College of Technology,Komarapalayam,Tamil Nadu
Excel Engineering College,Komarapalayam,Tamil Nadu
Excelsior Education Society’s K.C. College of Engineering & Management Studies and Research,,Maharashtra
Excelssior Education Society’s K.B. College of Arts and Commerce for Women,,Maharashtra
F. Education Society's Girls College,,Maharashtra
F.A. Ahmed College,Kamrup,Assam
F.A.A. Government Degree (PG) College,,Uttar Pradesh
F.D. Arts And Commerce College for Women,,Gujarat
F.E.S. Girls College,,Maharashtra
F.M. College,,Odisha
F.S. College of Education,,Uttar Pradesh
Fabtech Education Society's Fabtech Technical Campus-College of Engineering & Research,Solapur,Maharashtra
Fairfield Institute of Management & Technology,New Delhi,Delhi
Faisal Degree College,Balrampur,Uttar Pradesh
Faiz-E-Am Degree College,,Uttar Pradesh
Faiz-E-Am Modern Degree College,,Uttar Pradesh
Fakir Chand College,,West Bengal
Fakiragram College,Kokrajhar,Assam
Falahe Ummat Girls Degree College,,Uttar Pradesh
Falakata College,,West Bengal
Fanikeshwar Nath Government College,Gariaband,Chhattisgarh
Faridul Haque Memorial Degree College,Jaunpur,Uttar Pradesh
Farook College,,Kerala
Farook Training College,,Kerala
Fateh Bahadur Singh Shivshanker Singh Mahavidyalaya,Ballia,Uttar Pradesh
Fateh Chand College For Women,,Haryana
Father Muller College,,Karnataka
Father Muller Medical College,,Karnataka
Fatima College,,Tamil Nadu
Fatima Degree College,Balrampur,Uttar Pradesh
Fatima Hind Mahila Mahavidyalaya,Azamgarh,Uttar Pradesh
Fatima Mahavidyalaya,Hardoi,Uttar Pradesh
Fatima Mata National College,,Kerala
Fatima Michael College of Engineering and Technology,Madurai,Tamil Nadu
Fazl Ali College,,Nagaland
Federal Institute of Science and Technology (FISAT),Ernakulam,Kerala
Feku Singh Mahavidyalaya,,Uttar Pradesh
Fergusson College,Pune,Maharashtra
Feroze Gandhi Degree (PG) College,,Uttar Pradesh
Feroze Gandhi Memorial Govt. College,,Haryana
Field Marshal K.M. Cariappa College,,Karnataka
First Grade College,Kodagu,Karnataka
First Grade College,,Karnataka
First Grade College K.G.F.,,Karnataka
First Grade College of Arts Science & Commerce,,Karnataka
First Lady Teacher Mata Savitri Bai Phoole Government Girls College,Rewari,Haryana
Forbesganj College,Purnia,Bihar
Forensic Science Laboratory,,Tamil Nadu
Forest College & Research Institute,,Telangana
Forkating College,Golaghat,Assam
Forte Institute of Technology,,Uttar Pradesh
Fr. Angel College of Arts And Commerce,,Goa
Fr. Conceicao Rodrigues College of Engineering.,Mumbai,Maharashtra
Frame College,Dausa,Rajasthan
Francis Xavier Engineering College,,Tamil Nadu
Franklin College of Education,Kashmir,Jammu and Kashmir
Fule – Ambedkar College of Social Work,,Maharashtra
Fundi Singh Launa Rajkiya Mahavidyalaya,,Uttar Pradesh
Future Institute of Engineering and Management,South Twenty Four Parganas,West Bengal
G S Krishna Memorial Law College,East Godavari,Andhra Pradesh
G. H. Raisoni College of  Commerce Science & Technology,Nagpur,Maharashtra
G. N. Girls College,Patiala,Punjab
G. Narayanamma Institute of Technology & Science For Woman,Hyderabad,Telangana
G. Pulla Reddy College of Pharmacy,,Telangana
G. Pulla Reddy Engineering College,Kurnool,Andhra Pradesh
G. Pullaiah College of Engineering and Technology,Kurnool,Andhra Pradesh
G. Singh Degree College,,Uttar Pradesh
G. Venkatswamy Naidu College,,Tamil Nadu
G.B. Murarka Arts & Commerce College,,Maharashtra
G.B. Pant Degree College,,Uttar Pradesh
G.B. Pant Engineering College,,Uttarakhand
G.B. Pant Hospital,,Delhi
G.B. Pant Memorial Govt. College,,Himachal Pradesh
G.B. Tatha Tatyasaheb Khare Commerce Parvatibai Gurupad Dhere Arts & Shri Mahesh Janardan Bhosale Science College,Ratnagiri,Maharashtra
G.B.M. College,Gaya,Bihar
G.D. College,Murshidabad,West Bengal
G.D. College,Begusarai,Bihar
G.D. David Foundation’s Trinity College of Commerce,,Karnataka
G.D. Modi College of Arts,,Gujarat
G.D. Sawant Arts Commerce Science & B.C.S. College,,Maharashtra
G.D.M. College,Nalanda,Bihar
G.E. Society's N.B. Thakur Law College,,Maharashtra
G.E. Socity Arts and Commerce College,,Karnataka
G.E.C.G.S. Patil Arts & Commerce College,,Karnataka
G.G.D.S.D. College,,Haryana
G.G.D.S.D. College,,Himachal Pradesh
G.G.D.S.D. College,,Punjab
G.G.D.S.D. College,,Himachal Pradesh
G.G.N. Khalsa College,,Punjab
G.H. Raisoni Academy of Engineering & Technology,,Maharashtra
G.H. Raisoni College of Engineering,,Maharashtra
G.H. Raisoni College of Engineering & Management,,Maharashtra
G.H. Raisoni College of Engineering & Management,Pune,Maharashtra
G.H. Raisoni Educational & Medical Foundation’s G.H. Raisoni College of Arts Commerce & Science,Pune,Maharashtra
G.H. Raisoni Institute of Engineering & Technology,Pune,Maharashtra
G.H. Raisoni Institute of Engineering and Technology,,Maharashtra
G.H. Raisoni Institute of Enginering and Business Management,,Maharashtra
G.H. Raisoni Institute of Information Technology,,Maharashtra
G.H. Raisoni Institute of Management & Research,Pune,Maharashtra
G.H. Raisoni Institute of Management & Research,,Maharashtra
G.H. Raisoni School of Business Management,,Maharashtra
G.H. Raisoni School of Management,,Maharashtra
G.H. Sanghavi Shikshan Mahavidyalaya,,Gujarat
G.H.G. Harparkaash College of Education for Women,,Punjab
G.H.G. Khalsa College,,Punjab
G.H.G. Khalsa College of Education,,Punjab
G.H.R. Education Foundation Society Sadabai Raisoni Women’s College,Nagpur,Maharashtra
G.H.S. Government College,,Rajasthan
G.K. Goswami Government College,,Rajasthan
G.K.M. College of Engineering & Technology,Chennai,Tamil Nadu
G.K.S.M. Govt.College,,Punjab
G.L. Bajaj Institute of Technology & Management,,Uttar Pradesh
G.L. Choudhury College,Barpeta,Assam
G.L.A. College,,Jharkhand
G.L.M. College,Purnia,Bihar
G.M. College,,Odisha
G.M. Evening College,,Odisha
G.M. Law College,,Odisha
G.M.D. Arts & B.W. Commerce & Science College,,Maharashtra
G.M.R.D. College,Samastipur,Bihar
G.N. Patel College of Dairy Science and Food Technology,Banas Kantha,Gujarat
G.N. Women’s Educational Institute,Ghazipur,Uttar Pradesh
G.N.W. Socity's Arts and Commerce First Grade College,,Karnataka
G.P. Government women's College,,Manipur
G.P.S. Degree College,,Uttar Pradesh
G.R. Damodaran Academy of Management,Coimbatore,Tamil Nadu
G.S. Arya Danya Mahavidyalaya,,Chhattisgarh
G.S. Ayurved Mahavidyalaya,,Maharashtra
G.S. College,Hatras,Uttar Pradesh
G.S. College of Commerce,,Maharashtra
G.S. College of Commerce & Economics,,Madhya Pradesh
G.S. College of Commerce and Economics,,Maharashtra
G.S. College of Science Arts & Commerce,,Maharashtra
G.S. Degree College,,Uttar Pradesh
G.S. Hindu Degree College,,Uttar Pradesh
G.S. Lohia College,Tinsukia,Assam
G.S. Mahavidyalaya,,Uttar Pradesh
G.S. Science College,,Karnataka
G.S. Tompe Arts Commerce  & Science College,,Maharashtra
G.S.D.N. Mahaviayalaya,,Uttar Pradesh
G.S.M. College of Advance Education,,Uttar Pradesh
G.S.R.M. Memorial Degree College,,Uttar Pradesh
G.T. Patil Arts Commerce and Science College,,Maharashtra
G.T.N. Arts College,,Tamil Nadu
G.T.P. College of Education for Women,Warangal,Andhra Pradesh
G.T.R.M. Govt. Degree College,Kurnool,Andhra Pradesh
G.V. College of Education,,Rajasthan
G.V.S.M. Govt. Degree College,Prakasam,Andhra Pradesh
Gadadhar Shlok Mahavidyalaya,,Uttar Pradesh
Gadibrahma College,,Odisha
Gadibrahma Women’s College,,Odisha
Gagan College of Management & Technology,,Uttar Pradesh
Gagan Mahavidyalaya,Aligarh,Uttar Pradesh
Gairul Nisha Girls Degree College,,Uttar Pradesh
Gajadhar Bhagat College,Bhagalpur,Bihar
Gajadhar Singh Mahavidyalaya,Ghazipur,Uttar Pradesh
Gajraj Singh Memorial Degree College,,Uttar Pradesh
Galaxy College of Education,Jammu,Jammu and Kashmir
Galsi Mahavidyalaya,,West Bengal
Galuguri Bapi Raju Degree College,East Godavari,Andhra Pradesh
Ganapathi Seethai Ammal College,Manamadurai,Tamil Nadu
Gandh Institute of Engineering & Technology,,Odisha
Gandhi Adarsh College,,Haryana
Gandhi Centenary B.T. College,,West Bengal
Gandhi Degree College,,Uttar Pradesh
Gandhi Degree College,Jhansi,Uttar Pradesh
Gandhi Engineering College,,Odisha
Gandhi Faizeam College,,Uttar Pradesh
Gandhi Girls College,,Rajasthan
Gandhi Gram College,Wardha,Maharashtra
Gandhi Institute for Education & Technology,,Odisha
Gandhi Institute for Technological Advancement,,Odisha
Gandhi Institute for Technology (GIFT),,Odisha
Gandhi Institute of Professional and Technical Studies,,Uttar Pradesh
Gandhi Mahavidyalaya,,Uttar Pradesh
Gandhi Mahavidyalaya,,Odisha
Gandhi Medical College,Bhopal,Madhya Pradesh
Gandhi Medical College,Hyderabad,Andhra Pradesh
Gandhi Memorial College,Kashmir,Jammu and Kashmir
Gandhi Memorial College of Education,Jammu,Jammu and Kashmir
Gandhi Memorial National College,,Haryana
Gandhi P.R. College,Bhopal,Madhya Pradesh
Gandhi Samarak Dev Nagri College,,Uttar Pradesh
Gandhi Shanti Niketan Degree College,,Uttar Pradesh
Gandhi Shatabdi Smarak Mahavidyalaya,,Uttar Pradesh
Gandhi Shikshan Bhavan's Smt. Surajba College of Education,,Maharashtra
Gandhi Smarak Degree College,,Uttar Pradesh
Gandhi Smarak Triveni Mahavidyalaya,,Uttar Pradesh
Gandhi T.T College,,Rajasthan
Gandhi Vidya Niketan Degree College,,Uttar Pradesh
Gandhi Vocational College,Guna,Madhya Pradesh
Gandhigram Women’s B.Ed. College,Wardha,Maharashtra
Gandhinagar Charitable Trust Sanchalit Samarpan Arts & Commerce College,Gandhinagar,Gujarat
Ganesar College of Arts & Science,,Tamil Nadu
Ganesh Baksh Harvansh Bahadur Mahvidyalaya,Rae Bareli,Uttar Pradesh
Ganesh College of Engineering,Salem,Tamil Nadu
Ganesh Prasad Sailesh Kumar Mahavidyalay,Bara Banki,Uttar Pradesh
Ganesh Shankar vidyarthi Memorial Medical College,,Uttar Pradesh
Ganga Degree College,,Uttar Pradesh
Ganga Devi Kapil Dev Tiwari Mahavidyalaya,Sant Kabir Nagar,Uttar Pradesh
Ganga Devi Lal Bahadur Degree College,Bara Banki,Uttar Pradesh
Ganga Devi Mahila College,Patna,Bihar
Ganga Devi Ram Sajeevan  Mahavidyalaya,,Uttar Pradesh
Ganga Devi Yadav Memorial Mahila Mahavidyalaya.,Bara Banki,Uttar Pradesh
Ganga Gauri Mahavidyalaya,,Uttar Pradesh
Ganga Institute of Architecture and Town Planning,Jhajjar,Haryana
Ganga Institute of Education,Jhajjar,Haryana
Ganga Institute of Technology and Management,Jhajjar,Haryana
Ganga Prasad Mahavidyalaya,Mirzapur,Uttar Pradesh
Ganga Ram Seth Degree College,Shahjahanpur,Uttar Pradesh
Ganga Shyodan Singh Kanya Mahavidyalaya,,Uttar Pradesh
Ganga Singh College,Chhatarpur,Bihar
Ganga Singh Mahavidyalaya,,Uttar Pradesh
Ganga Singh Mahavidyalaya,,Uttar Pradesh
Gangadharpur Mahavidyalaya,,West Bengal
Gangadharpur Shikshan Mandir,,West Bengal
Gangamai Education Trust's Arts Commerce and Science College,,Maharashtra
Gangarampur College,,West Bengal
Gangasheel Mahavidyalaya,Bareilly,Uttar Pradesh
Gangasheel School of Nursing,Bareilly,Uttar Pradesh
Gangavathi Bhagyamma Memorial Rural College,,Karnataka
Gangotri Devi Mahila Degree College,,Uttar Pradesh
Ganjam College,,Odisha
Ganjam Law College,Ganjam,Odisha
Ganjdundwara College,,Uttar Pradesh
Ganji Prasad Mahavidyalaya,Chandauli,Uttar Pradesh
Ganna Kisan Mahavidyalaya,,Uttar Pradesh
Ganna Krashak Mahavidyalaya,Hardoi,Uttar Pradesh
Ganna Krishak PG Degree College,,Uttar Pradesh
Ganna Utpadak Mahavidyalaya,,Uttar Pradesh
Ganpath Sehay Degree College,,Uttar Pradesh
Ganpatrao Arawade College of Commerce,,Maharashtra
Garden City College of Science & Mangement Studies,Bangalore,Karnataka
Gargaon College,Sivaganga,Assam
Gargi College,,Delhi
Garhbeta College,,West Bengal
Gate Degree College,,Andhra Pradesh
Gate Institute of Technology and Management Sciences,,Andhra Pradesh
Gates Institute of Technology,Anantapur,Andhra Pradesh
Gauhati College,Kamrup,Assam
Gaur Brahman College of Education,,Haryana
Gaur Brahman Degree College,,Haryana
Gaura Devi Mahila Mahavidyalaya,Basti,Uttar Pradesh
Gaurav B.T.C. Mahila College,,Uttar Pradesh
Gaurav Mahavidyalaya,Varanasi,Uttar Pradesh
Gauri Bhaiya Mahavidyalaya,Ballia,Uttar Pradesh
Gauri Shankar Dwivedi Mahavidyalaya,,Uttar Pradesh
Gauri Shankar Girls Degree College,,Uttar Pradesh
Gauri Shankar Mahavidyalaya,,Uttar Pradesh
Gauri Shanker Rai Kanya Mahavidyalaya,,Uttar Pradesh
Gaurishankar (G.S.) Mahavidyalaya,Jaunpur,Uttar Pradesh
Gautam Buddh Mahavidyalaya,,Uttar Pradesh
Gautam Buddha Degree College,,Uttar Pradesh
Gautam Buddha Girls Degree College,,Uttar Pradesh
Gautam Buddha Girls Degree College,,Uttar Pradesh
Gautam Buddha Mahavidyalaya,,Uttar Pradesh
Gautam Budh Government Degree College,,Uttar Pradesh
Gautam Budh Mahavidyalaya,,Uttar Pradesh
Gautam Budh Teachers Training College,Nalanda,Bihar
Gautam Budha Mahavidyalaya,,Uttar Pradesh
Gautam Budha Mahila Mahavidyalaya,,Uttar Pradesh
Gautam Girls College,,Himachal Pradesh
Gautam Teacher’s Training College,Nalanda,Bihar
Gautama Buddha Balika Mahavidyalaya,,Uttar Pradesh
Gaya College,Gaya,Bihar
Gaya Prasad Mahavidyalaya,Chitrakoot,Uttar Pradesh
Gaya Prasad Smarak Government Mahila Degree College,,Uttar Pradesh
Gaya Prasad Verma Mahavidyalaya,,Uttar Pradesh
Gayadeen Maurya Smriti Mahavidyalaya,,Uttar Pradesh
Gayadei Mahila Mahavidyalaya,,Uttar Pradesh
Gayathri College of Science & Management,Srikakulam,Andhra Pradesh
Gayatree Vidyapeeth Degree College,,Uttar Pradesh
Gayatri Devi College of Education,,Uttar Pradesh
Gayatri Devi Degree College,Gorakhpur,Uttar Pradesh
Gayatri Mahavidyalaya,,Uttar Pradesh
Gayatri Smarak Mahavidyalaya,Aligarh,Uttar Pradesh
Gayatri Vidya Parishad College for Degree and P.G Courses (Autonomous),Visakapatnam,Andhra Pradesh
Gayatri Vidya Parishad College of Engineering,Visakhapatnam,Andhra Pradesh
Gayatri Vidya Parishad College of Engineering for Women,Visakhapatnam,Andhra Pradesh
Gazole Mahavidyalaya,Maldah,West Bengal
GD Rungta College of Science and Technology,bhilai,Chhattisgarh
GDMM College of Engineering and Technology,Krishna,Andhra Pradesh
Geeta Singh Mahila Mahavidyalaya,,Uttar Pradesh
Geetanjali B.Ed. College,,Rajasthan
Geetanjali College of Pharmacy,Rangareddy,Telangana
Geetanjali Institute of Technical Studies,Udaipur,Rajasthan
Geethanjali College of Engineering & Technology,,Telangana
Geethanjali Institute of Science & Technology,Sri Potti Sriramulu Nellore,Andhra Pradesh
Gelakey College,Sivasagar,Assam
GEMS Arts and Science College,Malappuram,Kerala
General Shivdev Singh Diwan Gurbachan  Singh Khalsa College,,Punjab
General Zorawar Singh Memorial Degree College,Jammu,Jammu and Kashmir
Ghana Kanta Borah College,Jorhat,Assam
Ghanakanta Baruah College,Morigaon,Assam
Ghanshyam Urvashi Mahvidyalaya,Allahabad,Uttar Pradesh
Ghanteswar Degree College,,Odisha
Ghatshila College,,Jharkhand
Ghess College,,Odisha
Ghoshpukur College,Darjiling,West Bengal
Ghousia College of Engineering,,Karnataka
Ghulam Nabi Azad Arts Commerce & Science College,,Maharashtra
Ghuna Devi College,Ballia,Uttar Pradesh
Giani Gurbaksh Singh D.A.V. Centenary College,,Punjab
GIET Degree College,,Andhra Pradesh
GIET Degree College,East Godavari,Andhra Pradesh
GIET Engineering College,,Andhra Pradesh
GIET School of Pharmacy,,Andhra Pradesh
Gill Institute of Higher Education,amroha,Uttar Pradesh
Gindo Devi Girls College,,Uttar Pradesh
Ginni Devi Modi Girls' P.G. College,,Uttar Pradesh
Ginnidevi Satyanarayan Sekhsarai Girls (P.G) College,,Rajasthan
Girand Singh Memorial Degree College,Moradabad,Uttar Pradesh
Girdari Lal Dogra Memorial Degree College,Jammu,Jammu and Kashmir
Giridih College,,Jharkhand
Girija Devi Degree College,Farrukhabad,Uttar Pradesh
Girijananda Chowdhury Institute of Management and Technology (GIMT),Sonitpur,Assam
Girijananda Chowdhury Institute of Management and Technology (GIMT),,Assam
Girijananda Chowdhury Institute of Pharmaceutical Science,,Assam
Girish Narayan Mishra College,Rohtas,Bihar
Girls Degree College,,Uttar Pradesh
Girls’ College,Kokrajhar,Assam
Girraj Govt. College,,Telangana
Gita Vidya Mandir Girls College,,Haryana
Gitarattan International Business School,,Delhi
Global Academy of Technology,Bangalore,Karnataka
Global College of Pharmacy,,Telangana
Global Educare Foundation’s Global College of Business Administration,hubli,Karnataka
Global Group of Institutes,Amritsar,Punjab
Global Institute of Education,,Uttar Pradesh
Global Institute of Engineering & Technology,Rangareddy,Telangana
Global Institute of Engineering and Technology,Vellore,Tamil Nadu
Global Institute of Management Sciences,,Karnataka
Glorious College of Management & Technology,Bareilly,Uttar Pradesh
GLS (Induben & Ratilal K. Desai) Institute of Computer Applications,,Gujarat
GLS (J.P. Shah) Institute of Business Administration,,Gujarat
GM Institute of Technology,Davanagere,Karnataka
GMDC Sponsored MV & MP Ramani Arts & R K Khetani Commerce College,Kachchh,Gujarat
GMR Institute of Technology,Srikakulam,Andhra Pradesh
Gnanam School of Business,Thanjavur,Tamil Nadu
Gnanamani College of Education,,Tamil Nadu
Gnanamani College of Engineering,Namakkal,Tamil Nadu
Gnanamani College of Technology,Namakkal,Tamil Nadu
Gnanamani Institute of Management Studies,,Tamil Nadu
Goa College of Architecture,,Goa
Goa College of Home Science,,Goa
Goa College of Music,,Goa
Goa College of Pharmacy,,Goa
Goa Medical College,,Goa
Goa Vidya Prasarak Mandal’s Dr. Dada Vaidya College of Education,,Goa
Goa Vidyaprasarak Mandal’s Gopal Govind Poy Raiturcar College of Commerce and Economics,,Goa
Goalpara College,Goalpara,Assam
Gobardanga Hindu College,,West Bengal
Gobi Arts And Science College,Erode,Tamil Nadu
Gobind Ballabh Pant Degree College,,Uttar Pradesh
Gobinda Prasad Mahavidyalaya,Bankura,West Bengal
Gobindgarh Public College,,Punjab
Gochar Mahavidyalaya,,Uttar Pradesh
Godavari Foundation’s Dr. Ulhas Patil Homoeopathic Medical College & Hospital,Jalgaon,Maharashtra
Godavari Foundation’s Godavari College of Engineering,Jalgaon,Maharashtra
Godavari Institute of Engineering & Technology,East Godavari,Andhra Pradesh
Godda College,,Jharkhand
Goel Institute Higher Studies Mahavidyalaya,Lucknow,Uttar Pradesh
Goenka College of Commerce & Business Administration,,West Bengal
Gogamukh College,Dhemaji,Assam
Gojan School of Business and Technology,,Tamil Nadu
Gokahle Education Society’s Dr. T.K. Tope Arts and Commerce Night (Senior) College,,Maharashtra
Gokaraju Rangaraju College of Pharmacy,,Telangana
Gokaraju Rangaraju Institute of Engineering & Technology,,Telangana
Gokhale Centenary College,,Karnataka
Gokhale Education Society's B.Y.K.(Sinnai) College of Commerce,,Maharashtra
Gokhale Education Society’s Arts Commerce and Science College,,Maharashtra
Gokhale Education Society’s Arts Commerce and Science College,Palghar,Maharashtra
Gokhale Education Society’s N.B. Mehta (Valwada) Science College,,Maharashtra
Gokhale Education Society’s Shri Bhausaheb Vartak Arts Commerce & Science College,,Maharashtra
Gokhale Education Society’s Shrimati Manjulabai Raojisa Kashatriya Arts Fine-Arts Babubhai Kapdia Commerce and Athawale-Kulkarni Home Science Mahila Mahavidyalaya,,Maharashtra
Gokhale Memorial Girls' College,,West Bengal
Gokhul Karpoori Phuleshwari Degree College,Samastipur,Bihar
Gokul Babu Degree College,Jodhpur,Rajasthan
Gokul Das Hindu Girls College,,Uttar Pradesh
Gokul Kelvani Mandal Sanchalit Gardi Arts and Commerce College,,Gujarat
Gokul Prabhati Ruler College,,Odisha
Gokula Krishna College of Engineering,,Andhra Pradesh
Gokula Krishna College of Pharmacy,,Andhra Pradesh
Golaghat Commerce College,Golaghat,Assam
Golaghat Law College,Golaghat,Assam
Gold Field College of Education,Bangarpet,Karnataka
Gondal Nagarpalika Sanchalit Mahila Arts Commerce and Home Science College,gondal,Gujarat
Gonna Institute of Information Technology,Visakhapatnam,Andhra Pradesh
Gonzaga College of Arts and Science for Women,Krishnagiri,Tamil Nadu
Goodwill Christian College for Women,,Karnataka
Gop College,,Odisha
Gopabandhu Ayurvedic Mahavidyalaya,,Odisha
Gopabandhu Choudhury College,,Odisha
Gopabandhu Science College,,Odisha
Gopal Chandra Memorial College of Education,,West Bengal
Gopal Krishna Gokhale College,,Maharashtra
Gopal Rao Patel Govt. Degree College,,Telangana
Gopalan College of Engineering and Management,Bangalore,Karnataka
Gopaldas Jhamatmal Advani Law College,,Maharashtra
Gopalganj Mahila Mahavidyalaya,Gopalganj,Bihar
Gopalji Mahavidyalaya,,Uttar Pradesh
Gopalpur College,,Odisha
Gopeshwar College,Gopalganj,Bihar
Gopi Krishan Piramal T.T. College,,Rajasthan
Gopichand Arya Mahila College,,Punjab
Gopikabai Sita Ram Gawaride Arts & Commerce College,,Maharashtra
Gopilal Murlidhar Sanghi College Commerce,,Telangana
Gopinath Mahavidyalaya,,Uttar Pradesh
Gopinath Singh Mahila Mahavidyalaya,,Jharkhand
Gorakshpithadhishwar Mahant Awedynath Mahavidyalaya,,Uttar Pradesh
Goreswar College,Kamrup,Assam
Gori Devi Government College For Women,,Rajasthan
Gorubathan Government College,,West Bengal
Gorumahisani Iron College,,Odisha
Gossaigaon B.Ed College  Nepalpara (Habrubil),Kokrajhar,Assam
Gossaigaon College,Kokrajhar,Assam
Gossner College,,Jharkhand
Goswami Ganesh Dutta S.D. College,,Chandigarh
Goswami Ganesh Dutta Sanatan Dharma College,Patiala,Punjab
Goswami Tulsidas Rajkiya Mahavidyalaya,,Uttar Pradesh
Gour Mahavidyalaya,,West Bengal
Gour Mohan Roy College,,West Bengal
Gourav Guin Memorial College,,West Bengal
Gourmohan Sanchin Mandal Mahavidyalaya,,West Bengal
Gouthami Institute of Technology and Management for Women,,Andhra Pradesh
Goverdhan Das Binnani Mahavidyalaya,,Uttar Pradesh
Governement Degree College,,Uttar Pradesh
Governemnt College,,Kerala
Governemnt College Jawalaji,Kangra,Himachal Pradesh
Governemnt College of Education,,Maharashtra
Governemnt D.B. Girl's Postgraduate College,,Chhattisgarh
Governemnt Degree College,,Uttarakhand
Governemnt Girls Degree College,,Uttar Pradesh
Governemnt Sanskrit College,Patna,Bihar
Governemnt Teacher's Training College,Saharsa,Bihar
Governemnt Victoria College,,Kerala
Government  College for Women,,Kerala
Government  Degree College,,Uttarakhand
Government  Degree College,Sehore,Madhya Pradesh
Government  Degree College,Warangal,Telangana
Government  Science College,,Karnataka
Government (Shaskiya) College,Tikamgarh,Madhya Pradesh
Government Adarsh Girls College,Sheopur,Madhya Pradesh
Government Arts & Commerce College,Junagadh,Gujarat
Government Arts & Commerce College,Surat,Gujarat
Government Arts & Commerce College,Bharuch,Gujarat
Government Arts & Commerce College,Tapi,Gujarat
Government Arts & Commerce College,,Gujarat
Government Arts & Commerce College,,Gujarat
Government Arts & Commerce College,,Gujarat
Government Arts & Commerce College,,Gujarat
Government Arts & Commerce College,,Gujarat
Government Arts & Science College,,Tamil Nadu
Government Arts & Science College,,Tamil Nadu
Government Arts & Science College,,Kerala
Government Arts & Science College,Thoothukkudi,Tamil Nadu
Government Arts & Science College,,Punjab
Government Arts & Science College,Palakkad,Kerala
Government Arts & Science College,Krishnagiri,Tamil Nadu
Government Arts & Science College,,Tamil Nadu
Government Arts & Science College,Thrissur,Kerala
Government Arts & Science College,Perambalur,Tamil Nadu
Government Arts & Science College,,Kerala
Government Arts & Science College for Women,Coimbatore,Tamil Nadu
Government Arts & Science College for Women,,Tamil Nadu
Government Arts & Science College,Tirupur,Tamil Nadu
Government Arts and Commerce College,Amreli,Gujarat
Government Arts and Commerce College,,Gujarat
Government Arts and Commerce College,,Madhya Pradesh
Government Arts and Commerce College,,Gujarat
Government Arts and Commerce College,Anand,Gujarat
Government Arts and Commerce College,,Gujarat
Government Arts and Commerce College,Sabar Kantha,Gujarat
Government Arts and Commerce College,,Gujarat
Government Arts and Commerce College,,Gujarat
Government Arts and Science,Chennai,Tamil Nadu
Government Arts and Science College,,Tamil Nadu
Government Arts and Science College,Palakkad,Kerala
Government Arts and Science College,,Tamil Nadu
Government Arts and Science College,Virudhunagar,Tamil Nadu
Government Arts and Science College,Palakkad,Kerala
Government Arts and Science College,Tiruppur,Tamil Nadu
Government Arts and Science College,Alappuzha,Kerala
Government Arts and Science College,,Madhya Pradesh
Government Arts and Science College,Panch Mahals,Gujarat
Government Arts and Science College,Ramanathapuram,Tamil Nadu
Government Arts and Science College,Ernakulam,Kerala
Government Arts and Science College,Namakkal,Tamil Nadu
Government Arts and Science College,Kozhikode,Kerala
Government Arts and Science College,Kozhikode,Kerala
Government Arts and Science College,,Kerala
Government Arts and Science College,Erode,Tamil Nadu
Government Arts and Science College,,Kerala
Government Arts and Science College,Thrissur,Kerala
Government Arts and Science College for Women,Malappuram,Kerala
Government Arts and Science College for Women,Dharmapuri,Tamil Nadu
Government Arts and Science College,Malappuram,Kerala
Government Arts and Science College,,Gujarat
Government Arts and Science College,,Tamil Nadu
Government Arts and Science College,Patan,Gujarat
Government Arts College,Kota,Rajasthan
Government Arts College,Narmada,Gujarat
Government Arts College,,Gujarat
Government Arts College,Panch Mahals,Gujarat
Government Arts College,,Gujarat
Government Arts College,,Gujarat
Government Arts College,Coimbatore,Tamil Nadu
Government Arts College,,Tamil Nadu
Government Arts College,,Gujarat
Government Arts College,,Tamil Nadu
Government Arts College,,Gujarat
Government Arts College,,Tamil Nadu
Government Arts College,,Gujarat
Government Arts College,Coimbatore,Tamil Nadu
Government Arts College,Nilgiri,Tamil Nadu
Government Arts College,,Gujarat
Government Arts College,,Gujarat
Government Arts College,,Tamil Nadu
Government Arts College,,Tamil Nadu
Government Arts College,,Gujarat
Government Arts College,Banas Kantha,Gujarat
Government Arts College,Salem,Tamil Nadu
Government Arts College,,Gujarat
Government Arts College,,Gujarat
Government Arts College,,Madhya Pradesh
Government Arts College,,Tamil Nadu
Government Arts College,,Tamil Nadu
Government Arts College,,Tamil Nadu
Government Arts College,Sikar,Rajasthan
Government Arts College,,Gujarat
Government Arts College,,Gujarat
Government Arts College,Valsad,Gujarat
Government Arts College,Karur,Tamil Nadu
Government Arts College,,Gujarat
Government Arts College,,Gujarat
Government Arts College for Men,,Tamil Nadu
Government Arts College for Women,,Tamil Nadu
Government Arts College for Women,Salem,Tamil Nadu
Government Arts College for Women,,Tamil Nadu
Government Arts College for Women,,Tamil Nadu
Government Arts Girls College,Kota,Rajasthan
Government Arts Science & Commerce College,,Chhattisgarh
Government Arts Commerce & Postgraduate College,,Karnataka
Government Arts Science and Commerce College,Raigarh,Chhattisgarh
Government Arya Degree College,Kangra,Himachal Pradesh
Government Ayurved Mahavidyalaya,,Maharashtra
Government Ayurvedic College,Hyderabad,Andhra Pradesh
Government B.Ed College,,Gujarat
Government B.Ed. College,,Gujarat
Government B.Ed. Training College,,Odisha
Government Bangur College,,Rajasthan
Government Bangur P.G. College,,Rajasthan
Government Bikram College of Commerce,,Punjab
Government Brennen College of Teacher Education,,Kerala
Government Brijindra College,,Punjab
Government City College,,Telangana
Government College,,Rajasthan
Government College,,Rajasthan
Government College,,Haryana
Government College,,Haryana
Government College,Ashoknagar,Madhya Pradesh
Government College,Balrampur,Chhattisgarh
Government College,Sehore,Madhya Pradesh
Government College,Papum Pare,Arunachal Pradesh
Government College,Shivpuri,Madhya Pradesh
Government College,Sehore,Madhya Pradesh
Government College,Bikaner,Rajasthan
Government College,Bhind,Madhya Pradesh
Government College,Sheopur,Madhya Pradesh
Government College,,Arunachal Pradesh
Government College,Moradabad,Uttar Pradesh
Government College,,Haryana
Government College,,Haryana
Government College,Ashoknagar,Madhya Pradesh
Government College,Panchkula,Haryana
Government College,Bhind,Madhya Pradesh
Government College,Sagar,Madhya Pradesh
Government College,Morena,Madhya Pradesh
Government College,Morena,Madhya Pradesh
Government College,,Haryana
Government College,Sheopur,Madhya Pradesh
Government College,Ashoknagar,Madhya Pradesh
Government College,,Haryana
Government College,Hoshangabad,Madhya Pradesh
Government College,Jhunjhunun,Rajasthan
Government College,,Kerala
Government College,Jabalpur,Madhya Pradesh
Government College,Gwalior,Madhya Pradesh
Government College,,Haryana
Government College,,Haryana
Government College,Faridabad,Haryana
Government College,Jaisalmer,Rajasthan
Government College,Sheopur,Madhya Pradesh
Government College,Lower Subansiri,Arunachal Pradesh
Government College,Sehore,Madhya Pradesh
Government College,,Chhattisgarh
Government College,Mandi,Himachal Pradesh
Government College,Bilaspur,Himachal Pradesh
Government College,Raisen,Madhya Pradesh
Government College,Shivpuri,Madhya Pradesh
Government College,Ashoknagar,Madhya Pradesh
Government College,Vidisha,Madhya Pradesh
Government College,Hisar,Haryana
Government College,,Kerala
Government College,Surajpur,Chhattisgarh
Government College,,Odisha
Government College,Hamirpur,Himachal Pradesh
Government College,Kurukshetra,Haryana
Government College,Datia,Madhya Pradesh
Government College,Hassan,Karnataka
Government College,Jhajjar,Haryana
Government College,,Kerala
Government College,Vidisha,Madhya Pradesh
Government College,Satna,Madhya Pradesh
Government College,Gwalior,Madhya Pradesh
Government College,Kabeerdham,Chhattisgarh
Government College,Churu,Rajasthan
Government College,,Himachal Pradesh
Government College,,Punjab
Government College,,Punjab
Government College,,Chhattisgarh
Government College,,Punjab
Government College,,Punjab
Government College,,Himachal Pradesh
Government College,,Himachal Pradesh
Government College,,Kerala
Government College,,Rajasthan
Government College,,Haryana
Government College,,Haryana
Government College,,Haryana
Government College,,Kerala
Government College,,Himachal Pradesh
Government College,,Rajasthan
Government College,Alwar,Rajasthan
Government College,,Rajasthan
Government College,,Himachal Pradesh
Government College,,Himachal Pradesh
Government College,,Rajasthan
Government College,,Rajasthan
Government College,,Madhya Pradesh
Government College,,Odisha
Government College,,Rajasthan
Government College,,Himachal Pradesh
Government College,,Madhya Pradesh
Government College,Balod,Chhattisgarh
Government College,,Rajasthan
Government College,,Rajasthan
Government College,Shimla,Himachal Pradesh
Government College,,Himachal Pradesh
Government College,,Himachal Pradesh
Government College,,Rajasthan
Government College,,Himachal Pradesh
Government College,,Rajasthan
Government College,,Himachal Pradesh
Government College,,Rajasthan
Government College,,Rajasthan
Government College,,Himachal Pradesh
Government College,,Rajasthan
Government College,,Himachal Pradesh
Government College,,Punjab
Government College,Udaipur,Rajasthan
Government College,Raisen,Madhya Pradesh
Government College,Damoh,Madhya Pradesh
Government College,,Rajasthan
Government College,,Rajasthan
Government College,,Odisha
Government College,,Rajasthan
Government College,Rewari,Haryana
Government College,Wayanad,Kerala
Government College,,Odisha
Government College,Sehore,Madhya Pradesh
Government College,,Punjab
Government College,,Punjab
Government College,,Rajasthan
Government College,,Punjab
Government College,Udaipur,Rajasthan
Government College,,Odisha
Government College,Jashpur,Chhattisgarh
Government College,,Rajasthan
Government College,Jaipur,Rajasthan
Government College,,Kerala
Government College,Bhind,Madhya Pradesh
Government College,,Uttar Pradesh
Government College,,Uttar Pradesh
Government College,Jodhpur,Rajasthan
Government College,,Chhattisgarh
Government College,Sehore,Madhya Pradesh
Government College,,Chhattisgarh
Government College,Korba,Chhattisgarh
Government College,Bilaspur,Himachal Pradesh
Government College,Durg,Chhattisgarh
Government College,Betul,Madhya Pradesh
Government College,,Rajasthan
Government College,Rewari,Haryana
Government College,,Kerala
Government College,,Rajasthan
Government College,,Uttar Pradesh
Government College,Churu,Rajasthan
Government College,Chittaurgarh,Rajasthan
Government College,Hoshangabad,Madhya Pradesh
Government College,,Haryana
Government College,Vidisha,Madhya Pradesh
Government College,Raigarh,Chhattisgarh
Government College,,Rajasthan
Government College,Raisen,Madhya Pradesh
Government College,Rohtak,Haryana
Government College,Yamunanagar,Haryana
Government College,Hamirpur,Himachal Pradesh
Government College,Ratlam,Madhya Pradesh
Government College,Mandi,Himachal Pradesh
Government College,,Chhattisgarh
Government College,,Chhattisgarh
Government College,Surajpur,Chhattisgarh
Government College,Khandwa,Madhya Pradesh
Government College,balrampur-ramanujganj,Chhattisgarh
Government College,,Chhattisgarh
Government College,,Haryana
Government College,Betul,Madhya Pradesh
Government College,Kota,Rajasthan
Government College,,Punjab
Government College,Barmer,Rajasthan
Government College,,Rajasthan
Government College,,Rajasthan
Government College,,Rajasthan
Government College,Pali,Rajasthan
Government College,Raigarh,Chhattisgarh
Government College,,Madhya Pradesh
Government College,Sirmaur,Himachal Pradesh
Government College,,Rajasthan
Government College,,Rajasthan
Government College,,Karnataka
Government College,,Rajasthan
Government College,,Rajasthan
Government College,,Chhattisgarh
Government College,,Madhya Pradesh
Government College,Surajpur,Chhattisgarh
Government College,Mahendragarh,Haryana
Government College,Udaipur,Rajasthan
Government College,Rewa,Madhya Pradesh
Government College,Betul,Madhya Pradesh
Government College,,Madhya Pradesh
Government College,Jabalpur,Madhya Pradesh
Government College,,Punjab
Government College,Bilaspur,Chhattisgarh
Government College,,Uttar Pradesh
Government College for Girls,,Haryana
Government College For Girls,,Punjab
Government College for Girls,Sirsa,Haryana
Government College for Girls,Kurukshetra,Haryana
Government College for Men,,Tamil Nadu
Government College for Men,Kurnool,Andhra Pradesh
Government College for Women,Rewari,Haryana
Government College for Women,Rewari,Haryana
Government College for Women,,Haryana
Government College for Women,Bhiwani,Haryana
Government College for Women,Hisar,Haryana
Government College for Women,Ambala,Haryana
Government College for Women,,Haryana
Government College for Women,,Telangana
Government College for Women,Jammu,Jammu and Kashmir
Government College for Women,Sirsa,Haryana
Government College for Women,,Tamil Nadu
Government College for Women,,Karnataka
Government College for Women,Chikkaballapura,Karnataka
Government College of Arts,,Chandigarh
Government College of Arts & Craft,,Tripura
Government College of Arts & Science,,Maharashtra
Government College of Commerce & Economics,,Goa
Government College of Education,,Tamil Nadu
Government College of Education,,Tamil Nadu
Government College of Education,,West Bengal
Government College of Education,,Tamil Nadu
Government College of Education,,Punjab
Government College of Education,,West Bengal
Government College of Education,,Punjab
Government College of Education,,Maharashtra
Government College of Education,,Maharashtra
Government College of Education,Chandigarh,Chandigarh
Government College of Engineering,Nagpur,Maharashtra
Government College of Engineering,,Maharashtra
Government College of Engineering,,Kerala
Government College of Engineering,Tirunelveli,Tamil Nadu
Government College of Engineering,,Kerala
Government College of Engineering,,Tamil Nadu
Government College of Engineering,Salem,Tamil Nadu
Government College of Engineering,Salem,Tamil Nadu
Government College of Engineering,,Maharashtra
Government College of Engineering,,Odisha
Government College of Engineering,,Odisha
Government College of Engineering,,Odisha
Government College of Engineering,,Maharashtra
Government College of Engineering & Ceramic Technology,,West Bengal
Government College of Engineering & Technology,Jammu,Jammu and Kashmir
Government College of Engineering and Leather Technology,,West Bengal
Government College of Nursing,Hyderabad,Andhra Pradesh
Government College of Pharmacy,Satara,Maharashtra
Government College of Pharmacy,Amravati,Maharashtra
Government College of Physical Education,,Odisha
Government College of Physical Education,,Kerala
Government College of Physical Education for Women,,West Bengal
Government College of Pysical Education,,Telangana
Government College of Teacher Education,,Kerala
Government College of Technology,Coimbatore,Tamil Nadu
Government College Peringome,Kannur,Kerala
Government College Ramganjmandi,Kota,Rajasthan
Government College Sangrah,Sirmaur,Himachal Pradesh
Government College Sarona (Salhebhata),,Chhattisgarh
Government College,Jhajjar,Haryana
Government College  Makronia Bujurg,,Madhya Pradesh
Government College  Rajgarh,,Rajasthan
Government College,Sirmaur,Himachal Pradesh
Government College  Jodhpur,Jodhpur,Rajasthan
Government College Bali,Pali,Rajasthan
Government College Gharghoda,Raigarh,Chhattisgarh
Government College Kotri,,Chhattisgarh
Government College Rajpur Dist. Balrampur – 497 118,Balrampur,Chhattisgarh
Government Commerce College,,Gujarat
Government Commerce College,Sikar,Rajasthan
Government Commerce College,,Rajasthan
Government Commerce College D,Jamnagar,Gujarat
Government D.B.K.K. Singh Arts & Commerce College,,Chhattisgarh
Government D.S.V. Sanskrit College,,Chhattisgarh
Government Danteshwari Girls College,,Chhattisgarh
Government Danteshwari P.G. College,Bastar,Chhattisgarh
Government Darbar Shastri Sanskrit College,,Rajasthan
Government Degree  College,Shimla,Himachal Pradesh
Government Degree  College,,Madhya Pradesh
Government Degree College,,Uttar Pradesh
Government Degree College,Jammu,Jammu and Kashmir
Government Degree College,,Uttar Pradesh
Government Degree College,,Jammu and Kashmir
Government Degree College,,Andhra Pradesh
Government Degree College,Kangra,Himachal Pradesh
Government Degree College,,Telangana
Government Degree College,,Jammu and Kashmir
Government Degree College,West Godavari,Andhra Pradesh
Government Degree College,Kashmir,Jammu and Kashmir
Government Degree College,Jammu,Jammu and Kashmir
Government Degree College,Hyderabad,Telangana
Government Degree College,Jammu,Jammu and Kashmir
Government Degree College,Mandi,Himachal Pradesh
Government Degree College,Pulwama,Jammu and Kashmir
Government Degree College,Dhalai,Tripura
Government Degree College,Anantapur,Andhra Pradesh
Government Degree College,Baramula,Jammu and Kashmir
Government Degree College,Kulgam,Jammu and Kashmir
Government Degree College,Kullu,Himachal Pradesh
Government Degree College,Kashmir,Jammu and Kashmir
Government Degree College,Guna,Madhya Pradesh
Government Degree College,Nizamabad,Telangana
Government Degree College,Bandipore,Jammu and Kashmir
Government Degree College,Kashmir,Jammu and Kashmir
Government Degree College,Kangra,Himachal Pradesh
Government Degree College,North Tripura,Tripura
Government Degree College,,Tripura
Government Degree College,Jammu,Jammu and Kashmir
Government Degree College,Dhalai,Tripura
Government Degree College,South Tripura,Tripura
Government Degree College,Sukma,Chhattisgarh
Government Degree College,Jammu,Jammu and Kashmir
Government Degree College,Mahbubnagar,Telangana
Government Degree College,,Jammu and Kashmir
Government Degree College,Kashmir,Jammu and Kashmir
Government Degree College,Mandi,Himachal Pradesh
Government Degree College,Kangra,Himachal Pradesh
Government Degree College,budgam,Jammu and Kashmir
Government Degree College,Baramula,Jammu and Kashmir
Government Degree College,Jammu,Jammu and Kashmir
Government Degree College,Udhampur,Jammu and Kashmir
Government Degree College,Medak,Telangana
Government Degree College,Nizamabad,Telangana
Government Degree College,Medak,Telangana
Government Degree College,East Godavari,Andhra Pradesh
Government Degree College,Hyderabad,Telangana
Government Degree College,Medak,Telangana
Government Degree College,Ghaziabad,Uttar Pradesh
Government Degree College,Sonbhadra,Uttar Pradesh
Government Degree College,Medak,Telangana
Government Degree College,Rajnandgaon,Chhattisgarh
Government Degree College,Mau,Uttar Pradesh
Government Degree College,Chandauli,Uttar Pradesh
Government Degree College,Krishna,Andhra Pradesh
Government Degree College,Jammu,Jammu and Kashmir
Government Degree College,Mandi,Himachal Pradesh
Government Degree College,Kashmir,Jammu and Kashmir
Government Degree College,Kashmir,Jammu and Kashmir
Government Degree College,Ladakh,Jammu and Kashmir
Government Degree College,Kashmir,Jammu and Kashmir
Government Degree College,Basti,Uttar Pradesh
Government Degree College,Jammu,Jammu and Kashmir
Government Degree College,Bulandshahr,Uttar Pradesh
Government Degree College,Kangra,Himachal Pradesh
Government Degree College,Jammu,Jammu and Kashmir
Government Degree college,Saharanpur,Uttar Pradesh
Government Degree College,Reasi,Jammu and Kashmir
Government Degree College,Khammam,Telangana
Government Degree College,Kashmir,Jammu and Kashmir
Government Degree College,Deoria,Uttar Pradesh
Government Degree College,Kashmir,Jammu and Kashmir
Government Degree College,Srikakulam,Andhra Pradesh
Government Degree College,Una,Himachal Pradesh
Government Degree College,Kashmir,Jammu and Kashmir
Government Degree College,Aligarh,Uttar Pradesh
Government Degree College,Jammu,Jammu and Kashmir
Government Degree College,Almora,Uttarakhand
Government Degree College,Solan,Himachal Pradesh
Government Degree College,Chamoli,Uttarakhand
Government Degree College,Kashmir,Jammu and Kashmir
Government Degree College,Samba,Jammu and Kashmir
Government Degree College,Kurnool,Andhra Pradesh
Government Degree College,Ramban,Jammu and Kashmir
Government Degree College,East Godavari,Andhra Pradesh
Government Degree College,Prakasam,Andhra Pradesh
Government Degree College,Sri Potti Sriramulu Nellore,Andhra Pradesh
Government Degree College,East Godavari,Andhra Pradesh
Government Degree College,Shimla,Himachal Pradesh
Government Degree College,West Godavari,Andhra Pradesh
Government Degree College,,Telangana
Government Degree College,Jammu,Jammu and Kashmir
Government Degree College,Kashmir,Jammu and Kashmir
Government Degree College,West Godavari,Andhra Pradesh
Government Degree College,Rangareddy,Telangana
Government Degree College,Jammu,Jammu and Kashmir
Government Degree College,Rangareddy,Telangana
Government Degree College,Almora,Uttarakhand
Government Degree College,Y.S.R.,Andhra Pradesh
Government Degree College,Pithoragarh,Uttarakhand
Government Degree College,East Godavari,Andhra Pradesh
Government Degree College,,Telangana
Government Degree College,Vizianagaram,Andhra Pradesh
Government Degree College,Nalgonda,Telangana
Government Degree College,Kushinagar,Uttar Pradesh
Government Degree College,Adilabad,Telangana
Government Degree College,Yadgir,Karnataka
Government Degree College,Dewas,Madhya Pradesh
Government Degree College,Kashmir,Jammu and Kashmir
Government Degree College,Visakhapatnam,Andhra Pradesh
Government Degree College,Mahbubnagar,Telangana
Government Degree College,West Godavari,Andhra Pradesh
Government Degree College,Rangareddy,Telangana
Government Degree College,Warangal,Telangana
Government Degree College,Kanpur Dehat,Uttar Pradesh
Government Degree College,Mandi,Himachal Pradesh
Government Degree College,,Andhra Pradesh
Government Degree College,Visakhapatnam,Andhra Pradesh
Government Degree College,Nizamabad,Telangana
Government Degree College,Kangra,Himachal Pradesh
Government Degree College,Hyderabad,Telangana
Government Degree College,,Telangana
Government Degree College,Warangal,Telangana
Government Degree College,Jammu,Jammu and Kashmir
Government Degree College,,Andhra Pradesh
Government Degree College,,Telangana
Government Degree College,Sirmaur,Himachal Pradesh
Government Degree College,Guntur,Andhra Pradesh
Government Degree College,Warangal,Telangana
Government Degree College,Medak,Telangana
Government Degree College,Garhwa,Uttarakhand
Government Degree College,Kashmir,Jammu and Kashmir
Government Degree College,East Godavari,Andhra Pradesh
Government Degree College,Nalgonda,Telangana
Government Degree College,Srikakulam,Andhra Pradesh
Government Degree College,North Tripura,Tripura
Government Degree College,Jammu,Jammu and Kashmir
Government Degree College,Warangal,Telangana
Government Degree College,Rangareddy,Telangana
Government Degree College,Rangareddy,Telangana
Government Degree College,Nizamabad,Telangana
Government Degree College,Adilabad,Telangana
Government Degree College,Hyderabad,Telangana
Government Degree College,Kullu,Himachal Pradesh
Government Degree College (Women),Kashmir,Jammu and Kashmir
Government Degree College for Women,Medak,Telangana
Government Degree College for Women,Hyderabad,Telangana
Government Degree College for Women,Medak,Telangana
Government Degree College for Women,Visakhapatnam,Andhra Pradesh
Government Degree College for Women,Adilabad,Telangana
Government Degree College for Women,Chittoor,Andhra Pradesh
Government Degree College Kanjinag,Pulwama,Jammu and Kashmir
Government Degree College Surankote,Jammu,Jammu and Kashmir
Government Degree College Tulail,Bandipore,Jammu and Kashmir
Government Degree College,Sirmaur,Himachal Pradesh
Government Degree College,Bandipore,Jammu and Kashmir
Government Degree College,Kathua,Jammu and Kashmir
Government Degree College,Nizamabad,Karnataka
Government Degree College.,Kangra,Himachal Pradesh
Government Degree College.,Kathua,Jammu and Kashmir
Government Degree Colllege,Mandi,Himachal Pradesh
Government Dental College & Hospital,Patiala,Punjab
Government Dental College And Hospital,Amritsar,Punjab
Government Dental College of Hospital,Nagpur,Maharashtra
Government Dhuleshwar Sanskrit College,Jaipur,Rajasthan
Government Digvijai College,Rajnandgaon,Chhattisgarh
Government Dungar College,,Rajasthan
Government Dy. S.P. Aman Thakur Memorial Degree College,,Jammu and Kashmir
Government Engineering College,Thrissur,Kerala
Government Engineering College,Chamarajanagar,Karnataka
Government Engineering College,Bellary,Karnataka
Government Engineering College,Banas Kantha,Gujarat
Government Engineering College,,Gujarat
Government Engineering College,Bharuch,Gujarat
Government Engineering College,Aravalli,Gujarat
Government Engineering College,Gandhinagar,Gujarat
Government Engineering College,Gandhinagar,Gujarat
Government Engineering College,Kachchh,Gujarat
Government Engineering College,Chandrapur,Maharashtra
Government Engineering College,Patna,Gujarat
Government Engineering College,Wayanad,Kerala
Government Engineering College,Bhavnagar,Gujarat
Government Engineering College,Valsad,Gujarat
Government Engineering College,Bilaspur,Chhattisgarh
Government Engineering College,Rajkot,Gujarat
Government Engineering College,Chandrapur,Maharashtra
Government Engineering College,Panch Mahals,Gujarat
Government Engineering College,Palakkad,Kerala
Government Engineering College,Kozhikode,Kerala
Government Engineering College,Thiruvananthapuram,Kerala
Government Evening College,Kozhikode,Kerala
Government First Grade Collage,Mandya,Karnataka
Government First Grade Collage,Bellary,Karnataka
Government First Grade Collage,Kodagu,Karnataka
Government First Grade Collage,Mysore,Karnataka
Government First Grade College,,Karnataka
Government First Grade College,,Karnataka
Government First Grade College,Uttara Kannada,Karnataka
Government First Grade College,Shimoga,Karnataka
Government First Grade College,Bagalkot,Karnataka
Government First Grade College,Mandya,Karnataka
Government First Grade College,Bangalore Rural,Karnataka
Government First Grade College,Dakshina Kannada,Karnataka
Government First Grade College,Hassan,Karnataka
Government First Grade College,Davanagere,Karnataka
Government First Grade College,Tumkur,Karnataka
Government First Grade College,Bangalore,Karnataka
Government First Grade College,Dakshina Kannada,Karnataka
Government First Grade College,Tumkur,Karnataka
Government First Grade College,Raichur,Karnataka
Government First Grade College,Mysore,Karnataka
Government First Grade College,Chitradurga,Karnataka
Government First Grade College,Shimoga,Karnataka
Government First Grade College,Davanagere,Karnataka
Government First Grade College,Shimoga,Karnataka
Government First Grade College,Bagalkot,Karnataka
Government First Grade College,Bangalore,Karnataka
Government First Grade College,Mysore,Karnataka
Government First Grade College,,Karnataka
Government First Grade College,Bangalore,Karnataka
Government First Grade College,Mandya,Karnataka
Government First Grade College,Chikmagalur,Karnataka
Government First Grade College,Ramanagara,Karnataka
Government First Grade College,,Karnataka
Government First Grade College,Chitradurga,Karnataka
Government First Grade College,,Karnataka
Government First Grade College,Mysore,Karnataka
Government First Grade College,,Karnataka
Government First Grade College,Chikmagalur,Karnataka
Government First Grade College,,Karnataka
Government First Grade College,Mysore,Karnataka
Government First Grade College,Bangalore,Karnataka
Government First Grade College,,Karnataka
Government First Grade College,,Karnataka
Government First Grade College,Raichur,Karnataka
Government First Grade College,Dharwad,Karnataka
Government First Grade College,Chitradurga,Karnataka
Government First Grade College,Kolar,Karnataka
Government First Grade College,Gulbarga,Karnataka
Government First Grade College,Uttara Kannada,Karnataka
Government First Grade College,Mysore,Karnataka
Government First Grade College,Ramanagara,Karnataka
Government First Grade College,Mysore,Karnataka
Government First Grade College,Mandya,Karnataka
Government First Grade College,Chamarajanagar,Karnataka
Government First Grade College,,Karnataka
Government First Grade College,Belgaum,Karnataka
Government First Grade College,Bangalore,Karnataka
Government First Grade College,,Karnataka
Government First Grade College,,Karnataka
Government First Grade College,,Karnataka
Government First Grade College,,Karnataka
Government First Grade College,Belgaum,Karnataka
Government First Grade College,Koppal,Karnataka
Government First Grade College,Mandya,Karnataka
Government First Grade College,,Karnataka
Government First Grade College,Chitradurga,Karnataka
Government First Grade College,Haveri,Karnataka
Government First Grade College,Bangalore,Karnataka
Government First Grade College,Chikmagalur,Karnataka
Government First Grade College,Dharwad,Karnataka
Government First Grade College,Mysore,Karnataka
Government First Grade College,Mandya,Karnataka
Government First Grade College,Davanagere,Karnataka
Government First Grade College,Chamarajanagar,Karnataka
Government First Grade College,Hassan,Karnataka
Government First Grade College,Bangalore,Karnataka
Government First Grade College,Bangalore,Karnataka
Government First Grade College,Chamarajanagar,Karnataka
Government First Grade College,Dakshina Kannada,Karnataka
Government First Grade College,,Karnataka
Government First Grade College,Hassan,Karnataka
Government First Grade College,Dakshina Kannada,Karnataka
Government First Grade College,Gadag,Karnataka
Government First Grade College,,Karnataka
Government First Grade College,Bagalkot,Karnataka
Government First Grade College,Bangalore,Karnataka
Government First Grade College,,Karnataka
Government First Grade College,Tumkur,Karnataka
Government First Grade College,Chikkaballapura,Karnataka
Government First Grade College,Chikkaballapura,Karnataka
Government First Grade College,Bangalore Rural,Karnataka
Government First Grade College,Bagalkot,Karnataka
Government First Grade College,Belgaum,Karnataka
Government First Grade College,Gulbarga,Karnataka
Government First Grade College,Haveri,Karnataka
Government First Grade College,Uttara Kannada,Karnataka
Government First Grade College,Bagalkot,Karnataka
Government First Grade College,Mandya,Karnataka
Government First Grade College,Kolar,Karnataka
Government First Grade College,Uttara Kannada,Karnataka
Government First Grade College,Uttara Kannada,Karnataka
Government First Grade College,Bidar,Karnataka
Government First Grade College,Uttara Kannada,Karnataka
Government First Grade College,Belgaum,Karnataka
Government First Grade College,Hassan,Karnataka
Government First Grade College,Gulbarga,Karnataka
Government First Grade College,Hassan,Karnataka
Government First Grade College,Raichur,Karnataka
Government First Grade College,uttar kannada,Karnataka
Government First Grade College,Tumkur,Karnataka
Government First Grade College,Davanagere,Karnataka
Government First Grade College,Bidar,Karnataka
Government First Grade College,Udupi,Karnataka
Government First Grade College,,Karnataka
Government First Grade College,Tumkur,Karnataka
Government First Grade College,,Karnataka
Government First Grade College,Bidar,Karnataka
Government First Grade College,Gulbarga,Karnataka
Government First Grade College,Ramanagara,Karnataka
Government First Grade College,Hassan,Karnataka
Government First Grade College,,Karnataka
Government First Grade College,Tumkur,Karnataka
Government First Grade College,Shimoga,Karnataka
Government First Grade College,Chikkaballapura,Karnataka
Government First Grade College,Bangalore,Karnataka
Government First Grade College,Hassan,Karnataka
Government First Grade College,Bangalore,Karnataka
Government First Grade College,Bijapur,Karnataka
Government First Grade College,Uttara Kannada,Karnataka
Government First Grade College,Dakshina Kannada,Karnataka
Government First Grade College,Yadgir,Karnataka
Government First Grade College,Uttara Kannada,Karnataka
Government First Grade College,Mysore,Karnataka
Government First Grade College,Shimoga,Karnataka
Government First Grade College,Koppal,Karnataka
Government First Grade College,Shimoga,Karnataka
Government First Grade College,Ramanagara,Karnataka
Government First Grade College,,Karnataka
Government First Grade College,Bagalkot,Karnataka
Government First Grade College,,Karnataka
Government First Grade College,Mandya,Karnataka
Government First Grade College,Bijapur,Karnataka
Government First Grade College,Bagalkot,Karnataka
Government First Grade College,Mysore,Karnataka
Government First Grade College,,Karnataka
Government First Grade College,Mysore,Karnataka
Government First Grade College,,Karnataka
Government First Grade College,Bidar,Karnataka
Government First Grade College,Bangalore,Karnataka
Government First Grade College,Bangalore,Karnataka
Government First Grade College,Bidar,Karnataka
Government First Grade College,,Karnataka
Government First Grade College,Haveri,Karnataka
Government First Grade College,Chikkaballapura,Karnataka
Government First Grade College,Gulbarga,Karnataka
Government First Grade College,Udupi,Karnataka
Government First Grade College,,Karnataka
Government First Grade College,Dharwad,Karnataka
Government First Grade College,,Karnataka
Government First Grade College,Haveri,Karnataka
Government First Grade College,Hassan,Karnataka
Government First Grade College,,Karnataka
Government First Grade College,Dharwad,Karnataka
Government First Grade College,Kodagu,Karnataka
Government First Grade College,Mysore,Karnataka
Government First Grade College,Hassan,Karnataka
Government First Grade College,Mysore,Karnataka
Government First Grade College,Shimoga,Karnataka
Government First Grade College,Gadag,Karnataka
Government First Grade College,Chikmagalur,Karnataka
Government First Grade College,,Karnataka
Government First Grade College,,Karnataka
Government First Grade College,,Karnataka
Government First Grade College,,Karnataka
Government First Grade College,,Karnataka
Government First Grade College,Kolar,Karnataka
Government First Grade College,Tumkur,Karnataka
Government First Grade College,Ramanagara,Karnataka
Government First Grade College,Dakshina Kannada,Karnataka
Government First Grade College,Dharwad,Karnataka
Government First Grade College,Gadag,Karnataka
Government First Grade College,Haveri,Karnataka
Government First Grade College,,Karnataka
Government First Grade College,Chikmagalur,Karnataka
Government First Grade College,Mysore,Karnataka
Government First Grade College,Chitradurga,Karnataka
Government First Grade College,Davanagere,Karnataka
Government First Grade College,Davanagere,Karnataka
Government First Grade College,Koppal,Karnataka
Government First Grade College,,Karnataka
Government First Grade College,Belgaum,Karnataka
Government First Grade College,,Karnataka
Government First Grade College,,Karnataka
Government First Grade College,,Karnataka
Government First Grade College,Tumkur,Karnataka
Government First Grade College,,Karnataka
Government First Grade College,,Karnataka
Government First Grade College,,Karnataka
Government First Grade College,,Karnataka
Government First Grade College,Bangalore,Karnataka
Government First Grade College,,Karnataka
Government First Grade College,,Karnataka
Government First Grade College,Kolar,Karnataka
Government First Grade ColLege,,Karnataka
Government First Grade College,Bangalore,Karnataka
Government First Grade College and Centre For Post Graduate Studies,,Karnataka
Government First Grade College for  Women,,Karnataka
Government First Grade College for Women,Mandya,Karnataka
Government First Grade College for Women,Tumkur,Karnataka
Government First Grade College for Women,,Karnataka
Government First Grade College for Women,,Karnataka
Government First Grade College for Women,,Karnataka
Government First Grade College for Women,,Karnataka
Government First Grade College for Women,,Karnataka
Government First Grade College for Women,,Karnataka
Government First Grade College for Women,Mysore,Karnataka
Government First Grade College for Women,Mysore,Karnataka
Government First Grade College for Women,Mysore,Karnataka
Government First Grade College for Women,Ramanagara,Karnataka
Government First Grade College for Women,Mysore,Karnataka
Government First Grade College for Women,Ramanagara,Karnataka
Government First Grade College for Women,Dakshina Kannada,Karnataka
Government First Grade College for Women,,Karnataka
Government First Grade College for Women,,Karnataka
Government First Grade College for Women,,Karnataka
Government First Grade College for Women,Dharwad,Karnataka
Government First Grade College for Women,,Karnataka
Government First Grade College for Women.,Bangalore,Karnataka
Government First Grade College for Women’s,Yadgir,Karnataka
Government First Grade College for Women’s,,Karnataka
Government First Grade College,Bagalkot,Karnataka
Government First Grade College,,Karnataka
Government First Grade College,Chamarajanagar,Karnataka
Government First Grade Degree College,,Karnataka
Government First Grade Women’s College,Shimoga,Karnataka
Government First Grade Women’s College,Tumkur,Karnataka
Government First Grade Women’s College,Raichur,Karnataka
Government First Grade Women’s College,,Karnataka
Government First Graduate College,,Karnataka
Government First Grande College,Kolar,Karnataka
Government Gajanan Madhav Muktibodh College,Kabeerdham,Chhattisgarh
Government General Degree College,,West Bengal
Government General Degree College,Paschim Medinipur,West Bengal
Government General Degree College,,West Bengal
Government General Degree College,Paschim Medinipur,West Bengal
Government General Degree College,,West Bengal
Government General Degree College,Paschim Medinipur,West Bengal
Government General Degree College,Puruliya,West Bengal
Government General Degree College,,West Bengal
Government General Degree College,,West Bengal
Government General Degree College,Paschim Medinipur,West Bengal
Government General Degree College,Paschim Medinipur,West Bengal
Government General Degree College,Paschim Medinipur,West Bengal
Government General Degree College,Nadia,West Bengal
Government General Degree College,Nadia,West Bengal
Government General Degree College at Kushmandi,Dakshin Dinajpur,West Bengal
Government Girls College,Churu,Rajasthan
Government Girls College,Churu,Rajasthan
Government Girls College,Raisen,Madhya Pradesh
Government Girls College,,Rajasthan
Government Girls College,Karauli,Rajasthan
Government Girls College,,Rajasthan
Government Girls College,Sikar,Rajasthan
Government Girls College,Jhabua,Madhya Pradesh
Government Girls College,,Rajasthan
Government Girls College,,Rajasthan
Government Girls College,Bhind,Madhya Pradesh
Government Girls College,Guna,Madhya Pradesh
Government Girls College,Hoshangabad,Madhya Pradesh
Government Girls College,,Chhattisgarh
Government Girls College,Patna,Bihar
Government Girls College,Jhalawar,Rajasthan
Government Girls College,,Uttar Pradesh
Government Girls College,,Rajasthan
Government Girls College,,Rajasthan
Government Girls College,,Rajasthan
Government Girls College,,Rajasthan
Government Girls Degree College,,Uttar Pradesh
Government Girls Degree College,,Uttar Pradesh
Government Girls Degree College,,Uttar Pradesh
Government Girls P.G. College,,Madhya Pradesh
Government Girls Post Graduate College,,Madhya Pradesh
Government Girls’ General Degree College,Kolkata,West Bengal
Government GNA Degree College,,Chhattisgarh
Government Guru Nanak College,,Punjab
Government Hadi Rani College,,Rajasthan
Government Higher Education Teachers' Training College,,Rajasthan
Government Home Science College,,Punjab
Government Home Science College,,Karnataka
Government Institute of Advanced Study in Education,,Telangana
Government Institute of Education (P.G.) for Women,,West Bengal
Government Institute of Forensic Science,Nagpur,Maharashtra
Government K.L. Arts & Commerce College,,Chhattisgarh
Government Kachna Dhurwa College,Gariaband,Chhattisgarh
Government Kalidas Mahavidyalaya,Surajpur,Chhattisgarh
Government Kamalanagar College,,Mizoram
Government Kamla Devi Mahila Mahavidyalaya,,Chhattisgarh
Government Kamla Raja Girls Post Graduate Autonomous College,,Madhya Pradesh
Government Keonjhar Women's College,,Odisha
Government Khawzawl College,,Mizoram
Government Kirti College,,Punjab
Government KKTM College,,Kerala
Government Lal Chakradhar Shah College,,Chhattisgarh
Government Lal Kalind Singh College,Uttar Bastar Kanker,Chhattisgarh
Government Law College,,Kerala
Government law College,,Kerala
Government Law College,Churu,Rajasthan
Government Law College,Kota,Rajasthan
Government Law College,Alwar,Rajasthan
Government Law College,Bhilwara,Rajasthan
Government Law College,Ajmer,Rajasthan
Government Law College,,Gujarat
Government Law College,Sirohi,Rajasthan
Government Law College,Ramanagara,Karnataka
Government Law College,Ganganagar,Rajasthan
Government Law College,,Tamil Nadu
Government Law College,,Tamil Nadu
Government Law College,,Tamil Nadu
Government Law College,,Tamil Nadu
Government Law College,,Tamil Nadu
Government Law College,,Tamil Nadu
Government Law College,Bharatpur,Rajasthan
Government Law College,Kamrup,Assam
Government Law College,Pali,Rajasthan
Government Law College,Bundi,Rajasthan
Government Law College,Hassan,Karnataka
Government Law College,,Kerala
Government Law P.G. College,Bikaner,Rajasthan
Government M.H. College of Home Science and Science for Women,,Madhya Pradesh
Government Maharaja's Acharya Sanskrit College,,Rajasthan
Government Maharana Acharya Sanskrit College,,Rajasthan
Government Maharana Acharya Sanskrit College,Udaipur,Rajasthan
Government Maharani Sundarshan College for Women,,Rajasthan
Government Maharishi Valmiki College,,Chhattisgarh
Government Mahavidyalaya,,Rajasthan
Government Mahendra College,,Punjab
Government Mahendra Karma Girls College,,Chhattisgarh
Government Mahila Degree College,,Uttar Pradesh
Government Medical College,Patiala,Punjab
Government Medical College,Amritsar,Punjab
Government Medical College,,Maharashtra
Government Medical College,,Maharashtra
Government Medical College,,Maharashtra
Government Medical College,,Chandigarh
Government Medical College,,Tamil Nadu
Government Meera Girls College,,Rajasthan
Government Model College,Durg,Chhattisgarh
Government Model College,,Assam
Government Model College,Golaghat,Assam
Government Model Degree College,Champawat,Uttarakhand
Government Motilal Vigyan Mahavidyalaya,,Madhya Pradesh
Government Mukutdhar Pandey College,Korba,Chhattisgarh
Government Music College,,Tripura
Government Naveen College,,Madhya Pradesh
Government Naveen College,,Chhattisgarh
Government Naveen College,,Chhattisgarh
Government Naveen College,,Chhattisgarh
Government Naveen College,Janjgir - Champa,Chhattisgarh
Government Naveen College,Bijapur,Chhattisgarh
Government Naveen College,Mahasamund,Chhattisgarh
Government Naveen College,Durg,Chhattisgarh
Government Naveen College,Durg,Chhattisgarh
Government Naveen College,Korba,Chhattisgarh
Government Naveen College,Koriya,Chhattisgarh
Government Naveen College Tokapal,Bastar,Chandigarh
Government Naveen Girls College,,Chhattisgarh
Government Naveen Mahavidyalaya,Rajnandgaon,Chhattisgarh
Government Navin College,Koriya,Chhattisgarh
Government Navin College,Janjgir - Champa,Chhattisgarh
Government Navin College,Janjgir - Champa,Chhattisgarh
Government Nehru Mahavidyalaya,,Chhattisgarh
Government Nehru Memorial College,,Rajasthan
Government Nehru Post Graduate College,,Madhya Pradesh
Government Nemichand Jain Arts Commerce & Science College,,Chhattisgarh
Government New Law College,,Madhya Pradesh
Government Niranjan Kesharwani College,,Chhattisgarh
Government Nizamia Tibbi College,Hyderabad,Andhra Pradesh
Government P.G. College,,Uttarakhand
Government P.G. College,,Madhya Pradesh
Government P.G. College,Jodhpur,Rajasthan
Government P.G. College,,Uttar Pradesh
Government P.G. College,,Uttarakhand
Government P.G. College,,Uttar Pradesh
Government Paluram Dhanania Commerce and Arts College,Raigarh,Madhya Pradesh
Government Phujhar College,,Chhattisgarh
Government Physical Education for Women,,West Bengal
Government Post Graduate College,,Uttar Pradesh
Government Post Graduate College for Women,,Haryana
Government Post-Graduate College,,Uttarakhand
Government Post-Graduate College,,Uttarakhand
Government Post-Graduate College,,Uttarakhand
Government Post-Graduate College,,Uttarakhand
Government PostGraduate College,,Haryana
Government Pt. J.L.N. Science & Arts College,,Chhattisgarh
Government Raja Post-Graduate College,,Uttar Pradesh
Government Rajeevlochan Arts & Commerce College,,Chhattisgarh
Government Rajkumar Dheeraj Singh College,Surguja,Chhattisgarh
Government Rajmata Vijayaraje Sindhiya Girls College,Kabeerdham,Chhattisgarh
Government Ramanuj Pratap Singhdeo Post Graduate College,,Chhattisgarh
Government Ramnarayan Chellaram College of Commerce & Management,,Karnataka
Government Ranbir College,,Punjab
Government Rani Durgawati College,Balrampur,Chhattisgarh
Government Rani Suryamukhi Devi College,,Chhattisgarh
Government Ripudaman College,,Punjab
Government Rourkela Evening College,,Odisha
Government S.P.M.R. College of Commerce,Jammu,Jammu and Kashmir
Government Saiha College,,Mizoram
Government Sanskrit College,Gwalior,Madhya Pradesh
Government Sanskrit College,,Himachal Pradesh
Government Sanskrit College,,Rajasthan
Government Sant Gahira Guru Rameshwar College,Raigarh,Chhattisgarh
Government Science College,,Gujarat
Government Science College,,Gujarat
Government Science College,Surat,Gujarat
Government Science College,,Gujarat
Government Science College,,Gujarat
Government Science College,,Gujarat
Government Science College,,Gujarat
Government Science College,Tapi,Gujarat
Government Science College,Bhavnagar,Gujarat
Government Science College,,Madhya Pradesh
Government Science College,,Gujarat
Government Science College,,Gujarat
Government Science College,,Gujarat
Government Science College,,Gujarat
Government Science College,,Gujarat
Government Science College Autonomous,,Odisha
Government Science College,Valsad,Gujarat
Government Shaheed Venkat Rao College,,Chhattisgarh
Government Shahid Koushal Yadav College,Balod,Chhattisgarh
Government Shakambhar P.G. College,Jaipur,Rajasthan
Government Shashtri Sanskrit College,,Rajasthan
Government Shashtri Sanskrit College,,Rajasthan
Government Shastri Sanskrit College,Jaipur,Rajasthan
Government Shastri Sanskrit College,Ajmer,Rajasthan
Government Shastri Sanskrit College,,Rajasthan
Government Shastri Sanskrit College,Sawai Madhopur,Rajasthan
Government Shastri Sanskrit College,,Rajasthan
Government Shastri Sanskrit College,,Rajasthan
Government Shastri Sanskrit College,,Rajasthan
Government Shastri Sanskrit College,,Rajasthan
Government Shastri Sanskrit College,,Rajasthan
Government Shastri Sanskrit College,,Rajasthan
Government Shastri Sanskrit Mahavidyalaya,,Rajasthan
Government Shivalik College,,Punjab
Government Shree Eklingnath Acharya Sanskrit College,,Rajasthan
Government Siddha Medical College,,Tamil Nadu
Government Sri Krishnarajendra Silver Jubilee Technological Institute,Bangalore,Karnataka
Government T.C.L. PG College,,Chhattisgarh
Government T.Training College,Coimbatore,Tamil Nadu
Government Teacher's Training College,,Odisha
Government Teachers Training College,Samastipur,Bihar
Government Teachers' Training College,,West Bengal
Government Thakur Ranmat Singh College,Rewa,Madhya Pradesh
Government Thirumagal Mills College,,Tamil Nadu
Government Training Collee,,Odisha
Government Training College,,West Bengal
Government Vidarbha Institute of Science & Humanities,,Maharashtra
Government Women's College,,Odisha
Government Women's College,,Odisha
Government Women's College,,Odisha
Government Women's College,Sambalpur,Odisha
Government Women's College,,Odisha
Government Women's College,Patna,Bihar
Government Women's College,Koraput,Odisha
Government Women’s College,Mysore,Karnataka
Government Women’s First Grade College,,Karnataka
Government Zawlnuam College,,Mizoram
Governmnet College of Education,,Tamil Nadu
Governmnet School of Arts,,Maharashtra
Governmnet Science College,Ganjam,Odisha
Govind Mahavidhyalay,Aligarh,Uttar Pradesh
Govind National College,,Punjab
Govind Ramnath Kare College of Law,,Goa
Govind Ramnath Kare of Law,,Goa
Govind Sarang Shaskiya Vidhi Mahavidyalaya,,Chhattisgarh
Govinda Dasa College,,Karnataka
Govinda Pai Memorial Govt. College,,Kerala
Govindammal Aditanar College for Women,,Tamil Nadu
Govindbhai Jorabhai Patel Ayurveda College & Research Centre,,Gujarat
Govindlal Kanhaiyalal Joshi (Night) Commerce College,Latur,Maharashtra
Govindpur College,,Odisha
Govindrao Wanjari College of Engineering & Technology,,Maharashtra
Govindrao Wanjari College of Law,,Maharashtra
GovindraoVarjwaker Arts &  Commerce College,,Maharashtra
Govt College Shivnagar,Kangra,Himachal Pradesh
Govt Degree College,Mandi,Himachal Pradesh
Govt Degree College,Srikakulam,Andhra Pradesh
Govt Degree College,East Godavari,Andhra Pradesh
Govt Degree College,Kurnool,Andhra Pradesh
Govt Degree College,Visakhapatnam,Andhra Pradesh
Govt Degree College for Women,,Telangana
Govt.  College,Bhopal,Madhya Pradesh
Govt. Abhyanandan Sanskrit College,Shahdol,Madhya Pradesh
Govt. Adarsh Science College,,Chhattisgarh
Govt. Adarsh Science College,Rewa,Madhya Pradesh
Govt. Agrasen College,,Chhattisgarh
Govt. Aizawl West College,Aizawl,Mizoram
Govt. Anand Music Mahavidyalaya,,Madhya Pradesh
Govt. Anney Bharti Arts & Commerce College,,Madhya Pradesh
Govt. Arts & Commerce College,Hoshangabad,Madhya Pradesh
Govt. Arts & Commerce College,,Madhya Pradesh
Govt. Arts & Commerce College,,Gujarat
Govt. Arts & Commerce College,,Gujarat
Govt. Arts & Commerce College,,Chhattisgarh
Govt. Arts & Commerce College,,Madhya Pradesh
Govt. Arts & Commerce College,,Chhattisgarh
Govt. Arts & Commerce College,,Madhya Pradesh
Govt. Arts & Commerce College,,Madhya Pradesh
Govt. Arts & Commerce College,,Gujarat
Govt. Arts & Commerce College,,Gujarat
Govt. Arts & Commerce Degree College,,Madhya Pradesh
Govt. Arts & Commerce Science College,Sidhi,Madhya Pradesh
Govt. Arts & Science College,,Karnataka
Govt. Arts & Science College,,Telangana
Govt. Arts & Science College,Chennai,Tamil Nadu
Govt. Arts and Commerce College,,Gujarat
Govt. Arts and Commerce Degree College,Shahdol,Madhya Pradesh
Govt. Arts College,,Chhattisgarh
Govt. Arts College,,Chhattisgarh
Govt. Arts College,,Karnataka
Govt. Arts College,,Gujarat
Govt. Arts College,,Madhya Pradesh
Govt. Arts College,,Karnataka
Govt. Arts College,Ramanathapuram,Tamil Nadu
Govt. Arts College,,Karnataka
Govt. Arts College,,Madhya Pradesh
Govt. Arts College,,Kerala
Govt. Arts College,,Gujarat
Govt. Arts College & Commerce,Bhopal,Madhya Pradesh
Govt. Arts College (Autonomous),,Tamil Nadu
Govt. Arts College For Woman,sivagana,Tamil Nadu
Govt. Arts College for Women,Ramanathapuram,Tamil Nadu
Govt. Arts Degree College,,Madhya Pradesh
Govt. Arts science & Commerce College,,Chhattisgarh
Govt. Ashtang Ayurvedic College,,Madhya Pradesh
Govt. Ayurved College,Rewa,Madhya Pradesh
Govt. Ayurveda College,,Kerala
Govt. Ayurvedic College,,Madhya Pradesh
Govt. Ayurvedic College,,Maharashtra
Govt. Ayurvedic College,,Chhattisgarh
Govt. Ayurvedic Mahavidyalaya,,Madhya Pradesh
Govt. B.P. Arts & Commerce College,,Chhattisgarh
Govt. Bilasa Girls P.G. College,,Chhattisgarh
Govt. Brennen College,,Kerala
Govt. Chandravijay Mahavidyalaya,,Madhya Pradesh
Govt. Chhatrasal Degree College,,Madhya Pradesh
Govt. Chhatrasal Maharaja Mahavidyalaya,,Madhya Pradesh
Govt. College,,Rajasthan
Govt. College,,Madhya Pradesh
Govt. College,,Madhya Pradesh
Govt. College,,Madhya Pradesh
Govt. College,,Madhya Pradesh
Govt. College,,Madhya Pradesh
Govt. College,,Madhya Pradesh
Govt. College,,Madhya Pradesh
Govt. College,,Madhya Pradesh
Govt. College,,Madhya Pradesh
Govt. College,,Madhya Pradesh
Govt. College,,Madhya Pradesh
Govt. College,,Kerala
Govt. College,Umeria,Madhya Pradesh
Govt. College,Satna,Madhya Pradesh
Govt. College,Satna,Madhya Pradesh
Govt. College,Satna,Madhya Pradesh
Govt. College,Sidhi,Madhya Pradesh
Govt. College,,Sikkim
Govt. College,,Madhya Pradesh
Govt. College,,Madhya Pradesh
Govt. College,,Chhattisgarh
Govt. College,,Chhattisgarh
Govt. College,,Chhattisgarh
Govt. College,,Chhattisgarh
Govt. College,,Chhattisgarh
Govt. College,,Chhattisgarh
Govt. College,,Chhattisgarh
Govt. College,,Chhattisgarh
Govt. College,,Madhya Pradesh
Govt. College,,Chhattisgarh
Govt. College,,Chhattisgarh
Govt. College,,Chhattisgarh
Govt. College,,Chhattisgarh
Govt. College,,Chhattisgarh
Govt. College,,Madhya Pradesh
Govt. College,,Madhya Pradesh
Govt. College,,Karnataka
Govt. College,Srikakulam,Andhra Pradesh
Govt. College,Srikakulam,Andhra Pradesh
Govt. College,East Godavari,Andhra Pradesh
Govt. College,East Godavari,Andhra Pradesh
Govt. College,,Madhya Pradesh
Govt. College,,Madhya Pradesh
Govt. College,,Madhya Pradesh
Govt. College,,Madhya Pradesh
Govt. College,,Madhya Pradesh
Govt. College,,Madhya Pradesh
Govt. College,,Madhya Pradesh
Govt. College,,Madhya Pradesh
Govt. College,,Madhya Pradesh
Govt. College,,Madhya Pradesh
Govt. College,,Karnataka
Govt. College,,Haryana
Govt. College,,Madhya Pradesh
Govt. College,Korba,Chhattisgarh
Govt. College,,Telangana
Govt. College,,Haryana
Govt. College,,Haryana
Govt. College,,Haryana
Govt. College,,Haryana
Govt. College,,Haryana
Govt. College,,Haryana
Govt. College,,Haryana
Govt. College,,Haryana
Govt. College,,Kerala
Govt. College,,Kerala
Govt. College,,Himachal Pradesh
Govt. College,,Chhattisgarh
Govt. College,,Punjab
Govt. College,,Haryana
Govt. College,,Haryana
Govt. College,,Chhattisgarh
Govt. College,,Chhattisgarh
Govt. College,,Chhattisgarh
Govt. College,,Chhattisgarh
Govt. College,,Chhattisgarh
Govt. College,,Chhattisgarh
Govt. College,,Chhattisgarh
Govt. College,,Chhattisgarh
Govt. College,,Chhattisgarh
Govt. College,,Himachal Pradesh
Govt. College,,Madhya Pradesh
Govt. College,,Madhya Pradesh
Govt. College,Sidhi,Madhya Pradesh
Govt. College,,Madhya Pradesh
Govt. College,,Madhya Pradesh
Govt. College,,Madhya Pradesh
Govt. College,Bhopal,Madhya Pradesh
Govt. College,,Madhya Pradesh
Govt. College,,Madhya Pradesh
Govt. College,,Madhya Pradesh
Govt. College,,Madhya Pradesh
Govt. College,,Madhya Pradesh
Govt. College,,Haryana
Govt. College,,Madhya Pradesh
Govt. College,,Chhattisgarh
Govt. College,,Haryana
Govt. College,,Haryana
Govt. College,,Haryana
Govt. College,,Haryana
Govt. College,,Haryana
Govt. College,,Haryana
Govt. College,,Haryana
Govt. College,,Haryana
Govt. College,,Haryana
Govt. College,,Haryana
Govt. College,,Daman and Diu
Govt. College,,Kerala
Govt. College,,Kerala
Govt. College,,Kerala
Govt. College,Y.S.R.,Andhra Pradesh
Govt. College,,Madhya Pradesh
Govt. College,,Madhya Pradesh
Govt. College,,Madhya Pradesh
Govt. College,,Madhya Pradesh
Govt. College,,Madhya Pradesh
Govt. College,,Madhya Pradesh
Govt. College,,Madhya Pradesh
Govt. College,,Madhya Pradesh
Govt. College,,Kerala
Govt. College,,Madhya Pradesh
Govt. College,Anantapur,Andhra Pradesh
Govt. College,,Chhattisgarh
Govt. College,,Haryana
Govt. College (Evening Course),Srikakulam,Andhra Pradesh
Govt. College Bibirani,,Rajasthan
Govt. College College,,Uttar Pradesh
Govt. College for Boys,Kolar,Karnataka
Govt. College for Boys,,Karnataka
Govt. College for Girls,,Punjab
Govt. College for Girls,,Haryana
Govt. College for Men,Y.S.R.,Andhra Pradesh
Govt. College for Women,,Haryana
Govt. College for Women,Mahendragarh,Haryana
Govt. College For Women,,Haryana
Govt. College for Women,Kashmir,Jammu and Kashmir
Govt. College for Women,Kashmir,Jammu and Kashmir
Govt. College for Women,,Haryana
Govt. College for Women,,Haryana
Govt. College for Women,Jammu,Jammu and Kashmir
Govt. College for Women,,Karnataka
Govt. College for Women,,Telangana
Govt. College for Women,Srikakulam,Andhra Pradesh
Govt. College for women,,Karnataka
Govt. College for Women,Guntur,Andhra Pradesh
Govt. College of Arts & Craft,,West Bengal
Govt. College of Arts & Science and Commerce,,Goa
Govt. College of Arts and Commerce,,Goa
Govt. College of Arts Science and Commerce,,Goa
Govt. College of Arts Science & Commerce,,Goa
Govt. College of Education,,Karnataka
Govt. College of Education,,Karnataka
Govt. College of Education,,Karnataka
Govt. College of Education,,Chhattisgarh
Govt. College of Education,,Madhya Pradesh
Govt. College of Education,,Madhya Pradesh
Govt. College of Education,,Chhattisgarh
Govt. College of Education,,Maharashtra
Govt. College of Education,,Maharashtra
Govt. College of Education,Rewa,Madhya Pradesh
Govt. College of Education,,Madhya Pradesh
Govt. College of Education,,Maharashtra
Govt. College of Education,,Maharashtra
Govt. College of Education,,Maharashtra
Govt. College of Education,Mysore,Karnataka
Govt. College of Education,Jammu,Jammu and Kashmir
Govt. College of Education,Kashmir,Jammu and Kashmir
Govt. College of Education,,Karnataka
Govt. College of Education,,Madhya Pradesh
Govt. College of Education,,Haryana
Govt. College of Education,,Maharashtra
Govt. College of Education,,Maharashtra
Govt. College of Engineering,,Maharashtra
Govt. College of Indian Medicine,,Karnataka
Govt. College of Pharmacy,,Maharashtra
Govt. College of Pharmacy,,Karnataka
Govt. College of Physical Education,Kashmir,Jammu and Kashmir
Govt. College of Physical Education,,Odisha
Govt. College of Teacher Education,,Kerala
Govt. College of Teacher Education,,Himachal Pradesh
Govt. College of Teacher Education,Golaghat,Assam
Govt. College of Teachers Education,Kokrajhar,Assam
Govt. College(Co-Education),,Punjab
Govt. College,Jhalawar,Rajasthan
Govt. College Matanhail,Jhajjar,Haryana
Govt. Commerce College,,Madhya Pradesh
Govt. Commerce College,,Gujarat
Govt. Commerce College,,Gujarat
Govt. Degre College,Chittoor,Andhra Pradesh
Govt. Degree College,Kashmir,Jammu and Kashmir
Govt. Degree College,,Jammu and Kashmir
Govt. Degree College,,Himachal Pradesh
Govt. Degree College,Tehri Garhwal,Uttarakhand
Govt. Degree College,Kullu,Himachal Pradesh
Govt. Degree College,Sri Potti Sriramulu Nellore,Andhra Pradesh
Govt. Degree College,Y.S.R.,Andhra Pradesh
Govt. Degree College,Chittoor,Andhra Pradesh
Govt. Degree College,Y.S.R.,Andhra Pradesh
Govt. Degree College,Sri Potti Sriramulu Nellore,Andhra Pradesh
Govt. Degree College,Y.S.R.,Andhra Pradesh
Govt. Degree College,Chittoor,Andhra Pradesh
Govt. Degree College,,Madhya Pradesh
Govt. Degree College,,Madhya Pradesh
Govt. Degree College,,Madhya Pradesh
Govt. Degree College,,Uttar Pradesh
Govt. Degree College,,Chhattisgarh
Govt. Degree College,Krishna,Andhra Pradesh
Govt. Degree College,,Telangana
Govt. Degree College,,Madhya Pradesh
Govt. Degree College,,Madhya Pradesh
Govt. Degree College,,Madhya Pradesh
Govt. Degree College,,Madhya Pradesh
Govt. Degree College,,Madhya Pradesh
Govt. Degree College,,Madhya Pradesh
Govt. Degree College,,Madhya Pradesh
Govt. Degree College,,Madhya Pradesh
Govt. Degree College,,Madhya Pradesh
Govt. Degree College,Rewa,Madhya Pradesh
Govt. Degree College,Jammu,Jammu and Kashmir
Govt. Degree College,,Telangana
Govt. Degree College,Sri Potti Sriramulu Nellore,Andhra Pradesh
Govt. Degree College,Jammu,Jammu and Kashmir
Govt. Degree College,Jammu,Jammu and Kashmir
Govt. Degree College,,Telangana
Govt. Degree College,Kashmir,Jammu and Kashmir
Govt. Degree College,Jammu,Jammu and Kashmir
Govt. Degree College,Jammu,Jammu and Kashmir
Govt. Degree College,,Telangana
Govt. Degree College,Srikakulam,Andhra Pradesh
Govt. Degree College,,Telangana
Govt. Degree College,,Madhya Pradesh
Govt. Degree college,,Uttar Pradesh
Govt. Degree College,East Godavari,Andhra Pradesh
Govt. Degree College,,Telangana
Govt. Degree College,,Telangana
Govt. Degree College,Visakhapatnam,Andhra Pradesh
Govt. Degree College,Chittoor,Andhra Pradesh
Govt. Degree College,Chittoor,Andhra Pradesh
Govt. Degree College,,Telangana
Govt. Degree College,,Telangana
Govt. Degree College,Chittoor,Andhra Pradesh
Govt. Degree College,,Telangana
Govt. Degree College,Visakhapatnam,Andhra Pradesh
Govt. Degree College,Vizianagaram,Andhra Pradesh
Govt. Degree College,,Telangana
Govt. Degree College,,Telangana
Govt. Degree College,Kashmir,Jammu and Kashmir
Govt. Degree College,Kurnool,Andhra Pradesh
Govt. Degree College,Kurnool,Andhra Pradesh
Govt. Degree College,Anantapur,Andhra Pradesh
Govt. Degree College,,Uttar Pradesh
Govt. Degree College,,Uttar Pradesh
Govt. Degree College,,Uttar Pradesh
Govt. Degree College,,Madhya Pradesh
Govt. Degree College,,Uttar Pradesh
Govt. Degree College,Jammu,Jammu and Kashmir
Govt. Degree College,Jammu,Jammu and Kashmir
Govt. Degree College,,Uttarakhand
Govt. Degree College,,Telangana
Govt. Degree College,,Uttar Pradesh
Govt. Degree College,,Uttarakhand
Govt. Degree College,,Uttar Pradesh
Govt. Degree College,,Tripura
Govt. Degree College,,Uttar Pradesh
Govt. Degree College,Kashmir,Jammu and Kashmir
Govt. Degree College,Kashmir,Jammu and Kashmir
Govt. Degree College,,Madhya Pradesh
Govt. Degree College,,Tripura
Govt. Degree College,Kashmir,Jammu and Kashmir
Govt. Degree College,,Telangana
Govt. Degree College,Y.S.R.,Andhra Pradesh
Govt. Degree College,,Telangana
Govt. Degree College,Kashmir,Jammu and Kashmir
Govt. Degree College,,Telangana
Govt. Degree College,Jammu,Jammu and Kashmir
Govt. Degree College,Kurnool,Andhra Pradesh
Govt. Degree College,,Uttar Pradesh
Govt. Degree College,,Uttarakhand
Govt. Degree College,,Uttar Pradesh
Govt. Degree College,Kashmir,Jammu and Kashmir
Govt. Degree College,,Telangana
Govt. Degree College,Kashmir,Jammu and Kashmir
Govt. Degree College,Kashmir,Jammu and Kashmir
Govt. Degree College,Jammu,Jammu and Kashmir
Govt. Degree College,Kashmir,Jammu and Kashmir
Govt. Degree College,Kashmir,Jammu and Kashmir
Govt. Degree College,,Madhya Pradesh
Govt. Degree College,Kashmir,Jammu and Kashmir
Govt. Degree College,Kashmir,Jammu and Kashmir
Govt. Degree College,Jammu,Jammu and Kashmir
Govt. Degree College,,Tripura
Govt. Degree College,Jammu,Jammu and Kashmir
Govt. Degree College,,Uttar Pradesh
Govt. Degree College,Jammu,Jammu and Kashmir
Govt. Degree College,,Madhya Pradesh
Govt. Degree College,Jammu,Jammu and Kashmir
Govt. Degree College,Jammu,Jammu and Kashmir
Govt. Degree College,Jammu,Jammu and Kashmir
Govt. Degree College,Prakasam,Andhra Pradesh
Govt. Degree College,,Uttar Pradesh
Govt. Degree College,,Uttarakhand
Govt. Degree College,,Telangana
Govt. Degree College,Chittoor,Andhra Pradesh
Govt. Degree College,Jammu,Jammu and Kashmir
Govt. Degree College,,Telangana
Govt. Degree College,,Telangana
Govt. Degree College,,Telangana
Govt. Degree College,,Uttarakhand
Govt. Degree College,,Telangana
Govt. Degree College,Kashmir,Jammu and Kashmir
Govt. Degree College,,Telangana
Govt. Degree College,,Uttarakhand
Govt. Degree College,,Telangana
Govt. Degree College,,Telangana
Govt. Degree College,,Telangana
Govt. Degree College,Kurnool,Andhra Pradesh
Govt. Degree College,Kashmir,Jammu and Kashmir
Govt. Degree College,,Madhya Pradesh
Govt. Degree College,Krishna,Andhra Pradesh
Govt. Degree College,Krishna,Andhra Pradesh
Govt. Degree College,Guntur,Andhra Pradesh
Govt. Degree College,Visakhapatnam,Andhra Pradesh
Govt. Degree College,District Srikakulam,Andhra Pradesh
Govt. Degree College,East Godavari,Andhra Pradesh
Govt. Degree College,Srikakulam,Andhra Pradesh
Govt. Degree College,Srikakulam,Andhra Pradesh
Govt. Degree College,Visakhapatnam,Andhra Pradesh
Govt. Degree College,Vizianagaram,Andhra Pradesh
Govt. Degree College,Srikakulam,Andhra Pradesh
Govt. Degree College,East Godavari,Andhra Pradesh
Govt. Degree College,Vizianagaram,Andhra Pradesh
Govt. Degree College,East Godavari,Andhra Pradesh
Govt. Degree College,,Madhya Pradesh
Govt. Degree College,,Madhya Pradesh
Govt. Degree College,,Madhya Pradesh
Govt. Degree College,,Madhya Pradesh
Govt. Degree College,,Madhya Pradesh
Govt. Degree College,,Madhya Pradesh
Govt. Degree College,,Madhya Pradesh
Govt. Degree college,,Madhya Pradesh
Govt. Degree College,Rewa,Madhya Pradesh
Govt. Degree College,Shahdol,Madhya Pradesh
Govt. Degree College,Sidhi,Madhya Pradesh
Govt. Degree College,Sidhi,Madhya Pradesh
Govt. Degree College,Shahdol,Madhya Pradesh
Govt. Degree College,Rewa,Madhya Pradesh
Govt. Degree College,Shahdol,Madhya Pradesh
Govt. Degree College,Sidhi,Madhya Pradesh
Govt. Degree College,Sidhi,Madhya Pradesh
Govt. Degree College,,Madhya Pradesh
Govt. Degree College,Jammu,Jammu and Kashmir
Govt. Degree College,,Uttarakhand
Govt. Degree College,,Chhattisgarh
Govt. Degree College,,Telangana
Govt. Degree College,,Madhya Pradesh
Govt. Degree College,,Uttar Pradesh
Govt. Degree College,Jammu,Jammu and Kashmir
Govt. Degree College,Jammu,Jammu and Kashmir
Govt. Degree College,Jammu,Jammu and Kashmir
Govt. Degree College,Jammu,Jammu and Kashmir
Govt. Degree College,Kashmir,Jammu and Kashmir
Govt. Degree College,Kashmir,Jammu and Kashmir
Govt. Degree College,Kashmir,Jammu and Kashmir
Govt. Degree College,Kashmir,Jammu and Kashmir
Govt. Degree College,Kashmir,Jammu and Kashmir
Govt. Degree College,,Telangana
Govt. Degree College,,Telangana
Govt. Degree College,,Telangana
Govt. Degree College,,Telangana
Govt. Degree College,,Telangana
Govt. Degree College,,Telangana
Govt. Degree College,,Telangana
Govt. Degree College,,Telangana
Govt. Degree College,,Telangana
Govt. Degree College,,Telangana
Govt. Degree College,,Telangana
Govt. Degree College,,Telangana
Govt. Degree College,,Telangana
Govt. Degree College,,Telangana
Govt. Degree College,,Telangana
Govt. Degree College,,Uttar Pradesh
Govt. Degree College (Evening Courses),Rajamundry,Andhra Pradesh
Govt. Degree College (W),,Telangana
Govt. Degree College for Women,,Telangana
Govt. Degree College for Women,Kashmir,Jammu and Kashmir
Govt. Degree College for Women,,Telangana
Govt. Degree College for Women,West Godavari,Andhra Pradesh
Govt. Degree College For Women,,Telangana
Govt. Degree College for Women,,Telangana
Govt. Degree College for Women,Kashmir,Jammu and Kashmir
Govt. Degree College for Women,Kashmir,Jammu and Kashmir
Govt. Degree College for Women,,Telangana
Govt. Degree College for Women,,Telangana
Govt. Degree College for Women,Kashmir,Jammu and Kashmir
Govt. Degree College for Women,,Telangana
Govt. Degree College for Women,,Telangana
Govt. Degree College for Women,Jammu,Jammu and Kashmir
Govt. Degree College for Women,chotto,Andhra Pradesh
Govt. Degree College  Haliya,,Telangana
Govt. Degree Girls College,,Madhya Pradesh
Govt. Dental College,,Gujarat
Govt. Dental College and Hospital,,Maharashtra
Govt. Dhanvantari Ayurvedic College,,Madhya Pradesh
Govt. Dr. Inderjeet Singh College Govt. Degree College,,Chhattisgarh
Govt. Dr. Waman Wasudev Patankar Girls P.G. College,,Chhattisgarh
Govt. E. Raghavendra Rao P.G. Science College,,Chhattisgarh
Govt. E.V. Post Graduate College,,Chhattisgarh
Govt. Education Institute,,Madhya Pradesh
Govt. Eklvya Mahavidyalaya,,Chhattisgarh
Govt. Engineering College,,Madhya Pradesh
Govt. Engineering College,,Madhya Pradesh
Govt. Engineering College,Rewa,Madhya Pradesh
Govt. Engineering College,,Chhattisgarh
Govt. First Grade Arts & Commerce College,,Karnataka
Govt. First Grade Arts of Comm. College,,Karnataka
Govt. First Grade College,,Karnataka
Govt. First Grade College,,Karnataka
Govt. First Grade College,,Karnataka
Govt. First Grade College,Bangalore,Karnataka
Govt. First Grade College,,Karnataka
Govt. First Grade College,,Karnataka
Govt. First Grade College,,Karnataka
Govt. First Grade College,,Karnataka
Govt. First Grade College,,Karnataka
Govt. First Grade College,,Karnataka
Govt. First Grade College,Dakshina Kannada,Karnataka
Govt. First Grade College,,Karnataka
Govt. First Grade College,,Karnataka
Govt. First Grade College,,Karnataka
Govt. First Grade College,,Karnataka
Govt. First Grade College,,Karnataka
Govt. First Grade College,,Karnataka
Govt. First Grade College,,Karnataka
Govt. First Grade College,,Karnataka
Govt. First Grade College,,Karnataka
Govt. First Grade College,,Karnataka
Govt. First Grade College,,Karnataka
Govt. First Grade College,,Karnataka
Govt. First Grade College,Mysore,Karnataka
Govt. First Grade College,,Karnataka
Govt. First Grade College,,Karnataka
Govt. first grade college,,Karnataka
Govt. First Grade College,,Karnataka
Govt. First Grade College,,Karnataka
Govt. First Grade College,,Karnataka
Govt. First Grade College,,Karnataka
Govt. First Grade College,,Karnataka
Govt. First Grade College,,Karnataka
Govt. First Grade College,,Karnataka
Govt. First Grade College,,Karnataka
Govt. First Grade College,,Karnataka
Govt. First Grade College,,Karnataka
Govt. First Grade College,,Karnataka
Govt. First Grade College,,Karnataka
Govt. First Grade College,,Karnataka
Govt. First Grade College,,Karnataka
Govt. First Grade College,,Karnataka
Govt. First Grade College,,Karnataka
Govt. First Grade College,,Karnataka
Govt. First Grade College,,Karnataka
Govt. First Grade College,,Karnataka
Govt. First Grade College,,Karnataka
Govt. First Grade College,,Karnataka
Govt. First Grade College,,Karnataka
Govt. First Grade College,,Karnataka
Govt. First Grade College,,Karnataka
Govt. First Grade College,Davanagere,Karnataka
Govt. First Grade College,,Karnataka
Govt. First Grade College,,Karnataka
Govt. First Grade College,,Karnataka
Govt. First Grade College,,Karnataka
Govt. First Grade College,,Karnataka
Govt. First Grade College A.S.C.,,Karnataka
Govt. First Grade College for Boys,,Karnataka
Govt. First Grade College For Women,,Karnataka
Govt. First Grade College,,Karnataka
Govt. G.R. Medical College,,Madhya Pradesh
Govt. Gandhi,,Madhya Pradesh
Govt. Gandhi Memorial Science College,Jammu,Jammu and Kashmir
Govt. Ganesh Shankar Vidhyarthi College,Ashoknagar,Madhya Pradesh
Govt. Geetanjali Girls Post Graduate College,Bhopal,Madhya Pradesh
Govt. Girls College,Ganjbasoda,Madhya Pradesh
Govt. Girls College,Sehore,Madhya Pradesh
Govt. Girls College,Hoshangabad,Madhya Pradesh
Govt. Girls College,,Madhya Pradesh
Govt. Girls College,,Madhya Pradesh
Govt. Girls College,,Madhya Pradesh
Govt. Girls College,,Madhya Pradesh
Govt. Girls College,,Rajasthan
Govt. Girls College,,Rajasthan
Govt. Girls College,,Madhya Pradesh
Govt. Girls College,,Chhattisgarh
Govt. Girls College,,Chhattisgarh
Govt. Girls College,,Chhattisgarh
Govt. Girls College,,Madhya Pradesh
Govt. Girls College,,Chhattisgarh
Govt. Girls College,,Madhya Pradesh
Govt. Girls College,,Madhya Pradesh
Govt. Girls College,,Madhya Pradesh
Govt. Girls College,Sidhi,Madhya Pradesh
Govt. Girls College,Rewa,Madhya Pradesh
Govt. Girls College,,Madhya Pradesh
Govt. Girls College,,Madhya Pradesh
Govt. Girls College,,Madhya Pradesh
Govt. Girls College,Raisen,Madhya Pradesh
Govt. Girls College,,Rajasthan
Govt. Girls College,,Rajasthan
Govt. Girls Degree College,Satna,Madhya Pradesh
Govt. Girls Degree College,,Uttar Pradesh
Govt. Girls Degree College,,Madhya Pradesh
Govt. Girls Degree College,,Madhya Pradesh
Govt. Girls Degree College,,Madhya Pradesh
Govt. Girls Degree College,,Uttar Pradesh
Govt. Girls Degree College,,Uttar Pradesh
Govt. Girls Degree College,,Madhya Pradesh
Govt. Girls Degree College,,Madhya Pradesh
Govt. Girls Degree College,,Madhya Pradesh
Govt. Girls P. G. College,Sawai Madhopur,Rajasthan
Govt. Girls P.G. College,,Uttar Pradesh
Govt. Girls Post-Graduate College,,Uttar Pradesh
Govt. Govind Degree College,,Madhya Pradesh
Govt. Graduate College,,Madhya Pradesh
Govt. Graduate College,,Madhya Pradesh
Govt. Graduate College,,Madhya Pradesh
Govt. Graduate College,,Madhya Pradesh
Govt. Hamida Arts & Commerce College,,Madhya Pradesh
Govt. Home Science College,Hosangabad,Madhya Pradesh
Govt. Home Science College,,Karnataka
Govt. Hrangbana College,,Mizoram
Govt. Indira Gandhi Home Science College,Shahdol,Madhya Pradesh
Govt. Institute of Fine Arts,,Madhya Pradesh
Govt. Institute of Fine Arts,,Madhya Pradesh
Govt. Institute of Fine Arts Kala Niketan,,Madhya Pradesh
Govt. Institute of Fine Arts Kala Niketan,,Madhya Pradesh
Govt. Institute of Science Education (P.S.M.),,Madhya Pradesh
Govt. J. Yoganandam Chhattisgarh College,,Chhattisgarh
Govt. J.M.P. College,,Chhattisgarh
Govt. Jalad Trimurti College,Satna,Madhya Pradesh
Govt. Jamuna Prasad Verma P.G. Arts Commerce College Govt. Jamuna Prasad Verma P.G. Arts Commerce College,,Chhattisgarh
Govt. Junnerdeo Mahavidyalaya,,Madhya Pradesh
Govt. Kaktiya P.G. College,Bastar,Chhattisgarh
Govt. Kalidas Girls College,,Madhya Pradesh
Govt. Kamla Modi Girls College,,Rajasthan
Govt. Kamla Nehru Mahila Mahavidyalaya,,Madhya Pradesh
Govt. Kamla Nehru Mahila Mahavidyalaya,,Madhya Pradesh
Govt. Kangla Manjhi College,,Chhattisgarh
Govt. Kasturba Girls Degree College,,Madhya Pradesh
Govt. Kranti Kumar Bhartiya College,,Madhya Pradesh
Govt. Kusum Mahavidyalaya,,Madhya Pradesh
Govt. L.B.S. College,,Madhya Pradesh
Govt. Lahiri College,,Chhattisgarh
Govt. Larang Sai Leading College,,Chhattisgarh
Govt. Law College,,Rajasthan
Govt. Law College,,Maharashtra
Govt. Law College,Rewa,Madhya Pradesh
Govt. Laxmaneshwar College,,Chhattisgarh
Govt. Laxmi Saraswati Gopal Krishna Mahavidyalaya,,Madhya Pradesh
Govt. Madhav Mahavidyalaya,,Madhya Pradesh
Govt. Madhav Music College,,Madhya Pradesh
Govt. Madhav Music College,,Madhya Pradesh
Govt. Madhav Sadashivrao Golvalkar College,Rewa,Madhya Pradesh
Govt. Madhav Science College,,Madhya Pradesh
Govt. Mahakoshal Arts & Commerce Mahavidyalaya,,Madhya Pradesh
Govt. Mahamaya College,,Chhattisgarh
Govt. Maharaja College,,Madhya Pradesh
Govt. Maharaja Martand Degree College,Shahdol,Madhya Pradesh
Govt. Maharani Laxmi Bai Girls College,,Madhya Pradesh
Govt. Maharani Laxmibai Girls P.G. College,,Madhya Pradesh
Govt. Maharishi Arvind Graduate College,,Madhya Pradesh
Govt. Mahatma Gandhi Mahavidyalaya,,Madhya Pradesh
Govt. Mahatma Gandhi Memorial College,,Madhya Pradesh
Govt. Mahila Mahavidyalaya,,Madhya Pradesh
Govt. Mankanwarbai Mahila Arts & Commerce College,,Madhya Pradesh
Govt. Mata Karma Girls College,Mahasamund,Chhattisgarh
Govt. Medical College,Jammu,Jammu and Kashmir
Govt. Medical College,,Gujarat
Govt. Medical College,Mysore,Karnataka
Govt. Medical College,,Karnataka
Govt. Medical College,Kashmir,Jammu and Kashmir
Govt. Music College,,Madhya Pradesh
Govt. Music College,,Madhya Pradesh
Govt. Music College,,Madhya Pradesh
Govt. Music Degree College,,Madhya Pradesh
Govt. Nagarjuna P.G. College of Science,,Chhattisgarh
Govt. Narmada Mahavidyalaya,,Madhya Pradesh
Govt. National College,,Haryana
Govt. Naveen College,,Chhattisgarh
Govt. Navin Girls College,,Chhattisgarh
Govt. Nehru Degree College,Shahdol,Madhya Pradesh
Govt. Nehru Degree College,,Madhya Pradesh
Govt. Nehru Degree College,,Madhya Pradesh
Govt. Nehru Sanskrit College,,Himachal Pradesh
Govt. New Science College,,Madhya Pradesh
Govt. O.F.K. College,,Madhya Pradesh
Govt. P. G. Commerce & Arts College,,Chhattisgarh
Govt. P.G. College,,Chhattisgarh
Govt. P.G. College,,Madhya Pradesh
Govt. P.G. College,,Madhya Pradesh
Govt. P.G. College,,Madhya Pradesh
Govt. P.G. College,,Uttarakhand
Govt. P.G. College for Women,Jammu,Jammu and Kashmir
Govt. Pench Valley PG Mahavidyalaya,,Madhya Pradesh
Govt. PG College,,Madhya Pradesh
Govt. PG College,,Madhya Pradesh
Govt. Postgraduate College,,Madhya Pradesh
Govt. Postgraduate College,,Madhya Pradesh
Govt. Postgraduate College,,Madhya Pradesh
Govt. Postgraduate College,,Madhya Pradesh
Govt. Postgraduate College,,Madhya Pradesh
Govt. Postgraduate College,,Madhya Pradesh
Govt. Postgraduate College,,Madhya Pradesh
Govt. Postgraduate College,,Madhya Pradesh
Govt. Psychology Sandrashan College,,Madhya Pradesh
Govt. Ram Bhajan Rai N.E.S. Post Graduate College,Jashpur,Chhattisgarh
Govt. Ramchandra Vishwanath College,,Madhya Pradesh
Govt. Ramvijay Pratap Singh Degree College,Shahdol,Madhya Pradesh
Govt. S.K. College,Rewa,Madhya Pradesh
Govt. S.N.M. Grils Degree College,,Madhya Pradesh
Govt. S.N.U. College,,Madhya Pradesh
Govt. S.S. Agarwal College,,Madhya Pradesh
Govt. S.S.P. Arts Commerce & Law College,,Madhya Pradesh
Govt. Sanjay Gandhi Memorial College,Sidhi,Madhya Pradesh
Govt. Sanjay Gandhi Samriti College,,Madhya Pradesh
Govt. Sanskrit College,,Himachal Pradesh
Govt. Sanskrit College,,Himachal Pradesh
Govt. Sanskrit College,,Himachal Pradesh
Govt. Sanskrit College,,Kerala
Govt. Sanskrit Degree College,,Madhya Pradesh
Govt. Science & Commerce College,,Madhya Pradesh
Govt. Science College,Bilaspur,Chhattisgarh
Govt. Science College,Gandhinagar,Gujarat
Govt. Science College,,Maharashtra
Govt. Science College,Hassan,Karnataka
Govt. Science College,Chitradurga,Karnataka
Govt. Science College,,Madhya Pradesh
Govt. Science College,Chhindwara,Madhya Pradesh
Govt. Science College,,Chhattisgarh
Govt. Shastri Sanskrit College,Jhunjhunun,Rajasthan
Govt. Shrimant Madhvrao Scindil Post Graduate College,Shivpuri,Madhya Pradesh
Govt. State Level Law College,,Madhya Pradesh
Govt. Sukharam Nage College,,Chhattisgarh
Govt. Swami Atmanand College,,Chhattisgarh
Govt. Swami Vivekanand Mahavidyalaya,Rewa,Madhya Pradesh
Govt. T. Romana College,,Mizoram
Govt. Taranath V.P.'s Ayurveda College,,Karnataka
Govt. Teachers' Traininig College,Bhagalpur,Bihar
Govt. Thakur Niranjan Singh Mahavidyalaya,,Madhya Pradesh
Govt. Tilak College,,Madhya Pradesh
Govt. Tulsi College,Shahdol,Madhya Pradesh
Govt. V.R.S. Degree College,,Madhya Pradesh
Govt. Vikram College,,Madhya Pradesh
Govt. Vishwanath Yadav Tamskar P.G. Savshasi Mahavidyalaya,,Chhattisgarh
Govt. Vivekanand College,,Chhattisgarh
Govt. Vivekananda Mahavidyalaya,Satna,Madhya Pradesh
Govt. Vrinda Sahai Degree College,,Madhya Pradesh
Govt. Zirtiri Residential Science College,,Meghalaya
Govternment Arts & Science College,,Telangana
Grace Valley College of Arts & Science,Malappuram,Kerala
Gracious College of Education,Raipur,Chhattisgarh
Gram Bharti College,Patna,Bihar
Gram Panchayat Degree College,,Odisha
Gram Samaj Degree College,,Uttar Pradesh
Gram Vikas Mandal’s Krantiveer Navalbhau Arts College,,Maharashtra
Gram Vikas Sanstha's Arts & Science College,Nandurbar,Maharashtra
Gram Vikas Sanstha’s Arts College,Nandurbar,Maharashtra
Gram Vikas Santhstha's College of Arts,,Maharashtra
Gram Vikas Shikshan Mandal Marwad Sanchalit Late Nhanabhau Mansaram Tukaram Patil Arts College,,Maharashtra
Gramaudyogik Shikshan Mandal’s Marathwada Institute of Technology,Aurangabad,Maharashtra
Gramaynchal Mahila Vidyapeeth Mahavidyalaya,,Uttar Pradesh
Gramin Arts Science & Commerce College,,Maharashtra
Gramin Ayurved College,,Maharashtra
Gramin Mahila Mahavidyalaya,,Rajasthan
Gramin Mahila Mahavidyalaya,,Odisha
Gramin Mahila Mahavidyalaya,Azamgarh,Uttar Pradesh
Gramin Science Vocational College,,Maharashtra
Gramoday Mahavidyalaya,Hardoi,Uttar Pradesh
Gramodaya Mahavidyalaya,,Uttar Pradesh
Gramodaya Mahavidyalaya and Shodh Sansthan,,Uttar Pradesh
Gramodhar Mahavidyalaya,,Uttar Pradesh
Gramodya Ashram Degree College,,Uttar Pradesh
Gramseva  Mahavidyalaya,,Gujarat
Gramya Bharti Vidyapith,,Chhattisgarh
Gramyanchal Mahavidyalaya,,Uttar Pradesh
Grant Medical College,,Maharashtra
Graphi Era Institute of Technology,,Uttarakhand
Green Agra Mahavidyalaya,,Uttar Pradesh
Green Field College,Sitapur,Uttar Pradesh
Green Heaven Institute of Management and Research,Nagpur,Maharashtra
Green Valley College of Education,Kashmir,Jammu and Kashmir
Green Valley College of Education Research & Trainings,Kashmir,Jammu and Kashmir
Grow More College of Education,,Gujarat
GRT Institute of Engineering and Technology,,Tamil Nadu
GRY Institute of Pharmacy BorawanKhargone-451 228,,Madhya Pradesh
GSSS Institute of Engineering & Technology for Women,Mysore,Karnataka
Gudlavalleru Engineering College,Krishna,Andhra Pradesh
Gudleppa Hallikari Arts Science And Commerce College,,Karnataka
Gujarat Arts & Commerce College Evening,,Gujarat
Gujarat Arts & Science College,,Gujarat
Gujarat Commerce College,,Gujarat
Gulab Devi PG Girls College,,Uttar Pradesh
Gulab Mahavidyalaya,,Uttar Pradesh
Gulab Singh Mahila Mahavidyalaya,Allahabad,Uttar Pradesh
Gulabchand Pukraj Porwal Arts and Commerce And Veeramanna Veerayya Salinath Science College,,Karnataka
Gulabi Devi Mahavidyalaya,Jaunpur,Uttar Pradesh
Gulkandi Lalaram Mahavidyalaya,Mathura,Uttar Pradesh
Gulzar Memorial College of Education,Kashmir,Jammu and Kashmir
Gunjahalli Hirenagappa College of Commerce,,Karnataka
Guntur Engineering College,,Andhra Pradesh
Guntur Medical College,Guntur,Andhra Pradesh
Gunupur College,,Odisha
Gupta College,Bangalore,Karnataka
Gupta College of Technological Sciences,,West Bengal
Gurah Devi Shyam Bihari Mahavidyalaya,,Uttar Pradesh
Gurajada College of Education,Srikakulam,Andhra Pradesh
Gurmat College,,Punjab
Guru Gobind Singh College,Barnala,Punjab
Guru Gobind Singh College for Women,,Chandigarh
Guru Gobind Singh College of Education (For Women),,Punjab
Guru Gobind Singh College of Pharmacy,,Haryana
Guru Gobind Singh Government College,,Punjab
Guru Gobind Singh Government College,,Punjab
Guru Gobind Singh Khalsa College,,Punjab
Guru Gobind Singh Khalsa College for women,,Punjab
Guru Harekrushna Behera College of Art & Culture,,Odisha
Guru Harikishan Degree College,,Uttar Pradesh
Guru Karshni Mahavidyalaya,Mirzapur,Uttar Pradesh
Guru Kashi College,,Punjab
Guru Kripa College of Professional Studies,Raisen,Madhya Pradesh
Guru Nanak Academy Girls Degree College,,Uttar Pradesh
Guru Nanak Bhai Lalo Ramghaaria College For Women,,Punjab
Guru Nanak College,,Punjab
Guru Nanak College,,Punjab
Guru Nanak College,Mansa,Punjab
Guru Nanak College,,Tamil Nadu
Guru Nanak College,,Jharkhand
Guru Nanak College,,Punjab
Guru Nanak college,,Punjab
Guru Nanak College,,Punjab
Guru Nanak College,,Punjab
Guru Nanak College For Women,,Punjab
Guru Nanak College of Arts Science & Commerce,,Maharashtra
Guru Nanak College of Education & Trainings,Kashmir,Jammu and Kashmir
Guru Nanak College of Education For Women,,Punjab
Guru Nanak College of Science,,Maharashtra
Guru Nanak Degree College,Bijnor,Uttar Pradesh
Guru Nanak Dev Educational Institution,Kheri,Uttar Pradesh
Guru Nanak Dev Engineering College,,Punjab
Guru Nanak Dev Engineering College,,Punjab
Guru Nanak Dev Khalsa Girls College,,Punjab
Guru Nanak Dev University College,,Punjab
Guru Nanak Dev University College,,Punjab
Guru Nanak Dev University College,,Punjab
Guru Nanak Dev University College,,Punjab
Guru Nanak Dev University College,,Punjab
Guru Nanak Dev University College,Pathankot,Punjab
Guru Nanak Dev University College,,Punjab
Guru Nanak Dev University College,Pathankot,Punjab
Guru Nanak Girls College,,Punjab
Guru Nanak Girls College,,Haryana
Guru Nanak Girls College,,Rajasthan
Guru Nanak Girls Degree (PG) College,,Uttar Pradesh
Guru Nanak Government College,,Punjab
Guru Nanak Government College,,Punjab
Guru Nanak Institute of Hotel Management,,West Bengal
Guru Nanak Institute of Pharmaceutical Science and Technology,Kolkata,West Bengal
Guru Nanak Institute of Technology,,West Bengal
Guru Nanak Institute of Technology,Nagpur,Maharashtra
Guru Nanak Institute of Technology,Rangareddy,Telangana
Guru Nanak Institutions Technical Campus,,Telangana
Guru Nanak Khalsa College,,Punjab
Guru Nanak Khalsa College,,Punjab
Guru Nanak Khalsa College,,Haryana
Guru Nanak Khalsa College,,Haryana
Guru Nanak Khalsa College for Women,,Punjab
Guru Nanak Khalsa College of Arts Science & Commerce,,Maharashtra
Guru Nanak Khalsa Girls College,,Punjab
Guru Nanak National College,,Punjab
Guru Nanak National College,,Punjab
Guru Nanak National College For Women,,Punjab
Guru Nanak Nav Bharat College,,Punjab
Guru Nanak Prem karamsar College,,Punjab
Guru Niranjananand Mahavidyalaya,,Uttar Pradesh
Guru Phoolchand Mahavidyalaya,,Uttar Pradesh
Guru Sahay Mahavidyalay,,Uttar Pradesh
Guru Teg Bahadur College,,Punjab
Guru Teg Bahadur Khalsa College of Education,,Punjab
Guru Tegh Bahadur Khalsa College for Women,,Punjab
Guru Tegh Bahadur National College,,Punjab
Guru Vashishth Mahavidyalaya,Gonda,Uttar Pradesh
Gurucharan College,Cachar,Assam
Gurudas College,,West Bengal
Gurukul College,Bijnor,Uttar Pradesh
Gurukul Mahavidyalaya,,Uttar Pradesh
Gurukul Mahavidyalaya,,Uttar Pradesh
Gurukul Mahila Arts & Commerce College,Porbandar,Gujarat
Gurukul Mahila Mahavidyalaya,,Chhattisgarh
Gurukul Sanskrit Mahavidyalaya,Sitamarhi,Bihar
Gurunanak College of Pharmacy,Nagpur,Maharashtra
Gurunanak Dev Engineering College,,Karnataka
Guruvayurappan Institute of Management,Coimbatore,Tamil Nadu
Gushkara Mahavidyalaya,,West Bengal
Guthikonda Sreeramulu (Arts & Science) Degree College,Sri Potti Sriramulu Nellore,Andhra Pradesh
GVM's College of Education,,Goa
GVRS Govt. Degree College,Kurnool,Andhra Pradesh
Gwalior Nursing College,,Madhya Pradesh
Gyan Bharti Institute of Management Studies,,Uttar Pradesh
Gyan Chand Jain Commerce College,,Jharkhand
Gyan Deep Degree College,Hardoi,Uttar Pradesh
Gyan Ganga College of Excellence,Jabalpur,Madhya Pradesh
Gyan Ganga College of Excellence,Jabalpur,Madhya Pradesh
Gyan Ganga College of Technology,Jabalpur,Madhya Pradesh
Gyan Ganga College of Technology,Jabalpur,Madhya Pradesh
Gyan Ganga Institute of Technology & Science,,Madhya Pradesh
Gyan Ganga Institute of Technology and Sciences,,Madhya Pradesh
Gyan Jyoti Mahavidyalaya,,Rajasthan
Gyan Mahavidyalaya,,Uttar Pradesh
Gyan Mandir College,,Madhya Pradesh
Gyan Veer Mahavidyalaya,,Madhya Pradesh
Gyandeep Kanya Mahavidyalaya,Sitapur,Uttar Pradesh
Gyanodaya Mahavidyalaya,,Uttar Pradesh
Gyanpeeth Degree College,Baksa,Assam
Gyatri Devi Sewak Mahavidyalaya,Sitapur,Uttar Pradesh
Gyayak Sanskrit T.T. College,,Rajasthan
H. & H.B. Kotak Institute of Science,,Gujarat
H.A. College of Commerce,,Gujarat
H.A. Rab Girls Degree College,Mau,Uttar Pradesh
H.B. B.Ed. College,Thane,Maharashtra
H.B. College,Jabalpur,Madhya Pradesh
H.B.H. Mahavidyalaya,Saharanpur,Uttar Pradesh
H.C. Boraiah Memorial Sc/St First Grade College,,Karnataka
H.C. P.G. College,,Uttar Pradesh
H.C. Women's College,,Chhattisgarh
H.C.D.G. College,Sivaganga,Assam
H.D. Jain College,Bhojpur,Bihar
H.G.P. Shikshan Prasarak Mandal’s Pansare Mahavidyalaya,,Maharashtra
H.H. Memorial law College,,Karnataka
H.H. The Raja's College,,Tamil Nadu
H.J. Thim College of Arts & Science,,Maharashtra
H.K. Veerana Gowdh First Grade College,,Karnataka
H.K.E' Society M.S.I. Arts & Science Degree College,,Karnataka
H.K.E's Sri Prabhu Arts & Science and J.M. Bohra Commerce College,,Karnataka
H.K.E'S S.S. Margol College of Arts Science & Commerce,,Karnataka
H.K.E. Society's P.D.A. Engineering College,,Karnataka
H.K.E. Society’s A.V. Patil Degree College of Arts Science & Commerce,,Karnataka
H.K.E. Society’s Sree Veerendra Patil Degree College of Science Arts and Commerce,Bangalore,Karnataka
H.K.E. Socity's Basaveshwar College of Education,,Karnataka
H.K.E.'s Smt. V.G. College for Women's,,Karnataka
H.K.E.'S' Smt. Chinamma Bisappapatil Arts & Commerce college,,Karnataka
H.L. College of Commerce,,Gujarat
H.L. Degree College,,Uttar Pradesh
H.L. Institute of Commerce,,Gujarat
H.L. Institute of Computer Applications,,Gujarat
H.L. Patel Arts and Commerce College,,Gujarat
H.L.G Govt. College,,Haryana
H.L.M Law College,Ghaziabad,Uttar Pradesh
H.L.M. College,,Uttar Pradesh
H.L.M. Girls College,,Uttar Pradesh
H.M. Mahavidyalaya,,Uttar Pradesh
H.M. Patel Institute of English Training and Research,,Gujarat
H.M.H. Degree College,,Uttar Pradesh
H.M.U. Hashmi College of Law,,Uttar Pradesh
H.M.V. Arts and Commerce College,,Gujarat
H.N. Bahuguna Degree College,,Uttar Pradesh
H.N. Dodhi Arts & R.N. Doshi College of Commerce,,Gujarat
H.N.B. Government P.G. College,,Uttarakhand
H.P.P.C. Govt. First Grade College,,Karnataka
H.P.S. College,Madhubani,Bihar
H.P.T. Arts & R.Y.K. Science College,,Maharashtra
H.R. College,Siwan,Bihar
H.R. College,Saran,Bihar
H.R. College of Commerce & Ecomonics,,Maharashtra
H.R. Sri Ramalu Memorial Arts & Science College,,Karnataka
H.S. College,Madhepura,Bihar
H.S. College,Munger,Bihar
H.S. Mahavidyalaya,Hatras,Uttar Pradesh
H.S.A. Degree College,,Uttar Pradesh
H.V. Desai College of Arts Science & Commerce College,Pune,Maharashtra
H.V. Sanskar Mahavidyalya,,Chhattisgarh
Habraghat Mahavidyalaya,Goalpara,Assam
Haffkine Institute for Training Research and Testing Panel,,Maharashtra
Hafiz Rahmat Khan Degree College,Pilibhit,Uttar Pradesh
Hajee Karutha Rowther Howdia College,,Tamil Nadu
Haji Anfar Ali College,Nagaon,Assam
Haji Ismail Mahavidyalay,,Uttar Pradesh
Haji Mohd. Khasim Saheb & Mohd. Galab Saheb Memorial College of Education,Guntur,Andhra Pradesh
Haji Nawab Ali Degree College,Sitapur,Uttar Pradesh
Haji Rashidan Begam & Haji Sahab Jahan Education Institute.,,Uttar Pradesh
Haji Waris Ali Shah Memorial Degree College,Bara Banki,Uttar Pradesh
Hajjin Sadika Begum Mahavidyalaya,,Uttar Pradesh
Hakikullah Chaudhary Mahavidyalaya,,Uttar Pradesh
Halakura College,Dhubri,Assam
Haldaur Degree College,Bijnor,Uttar Pradesh
Haldia Government College,,West Bengal
Haldia Institute of Dental Sciences and Research,Purba Medinipur,West Bengal
Haldia Institute of Health Sciences,Purba Medinipur,West Bengal
Haldia Institute of Management,Purba Medinipur,West Bengal
Haldia Institute of Maritime Studies and Research,Purba Medinipur,West Bengal
Haldia Institute of Technology,,West Bengal
Haldia Law College,Purba Medinipur,West Bengal
Halflong Government College,North Cachar Hills,Assam
Halim Muslim Degree (PG) College,,Uttar Pradesh
Hallmark Business School,Tiruchirappalli,Tamil Nadu
Hamidi Kashmiri Memorial Government Degree College,Srinagar,Jammu and Kashmir
Hamidia Girls Degree College,,Uttar Pradesh
Handa College of Education,Jammu,Jammu and Kashmir
Handia Baba Post Graduate College,Chitrakoot,Uttar Pradesh
Handia P.G. College,,Uttar Pradesh
Handique Girls' College,Kamrup,Assam
Haneef Memorial Muslim Degree College,,Uttar Pradesh
Hans Raj College,,Delhi
Hans Raj Mahila Mahavidyalaya,,Punjab
Hansraj Jiwandas College of Education,,Maharashtra
Hansraj Ram Laldei Degree College,,Uttar Pradesh
Hanuman Singh Degree College,,Uttar Pradesh
Hanuman Vyayam Prasarak Mandal’s College of Engineering & Technology,Amravati,Maharashtra
Hanumant Pal Mahavidyalaya,Kaushambi,Uttar Pradesh
Hanuwan Vyayan Shala Krida Mandal's Physical Education College,,Maharashtra
Happy Valley Business School,Coimbatore,Tamil Nadu
Har Pratap Singh Yadav Mahavidyalaya,,Uttar Pradesh
Harakadli Ajja Education Simiti’s Smt. K.S. Jigalur Arts and Commerce Women’s College,,Karnataka
Harakejamd Chouradia College,,Madhya Pradesh
Hardev Mahavidyalaya,Chandauli,Uttar Pradesh
Hardevanand Mahila Mahavidyalaya,Chandauli,Uttar Pradesh
Harendra – Chitra College,Barpeta,Assam
Harhi College,Lakhimpur,Assam
Hari Chandra Mahavidyalaya,,Uttar Pradesh
Hari Institute of Technology,,Uttar Pradesh
Hari Mangal Mahavidyalaya,,Uttar Pradesh
Hari Narain Singh Institute of Teachers Education,,Bihar
Hari Prasad Chandrawati Shikshan Prashikshan Mahavidyalaya,Ambedkar Nagar,Uttar Pradesh
Hari Prasad Nirmala Wits Mahavidyalaya,Faizabad,Uttar Pradesh
Hari Prasad Shah Mahavidyalaya,Saharsa,Bihar
Hari Sahnker Prasad Law College,,Uttar Pradesh
Hari Singh Arya Degree College,Jhansi,Uttar Pradesh
Harideojoshi Rajkiya Kanya Mahavidyalaya,,Rajasthan
Harihar Prasad Mahavidyalaya,,Uttar Pradesh
Harimohan Margshri Kanya Mahavidyalaya,,Uttar Pradesh
Harinam Singh Baghel Vigyan and Praudogiki Mahavidyalaya,Rae Bareli,Uttar Pradesh
Harinandan Mahavidyalaya,,Uttar Pradesh
Haringata Mahavidyalya,,West Bengal
Haripal Ji Smarak Mahavidyalaya,Mau,Uttar Pradesh
Harish Chandra Degree College,,Uttar Pradesh
Harishchandra Chaudhary Mahavidyalaya,Sonbhadra,Uttar Pradesh
Harishchandra Degree College,Sonbhadra,Uttar Pradesh
Harishchandra Mahavidyalaya,Ghazipur,Uttar Pradesh
Harishchandra Mahavidyalaya,,Uttar Pradesh
Harkamaya College of Education,,Sikkim
Harlal Institute of Management and Technology,,Uttar Pradesh
Harlal School of Law,,Uttar Pradesh
Harmal Panchakroshi Shikshan Mandal’s Ganpat Parsekar College of Education,,Goa
Harmukh College of Education,Kashmir,Jammu and Kashmir
Harpal Singh Memorial Mahavidyalaya,,Uttar Pradesh
Harsahay Degree College,,Uttar Pradesh
Harsaran Dass Dental College,,Uttar Pradesh
Harsh Mahila Mahavidyalaya,,Uttar Pradesh
Harsh Vidya Mandir (P.G.) College,,Uttarakhand
Harvansh Daya Parkash Shyamo Devi Degree College,,Uttar Pradesh
Hasananmba College of Education,,Karnataka
Hasanath College,Bangalore,Karnataka
Hashmi Girls Degree College,,Uttar Pradesh
Hasnath College for Women,,Karnataka
Hassan Shah Kohie – Hami Memorial Govt. Degree College,Kashmir,Jammu and Kashmir
Hatichong College,Nagaon,Assam
Hatidhura College,Kokrajhar,Assam
Hatsingimari College,Dhubri,Assam
Hausila Prasad Singh Smarak Mahila Mahavidyalaya.,Sultanpur,Uttar Pradesh
Hawabagh Women's College,,Madhya Pradesh
Hazi A.K. Khan College,Murshidabad,West Bengal
Hazi Abdul Qayyum Memorial Degree College,Allahabad,Uttar Pradesh
Hazi Newaz Ali Mahavidyalaya,Gonda,Uttar Pradesh
Hazi Taufeeq Ali Mahavidyalaya,,Uttar Pradesh
Heera Singh Yadav Mahavidyalaya,Ghazipur,Uttar Pradesh
Heeralal Yadav Balika Degree College,,Uttar Pradesh
Hemant Degree College,Pratapgarh,Uttar Pradesh
Hemo Prova Borbora Girls’ College,Golaghat,Assam
Hemuji Chandele College,,Maharashtra
Hemvati Nandan Bahuguna Rajkiya Mahavidyalaya,,Uttar Pradesh
Henry Baker College,,Kerala
Her Highness Maharani Sethu Parvathi Bai S.S.S. College for Women,,Kerala
Heramba Chandra College,,West Bengal
Heritage Institute of Tech.,,West Bengal
Hi - Tech Institute of Engineering & Technology,,Uttar Pradesh
Hi-Tech Institute of Technology,,Odisha
HICT Shiksha Mahavidyalaya,Gwalior,Madhya Pradesh
Hierank  Business  School,,Uttar Pradesh
Higher and Technical Institute Mizoram,Lunglei,Mizoram
Hilji College,,West Bengal
Hill College,,Manipur
Hill People’s College of Education & Trainings,Jammu,Jammu and Kashmir
Hill-Top Degree College,,Odisha
Himachal Pradesh University Evening College,,Himachal Pradesh
Himalayan College of Education,Jammu,Jammu and Kashmir
Himalayan Institute of Engineering & Technology,Sirmaur,Himachal Pradesh
Himalayan Institute of Management,Sirmaur,Himachal Pradesh
Himalayan Institute of Pharmacy,Sirmaur,Himachal Pradesh
Himalayan Pharmacy Institute,,Sikkim
Hind Mahavidyalaya,,Uttar Pradesh
Hind Seva Parishad’s Public Night Degree College,Mumbai,Maharashtra
Hindi Mahavidyalaya,,Telangana
Hindi Seva Mandal’s Shri Sant Gadge Baba College of Engineering & Technology,Jalgaon,Maharashtra
Hindi Seva Mandal’s Shri Sant Gadge Baba College of Engineering and Technology,Jalgaon,Maharashtra
Hindi Teacher's Training College,,Manipur
Hindi Vidya Prachar Samiti’s College of Law,Mumbai,Maharashtra
Hindol College,,Odisha
Hindu College,,Punjab
Hindu College,,Uttar Pradesh
Hindu College,,Delhi
Hindu College,,Haryana
Hindu College,Guntur,Andhra Pradesh
Hindu College,Krishna,Andhra Pradesh
Hindu College of Education,,Haryana
Hindu College of Pharmacy,Guntur,Andhra Pradesh
Hindu Degree College,,Uttar Pradesh
Hindu Girls College,,Haryana
Hindu Girls' College,,Haryana
Hindu Kanya College,,Punjab
Hindu Kanya Mahavidyalaya,,Punjab
Hindu Kanya Mahavidyalaya,,Haryana
Hindu Kanya Mahavidyalaya (PG) College,,Uttar Pradesh
Hindustan Business School,,Karnataka
Hindustan College of Arts & Science,Chennai,Tamil Nadu
Hindusthan College of Arts and Science,Coimbatore,Tamil Nadu
Hindusthan College of Education,Coimbatore,Tamil Nadu
Hindusthan College of Engineering and Technology,,Tamil Nadu
Hindusthan Institute of Technology,Coimbatore,Tamil Nadu
Hindusthan School of Architecture,Coimbatore,Tamil Nadu
Hingalganj Mahavidyalaya,North Twenty Four Parganas,West Bengal
Hira Nand Mahavidyalaya,,Uttar Pradesh
Hirachand Nemchand College of Commerce,,Maharashtra
Hirakud College,,Odisha
Hiralal Bharat College,,West Bengal
Hiralal Mazumdar Memorial College for Women,,West Bengal
Hiralal Ramniwas Post - Graduate College,,Uttar Pradesh
Hiraman Mahatam Mahavidyalaya,,Uttar Pradesh
Hirasugar Institute of Technology,,Karnataka
Hiremegalagere Patil Siddanagowda Degree College,,Karnataka
Hislop College,,Maharashtra
Hitkari Co-Operative Shrmjivi Evening College,,Rajasthan
Hitkarini Arts Commerce & Science College,,Madhya Pradesh
Hitkarini Law College,,Madhya Pradesh
Hitkarini Mahila College,,Madhya Pradesh
Hitkarini Prashikshan Mahila Mahavidyalaya,,Madhya Pradesh
HKBK College of Engineering,,Karnataka
HKBK Degree College,,Karnataka
Hnahthial College,,Mizoram
Hojai College,Nagaon,Assam
Hojai Girls’ College,Nagaon,Assam
Holi Cross Home Science College,,Tamil Nadu
Holkar Science College,,Madhya Pradesh
Holy Cross College,,Tamil Nadu
Holy Cross College,,Tamil Nadu
Holy Cross College,,Tripura
Holy Cross College of Nursing,Surguja,Chhattisgarh
Holy Cross Engineering College,Thoothukudi,Tamil Nadu
Holy Cross Institute of Management and Technology,,Kerala
Holy Mary Institute of Technology & Science,Rangareddy,Telangana
Holy-Wood Academy Kolhapur’s Sanjeevan Engineering and Technology Institute,Kolhapur,Maharashtra
Hon Shri Annasaheb Dange Arts Commerce & Science College,,Maharashtra
Hon’ble Loksevak Madhukarrao Chaudhari College of Pharmacy,,Maharashtra
Hooghly Engineering & Technology College,,West Bengal
Hooghly Mohsin College,,West Bengal
Hooghly Women's College,,West Bengal
Hope Foundation’s International Institute of Information Technology,Pune,Maharashtra
Hoyasaleswara College,,Karnataka
Hoysala College of Management,,Karnataka
Hrimohan Ghosh College,,West Bengal
Hrudyanada Samarak Mahavidyalaya,,Odisha
Hrushikesh Ray Degree Mahavidyalaya,,Odisha
Hukum Singh Bora Government Post Graduate College,Almora,Uttarakhand
Hukum Singh Memorial Girls Degree College,Saharanpur,Uttar Pradesh
Hulasi Devi Smriti Mahavidyalaya,,Uttar Pradesh
Hulkoti Co-operative Education Society’s Arts Science and Commerce College,,Karnataka
Hutatma Jaywantrao Patil Mahavidyalaya,,Maharashtra
Hutatma Rajguru Mahavidyalaya,Pune,Maharashtra
Hutatma Rashtriya Arts & Science College,,Maharashtra
Hyderabad Institute of Technology and Management,,Telangana
I.A School of Management Studies,,Karnataka
I.B. College,,Haryana
I.D. Memorial Degree College  Anand Vihar,Ghazipur,Uttar Pradesh
I.D.S.G. Govt. College,,Karnataka
I.G. Govt. college,,Haryana
I.G. Mahila Mahavidyalaya,,Haryana
I.G. National College,,Haryana
I.I.M.T. College of Education,,Uttar Pradesh
I.I.M.T. College of Management,,Uttar Pradesh
I.I.M.T. College of Medical Sciences,,Uttar Pradesh
I.I.M.T. College of Science and Technology,,Uttar Pradesh
I.I.M.T. Engineering College,,Uttar Pradesh
I.I.M.T. Law College,,Uttar Pradesh
I.L.S. Law College,Pune,Maharashtra
I.M. Nanawati Law College,,Gujarat
I.M.I.R.C. College of Law,,Uttar Pradesh
I.M.P.S. Degree College,,Odisha
I.M.S. Law College,,Uttar Pradesh
I.P. (P.G.) College Campus -2 Bulandshahr,Bulandshahr,Uttar Pradesh
I.P. Degree College,,Uttar Pradesh
I.P.S. Academy,,Madhya Pradesh
I.T.S. Centre for Dental Studies & Research,,Uttar Pradesh
I.T.S. Dental College Hospital & Research Centre,,Uttar Pradesh
I.T.S. Engineering College,,Uttar Pradesh
I.T.S. Institute of Health & Allied Science,,Uttar Pradesh
IAMR B.Ed. College,,Uttar Pradesh
IAMR College of Engineering,,Uttar Pradesh
IAMR Law College,Ghaziabad,Uttar Pradesh
Ibotombi Institute of Education,,Manipur
ICARE Institute of Medical Sciences and Research & Dr. Bidhan Chandra Roy Hospital,Purba Medinipur,West Bengal
Ichchharam Singh Mahavidyalaya,,Uttar Pradesh
Idar Ajand Patidar H.K.M. Arts College & P.N. Patel Commerce College,,Gujarat
IDEAL College of Arts & Science,East Godavari,Andhra Pradesh
Ideal Degree College,Bara Banki,Uttar Pradesh
Ideal Girls College,,Manipur
Ideal Institute of Management and Technology,,Uttar Pradesh
IDEAS - Institute of Design Education & Architectural Studies,Nagpur,Maharashtra
Idhaya College for Women,,Tamil Nadu
Idhaya College for Women,,Tamil Nadu
Idhaya College of Arts and Science for Women,,Puducherry
Idhaya Engineering College of Women,Viluppuram,Tamil Nadu
IEC College of Engineering & Technology,Gautam Buddha Nagar,Uttar Pradesh
IES College of Engineering,Thrissur,Kerala
IES College of Technology,Bhopal,Madhya Pradesh
IFET College of Engineering,,Tamil Nadu
IFIM College,Bangalore,Karnataka
IIMT College of Engineering,Gautam Buddha Nagar,Uttar Pradesh
IIPM School of Management,Sundargarh,Odisha
Illahia College of Arts and Science,,Kerala
Imanul Hai Khan Law College,,Jharkhand
Immaculate College of Education for Women,,Puducherry
Immanuel College,,Nagaland
Imphal Arts College,,Manipur
Imphal College,,Manipur
Indapur Taluka Gramvikas Pratishthan’s Vishwasrao Ransing College (Arts Commerce & Science),Pune,Maharashtra
Indas Mahavidyalaya,Bankura,West Bengal
Inder Dev Institute of Education of Technology,,Uttar Pradesh
Inderprastha Dental College & Hospital,,Uttar Pradesh
Inderprastha Engineering College,Ghaziabad,Uttar Pradesh
India Culture League Society’s Motilal Jhunjhunwala College of Arts Science & Commerce,,Maharashtra
Indian Academy Degree College,Bangalore,Karnataka
Indian Drugs Research Association,,Maharashtra
Indian Education Society’s College of Architecture,,Maharashtra
Indian Institute of Legal Studies,,West Bengal
Indian Institute of Management and Commerce,,Telangana
Indian Institute of Social Welfare & Business Management,Kolkata,West Bengal
Indian School of Hospitality,,Haryana
Indira Gandhi (Sr.) College,,Maharashtra
Indira Gandhi Arts & Commerce College,,Maharashtra
Indira Gandhi Arts & Science College,,Chhattisgarh
Indira Gandhi Balika Niketan College,,Rajasthan
Indira Gandhi College of Arts & Science,,Puducherry
Indira Gandhi College of Education,Kancheepuram,Tamil Nadu
Indira Gandhi College of Engineering and Technology for Women,Kancheepuram,Tamil Nadu
Indira Gandhi Degree College,,Uttar Pradesh
Indira Gandhi Girls Degree College,Gorakhpur,Uttar Pradesh
Indira Gandhi government College,,Arunachal Pradesh
Indira Gandhi Government Degree College,,Uttar Pradesh
Indira Gandhi Institute of Phusical Education and Sports Science,,Delhi
Indira Gandhi Institute of Technology,Dhenkanal,Odisha
Indira Gandhi Mahila Degree Mahavidyalaya,,Odisha
Indira Gandhi Mahila Mahavidyalaya,,Odisha
Indira Gandhi Medical College,,Himachal Pradesh
Indira Gandhi Rajkiya Mahila Mahavidyalaya,,Uttar Pradesh
Indira Gandhi Rashtriya Uran Akademi,,Uttar Pradesh
Indira Gandhi Women’s College,,Odisha
Indira Institute of Management,Pune,Maharashtra
Indira Institute of Management Sciences,,Maharashtra
Indira Mahavidyalaya,,Maharashtra
Indira Priya Darshini Government Degree College (Women),,Telangana
Indira Priyadarshini College,,Madhya Pradesh
Indira Priyadarshini Govt. Degree College for Women,,Telangana
Indira Priyadarshini Govt. Girls P.G. College of Commerce,,Uttarakhand
Indira Smriti Mahavidyalaya,Satna,Madhya Pradesh
Indirabai Meghe Mahila Mahavidyalaya,,Maharashtra
Indirani College of Nursing,,Puducherry
Indirapuram Institute of Higher Studies,Ghaziabad,Uttar Pradesh
Indo - American College,,Tamil Nadu
Indo Soviet Friendship College of Pharmacy,Moga,Punjab
Indore Christian College,,Madhya Pradesh
Indore Institute of Law,Indore,Madhya Pradesh
Indore Institute of Pharmacy,Indore,Madhya Pradesh
Indore Institute of Science and Technology,Indore,Madhya Pradesh
Indore School of Social Work,,Madhya Pradesh
Indra Ganesan College of Engineering,Tiruchirappalli,Tamil Nadu
Indra Ganesan College of Engineering,Tiruchirappalli,Tamil Nadu
Indra Priyadarshini College,,Madhya Pradesh
Indradev Ramnaval Banafar Mahavidyalaya,Ghazipur,Uttar Pradesh
Indrajeet Mahila Mahavidyalaya,Azamgarh,Uttar Pradesh
Indrakali Mahavidyalaya,,Uttar Pradesh
Indrani Mahavidyalaya,Pune,Maharashtra
Indrapal Singh M.S.D. Mahavidyalaya,Lalitpur,Uttar Pradesh
Indrapati Mahavidyalaya,,Uttar Pradesh
Indraprastha College for Woman,,Delhi
Indraprastha College of Education,,Uttar Pradesh
Indraprastha Institute of Management & Technology,Saharanpur,Uttar Pradesh
Indraraj Arts Commerce & Science College,,Maharashtra
Indrasan Singh Swatantrata Sangram Senani Rajkiya Mahavidyalaya,,Uttar Pradesh
Indravati Mahavidyalaya +3,,Odisha
Indrawas Kumari Memorial Degree College,,Uttar Pradesh
IndSearch Institute of Management Studies & Research,Pune,Maharashtra
Indu Devi Rampati Mahila Mahavidyalaya,Kushinagar,Uttar Pradesh
Infant Jesus College of Arts and Science for Women,,Tamil Nadu
Info Institute of Engineering,Coimbatore,Tamil Nadu
Innovative Institute of Education and Technology,,Uttar Pradesh
Innovative Institute of Law,,Uttar Pradesh
Insight Institute of Education and Training,Kashmir,Jammu and Kashmir
Institute for Education & Technical Sciences,Ghaziabad,Uttar Pradesh
Institute of  Management Studies,,Uttar Pradesh
Institute of Advanced Studies in Education,,Tamil Nadu
Institute of Advanced Study in Education,,Mizoram
Institute of Advanced Study in Education,Kurnool,Andhra Pradesh
Institute of Advanced Study in Education,,Madhya Pradesh
Institute of Advanced Study in Education,,Kerala
Institute of Aeronautical Engineering,,Telangana
Institute of Aplied Medicines & Research,,Uttar Pradesh
Institute of Asian Studies,,Tamil Nadu
Institute of Aviation Medicine,,Karnataka
Institute of Bioinformatics and Applied Biotechnology (IBAB),Bangalore,Karnataka
Institute of Computer Science & Technology,,Uttar Pradesh
Institute of Education,,West Bengal
Institute of Education,,Uttar Pradesh
Institute of Education For Women,,West Bengal
Institute of Engineering & Management,Kolkata,West Bengal
Institute of Engineering & Technology,,Uttar Pradesh
Institute of Engineering and Technology,,Punjab
Institute of Environment & Management,,Uttar Pradesh
Institute of Evening Studies,,Rajasthan
Institute of Excellence in Higher Educastion,,Madhya Pradesh
Institute of Genetic Engineering,,West Bengal
Institute of Health Sciences,Khordha,Odisha
Institute of Home Economics,,Delhi
Institute of Hospitality Management and Sciences,,Uttarakhand
Institute of Indian Culture,,Maharashtra
Institute of Informatics & Management Sciences,,Uttar Pradesh
Institute of Information Management and Technology,,Uttar Pradesh
Institute of Information Technology & Management,Janak Puri,Delhi
Institute of Innovation in Technology & Management,,Delhi
Institute of Language Research,,Madhya Pradesh
Institute of Language Studies and Applied Social Sciences (ILSASS),,Gujarat
Institute of Language Teaching,Rajkot,Gujarat
Institute of Leadership Entrepreneurship and Development,Kolkata,West Bengal
Institute of Management & Computer Studies,,Uttar Pradesh
Institute of Management & Sciences,,Uttar Pradesh
Institute of Management Education,,Uttar Pradesh
Institute of Management Studies,,Uttarakhand
Institute of Management Studies,,Uttar Pradesh
Institute of Management Studies,Ghaziabad,Uttar Pradesh
Institute of Management Study,,West Bengal
Institute of Management Training & Research,,Maharashtra
Institute of Mass Communication Film and Television Studies,,West Bengal
Institute of Nursing Education,,Maharashtra
Institute of Oriental Philosophy,,Uttar Pradesh
Institute of Pharmaceutical Education and Research,,Maharashtra
Institute of Pharmacy & Technology,Cuttack,Odisha
Institute of Post Graduate Ayurvedic Education and Research,,West Bengal
Institute of Post Graduate Medical Education & Research,,West Bengal
Institute of Professional Education and Research,Bhopal,Madhya Pradesh
Institute of Professional Excellence & Management,,Uttar Pradesh
Institute of Professional Studies,,Madhya Pradesh
Institute of Professional Studies,,Uttar Pradesh
Institute of Professional Studies & Research,Cuttack,Odisha
Institute of Public Enterprise,,Telangana
Institute of Road and Transport,Erode,Tamil Nadu
Institute of Rural Education- IRE,Thoubal,Manipur
Institute of Science,,Maharashtra
Institute of Science,,Maharashtra
Institute of Science & Technology for Advanced Studies & Research (ISTAR),,Gujarat
Institute of Science and Technology,,Telangana
Institute of Science and Technology,Paschim Medinipur,West Bengal
Institute of Science Poona’s College of Computer Sciences,Pune,Maharashtra
Institute of Teacher Education,,Uttar Pradesh
Institute of Technical Education & Research Centre,,Uttar Pradesh
Institute of Technology & Management,,Uttar Pradesh
Institute of Technology & Management,,Uttar Pradesh
Institute of Technology & Science,,Uttar Pradesh
Institute of Technology and Management,,Maharashtra
Integral Degree College,Rampur,Uttar Pradesh
Integrated Academy of Management and Technology,Ghaziabad,Uttar Pradesh
Integrated School of Law,,Uttar Pradesh
International College,Lakhisarai,Bihar
International College of Engineering,,Uttar Pradesh
International Institute of Business Studies,Bangalore,Karnataka
International Institute of Tamil Studies,,Tamil Nadu
International School of Informatics & Management,Jaipur,Rajasthan
International School of Media and Entertainment Studies,,Uttar Pradesh
International School of Technology & Sciences for Women,,Andhra Pradesh
IPEM Law Academy,,Uttar Pradesh
IPS Academy,Indore,Madhya Pradesh
IPS Academy Institute of Business Management and Research,Indore,Madhya Pradesh
IPS Academy Institute of Engineering & Science,Indore,Madhya Pradesh
Iqbal College,,Kerala
Iqbal Institute of Technology and Management,Srinagar,Jammu and Kashmir
Isabella Thouburn College,,Uttar Pradesh
Ishan  Institute of Management and Technology,,Uttar Pradesh
Ishan Institute of Law,Gautam Buddha Nagar,Uttar Pradesh
Ishan Institute of Management & Technology,Gautam Buddha Nagar,Uttar Pradesh
Ishrawati Devi Mahavidyalaya,Sultanpur,Uttar Pradesh
Ishwar Deshmukh College of Physical Education,,Maharashtra
Ishwar Prasad Mahavidyalaya,,Uttar Pradesh
Ishwardeen Bhagwat Singh Mahavidyalaya,Fatehpur,Uttar Pradesh
Ishwari Prasad Ramkali Devi Mahavidyalaya,,Uttar Pradesh
Ishwari Prasad Ramkali Devi Mahavidyalaya,Shahjahanpur,Uttar Pradesh
ISIC Institute of Rehabilition Sciences,,Delhi
ISL Engineering College,,Telangana
Islamia Arts & Science College,,Telangana
Islamia College,Sikar,Rajasthan
Islamia College for women,Kashmir,Jammu and Kashmir
Islamia College of Commerce,,Uttar Pradesh
Islamia College of Law,Saharanpur,Uttar Pradesh
Islamia College of Science & Commerce,Kashmir,Jammu and Kashmir
Islamia Degree College,,Uttar Pradesh
Islamia Degree College,Saharanpur,Uttar Pradesh
Islamia Faridiya College of Education,Jammu,Jammu and Kashmir
Islamia Karimia Degree College,,Madhya Pradesh
Islamiah College,Vellore,Tamil Nadu
Islamiah Women’s Arts and Science College,,Tamil Nadu
Islamiya Degree College,Saharanpur,Uttar Pradesh
Islamiya Mahila Mahavidyalaya,,Uttar Pradesh
Islampur College,,West Bengal
Ismail National Mahila (P.G.) College,Meerut,Uttar Pradesh
Ismail Yusuf College of Arts Science & Commerce,Mumbai,Maharashtra
Ismailsaheb Mulla Law College,Satara,Maharashtra
ISO Degree College  Sharafi Complex,,Telangana
Ispat College,Sundargarh,Odisha
Iswar Chandra Vidyasagar College,South Tripura,Tripura
Iswar Saran Degree College,,Uttar Pradesh
J J College of Engineering and Technology,Trichy,Tamil Nadu
J. Buana College,Lunglei,Mizoram
J. K. College of Education,Jammu,Jammu and Kashmir
J. P. Institute of Education,Meerut,Uttar Pradesh
J. Thankima College,Aizawl,Mizoram
J.B. College,Jorhat,Assam
J.B. Institute of Engineering & Technology,Hyderabad,Telangana
J.B. Sawant Education Society’s Tikambhai Metha Commerce College,Raigarh,Maharashtra
J.B. shah Girls College,Jhunjhunun,Rajasthan
J.B.S. Dhanour College,Muzaffarpur,Bihar
J.B.S. Mahavidyalaya,Bara Banki,Uttar Pradesh
J.B.S.P. Mandal’s Arts & Science College,,Maharashtra
J.C. D.A.V. College,Hoshiarpur,Punjab
J.C. Kumarappa Mahavidyalaya,Bhavnagar,Gujarat
J.C. Mills Girls College,Gwalior,Madhya Pradesh
J.C.E. Trust Sanchilit Commerce College,Junagadh,Gujarat
J.D. Birla Institute,Kolkata,West Bengal
J.D. College of Engineering & Management,Nagpur,Maharashtra
J.D. Patil Sangludkar arts & Commerce College,Amravati,Maharashtra
J.D. Women's College,Patna,Bihar
J.D.C. Bytco Institute of Management Studies & Research,Nashik,Maharashtra
J.D.J.B. Anand Degree College,Ambedkar Nagar,Uttar Pradesh
J.D.M.V.P Co-op. Samaj’s Arts Commerce & Science College,Jalgaon,Maharashtra
J.D.M.V.P. Co-op. Samaj’s Arts Science & Commerce  College,Jalgaon,Maharashtra
J.D.S. Degree College,Bareilly,Uttar Pradesh
J.D.S.G. College,Golaghat,Assam
J.G. College,Ahmadabad,Gujarat
J.G. College of Commerce,Dharwad,Karnataka
J.H. Bhalodia Women’s College,Rajkot,Gujarat
J.J. College,Gaya,Bihar
J.J. College,Hazaribagh,Jharkhand
J.J. College of Education,Pudukkottai,Tamil Nadu
J.J.College,Bhojpur,Bihar
J.J.College of Arts & Science,Pudukkottai,Tamil Nadu
J.J.M. Medical College,Davanagere,Karnataka
J.K.K. Munirajah College of Technology,,Maharashtra
J.K.K. Nataraja College of Arts & Science,Namakkal,Tamil Nadu
J.K.K. Nataraja College of Engineering and Technology,Namakkal,Tamil Nadu
J.K.K. Nataraja Dental College & Hospital,,Tamil Nadu
J.K.K. Nattraja College of Pharmacy,Namakkal,Tamil Nadu
J.K.S. College,,Jharkhand
J.L. Nehru Degree College,Etah,Uttar Pradesh
J.L. Nehru Law College,Mandsaur,Madhya Pradesh
J.L. Nehru Memorial Mahavidyalaya,Hoshangabad,Madhya Pradesh
J.L.N. College,Pashchimi Singhbhum,Jharkhand
J.L.N. College,Rohtas,Bihar
J.L.N. College,Patna,Bihar
J.L.N. Degree College,Bilaspur,Chhattisgarh
J.L.N. Government College For Women,Patiala,Punjab
J.L.N.M. College,Purbi Champaran,Bihar
J.M Shah Arts and Commerce College,,Gujarat
J.M. College,Hazaribagh,Jharkhand
J.M. Patel Arts Commerce & Science College,Bhandara,Maharashtra
J.M.D.P.L. Mahila College,Madhubani,Bihar
J.M.J. College for Women,Guntur,Andhra Pradesh
J.M.S. College,Munger,Bihar
J.N. College,Ranchi,Jharkhand
J.N. College,Cuttack,Odisha
J.N. College,Madhubani,Bihar
J.N. College,East Siang,Arunachal Pradesh
J.N. Government Engineering College,Mandi,Himachal Pradesh
J.N.N. Institute of Engineering,,Tamil Nadu
J.P. College,Bhagalpur,Bihar
J.P. Institute of Engineering & Technology,Meerut,Uttar Pradesh
J.P. Mahila College,Saran,Bihar
J.P. Pardiwala Arts and Commerce College,Valsad,Gujarat
J.P. Verma Science Mahavidyalaya,Hardoi,Uttar Pradesh
J.P.G.D. Degree College,,Uttar Pradesh
J.P.R. Girls Degree College,Azamgarh,Uttar Pradesh
J.P.S Mahavidyalaya,,Uttar Pradesh
J.S. College,Budaun,Uttar Pradesh
J.S. College,Sitamarhi,Bihar
J.S. College of Education,Firozabad,Uttar Pradesh
J.S. Hindu Post-Graduate College,Moradabad,Uttar Pradesh
J.S.M. Academy Salarpur,Meerut,Uttar Pradesh
J.S.M.'S Smt. I.G. Kulkarni Arts J.B. Sawant Science & Sau J.D. Kunte Commerce College,Raigarh,Maharashtra
J.S.S. Banashankari Arts commerce and Shanti Kumar Gubbi Science College,Dharwad,Karnataka
J.S.S. College,Mysore,Karnataka
J.S.S. College for Women,Mysore,Karnataka
J.S.S. College for Women,Bangalore,Karnataka
J.S.S. College for Women (Autonomous,Mysore,Karnataka
J.S.S. College of Arts and Commerce,Chamarajanagar,Karnataka
J.S.S. College of Arts Commerce & Science,Mysore,Karnataka
J.S.S. College of Arts Commerce & Science,,Karnataka
J.S.S. College of Arts Commerce and Science,Mysore,Karnataka
J.S.S. College of Pharmacy,Mysore,Karnataka
J.S.S. Kisan Veer Mahavidyalaya,,Maharashtra
J.S.S. Law College,Mysore,Karnataka
J.S.S. Science Arts & Commerce College,,Karnataka
J.S.S. Sh. Tammannappa Chikkodi Arts & Commerce College,,Karnataka
J.V. Jain College,,Uttar Pradesh
J.V.R.R. Memorial College of Education,Kurnool,Andhra Pradesh
J.Z. Shah Arts & H.P. Desai Commerce College,,Gujarat
Jabalpur College of Computers & Communication,,Madhya Pradesh
Jabalpur Engineering College,,Madhya Pradesh
Jabalpur Public College,Jabalpur,Madhya Pradesh
Jadavpur Vidapith College of Education,,West Bengal
Jadhav Education Society’s Shri K.A. Lokapur Arts Science and Commerce College,,Karnataka
Jadid Anjuman E-Talem Arts Science & Commerce Girls College,,Maharashtra
Jadonang Memorial College,,Manipur
Jadupati +3 College,,Odisha
Jagadambha College of Engineering and Technology,Yavatmal,Maharashtra
Jagadguru Swami Krishnacharya Mahavidyalaya.,,Uttar Pradesh
Jagan Institute of Management Studies,,Delhi
Jagannath College,,Odisha
Jagannath Degree College,,Odisha
Jagannath Degree College,bolangir,Odisha
Jagannath International Management School,New Delhi,Delhi
Jagannath International Management School,New Delhi,Delhi
Jagannath Mahavidyalaya (Degree College),,Odisha
Jagannath Munna Lal Choudhary Mahila Mahavidyalaya,,Madhya Pradesh
Jagannath Prasad Mahavidyalaya,,Uttar Pradesh
Jagannath Prasad Smarak College of Education,,Uttar Pradesh
Jagannath Prasad Smarak College of Law,,Uttar Pradesh
Jagannath Prasad Smarak Mahavidhyalay,,Uttar Pradesh
Jagannath Prasad Smarak Mahavidyalaya,Allahabad,Uttar Pradesh
Jagannath Singh Kanya Mahavidyalaya,Kanpur Dehat,Uttar Pradesh
Jagannath Singh Kanya Mahavidyalaya,,Uttar Pradesh
Jagarlamudi Kuppuswamy Choundry College,Guntur,Andhra Pradesh
Jagat Arts Commerce and Indiraben Hariharbhai Patel Science College,,Maharashtra
Jagat Narayan Mahavidhyalaya.,Ambedkar Nagar,Uttar Pradesh
Jagat Taran Girls Degree College,,Uttar Pradesh
Jagatpur Degree College,,Uttar Pradesh
Jagatraj Mahavidyalaya,Hamirpur,Uttar Pradesh
Jagdam College,Saran,Bihar
Jagdamba Education Society’s S.N.D. College of Engineering & Research Centre,Nashik,Maharashtra
Jagdamba Mahavidyalaya,,Maharashtra
Jagdamba Sanskrit Mahavidyalaya,Darbhanga,Bihar
Jagdamba Sharan Singh Educational Institute,Gonda,Uttar Pradesh
Jagdeesh Prasad Yadav Shiv Kumar Singh Yadav Mahavidyalaya,Lakhimpur,Uttar Pradesh
Jagdeo Memorial College,Kaimur (Bhabua),Bihar
Jagdish Prasad Pandey Smarak Mahavidyalaya,,Uttar Pradesh
Jagdish Singh Mahavidyalaya,Ballia,Uttar Pradesh
Jagiroad College,marigaon,Assam
Jagjiwan Mahavidyalaya,Rohtas,Bihar
Jagjiwan Ram Sharmik College,Munger,Bihar
Jaglal Chaoudhary College,Saran,Bihar
Jagmohan College of Law,Baghpat,Uttar Pradesh
Jagnnath Kishore College,,West Bengal
Jagpat Singh Singraur Degree College,Allahabad,Uttar Pradesh
Jagpati Mahila Mahavidyalaya,Azamgarh,Uttar Pradesh
Jagran College of Arts Science and Commerce,,Uttar Pradesh
Jagrani Devi College,,Chhattisgarh
Jagruti Institute of Engineering & Technology,,Telangana
Jagvati Devi Moolchand Baboo Ram Institute of Life Science & Higher Education,Pilibhit,Uttar Pradesh
Jai Bajrang Shiv Gulam Mahavidyalaya,,Uttar Pradesh
Jai Bhagwan Sevabhavi Sanstha’s Late. Shankarrao Gutte Gramin Arts Commerce & Science College,Bid,Maharashtra
Jai Bharati College,,Madhya Pradesh
Jai Bundelkhand Institute of Science & Education Management & Technology,Jhansi,Uttar Pradesh
Jai Bundelkhand Mahavidyalaya,Mahoba,Uttar Pradesh
Jai Ganesh Shiv Sagar Mahila Mahavidyalaya,,Uttar Pradesh
Jai Gurudev Ram Sumiran Ram Kripal Mahavidyalaya,Sant Kabir Nagar,Uttar Pradesh
Jai Hind College Basantsing Institute of Science & J.T. Lalvani College of Commerce and Sheila Gopal Raheja College of Management,,Maharashtra
Jai Hind Educational Trust's Zulal Bhilajirao Patil College,,Maharashtra
Jai Kishan Balika Mahavidyalaya,Unnao,Uttar Pradesh
Jai Ma Durga Dharmawati Mahavidyalayala,,Uttar Pradesh
Jai Ma Sudami Devi Balika Mahavidyalaya,Ghazipur,Uttar Pradesh
Jai Maa Bhagwati Sonachal Mahavidyalaya,,Uttar Pradesh
Jai Maa Institute of Education,Mainpuri,Uttar Pradesh
Jai Maa Vaishno Mahavidyalaya,Azamgarh,Uttar Pradesh
Jai Maa Varahi Mahavidyalaya,Gonda,Uttar Pradesh
Jai Mata Dulhami Tribhuwan Mahavidyalaya,,Uttar Pradesh
Jai Mata Rani Smt. Dhansira Mahavidyalaya,,Uttar Pradesh
Jai Mauni Baba Deva Girdhari Mahavidyalaya,,Uttar Pradesh
Jai Murti College,,Uttar Pradesh
Jai Narayan Mohanlal Purohit Government P.G. College,Jodhpur,Rajasthan
Jai Narayan Singh Chamela Devi Mahavidyalaya,,Uttar Pradesh
Jai Narayan Smarak Degree College,,Uttar Pradesh
Jai Prakash Mahavidyalaya,,Uttar Pradesh
Jai Prakash Mahila Mahavidyalaya,,Uttar Pradesh
Jai Prakash Rai Mahavidyalaya,,Uttar Pradesh
Jai Shankar Kripa Mahavidyalaya,Ambedkar Nagar,Uttar Pradesh
Jai Shree Bala Ji Mahavidyalaya,,Uttar Pradesh
Jain Asthanak Vasi Girls Degree College,,Uttar Pradesh
Jain College,,Karnataka
Jain College of Education,,Madhya Pradesh
Jain Degree College,,Madhya Pradesh
Jain Institute of Technology,Davanagere,Karnataka
Jain Jawan College,,Madhya Pradesh
Jain Kanya Pathshala (P.G.) College,,Uttar Pradesh
Jainath Memorial Mahavidyalay,,Uttar Pradesh
Jaintia Eastern College,,Meghalaya
Jaipuria Institute of Management,,Uttar Pradesh
Jairams Arts and Science College,Karur,Tamil Nadu
Jajwalyadev Government Navin Girls College,,Chhattisgarh
Jalagam Vengal Rao Govt. College,,Telangana
Jaleswar College,Goalpara,Assam
Jaleswar Women's College,,Odisha
Jalna Education Society's R.G. Bagdia Arts S.B. Lakhotia Commerce & R.Bezonji Science College,,Maharashtra
Jalpaiguri Government Engineering College,,West Bengal
Jalpaiguri Law College,,West Bengal
Jamal Mohammed College,,Tamil Nadu
Jamalpur College,Mungeli,Bihar
Jamalpur Mahavidyalaya,,West Bengal
Jamankira +3 College,Sambalpur,Odisha
Jambeswar Degree Mahavidyalaya,Baleshwar,Odisha
Jamda Anchalika Mahavidyalaya,,Odisha
Jamia Urdu College of Education,Aligarh,Uttar Pradesh
Jamini Mazumder Memorial College,Dakshin Dinajpur,West Bengal
Jamini Ray College,,West Bengal
Jamkhed Mahavidyalaya,,Maharashtra
Jammu & Kashmir Institute of Mathematical Sciences,Srinagar,Jammu and Kashmir
Jamna Lal Ram Lal Keemti Girls College,,Madhya Pradesh
Jamner Taluka Education Society's Gitabai Dattaraya Mahajan Arts Shri Keshrimal Rajmal Navlakha Commerce and Manohar Seth Dhariwal Science College,,Maharashtra
Jamshedpur Co-Operative College,,Jharkhand
Jamshedpur Women's College,,Jharkhand
Jamshedpur Worker's College,,Jharkhand
Jamtara College,,Jharkhand
Jamtara Mahila Sandhya Mahavidyalaya,,Jharkhand
Jamuna Devi Naresh Chandra Mahavidyalaya,Jalaun,Uttar Pradesh
Jamuna Keshav Singh Memorial Mahavidyalaya,,Uttar Pradesh
Jamuna Prasad Bhagwan Das Mahajan Degree College,,Uttar Pradesh
Jamuna Prasad Memorial College,Bareilly,Uttar Pradesh
Jamuni Lal College,Vaishali,Bihar
Jan Bharati Mahavidyalaya,Ghazipur,Uttar Pradesh
Jan Nayak Ch. Devi Lal College of Education,Sirsa,Haryana
Jan Nayak Ch. Devi Lal Dental College,Sirsa,Haryana
Jan Nayak Ch. Devi Lal Institute of Business Management,Sirsa,Haryana
Jan Nayak Ch. Devi Lal Memorial College,Sirsa,Haryana
Jan Nayak Ch. Devi Lal Memorial College of Engineering,Sirsa,Haryana
Jan Nayak Ch. Devi Lal Memorial College of Pharmacy,Sirsa,Haryana
Jana college of Education,,Maharashtra
Janak Dulari Mahila Mahavidyalaya,,Uttar Pradesh
Janapriya College,Barpeta,Assam
Janata College,,Odisha
Janata College,Cachar,Assam
Janata College,,Odisha
Janata College,Kokrajhar,Assam
Janatha Government First Grade College,Davanagere,Karnataka
Jang Bahadur Singh Patel Degree College,Allahabad,Uttar Pradesh
Jangi Mahavidyalaya,,Uttar Pradesh
Jangipur College,,West Bengal
Jangraj Challadura College,,Tamil Nadu
Janhit College of Law,,Uttar Pradesh
Janhit Degree College,,Uttar Pradesh
Janhit Institute of Education,,Uttar Pradesh
Janhit Institute of Education & Information,,Uttar Pradesh
Janhit Mahavidyalaya,Jaunpur,Uttar Pradesh
Janjatiya Sandhya (Degree) Mahavidyalaya,,Jharkhand
Janki Devi Bajaj Government Girls College,Kota,Rajasthan
Janki Devi Memorial College,,Delhi
Janki Prasad Chaudhary Mahila Degree College,,Uttar Pradesh
Janki Prasad Verma Memorial Mahila Mahavidyalaya,,Uttar Pradesh
Janseva Shikshan Mandal’s Shantarambhau Gholap Arts Science and Gotirambhau Pawar Commerce College,,Maharashtra
Jansons School of Business,Coimbatore,Tamil Nadu
Janta College,Rewa,Madhya Pradesh
Janta Degree College,,Uttar Pradesh
Janta Degree College,,Uttar Pradesh
Janta Degree College,,Uttar Pradesh
Janta Degree College,,Uttar Pradesh
Janta Kala Vanijya Mahavidyalaya,,Maharashtra
Janta Kanya Mahavidyalaya,,Uttar Pradesh
Janta Koshi College,Darbhanga,Bihar
Janta Mahavidyalaya,Rampur,Uttar Pradesh
Janta Mahavidyalaya,,Uttar Pradesh
Janta Mahavidyalaya,,Maharashtra
Janta Mahavidyalaya,Rewa,Madhya Pradesh
Janta Mahavidyalaya,,Uttar Pradesh
Janta Mahavidyalaya (PG) College,,Uttar Pradesh
Janta Mahavidyalaya (PG) College,,Uttar Pradesh
Janta Shivratri College,,Jharkhand
Janta Swarup Degree College,,Uttar Pradesh
Janta Vadic Degree College,,Uttar Pradesh
Janta Vedic College,,Uttar Pradesh
Janta Vidya Mandir Ganpat Rai Rasiwasia College,Bhiwani,Haryana
Japfu Christain College,,Nagaland
Jashbhai Maganbhai Patel College of Commerce,,Maharashtra
Jashipur College,,Odisha
Jasrana Degree College,,Uttar Pradesh
Jata Shankar Gupta Degree College,Jaunpur,Uttar Pradesh
Jatadhari Postgraduate College,,Uttar Pradesh
Jatindra Rajendra Mahavidyalaya,,West Bengal
Jatiya Kabi Birakishore College,,Odisha
Jawahar Arts Science & Commerce College,,Maharashtra
Jawahar Bharati Degree College,Sri Potti Sriramulu Nellore,Andhra Pradesh
Jawahar College of Education,,Karnataka
Jawahar Lal Lodhi Degree College,Bareilly,Uttar Pradesh
Jawahar Lal Nehru Degree College,,Uttar Pradesh
Jawahar Lal Nehru Government College,Kullu,Himachal Pradesh
Jawahar Lal Nehru Medical College,Bhagalpur,Bihar
Jawahar Lal Nehru Memorial College,Sitamarhi,Bihar
Jawahar Lal Nehru Smarak P.G College,Mahrajganj,Uttar Pradesh
Jawahar Science College,,Tamil Nadu
Jawahar Shikshan Prasarak Sanstha’s College of Education,,Maharashtra
Jawaharlal College of Engineering and Technology,Palakkad,Kerala
Jawaharlal Darda Institute of Engineering and Technology,Yavatmal,Maharashtra
Jawaharlal Institute of P.G. Medical Education & Research,,Puducherry
Jawaharlal Nehru Arts Commerce & Science College,,Maharashtra
Jawaharlal Nehru College,Kamrup,Assam
Jawaharlal Nehru College,Bhopal,Madhya Pradesh
Jawaharlal Nehru College of Education,,Telangana
Jawaharlal Nehru College of Social Work,,Maharashtra
Jawaharlal Nehru Degree & PG College,,Telangana
Jawaharlal Nehru Government College,,Madhya Pradesh
Jawaharlal Nehru Institute of Advanced Studies (JNIAS),,Telangana
Jawaharlal Nehru Institute of Education Science & Technological,,Maharashtra
Jawaharlal Nehru Medical College,,Rajasthan
Jawaharlal Nehru Memorial Post - Graduate College,,Uttar Pradesh
Jawaharlal Nehru National College of Engineering,,Karnataka
Jawaharlal Nehru National College of Engineering,,Karnataka
Jawaharlal Nehru Smiriti Mahavidyalaya,Vidisha,Madhya Pradesh
Jawaharlal Nehru Teachers Training College,,Rajasthan
Jawharlal Nehru College,,Odisha
Jay Bajrang Mahila Mahavidyalaya,,Uttar Pradesh
Jay Giriraj Dharan Mahavidyalaya,,Uttar Pradesh
Jay Prakash Sandhya Degree Mahavidyalaya,,Odisha
Jay Ram Janki Mahavidyalaya,,Uttar Pradesh
Jay Shiv Mahavidyalaya,amroha,Uttar Pradesh
Jay Shriram Group of Institutions,,Tamil Nadu
Jaya Engineering College,,Tamil Nadu
Jaya Nanda College,Darbhanga,Bihar
Jaya Ram Raj Upadhyaya Balika Mahavidyalaya,,Uttar Pradesh
Jayamukhi Institute of Technological Sciences,,Telangana
Jayaprakash Narayan College of Engineering,Hyderabad,Telangana
Jayaraj Annapackiam College for Women,,Tamil Nadu
Jayaram College of Engineering & Technology,,Tamil Nadu
Jayawad Mahavidyalaya,,Maharashtra
Jayawant Shikshan Prasarak Mandal’s Imperial College of Engineering & Research,Pune,Maharashtra
Jayawant Shikshan Prasarak Mandal’s Rajarshi Shahu College of Engineering,Pune,Maharashtra
Jaypur Panchanan Roy College,,West Bengal
Jaysingpur College,,Maharashtra
Jaywant Shikashan Prasarak Mandal’s Jayawantrao Sawant College of Engineering,Pune,Maharashtra
JCT College of Engineering and Technology,Coimbatore,Tamil Nadu
JDMVP Co-op Samaj's Sh. S.S. Patil Arts. S.B.T.T.S. Commerce & G.R. Pandit Science College,,Maharashtra
Jeet Bahadur Singh Mahavidyalaya,Sultanpur,Uttar Pradesh
Jeevan Jyot Educational Charitable Trust Reena Mehta College of Arts Science Commerce & Management Studies,Thane,Maharashtra
Jeevan Rekha Pratisthan’s Mahila B.C.A. Mahavidyalaya,Latur,Maharashtra
Jeevandeep Mahavidyalaya,Varanasi,Uttar Pradesh
Jeevandeep Shaikshanik Sanstha’s Poi’s Arts Commerce & Science College,,Maharashtra
Jeevandeep Shaishanik Sanstha’s Poi’s Arts Commerce & Science College,Thane,Maharashtra
Jeewan Deep Women College of Education,Ghazipur,Uttar Pradesh
Jehlum Education Trust College of Education,Kashmir,Jammu and Kashmir
Jei Mathaajee College of Engineering,,Tamil Nadu
Jengraimukh College,Jorhat,Assam
Jeppiaar Institute of Technology,Chennai,Tamil Nadu
Jerusalem College of Engineering,Chennai,Tamil Nadu
Jesus And Mary College,,Delhi
Jesus Mary Joseph (J.M.J) Degree College for Women,,Telangana
Jethabhai & Jhaverbhai College of Science,,Gujarat
Jethiba K. Patel Arts College & B.A. Patel & D.B. Vyas Commerce College,,Gujarat
Jeypore Law College,,Odisha
Jhabbu Singh Memorial College,,Jharkhand
Jham Baba Degree College,,Uttar Pradesh
Jhamman Lal Degree College,,Uttar Pradesh
Jhanji Hem Nath Sarma College,Sivasagar,Assam
Jhargram Raj College,,West Bengal
Jhargram Raj College (Girls’ Wing),,West Bengal
Jharkhand College,,Jharkhand
Jhaulal Gajodhar Prasad Mahila Mahavidyalaya,,Uttar Pradesh
Jhauwa Dharm Nagar Sanskrit Mahavidyalaya,Gorakhpur,Uttar Pradesh
Jhinki Devi Smarak Mahavidyalaya,,Uttar Pradesh
Jhulelal Institute of Technology,Nagpur,Maharashtra
Jhunjhunwala P.G. College,Faizabad,Uttar Pradesh
Jhunjnunwala Mahavidyalaya,,Uttar Pradesh
Jiadhal College,Dhemaji,Assam
Jialal Institute of Education,,Rajasthan
Jibantala Rokeya Mahavidyalaya,South Twenty Four Parganas,West Bengal
Jijamata College of Science & Arts,,Maharashtra
Jijamata Education Society’s Arts Science and Commerce College,,Maharashtra
Jijamata Kala Mahavidyalaya,Yavatmal,Maharashtra
Jiral College,,Odisha
Jiri College,,Manipur
JIS College of Engineering,,West Bengal
Jitendra Chauhan College of Law,,Maharashtra
Jiwach Mahavidyalaya,Muzaffarpur,Bihar
JMF’s Vande Mataram Degree College of Arts Commerce & Science,,Maharashtra
Jnan Vikas Mandal’s Mohanlal Raichand Mehta College of Commerce Diwali Maa College of Science Amritlal Raichand Mehta College of Arts Dr. R.T. Doshi College of Computer Science,,Maharashtra
Jnana Jyothi Degree College,Bangalore,Karnataka
Jnana Prabodhini Institute of Psychology,,Maharashtra
JNM College for Advance Studies and Technology,Varanasi,Uttar Pradesh
JNTU College of Engineering,East Godavari,Andhra Pradesh
JNTU College of Engineering,,Telangana
JNTUA College of Engineering,Anantapur,Andhra Pradesh
JNTUA College of Engineering,Y.S.R.,Andhra Pradesh
JNTUH College of Engineering,,Telangana
JNTUH College of Engineering,,Telangana
JNTUK University College of Engineering,Vizianagaram,Andhra Pradesh
Joda Women's College,,Odisha
Jodh Singh Namdhari Mahila College,,Jharkhand
Jodhpur Institute of Engineering & Technology,Jodhpur,Rajasthan
Jogesh Chandra Chaudhuri College,,West Bengal
Jogesh Chandra Chaudhuri Law College,Kolkata,West Bengal
Joginpally B.R Pharmacy College,Hyderabad,Telangana
Joginpally B.R. Engineering College,Rangareddy,Telangana
Jogmaya Devi College,,West Bengal
Johnson College,,Mizoram
Jokhan Mahavidyalaya,,Uttar Pradesh
Jokhu Lal Piyari Devi Mahavidyalaya,Mirzapur,Uttar Pradesh
Jonai Girls’ College,Dhemaji,Assam
Jorhat College (AMULGUMATED),Jorhat,Assam
Jorhat Engineering College,Jorhat,Assam
Jorhat Institute of Science & Technology,Jorhat,Assam
Jorhat Kendriya Mahavidyalaya,Jorhat,Assam
Jorhat Law College,Jorhat,Assam
Joseph Arts and Science College,Viluppuram,Tamil Nadu
Joya Gogai College,Golaghat,Assam
JP College of Arts & Science,Tirunelveli,Tamil Nadu
JPM Arts and Science College,Idukki,Kerala
JSPS'S Ajjappa Gadami Arts and Commerce College,,Karnataka
JSS Academy of Techncial Education,Bangalore,Karnataka
JSS Academy of Technical Education,,Uttar Pradesh
JSS College of Nursing,Mysore,Karnataka
JSS College of Physiotherapy,Mysore,Karnataka
JSS Institute of Speech and Hearing,Dharwad,Karnataka
JSS Institute of Speech and Hearing,Mysore,Karnataka
JSS Sakaari Law College,,Karnataka
JSS Shri Manjunatheshwara Institute of Under-Graduate & Post-Graduate Studies,,Karnataka
JSS Sri Manjunatheshwara College of Education,Dharwad,Karnataka
Jubilee College,,Jharkhand
Jubilee Memorial College,Mokokchung,Nagaland
Jubilee Mission College of Nursing,,Kerala
Jubilee Mission Medical College & Research Institute,Thrissur,Kerala
Jugal Kishore Mahavidyalaya,,Uttar Pradesh
Juhari Devi Girls Postgraduate College,,Uttar Pradesh
Junabhadra College,,Odisha
Jung Bahadur Rai Mahavidyalaya,,Uttar Pradesh
Juria College,Nagaon,Assam
Justice Baseer Ahmed Sayeed College for Women,,Tamil Nadu
Juthalal Sanskrit Mahavidyalaya,,Bihar
Jwala Devi Mahavidyalaya,Pratapgarh,Uttar Pradesh
Jwala Devi Vidya Mandir (PG) Degree College,,Uttar Pradesh
Jwala Prasad Singh Mahila Mahavidyalaya,Sultanpur,Uttar Pradesh
Jyothi Engineering College,Thrissur,Kerala
Jyothishmathi Institute of Technology & Science,Karimnagar,Telangana
Jyothy Institute of Technology,Bangalore,Karnataka
Jyothy Institute of Technology,,Karnataka
Jyoti College of Management Science & Technology,,Uttar Pradesh
Jyoti Vikash Degree College,,Odisha
Jyotiba College of Physical Education,,Maharashtra
Jyotinivas College,,Karnataka
K G R L Degree College,West Godavari,Andhra Pradesh
K. J. Somaiya Comprehensive College of Education,,Maharashtra
K. Ramakrishnan College of Engineering,Tiruchirappalli,Tamil Nadu
K. Ramakrishnan College of Technology,Tiruchirappalli,Tamil Nadu
K.B. College,,Jharkhand
K.B. Jha College,Katihar,Bihar
K.B. P.G. College,,Uttar Pradesh
K.B. Women's College,,Jharkhand
K.B.A. Mahavidyalaya,Mainpuri,Uttar Pradesh
K.B.H. Law College,,Maharashtra
K.B.N. College,Krishna,Andhra Pradesh
K.B.P. College,,Maharashtra
K.C. Adarsh Mahavidyalaya,,Uttar Pradesh
K.C. College of Education,Jammu,Jammu and Kashmir
K.C. Dass Commerce College,Kamrup,Assam
K.C. Education Society's Institute of Management and Research,,Maharashtra
K.C. Gurukul College of Education,Jammu,Jammu and Kashmir
K.C. Law College,,Maharashtra
K.C. Seth Arts College,,Gujarat
K.C.L. Institute of Laws,Jalandhar,Punjab
K.C.S. College of Education (Women),Jammu,Jammu and Kashmir
K.C.T.C. College,Purbi Champaran,Bihar
K.D. College,,Uttar Pradesh
K.D. College of Commerce & General Studies,,West Bengal
K.D. Dental College & Hospital,,Uttar Pradesh
K.D.B. Degree College,,Uttar Pradesh
K.D.N. Mahavidyalaya,Azamgarh,Uttar Pradesh
K.D.S. Baghel Memorial Degree College,Agra,Uttar Pradesh
K.D.S. College,Khagaria,Bihar
K.E. Board’s First Grade Arts and Commerce College,,Karnataka
K.G. Arts & Science College,,Chhattisgarh
K.G.K. (P.G.)College,Moradabad,Uttar Pradesh
K.G.N. College,,Uttar Pradesh
K.G.S. Mahavidyalaya,,Uttar Pradesh
K.H. Govt. Degree College,Anantapur,Andhra Pradesh
K.H. Madhvani Arts and Commerce College,,Gujarat
K.J. Somaiya Centre for Buddhist Studies,,Maharashtra
K.J. Somaiya College of Arts and Commerce,,Maharashtra
K.J. Somaiya College of Arts Commerce & Science,,Maharashtra
K.J. Somaiya College of Engineering,,Maharashtra
K.J. Somaiya College of Science & Commerce,,Maharashtra
K.J. Somaiya Institute of Engineering and Information Technology,Mumbai,Maharashtra
K.J. Somaiya Institute of Management Studies & Research,,Maharashtra
K.K. Das College,,West Bengal
K.K. Parekh Commerce College,,Gujarat
K.K. Shah Jarodwala Maninagar Science College,,Gujarat
K.K. Wagh Education Society’s K.K. Wagh Arts Commerce Science and Computer Science College,Nashik,Maharashtra
K.K. Wagh Institute of Engineering Education and Research,,Maharashtra
K.K. Wagh Shikshan Sanstha’s K.K Wagh Arts Commerce Science and Computer Science College,Nashik,Maharashtra
K.K.E.C.S. Institute of Management,Bangalore,Karnataka
K.K.M. College,,Bihar
K.K.M. College,,Jharkhand
K.K.S. Women's College,,Odisha
K.K.W. Arts Science & Commerce College,,Maharashtra
K.L. Adarsh Mahavidyalay,Hamirpur,Uttar Pradesh
K.L. College of Engineering,Guntur,Andhra Pradesh
K.L. E. Society’s College of Education,,Karnataka
K.L. Mehta Dayanand College for Women,,Haryana
K.L.B.D.A.V. College for Girls,,Himachal Pradesh
K.L.D.A.V. Degree College,,Uttarakhand
K.L.E. Institute of Technology,,Karnataka
K.L.E. Society's S. Nijalingappa College,,Karnataka
K.L.E. Society's Shree Mrityunjaya College of Arts & Commerce,,Karnataka
K.L.E. Society’s Arts and Commerce College,,Karnataka
K.L.E. Society’s College of Education,,Karnataka
K.L.E. Society’s College of Education,,Karnataka
K.L.N. Arts and Sciences College,Sivaganga,Tamil Nadu
K.L.N. College of Engineering,Pottapalayam,Tamil Nadu
K.L.N. College of Information Technology,Sivaganga,Tamil Nadu
K.L.S. College,,Bihar
K.M. Agrawal College of Arts Commerce & Science,,Maharashtra
K.M. Asghar Husain College of Education,,Maharashtra
K.M. College of Education,Bhiwani,Haryana
K.M. College of Education,,Uttar Pradesh
K.M. Govt. College,,Haryana
K.M. Kundani College of Pharmacy,,Maharashtra
K.M.D. College,,Bihar
K.M.E. Society’s  G.M. Momin Women’s College,,Maharashtra
K.M.G. College of Arts & Science,,Tamil Nadu
K.M.R.D. Jain College For Women,,Punjab
K.N. Bhise Arts Commerce and Vinayakrao Patil Science College,,Maharashtra
K.N. Mahila College,,Bihar
K.N.Government Arts College for Women,,Tamil Nadu
K.N.M. Govt. Arts & Science College,,Kerala
K.N.V.V. Sanghals Arts & Commerce College,,Karnataka
K.O. Shah Municipal Arts and Commerce College,,Gujarat
K.P. College,,Bihar
K.P. Govt. College,,Madhya Pradesh
K.P. Mishra Government Girls Degree College,,Uttar Pradesh
K.P. National College of Arts & Science,,Tamil Nadu
K.P. Patel Mahila Mahavidyalaya,Bareilly,Uttar Pradesh
K.P. Training College,,Uttar Pradesh
K.P. Uccha Shiksha Sansthan,,Uttar Pradesh
K.P. Uchha Shiksha Sansthan,Allahabad,Uttar Pradesh
K.P.B. Hinduja College of Commerce,,Maharashtra
K.P.E.S. Siddharth Arts & Commerce Degree College,,Karnataka
K.P.S. Degree College,,Uttar Pradesh
K.R. College of Arts & Science,,Tamil Nadu
K.R. Desai Arts and Commerce College,,Gujarat
K.R. Girls Degree College,,Uttar Pradesh
K.R.B. Girls' College,Kamrup,Assam
K.R.C.E. Society's G.G.D. Arts B.M.P. Commerce & S.V.S. Science College,,Karnataka
K.R.E. College,,Karnataka
K.R.K. Govt. Degree College,Prakasam,Andhra Pradesh
K.R.M.D.A.V. College,,Punjab
K.R.R. Govt. Arts & Science College,,Telangana
K.R.T. Arts B.H. Commerce and A.M. Science College,,Maharashtra
K.S. College,,Bihar
K.S. Institute of Technology,Bangalore,Karnataka
K.S. Rangasamy College of Technology,Tiruchengode,Tamil Nadu
K.S. Rangaswamy College of Arts and Science,,Tamil Nadu
K.S. Saket Post -Graduate College,,Uttar Pradesh
K.S. Samiti's Vijayanaggar College of Education,,Karnataka
K.S. School of Engineering and Management,Bangalore,Karnataka
K.S. Wani Institute of Advanced Studies in Marathi,,Maharashtra
K.S.E.R.T. College of Education,Kashmir,Jammu and Kashmir
K.S.G. College of Arts & Science,,Tamil Nadu
K.S.G.M. College,,Jharkhand
K.S.R. College of Engineering,Namakkal,Tamil Nadu
K.S.R. Institute for Engineering and Technology,Namakkal,Tamil Nadu
K.S.R. Mahavidyalaya,,Bihar
K.S.R.M. College of Engineering,Y.S.R.,Andhra Pradesh
K.S.S Arts Commerce & Science College,,Karnataka
K.S.S. Arts and Commerce College,,Karnataka
K.S.S. Mahavidyalaya,,Bihar
K.S.S.'s Krantiveer Sangalli Rayanna College of Education,,Karnataka
K.S.T. College,,Bihar
K.S.U.B. College,,Odisha
K.T. Reddy Women's College,Krishna,Andhra Pradesh
K.T.S. Govt. Degree College,Anantapur,Andhra Pradesh
K.T.S.P. Mandal' KMC College,,Maharashtra
K.V. Science College,,Bihar
K.V. Subba Reddy Degree College,Kurnool,Andhra Pradesh
K.V.G. College of Engineering,Dakshina Kannada,Karnataka
K.V.M. College of Special Education,,Kerala
K.V.P. Sanstha's Kisan Arts Comm. & Sci. College,,Maharashtra
K.V.P. Society's Arts and Commerce College,,Karnataka
K.V.P.S.'S Ayurved Mahavidyalaya,,Maharashtra
K.V.R. & K.V.R. & M.K.R. College,Guntur,Andhra Pradesh
K.V.R. College,Krishna,Andhra Pradesh
K.V.R. Govt. College for Women,Kurnool,Andhra Pradesh
K.V.S.R. Siddhartha College of Pharmaceutical Sciences,Vijayawada,Andhra Pradesh
K.V.V.S College of Science and Technology,Pathanamthitta,Kerala
K.W.T.'S Divekar College of Commerce,,Karnataka
K.Z.S. Science College,,Maharashtra
Kaamadhenu Arts And Science College,Erode,Tamil Nadu
Kabi Jagadram Roy Government General Degree College,Bankura,West Bengal
Kabi Joydeb Mahavidalaya,,West Bengal
Kabi Nazrul College,,West Bengal
Kabi Nazrul Mahavidyalaya,,Tripura
Kabi Samrat Upendra Bhanja College of Teacher Education,,Odisha
Kabi Sukanta Mahavidyalaya,,West Bengal
Kabikankan Mukundaram Mahavidyalaya,,West Bengal
Kabisurya Baladev Vigyan Mahavidyalaya,,Odisha
Kabli Mal Ramji Dass Jain College For Women,,Punjab
Kabutari Devi Rajeshwar Tripathi Smarak Mahila Mahavidyalaya,,Uttar Pradesh
Kadambinipal Women’s College,,Odisha
Kahrdiha Degree College,,Uttar Pradesh
Kai Sushilatai Gaikwad Bahhuudeshiy Sanstha’s Bharat Ratna Indira Gandhi College of Engineering,Solapur,Maharashtra
Kai. Babasaheb Deshmukh Gorthekar Arts Commerce & Science Mahavidyalaya,,Maharashtra
Kai. Rasika Mahavidyalaya,,Maharashtra
Kai. Yashodabai Dagadu Saraf Charitable Trust’s College of Pharmacy,,Maharashtra
Kailash Institute of Nursing and Para-Medical Sciences,,Uttar Pradesh
Kailash Women’s College,Salem,Tamil Nadu
Kailashi Devi Shravan Kumari Mahavidyalaya,Jalaun,Uttar Pradesh
Kakasaheb Chavan Mahavidyalaya,,Maharashtra
Kakatiya Govt College,,Telangana
Kakatiya Institute of Technology & Science,,Telangana
Kakatiya Medical College,Warangal,Andhra Pradesh
Kakching Khunou College,,Manipur
Kakinada Aditya Degree College,Srikakulam,Andhra Pradesh
Kakinada Institute of Engineering & Technology,,Andhra Pradesh
Kakinada Institute of Engineering & Technology for Women,,Andhra Pradesh
Kakinada Institute of Engineering & Technology-II,,Andhra Pradesh
Kakinada Institute of Technological Sciences,,Andhra Pradesh
Kakinada Institute of Technology & Science,East Godavari,Andhra Pradesh
Kakojan College,Jorhat,Assam
Kala Vigyan Mahavidyalaya,,Maharashtra
Kalabari College,Sonitpur,Assam
Kalaguru Bishnu Rabha Degree College,Udalguri,Assam
Kalai Kaviri College of Fine Arts,Tiruchirappalli,Tamil Nadu
Kalaignar Karunanidhi Government Arts College for Women,Pudukkottai,Tamil Nadu
Kalaignar Karunanidhi Institute of Technology,,Tamil Nadu
Kalawati Girls Degree College,Sultanpur,Uttar Pradesh
Kalawati Gorakh Mahavidyalaya,Azamgarh,Uttar Pradesh
Kalawati Snatak Mahavidyalaya,,Bihar
Kaliabor College,Nagaon,Assam
Kaliachak College,,West Bengal
Kalicharan Degree College,,Uttar Pradesh
Kalikadham Mahavidyalaya,,Uttar Pradesh
Kalimpong College,,West Bengal
Kalinagar Mahavidyalaya,,West Bengal
Kalindi College,,Delhi
Kalinga Degree College,,Odisha
Kalinga Mahavidyalaya,Kondhmala,Odisha
Kalipada Ghosh Terai Mahavidyalaya,,West Bengal
Kaliyaganj College,,West Bengal
Kalka Dental College,Meerut,Uttar Pradesh
Kalka Prasad Narayan Das Mahavidyalaya,,Uttar Pradesh
Kallam Haranadhareddy Institute of Technology,Guntur,Andhra Pradesh
Kalli Devi Kanya Mahavidyalaya,Mirzapur,Uttar Pradesh
Kalmath Sri Channabasava Swamy Arts & Commerce College For Women,Koppal,Karnataka
Kalna College,Nadia,West Bengal
Kalpa Devi Ramdev Rai Balika Mahavidyalaya,,Uttar Pradesh
Kalpa Mahila Mahavidyalaya,,Uttar Pradesh
Kalpana Shikshan Prashikshan Sansthan Mahavidyalaya,,Uttar Pradesh
Kalpananand Balika Mahavidyalaya,Etawah,Uttar Pradesh
Kalpataru First Grade Science College,,Karnataka
Kalpi Degree College,,Uttar Pradesh
Kalra College of Education,Jammu,Jammu and Kashmir
Kalra College of Education,Jammu,Jammu and Kashmir
Kalyan Post Graduate College,,Chhattisgarh
Kalyan Wholesale Merchant’s Education Society’s Laxman Devram Sonawane Arts & Commerce College,,Maharashtra
Kalyani Charitable Trust's K.R. Sapkal College of Management Studies,,Maharashtra
Kalyani Girl’s Degree College,,Uttar Pradesh
Kalyani Government Engineering College,,West Bengal
Kalyani Mahavidyalaya,,West Bengal
Kalyani Mithila Sanskrit Mahavidyalaya,,Bihar
Kamakhya Pemton College,,Manipur
Kamakhyalal Bajoria College,,Meghalaya
Kamaksha Prasad Pratap Narayan Mishra College of Education & Technology,Pratapgarh,Uttar Pradesh
Kamakshyanagar College,,Odisha
Kamala College,,Maharashtra
Kamala College of Education,Viluppuram,Tamil Nadu
Kamala Education Society’s Pratibha College of Commerce & Computer Studies,Pune,Maharashtra
Kamala Institute of Technology & Science,Karimnagar,Telangana
Kamala Nehru Memorial National College of Arts & Science for Women,,Karnataka
Kamala Nehru Women's College,,Odisha
Kamalam College of Arts and Science,Tiruppur,Tamil Nadu
Kamani Science and Ptaprai Arts College,,Gujarat
Kamaraj College,,Tamil Nadu
Kamaraj College of Engineering & Technology,Virudhunagar,Tamil Nadu
Kamarajar Government Arts College,Tirunelveli,Tamil Nadu
Kamarbandha College,Golaghat,Assam
Kamarda Mahavidyalaya,,Odisha
Kamargaon College,Golaghat,Assam
Kamayani Mahavidyalaya,Sultanpur,Uttar Pradesh
Kamban College of Arts and Science for Women,,Tamil Nadu
Kamban College of Arts and Science for Women,Tiruvannamalai,Tamil Nadu
Kameshwar Prasad Singh College,Patna,Bihar
Kamkus College of Law,Ghaziabad,Uttar Pradesh
Kamla Arya Kanya P.G. Degree College,,Uttar Pradesh
Kamla Baliga College of Education,,Karnataka
Kamla Degree College,,Uttar Pradesh
Kamla Devi Sangit Mahavidyalaya,,Chhattisgarh
Kamla Lohtia S.D. College for Boys,,Punjab
Kamla Nehru College,,Chhattisgarh
Kamla Nehru College,,Delhi
Kamla Nehru College for Women,,Rajasthan
Kamla Nehru College For Women,,Punjab
Kamla Nehru College of Pharmacy,Nagpur,Maharashtra
Kamla Nehru Degree College,,Uttar Pradesh
Kamla Nehru Girls College,Satna,Madhya Pradesh
Kamla Nehru Institute of Physical and Social Sciences,Sultanpur,Uttar Pradesh
Kamla Nehru Institute of Technology,,Uttar Pradesh
Kamla Nehru Mahavidyalaya,,Maharashtra
Kamla Pandey Mahavidyalaya,Basti,Uttar Pradesh
Kamla Prasad Singh Mahavidyalalaya.,Sultanpur,Uttar Pradesh
Kamla Prasad Singh P.G. College,,Uttar Pradesh
Kamla Rai College,Gopalganj,Bihar
Kamlesh Yadav Degree College,,Uttar Pradesh
Kampur College,Nagaon,Assam
Kamrup College,Nalbari,Assam
Kamta Prasad Mathura Prasad Janta Mahavidyalaya,Gonda,Uttar Pradesh
Kamta Singh Girl’s Degree College,,Uttar Pradesh
Kamtaprasad Guru Bhasha Bharti Sansthan,,Madhya Pradesh
Kanaba Das Shikshan Samiti Arts College,,Karnataka
Kanak Manyatri Women's College,,Odisha
Kanakdas Shikshan Samiti's Arts College,,Karnataka
Kanan Devi Memorial College of Education,,Manipur
Kanara Welfare Trust’s B.Ed College,Uttara Kannada,Karnataka
Kanara Welfare Trust’s Divekar BCA College,,Karnataka
Kanas College,,Odisha
Kanchan Devi Akhilesh Mishra Mahavidyalaya,Unnao,Uttar Pradesh
Kanchan Singh Bhooli Devi Mahavidyalaya,,Uttar Pradesh
Kanchi Mamunivar Centre for PG Studies,,Puducherry
Kanchi Pallavan Engineering College,Kancheepuram,Tamil Nadu
Kanchi Shri Krishna College of Arts and Science,,Tamil Nadu
Kanchrapara College,,West Bengal
Kandarpur College,,Odisha
Kandaswamy Kandar's College,,Tamil Nadu
Kandi Raj College,,West Bengal
Kandivli Education Society’s B. K. Shroff College of Arts & M. H. Shroff College of Commerce,,Maharashtra
Kandra Radhakanta Kundu Mahavidyalaya,,West Bengal
Kandula Lakshumma Memorial College of Engineering for Women,,Andhra Pradesh
Kanggui Christian College,,Manipur
Kanglu Kumhar Govt. College,,Chhattisgarh
Kanhaiya Smarak Mahavidyalaya,Ballia,Uttar Pradesh
Kankavali Arts & Commerce College,,Maharashtra
Kannada Sangha Pune’s Kaveri College of Arts Science and Commerce,Pune,Maharashtra
Kannada Sangha’s Kaveri College of Science & Commerce,Pune,Maharashtra
Kannauj Degree College,Kannauj,Uttar Pradesh
Kanohar Lal Sanatkottar Mahila Mahavidyalaya,,Uttar Pradesh
Kanoria Mahila Mahavidyalaya,,Rajasthan
Kanpur Anchalik Mahavidyalaya,,Odisha
Kanpur Institute of Technology,,Uttar Pradesh
Kanpur Institute of Technology and Pharmacy,Kanpur Nagar,Uttar Pradesh
Kanpur Vidya Mandir Mahila Degree (PG) College,,Uttar Pradesh
Kanti Darshan Shakshanik & Computer Training Institute,,Chhattisgarh
Kanti Mahavidyalaya,Bara Banki,Uttar Pradesh
Kanya Mahavidyalaya,,Punjab
Kanya Mahavidyalaya,,Haryana
Kanya Mahavidyalaya,Kamrup,Assam
Kanya Mahavidyalaya,,Maharashtra
Kanya Mahavidyalaya,,Uttar Pradesh
Kanya Mahavidyalaya Degree College,,Uttar Pradesh
Kapadia N.M.M.S. Arts and S.N.S.B.S. Commerce College,,Gujarat
Kapildev Parmeswari Memorial Mahavidyalaya,,Uttar Pradesh
Kapoori Devi Kraparam Mahavidyalaya,,Uttar Pradesh
Kaptan Singh Memorial Education Institute,,Uttar Pradesh
Kaptipada College,,Odisha
Kaptipada College,,Odisha
Karamat Husain Muslim Girls P.G. College,,Uttar Pradesh
Karamaveer Abasaheb Alias Narian Mansaram Sonawana Arts Science and Commerce College,,Maharashtra
Karamchand Bhagat College,,Jharkhand
Karamveer Hire Arts Science and Commerce & Education College,,Maharashtra
Karamveer Mamasaheb Jagdale Mahavidyalaya,,Maharashtra
Karanjia College,,Odisha
Kargil Shaheed Mahavidyalay,,Uttar Pradesh
Kargil Shahid Lalmani Yadav Degree College,,Uttar Pradesh
Karilopatna College,,Odisha
Karim City College,,Jharkhand
Karimganj College,Karimganj,Assam
Karimpur Panna Devi College,Nadia,West Bengal
Karm Kshetra Degree (PG) College,,Uttar Pradesh
Karma Devi Smriti Mahavidyalaya,Basti,Uttar Pradesh
Karmashree Hiteswar Saikia College,Kamrup,Assam
Karmaveer Bhaurao Patil Institute of Management Studies and Research,Satara,Maharashtra
Karmaveer Bhauro Patil Mahavidyalya,,Maharashtra
Karmaveer Dadasaheb Deotale Mahavidyalaya,Gadchiroli,Maharashtra
Karmaveer Ganpat Dada More Arts  Commerce & Science College,,Maharashtra
Karmaveer Ramraoji Aher Arts Science & Commerce College,,Maharashtra
Karmavir Dadasaheb Kannamwar College of Engineering,Nagpur,Maharashtra
Karmavir Mahavidyalaya,,Maharashtra
Karmayogi Degree College,,Uttar Pradesh
Karmela Rani Training College,,Kerala
Karmyogi Ram Surat Tripathi Mahavidyalaya,,Uttar Pradesh
Karmyogi Tulshiram Pawar College,,Maharashtra
Karnatak Arts College,,Karnataka
Karnatak Law Society’s Gogte Institute of Technology,,Karnataka
Karnatak Medical College,,Karnataka
Karnatak Science College,Dharwad,Karnataka
Karnataka Arts Science and Commerce College,,Karnataka
Karnataka College of Management and Science,Bangalore,Karnataka
Karnataka Degree College,Gulbarga,Karnataka
Karnataka Sangha’s Manjunatha College of Commerce,Thane,Maharashtra
Karnpura College,,Jharkhand
Karpaga Vinayaga College of Engineering and Technology,Kancheepuram,Tamil Nadu
Karpaga Vinayaga Institute of Dental Sciences,Kancheepuram,Tamil Nadu
Karpaga Vinayaga Institute of Medical Sciences & Research Centre,Kancheepuram,Tamil Nadu
Karpagam Arts & Science College,Coimbatore,Tamil Nadu
Karpagam College of Engineering,Coimbatore,Tamil Nadu
Karpagam College of Pharmacy,Coimbatore,Tamil Nadu
Karpagam Institute of Technology,Coimbatore,Tamil Nadu
Karpagam Institute of Technology,Coimbatore,Tamil Nadu
Karpagam Institute of Technology,Coimbatore,Tamil Nadu
Karpagam Nursing College,Coimbatore,Tamil Nadu
Kartik Oraon College,Gumla,Jharkhand
Karunji College of Arts & Science,,Tamil Nadu
Karuppannan Mariappan College,Erode,Tamil Nadu
Karve Institute of Social Service,,Maharashtra
Karve Society College of Education,,Maharashtra
Kashi Institute of Pharmacy,,Uttar Pradesh
Kashi Institute of Technology,,Uttar Pradesh
Kashi Naresh Government Post Graduate College,,Uttar Pradesh
Kashi Nath Mahavidyalaya,,Uttar Pradesh
Kashi Prasad Mahavidyalaya.,Jalaun,Uttar Pradesh
Kashi Shahu College,,Jharkhand
Kashinath Shiksha Sansthan,Ghazipur,Uttar Pradesh
Kashipur Michael Madhusudan Mahavidyalaya,,West Bengal
Kashmir Law College,Kashmir,Jammu and Kashmir
Kashmir Tibbia College Hospital & Research Centre,Kashmir,Jammu and Kashmir
Kashmir Women’s College of Education,Kashmir,Jammu and Kashmir
Kashmir-Creative-Education Foundation- College of Education,Kashmir,Jammu and Kashmir
Kasireddy Narayan Reddy College of Engineering & Research,,Telangana
Kasthurba College for Women,,Puducherry
Kasturba Gandhi Degree & PG College for Women,,Telangana
Kasturba Girls College,Bhopal,Madhya Pradesh
Kasturbagram Rural Institute,,Madhya Pradesh
Kasturbai College of Education,,Maharashtra
Kasturi Devi College,,Rajasthan
Kathir College of Arts and Science,Coimbatore,Tamil Nadu
Kathir College of Engineering,Coimbatore,Tamil Nadu
Katiyari Degree College,,Uttar Pradesh
Katni Arts and Commerce College,,Madhya Pradesh
Katras College,,Jharkhand
Katruwar Arts R. Kabra Science & B.R. Mantri Commerce College,,Maharashtra
Katwa College,,West Bengal
Kaushal Kishor Tej Pratap Snatak Mahavidyalaya,,Uttar Pradesh
Kaushalendra Rao Law College,,Chhattisgarh
Kaushalya Bharat Singh Gandhi Rajkiya Mahila Mahavidyalaya,Pratapgarh,Uttar Pradesh
Kaushambi Degree College,,Uttar Pradesh
Kaushilya Degree College,,Uttar Pradesh
Kaushlendra Mahavidyalaya,,Uttar Pradesh
Kavikulguru Institute of Technology and Science,,Maharashtra
Kavikulguru Kalidas Sanskrit University’s College of Education,Nagpur,Maharashtra
Kavitha Memorial Degree College,,Telangana
Kawa College of Education,Jammu,Jammu and Kashmir
Kayam Singh Mahavidyalaya,,Uttar Pradesh
Kazi & Zaman College,,Meghalaya
Kazi Nazowl Islam Mahavidyalaya,,West Bengal
KC Institute of Pharmaceutical Sciences,Una,Himachal Pradesh
KCC Institute of Technology and Management,,Uttar Pradesh
KCG College of Technology,Chennai,Tamil Nadu
KD Rungta College of Science and Technology,,Chhattisgarh
Kedar Faujdar Mahavidyalaya,Ghazipur,Uttar Pradesh
Kedar Sukhdev S.N.O.P. Mahavidyalaya,Ghazipur,Uttar Pradesh
Kedarnath Educational Institute,,Uttar Pradesh
Kedarnath Sanskrit Mahavidyalaya,,Uttar Pradesh
Kela Devi Institute,Agra,Uttar Pradesh
Kendrapara College,,Odisha
Kendrapara Evening Degree College,Kendrapara,Odisha
Kesarwani Arts Commerce & Education College,,Madhya Pradesh
Keshav Kamala Mahavidyalaya,,Uttar Pradesh
Keshav Mahavidyalya,,Delhi
Keshav Memorial Engineering College,,Telangana
Keshav Memorial Institute of Commerce & Sciences,Hyderabad,Telangana
Keshav Memorial Institute of Technology,Hyderabad,Telangana
Keshav Prasad Ralhi Mahavidyalaya,,Uttar Pradesh
Keshaw Madhav Baijnath Degree College,,Uttar Pradesh
Keshri Singh Memorial Mahavidyalaya,Budaun,Uttar Pradesh
Kesinga Mahavidyalaya,,Odisha
Kewala Sunder Mahavidyalaya,,Uttar Pradesh
Kewla Pati Mahavidyalaya,Allahabad,Uttar Pradesh
Keyi Sahib Training College,,Kerala
KG College of Arts and Science,Coimbatore,Tamil Nadu
KG Reddy College of Engineering & Technology,Rangareddy,Telangana
KGISL Institute of Information Management,Coimbatore,Tamil Nadu
KGISL Institute of Technology,Coimbatore,Tamil Nadu
Kha - Manipur College,,Manipur
Khadir Mohideen College,,Tamil Nadu
Khagarijan College,Nagaon,Assam
Khair Kanya Mahavidyalaya,,Uttar Pradesh
Khaira College,,Odisha
Khaja Banda Nawaz College of Engineering,,Karnataka
Khaki Baba Siddharth Mahavidyalaya,Ghazipur,Uttar Pradesh
Khalisani Mahavidyalaya,,West Bengal
Khallikote (Autonomous) College,Ganjam,Odisha
Khallikote Evening College,,Odisha
Khalsa College,Amritsar,Punjab
Khalsa College,,Punjab
Khalsa College,,Punjab
Khalsa College For Women,,Punjab
Khalsa College for Women,,Punjab
Khalsa College for Women,,Punjab
Khalsa College of Education,,Punjab
Khalsa College of Education,,Punjab
Khalsa College of Education,,Punjab
Khalsa College of Engineering & Technology,Amritsar,Punjab
Khalsa College of Law,Amritsar,Punjab
Khan Abdul Gaffar Khan Arts College,,Maharashtra
Khandelwal College of Management Science & Tech.,,Uttar Pradesh
Khandesh College Education Society's Post Graduate College of Science Arts & Commerce Jalgaon,Jalgaon,Maharashtra
Khandesh College Education Society’s College of Education & Physical Education,Jalgaon,Maharashtra
Khandesh College Education Society’s College of Engineering and Management,Jalgaon,Maharashtra
Khandesh Education Society’s Pratap College,,Maharashtra
Khandra College,,West Bengal
Kharagpur College,,West Bengal
Kharasrota Mahavidyalaya,,Odisha
Khariar College,,Odisha
Kharupetia College,Darrang,Assam
Khatra Adibasi Mahavidyalaya,,West Bengal
Khejuri College,,West Bengal
Khemundi College,,Odisha
Kherajkhat College,Lakhimpur,Assam
Kheralu Nagarik Sahakari Bank Ltd. Arts and Commerce College,,Gujarat
Khetra Basi D.A.V. College,,Odisha
Khoirabari College,Udalguri,Assam
Kholeshwar Mahavidyalaya,,Maharashtra
Khorshedbanu R. Mewawala Mahila (Arts & Commerce) Mahavidyalaya,,Maharashtra
Khowang College,Dibrugarh,Assam
Khrawsing Christian College,East Khasi Hills,Meghalaya
Khun Khun Ji Girls Degree College,,Uttar Pradesh
Khunta Degree Mahavidyalaya,,Odisha
Khusro Memorial Degree College,,Uttar Pradesh
Kiang Nonghah Government College,,Meghalaya
Kidderpore College,,West Bengal
KIET Group of Institutions,,Uttar Pradesh
KIIT College of Engineering,,Haryana
Kilenkaba Memorial College,,Nagaland
Kilpauk Medical College,,Tamil Nadu
Kiltur Ravi Channammi Education Society's Law College,,Karnataka
King Institute of Preventive Medicine and Research,Chennai,Tamil Nadu
King Nandhivarman College of Arts and Science,,Tamil Nadu
Kings College of Engineering,Pudukkottai,Tamil Nadu
Kings Engineering College,Kancheepuram,Tamil Nadu
Kingston Engineering College,Vellore,Tamil Nadu
Kinjirkela College,,Odisha
Kinsraj Smarak Shikshan Sewa Sansthan/ Mahavidyalaya,Azamgarh,Uttar Pradesh
Kinwat Education Society's Baliram Patil Arts Commerce and Science College,,Maharashtra
KIPM College of Engineering & Technology,Gorakhpur,Uttar Pradesh
Kiran Shastri Sanskrit Mahavidyalaya,Ballia,Uttar Pradesh
Kiran Singh Mahavidyalaya,Fatehpur,Uttar Pradesh
Kirori Mal College,,Delhi
Kirorimal College of Education,Sonipat,Haryana
Kirti Narayan Degree College,,Bihar
Kisan Adarsh Kanya Mahavidyalaya,,Uttar Pradesh
Kisan College,,Bihar
Kisan Degree College,Gonda,Uttar Pradesh
Kisan Degree College,,Uttar Pradesh
Kisan Law College,,Uttar Pradesh
Kisan Mahavidyalaya,,Uttar Pradesh
Kisan Mahvidyalaya,,Uttar Pradesh
Kisan Majdoor Degree College,,Uttar Pradesh
Kisan P.G. College,,Uttar Pradesh
Kisan P.G. College,,Uttar Pradesh
Kisan Post-Graduate College,,Uttar Pradesh
Kishan Institute of Engineering & Technology,,Uttar Pradesh
Kishan Institute of Information Technology,,Uttar Pradesh
Kishan Institute of Teachers Education,,Uttar Pradesh
Kishanlal Public College,,Haryana
Kishanpyari Shukla College,Mathura,Nagaland
Kishinchand Chellaram College,,Maharashtra
Kishni Mahavidyalaya,,Uttar Pradesh
Kishnu Babu Shivhare Mahavidyalaya,Hamirpur,Uttar Pradesh
Kishore Bharati Bhagini Nivedita College (Co-Ed.),Kolkata,West Bengal
Kishorenagar College,,Odisha
Kishorenagar Degree College,,Odisha
Kishori Kamlesh Mahavidyalaya,,Uttar Pradesh
Kishori Lal Mahadeyee Vidhi Mahavidyalaya,Allahabad,Uttar Pradesh
Kishori Lal Mahavidyalaya,,Uttar Pradesh
Kishori Raman Post - Graduate College,,Uttar Pradesh
Kishori Raman Teacher Training College,,Uttar Pradesh
Kishori Singha Mahila College,,Bihar
KITE Law College,Meerut,Uttar Pradesh
Kittel Arts College,,Karnataka
Kittel Science College,,Karnataka
Kitter Rani Channamma Education Society's Law College,,Karnataka
Kittur Rani Channamma College of Horticulture,,Karnataka
KJ's Educational Institute Trinity College of Engineering and Research,Pune,Maharashtra
KJ’s Educational Institute Trinity Academy of Engineering,Pune,Maharashtra
KKR & KSR Institute of Technology and Sciences,Guntur,Andhra Pradesh
KLE'S B.V. Ballad Law College,,Karnataka
KLE'S Gogte College of Commerce,,Karnataka
KLE'S S.K. Arts and H.A.S.K. Science Institute,,Karnataka
KLE’s Dr. M.S. Sheshgiri College of Engineering & Technology,Belgaum,Karnataka
KLES'S Basavaprabhu Kore Arts Science & Commerce College,,Karnataka
KLES'S G.I.B. Arts Science & Commerce College,,Karnataka
Kles's Gurusiddappa Kotambri Law College,,Karnataka
Kles's Jagadguru Tontadarya College,,Karnataka
Kles's S.A. Manvi Law College,,Karnataka
Kles's V.S. Bellubi Arts and Commerce College,,Karnataka
KLES's Womens Arts And Comm. College,,Karnataka
KLR College of Engineering & Technology,,Telangana
KLS Institute of Management Education and Research,,Karnataka
Km. Mayawati Rajkiya Mahila Snatakottar Mahavidyalaya,,Uttar Pradesh
KMCT Arts & Science College,Malappuram,Kerala
KMCT College of Pharmacy,Malappuram,Kerala
KMCT Dental College KMCT Medical College Campus,Kozhikode,Kerala
KMEA Engineering College,,Kerala
KMS College of IT and Management,Hoshiarpur,Punjab
Knowledge Business School,Salem,Tamil Nadu
Knowledge Institute of Technology,Salem,Tamil Nadu
Kodachadri Govt. First Grade College,,Karnataka
Kodaikanal Christian College,,Tamil Nadu
Kodiyeri Balakrishnan Memorial Government College,,Kerala
Kohima College,,Nagaland
Kohima Science College,,Nagaland
Kohinoor Arts Commerce & Science College,,Maharashtra
Kokrajhar Government College,kokrjhar,Assam
Kolasib College,,Mizoram
Kolhapur Institute of Technology’s College of Engineering,Kolhapur,Maharashtra
Kolhapur Institute of Technology’s Institute of Management Education and Research,Kolhapur,Maharashtra
Kolkata Police Law Institute,Kolkata,West Bengal
Kommuri Pratap Reddy Institute of Management,,Telangana
Kommuri Pratap Reddy Institute of Technology,Hyderabad,Telangana
Konduru Narsiah Memorial Degree College,,Telangana
Kongu Arts & Science College,Erode,Tamil Nadu
Kongu College of Arts and Science,Tiruchirappalli,Tamil Nadu
Kongu Engineering College,Erode,Tamil Nadu
Kongunadu Arts & Science College,Coimbatore,Tamil Nadu
Kongunadu College of Education,,Tamil Nadu
Kongunadu College of Engineering and Technology,Trichy,Tamil Nadu
Konkan Education Society's Anandbai Pradhan Science College,,Maharashtra
Konkan Education Society’s Laxmi Shalini Arts Commerce & Science Women’s College,,Maharashtra
Konkan Gyanpeeth Uran College of Commerce and Arts,,Maharashtra
Konkan Gynapeeth Karjat College of Arts Science & Commerce,raigad,Maharashtra
Konkan Unnati Mitra Mandal’s Vasantrao Naik College of Arts & Commerce,,Maharashtra
Konkan Unnati Mitra Mandal’s Vasantrao Naik College of Arts & Commerce,,Maharashtra
Kooba Degree College,,Uttar Pradesh
Kopal College for Excellence,,Madhya Pradesh
Korambayil Ahamad Haji Memorial Unity Women's College,,Kerala
Koshi College,,Bihar
Koshys Institute of Management Studies,Bangalore,Karnataka
Kothiwal Arhatia Mahavidyalaya,,Uttar Pradesh
Koti Vidya Charitable Trust’s Alamuri Ratnamala Institute of Engineering and Technology,Thane,Maharashtra
Kotpad College,,Odisha
Kottakkal Farook Arts and Science College,Malappuram,Kerala
Kottureshwar College,,Karnataka
Kotturswamy College of Teacher Education,,Karnataka
Koustuv Institute of Self Domain (KISD),,Odisha
Kovai Kalamagal College of Arts & Science,Coimbatore,Tamil Nadu
KPR College of Arts Science and Research (Co-Education),Coimbatore,Tamil Nadu
KPR Institute of Engineering and Technology,Coimbatore,Tamil Nadu
Kr. Devendra Pal Singh (Memorial) Degree College,,Uttar Pradesh
Kr. Durga Chand Government Degree College,Kangra,Himachal Pradesh
Kr. Shakoor Khan Degree College,Etah,Uttar Pradesh
Kr. V.N. Naik Shikshan Prasarak Sanstha’s Arts Commerce and Science College,,Maharashtra
KR’s Sree Narayana College,Malappuram,Kerala
Kranti Mahila Mahavidyalaya,Azamgarh,Uttar Pradesh
Krantiagrani G.B. Babu Lal Mahavidyalaya,,Maharashtra
Krantisinh Nana Patil College,,Maharashtra
Krantiveer Vasantrao Narayanrao Naik Shikshan Prasarak Sanstha’s Arts and Commerce College,Nashik,Maharashtra
KRCE Societies College of Education,,Karnataka
Krintisinh Nana Patil Mahavidyalaya,,Maharashtra
Kripa Ram Laxmi Balika Mahavidyalaya,Kanpur Dehat,Uttar Pradesh
Kripalu Mahila Mahavidyalaya,,Uttar Pradesh
Krishak (P.G.) College,,Uttar Pradesh
Krishak College,,Bihar
Krishak Mahavidyalaya,,Uttar Pradesh
Krishan Gopal Mahavidyalaya,,Uttar Pradesh
Krishna Ballabh Sharavan Kumar Mahavidyalaya,Jalaun,Uttar Pradesh
Krishna Chaitanya Degree College,,Andhra Pradesh
Krishna Chaitanya Institute of Science & Technology,,Andhra Pradesh
Krishna Chaitanya Institute of Technology & Sciences,Prakasam,Andhra Pradesh
Krishna Chandra College,,West Bengal
Krishna College of Law,,Uttar Pradesh
Krishna College of Science & Information Technology,,Uttar Pradesh
Krishna College of Science & Rural Technology,,Uttar Pradesh
Krishna College of Sports & Education,,Uttar Pradesh
Krishna Devi Balika Degree College,Farrukhabad,Uttar Pradesh
Krishna Devi Balika Degree College,Farrukhabad,Uttar Pradesh
Krishna Devi Balika Degree College,Farrukhabad,Uttar Pradesh
Krishna Devi Girls Degree College,,Uttar Pradesh
Krishna Engineering College,Ghaziabad,Uttar Pradesh
Krishna Institute of Education,Meerut,Uttar Pradesh
Krishna Institute of Education & Management,Saharanpur,Uttar Pradesh
Krishna Institute of Law,Ghaziabad,Uttar Pradesh
Krishna Institute of Medical Sciences,,Maharashtra
Krishna Institute of Science,Bijnor,Uttar Pradesh
Krishna Kumari Rajender Singh Degree College,,Uttar Pradesh
Krishna Mahavidhyalay,Aligarh,Uttar Pradesh
Krishna Mahavidyalaya,Moradabad,Uttar Pradesh
Krishna Mahavidyalaya,Mau,Uttar Pradesh
Krishna Mahavidyalaya,Shahjahanpur,Uttar Pradesh
Krishna Mahavidyalaya,,Maharashtra
Krishna Mahavidyalaya,,Uttar Pradesh
Krishna Mahila Mahavidyalaya,,Uttar Pradesh
Krishna Menon Memorial Govt. Women's College,,Kerala
Krishna Naresh Mahavidyalaya,Pilibhit,Uttar Pradesh
Krishna Pal Singh P.G. College,,Uttar Pradesh
Krishna Sarada Degree College,Y.S.R.,Andhra Pradesh
Krishna Sudama Mahavidyalaya,,Uttar Pradesh
Krishna Teja Pharmacy College,Chittoor,Andhra Pradesh
Krishnagar Government College,,West Bengal
Krishnagar Women's College,,West Bengal
Krishnai Shikshan Prasarak Mandal Latur’s Janvikas Mahavidyalaya,,Maharashtra
Krishnakanta Handique Government Sanskrit College,Kamrup,Assam
Krishnasamy College of Education for Women,,Puducherry
Krishnasamy College of Engineering & Technology,Cuddalore,Tamil Nadu
Krishnasamy College of Science Arts and Management for Women,,Tamil Nadu
Krishnath College,,West Bengal
Krishnaveni Degree College,Guntur,Andhra Pradesh
Krishnaveni Degree College,Guntur,Andhra Pradesh
Krishnawati Ram Naresh Degree College,,Uttar Pradesh
Kristu Jayanti College,Bangalore,Karnataka
Kristu Jyoti College of Management and Technology,Kottayam,Kerala
Krupanidhi College of Management,Bangalore,Karnataka
Krupanidhi College of Pharmacy,Bangalore,Karnataka
Krupanidhi Degree College,Bangalore,Karnataka
Krushna Chandra Pipili Mahavidyalaya,,Odisha
Kshatriya College of Engineering,Nizamabad,Telangana
Kshetramohan Science College,,Odisha
KSN Govt. Degree College for Women,Anantapur,Andhra Pradesh
KSR College of Arts and Science for Women,,Tamil Nadu
KSS’s Krantiveer Sangolli Rayanna College of Education,,Karnataka
KTM College of Advanced Studies,,Kerala
KTPS Mandal's KMC College,,Maharashtra
Kuber Mahavidyalaya,,Uttar Pradesh
Kuchaman College,,Rajasthan
Kuchinda College,,Odisha
Kudiram Bose Central College,,West Bengal
Kujanga College,,Odisha
Kukke Sri Subrahmanyeshwara College,,Karnataka
Kulbhaskar Ashram Degree Post Graduate College,,Uttar Pradesh
Kultali Dr. B.R. Ambedkar College,South Twenty Four Parganas,West Bengal
Kulti Degree College,,West Bengal
Kumadvathi First Grade College,,Karnataka
Kumadwathi College of Education,,Karnataka
Kumaon Kesari Pt. Badridutt Pandey Govt. P.G. College,,Uttarakhand
Kumar Parmarth Baba Govind Mahavidyalaya,,Uttar Pradesh
Kumaraguru College of Liberal Arts and Science,Coimbatore,Tamil Nadu
Kumaraguru College of Technology,Coimbatore,Tamil Nadu
Kumaraguru Institute of Agriculture,Erode,Tamil Nadu
Kumararani Meena Muthiah College of Arts & Science (Co-Ed.),Chennai,Tamil Nadu
Kumari Vidyavati Anand DAV College for Women,Karnal,Haryana
Kumbhalkar Social Work Evening College,,Maharashtra
Kumbi College,,Manipur
Kumud Singh Post Graduate College,,Uttar Pradesh
Kunal Professional Educational Academy,,Uttar Pradesh
Kundan Singh Memorial Mahavidyalaya,,Uttar Pradesh
Kunja Bihari College,,Odisha
Kunnamangalam Govt. Arts and Science College,Kozhikode,Kerala
Kunwar Asif Ali Qaiser Jahan Degree College,,Uttar Pradesh
Kunwar Mahavidyalya,Bijnor,Uttar Pradesh
Kunwar Munindra Singh Mahavidyalaya,Rae Bareli,Uttar Pradesh
Kunwar Prabha Degree College,,Uttarakhand
Kunwar R.C. Mahila Degree College,,Uttar Pradesh
Kunwar Ram Bharose Singh Mahavidyalaya,,Uttar Pradesh
Kunwar Singh PG Degree College,,Uttar Pradesh
Kunwari Chandrawati Mahavidyalaya,,Uttar Pradesh
Kuppam Engineering College,Chittoor,Andhra Pradesh
Kureseong College,,West Bengal
Kuriakose Elias College,,Kerala
Kuriakose Gregorios College,,Kerala
Kurnool Medical College,Kurnool,Andhra Pradesh
Kurunji Venkatramana Gowda Law College,Dakshina Kannada,Karnataka
Kurunya Institute of Technology,Coimbatore,Tamil Nadu
Kusaleswar Anchalik Mahavidyalaya,,Odisha
Kusum Devi Satsang Women’s College,Cuttack,Odisha
Kusuma Devi Degree College,,Uttar Pradesh
Kusumbai Jain Girls Degree College,,Madhya Pradesh
Kutir P.G. College,,Uttar Pradesh
Kuvempu First Grade College,Bangalore,Karnataka
KV Institute of Management and Information Studies,Coimbatore,Tamil Nadu
L.B.S. Group of Education Institute of Management College,Bareilly,Uttar Pradesh
L.B.S. Memorial College,,Jharkhand
L.C. Bharali College,Kamrup,Assam
L.E.S. Smt. K. Mirji And Commerce College,,Karnataka
L.J. Institute of Management Studies,Ahmadabad,Gujarat
L.L.R.M. Medical College,,Uttar Pradesh
L.M.S. Law College,,Manipur
L.N. College,Vaishali,Bihar
L.N. College,,Uttar Pradesh
L.N. Gupta College of Science & Commerce,,Telangana
L.N. Janta College,,Bihar
L.N. Mishra B Jha Mahila College,,Bihar
L.N. Mishra Memorial College,,Bihar
L.N. Rameshwar Sanskrit Mahavidyalaya,,Bihar
L.N.D. College,Purbi Champaran,Bihar
L.N.K. College of Education,,Gujarat
L.N.T. Mahavidyalay,Muzaffarpur,Bihar
L.P.N. Girls Degree College,Jaunpur,Uttar Pradesh
L.R. Valia Arts and P.R. Mehta Commerce College,,Gujarat
L.R.G. Government Arts & Science College for Women,Coimbatore,Tamil Nadu
L.S. College,Muzaffarpur,Bihar
L.S. Raheja School of Architecture,Mumbai,Maharashtra
L.S.R Law Academy Knowledge & Innovation Campus,Ghaziabad,Uttar Pradesh
L.T.K. College,Lakhimpur,Assam
L.V.H. Arts Science & Commerce College,,Maharashtra
Lachhaman Balajew Degree College,,Odisha
Lachoo Memorial College of Science & Technology,,Rajasthan
Lady Amritbai Daga College for  Women of Arts Commerce & Science and Smt. Ratnidevi Purohit College of Home Science & Home Science Technology,,Maharashtra
Lady Brabourne College,Kolkata,West Bengal
Lady Doak College,,Tamil Nadu
Lady Harding Medical College & Hospital,,Delhi
Lady Irwin College,,Delhi
Lady Kean Girls College,,Meghalaya
Lady Shri Ram College For Women,,Delhi
Lady Willingden Institute of Advanced study in Education Triplicane,,Tamil Nadu
Lae Dr. Haribhau Admane Arts & Commerce College,,Maharashtra
Lajpat Rai College,,Uttar Pradesh
Lajpat Rai D.A.V. College,,Punjab
Lajpat Rai Law College,,Odisha
Lakhan Lal Sharan Singh Mahavidyalaya,Gonda,Uttar Pradesh
Lakhdhirji Engineering College,,Gujarat
Lakhimpur Commerce College,Lakhimpur,Assam
Lakhimpur Girls College,Lakhimpur,Assam
Lakhimpur Kendriya Mahavidyalaya,Lakhimpur,Assam
Lakhimpur Post Graduate Training College,Lakhimpur,Assam
Lakhipur College,Goalpara,Assam
Lakhmi Chand Patwari College of Education,,Uttar Pradesh
Lakhpati Devi Parmeshwar Bhagat Mahavidyalaya,,Uttar Pradesh
Lakhpati Devi Ram Kishore Mahila Mahavidyalaya,Basti,Uttar Pradesh
Lakireddy Bali Reddy College of Engineering,Krishna,Andhra Pradesh
Lakshay College of Management and Technology,,Uttar Pradesh
Lakshmi College of Education,,Tamil Nadu
Lakshmi Narayan Sahu Mahavidyalaya,,Odisha
Lakshmi Soma Bangera Government First Grade College,,Karnataka
Lakshmibai College,,Delhi
Lakshmibai National College of Physical Education (LNCPE),Thiruvananthapuram,Kerala
Lakshya Academy of Higher Studies,Pilibhit,Uttar Pradesh
Lal Baba College,,West Bengal
Lal Bahadur Arts Science and S.B. Selabanna setty Commerce College,,Karnataka
Lal Bahadur College,,Telangana
Lal Bahadur Memorial Mahila College,,Punjab
Lal Bahadur Shasri Degree College,,Uttar Pradesh
Lal Bahadur Shastri Arts & Commerce College,Janjgir - Champa,Chhattisgarh
Lal Bahadur Shastri College,,Rajasthan
Lal Bahadur Shastri College of Arts Science & Commerce,,Maharashtra
Lal Bahadur Shastri College of Education,Jammu,Jammu and Kashmir
Lal Bahadur Shastri Girls College of Management,Lucknow,Uttar Pradesh
Lal Bahadur Shastri Government College,,Rajasthan
Lal Bahadur Shastri Government First Grade College,,Karnataka
Lal Bahadur Shastri Govt. Degree College,,Himachal Pradesh
Lal Bahadur Shastri Govt. P.G. College,Nainital,Uttarakhand
Lal Bahadur Shastri Mahavidyalaya (Arts Science & Commerce),,Maharashtra
Lal Bahadur Shastri Samarak Degree College,,Uttar Pradesh
Lal Bahadur Shastri Senior College,,Maharashtra
Lal Bahadur Singh Smarak Mahavidyalaya,,Uttar Pradesh
Lal Bhai Dalpathbhai Arts College,,Gujarat
Lal Singh Mahila Mahavidyalaya,Kanpur Dehat,Uttar Pradesh
Lal Singh Tyagi Gramin Mahavidyalaya,,Bihar
Lala Kishan Chand Rajkiya Mahavidyalaya,Saharanpur,Uttar Pradesh
Lala Lajapatrai College of Commerce & Economics,,Maharashtra
Lala Lajpat Rai Government College,,Punjab
Lala Lajpat Rai Memorial College of Education,,Punjab
Lala Laxmi Narayan Degree College,,Uttar Pradesh
Lala Mahadev Prasad Verma Balika Mahavidyalaya,,Uttar Pradesh
Lala Mangat Ram Mahavidyalaya,,Uttar Pradesh
Lala Radhey Shyam Girls Degree College,,Uttar Pradesh
Lala Rural College,Cachar,Assam
Lala Sipattar Lal Rambeti Degree College,Bareilly,Uttar Pradesh
Lalaram Mahavidyalaya,,Uttar Pradesh
Lalaram Shridevi Degree College,Aligarh,Uttar Pradesh
Lalbhai Dalpatbhai College of Engineering,,Gujarat
Lalchand Kanhaiya Ji Mahavidyalaya,Azamgarh,Uttar Pradesh
Lalgarh Government College,Paschim Medinipur,West Bengal
Lalgola College,,West Bengal
Lali Yadav Mahavidyalaya,,Uttar Pradesh
Lalit Narayan Mishra College of Business Management,Muzaffarpur,Bihar
Lalita Devi Mahavidyalaya,,Uttar Pradesh
Lalita Mahavidyalaya,Jaunpur,Uttar Pradesh
Lalita Narayan Mishra Institute of Economic Development & Social Change,Patna,Bihar
Laliteshwar Prasad Shahi College,Patna,Bihar
Lalji Rai Degree College,,Uttar Pradesh
Lalji Ramraj Yadav Mahavidyalaya,Jaunpur,Uttar Pradesh
Lalji Singh Mahavidyalaya,Sultanpur,Uttar Pradesh
Lallu Singh Mahavidyalaya,Kanpur Nagar,Uttar Pradesh
Lalshar Krishak Mahavidyalaya,,Uttar Pradesh
Lalta Singh Govt. Girls P.G. College,,Uttar Pradesh
Lalti Kumudeshwar Educational and Training Mahila College,Jaunpur,Uttar Pradesh
Laluk College,Lakhimpur,Assam
Lamka College,,Manipur
Langta Baba College,,Jharkhand
Lanka Mahavidyalaya,Nagaon,Assam
Larambha College,,Odisha
Late Babu Indra Bahadur Singh Smarak Mahavidyalaya,Faizabad,Uttar Pradesh
Late Babu Singh Balika Mahavidyalaya,,Uttar Pradesh
Late Babu Singh Mahaividyalaya,,Uttar Pradesh
Late Baburao Patil Arts & Science College,,Maharashtra
Late Bapusaheb Patil Ekambekar College,Nanded,Maharashtra
Late Bhagawan Singh Mahavidyalaya,Mirzapur,Uttar Pradesh
Late Bhagwant Patel Panmati Devi Mahavidyalaya,,Uttar Pradesh
Late Bhaiyyasaheb Urkande Senior College,Wardha,Maharashtra
Late Bhaskarrao Shingane Arts Prof. Narayanrao Gawande Science & Ashaleeta Gawande Commerce College,,Maharashtra
Late Bindeshwari Baghel Government College,Durg,Chhattisgarh
Late Chandrika Kisan Mahavidyalaya,Ghazipur,Uttar Pradesh
Late Chhaganlal Muljibhai Kadhi Kala Mahavidyalaya,,Maharashtra
Late D.R.S. Govt. Arts Commerce & Science College,,Chhattisgarh
Late Dattatraya Pusadkar Arts College,,Maharashtra
Late Dilip Bhatere Government College,Balaghat,Madhya Pradesh
Late Dr. Shankar Rao Satav College,,Maharashtra
Late Dr. Shankarrao Satav Arts & Commerce College,,Maharashtra
Late Dr. Shri Kuber Singh Mahavidyalaya,Mirzapur,Uttar Pradesh
Late Gaukaran Singh Dinesh Degree College,Siddharthnagar,Uttar Pradesh
Late Govindrao Wanjari College of Education,Nagpur,Maharashtra
Late Heera Devi Asharani Girls College,Mahoba,Uttar Pradesh
Late Kamruddin Memorial Degree College,Banda,Uttar Pradesh
Late Keshav Prasad Mahavidyalaya,,Uttar Pradesh
Late Kishun Chandra Bakhari Baba Mahavidyalaya,Ghazipur,Uttar Pradesh
Late Ku. Durga K. Banmeru Science College,,Maharashtra
Late Minaben Kundalia Mahila Arts and Commerce College,,Gujarat
Late Narayanrao Amrutrao Deshmukh Arts and Commerce College,,Maharashtra
Late Nitin Art’s & Science College,,Maharashtra
Late Nooruddin Khan Advocate Girls Degree College,Jaunpur,Uttar Pradesh
Late Panchfulabai Pawade Arts & Commerce Mahila Mahavidyalaya,,Maharashtra
Late Pandurang Patil Naursing College,Akola,Maharashtra
Late Patiraji Devi Shri Kedar Singh Mahavidyalaya,Mirzapur,Uttar Pradesh
Late Pt. Babu Chandrashekhar Rambharose Tiwari Mahavidyalaya,Jalaun,Uttar Pradesh
Late Pt. Khere Prasad Vipin Bihari Mahavidyalaya,,Uttar Pradesh
Late Pt. Ramdutt Dwivedi Mahavidyalaya,Jalaun,Uttar Pradesh
Late Pundalikrao Gawali Arts and Science Mahavidyalaya,Washim,Maharashtra
Late Purushottam Mahavidyalaya,Ghazipur,Uttar Pradesh
Late Pushpadevi Patil Arts & Science College,Washim,Maharashtra
Late Raghunandan Singh Mahavidyalaya,,Uttar Pradesh
Late Ram Prasad Dewangan Government College,Raipur,Chhattisgarh
Late Ram Prasad Yadav Mahavidyalaya,,Uttar Pradesh
Late Ramesh Warpudkar Arts Commerce & Science College,,Maharashtra
Late Ramlal Tripathi Mahavidyalaya,,Uttar Pradesh
Late Ravindranand Baronia Mahavidyalaya,Lalitpur,Uttar Pradesh
Late Sh. Madan GopalJi Mundhada Kala and Vanijya Mahavidyalaya,,Maharashtra
Late Shree Bhawanideen Shiksha Prasar Samiti Mahavidhyalaya,Hamirpur,Uttar Pradesh
Late Shri Bhikhabhai Bhil Government College,,Rajasthan
Late Shri D.P. Choube Govt. Degree College,,Chhattisgarh
Late Shri Devi Prasad Ji Choubey Government College,Rajnandgaon,Chhattisgarh
Late Shri Jaidev Satpathi Govt. College,,Chhattisgarh
Late Shri N.R. Boricha Education Trust Sanchalit Arts & Commerce College,,Gujarat
Late Shri Pooran Ramprakash Dixit Mahavidyalaya,Hamirpur,Uttar Pradesh
Late Shri Suresh Chandra Mishra Vidhi Mahavidyalay,Hamirpur,Uttar Pradesh
Late Shyamta Prasad Chaudhary Mahila Mahavidyalaya,Shrawasti,Uttar Pradesh
Late Smt. Janki Devi Smarak Mahavidyalaya,Sant Kabir Nagar,Uttar Pradesh
Late Smt. Raskendri Devi Mahavidyalaya,Jalaun,Uttar Pradesh
Late Sou Kamaltai Jamkar Mahila Mahavidyalaya,,Maharashtra
Late Sow Sheshabai Sitaram Mundhe Arts College,,Maharashtra
Late Sunder Lal Yadav Mahavidyalaya,Pratapgarh,Uttar Pradesh
Late Sushilabai Ramchandrarao Mamidwar College of Social Work,,Maharashtra
Late Thakur Maharaj Singh Govt. College,,Chhattisgarh
Late Vashisth Narayan Shukla Mahavidyalaya,Allahabad,Uttar Pradesh
Late Virendra Pratap Singh Smarak Janta Degree College,,Uttar Pradesh
Late Wali Mohammad Islamiya Degree College,,Uttar Pradesh
Late. Abasaheb Kakade Arts College,,Maharashtra
Late. Isdutt Smarak Mahavidyalaya,,Uttar Pradesh
Late. Rajeshwari Singh Gyansthali Mahavidyalaya,,Uttar Pradesh
Late. Vasantrao Kolhatkar Arts College,,Maharashtra
Late. Venkatrao Deshmukh Mahavidyalaya,,Maharashtra
Latha Mathavan Arts & Science College,Madurai,Tamil Nadu
Latha Mathavan Engineering College  Latha Mathavan Nagar,,Tamil Nadu
Laureate Institute of Education & Training,Shimla,Himachal Pradesh
Laureate Institute of Pharmacy,Kangra,Himachal Pradesh
Lav – Kush Mahavidyalaya,Unnao,Uttar Pradesh
Lav-Kush Vidhi Mahavidyalaya,Unnao,Uttar Pradesh
Law College,,Madhya Pradesh
Law College,,Chhattisgarh
Law College,,Kerala
Law College,,Gujarat
Law College,,Maharashtra
Law College,Satna,Madhya Pradesh
Law College,,Gujarat
Law College,,Gujarat
Lawngtlai College,,Mizoram
Laxman Prasad Baidh Govt. Girls College,,Chhattisgarh
Laxman Singh Mehar Govt. Post Graduate College,,Uttarakhand
Laxmeshwar Jha JantaSanskrit Mahavidyalaya,,Bihar
Laxmi Chand Katori Devi Degree College,,Uttar Pradesh
Laxmi Devi Arya Kanya Girls Degree College,,Uttar Pradesh
Laxmi Devi Mahavidyalaya,Jalaun,Uttar Pradesh
Laxmi Devi Rajendra Singh Yadav Mahavidyalaya,,Uttar Pradesh
Laxmi Narayan Degree College,,Odisha
Laxmi Narayan Mahavidyalaya,,Uttar Pradesh
Laxmi Narayan Shukla Mahavidyalaya,Sultanpur,Uttar Pradesh
Laxmi Narayana Mahavidyalaya,,Odisha
Laxmi Venkatesh Desai College,,Karnataka
Laxmi Yadunandan Degree College,,Uttar Pradesh
Laxmibai Bhaurao Patil Mahila Mahavidyalaya,,Maharashtra
Laxmikanata College,,Odisha
Laxminarayan College,,Odisha
Laxminarayan Institute of Technology,,Maharashtra
Laxminarayana Arts & Science College for Women,Dharmapuri,Tamil Nadu
Laxminarayana Arts & Science College for Women,Dharmapuri,Tamil Nadu
Laxmipur Degree College,Koraput,Odisha
Laxmishwari Priya Raj Laxmi Sanskrit College,,Bihar
Lea's Hurakadli Ajja Law College,,Karnataka
LEAD College of Management,Palakkad,Kerala
Ledo College,Tinsukia,Assam
Leela Education Society’s G.V. Acharya Institute of Engineering & Technology,Raigarh,Maharashtra
Leeladevi Parasmal Sancheti Kanya Mahavidyalaya,Pali,Rajasthan
Leenabai Thackersey College of Nursing,,Maharashtra
Leftinant Aniruddha Shukla Mahavidyalaya,Lakhimpur,Uttar Pradesh
Lekshmipuram College of Arts & Science,Kanyakumari,Tamil Nadu
Lendi Institute of Engineering & Technology,Vizianagaram,Andhra Pradesh
Lenora Institute of Dental Sciences,East Godavari,Andhra Pradesh
Liberal College,,Manipur
Lieutenant Aniruddha Shukla Mahavidyalaya,Bara Banki,Uttar Pradesh
Lilawati Devi Mahavidyalaya,,Uttar Pradesh
Lilong Haoreibi College,,Manipur
Lingaraj College,,Karnataka
Lingaraj Law College,,Odisha
Lingaya’s Lalita Devi Institute of Management & Sciences,,Delhi
Lingayas Institute of Management and Technology,,Andhra Pradesh
Lions Juhu Nandalal Jalan Mahila Mahavidyalaya,,Maharashtra
Little Flower College,,Kerala
Little Flower Degree College,Hyderabad,Telangana
Little Flower Institute of Social Sciences and Health (LISSAH),Kozhikode,Kerala
Little Step Science & Technology College,,Madhya Pradesh
Lloyd Institute of Management & Technology,,Uttar Pradesh
Lloyd Institute of Management & Technology,,Uttar Pradesh
Lloyd Law College,Gautam Buddha Nagar,Uttar Pradesh
Lodi Kisan Mahavidyalaya,Azamgarh,Uttar Pradesh
Lodi Singh Dwarika Singh Kaushik Mahavidyalaya,Ghazipur,Uttar Pradesh
Loganatha Narayanasamy Government College,,Tamil Nadu
Lohia Charan Singh College,,Bihar
Lohia College,,Rajasthan
Loisingha College,,Odisha
Lok Bharati Lok Seva Mahavidyalaya,,Gujarat
Lok Mahavidyalaya,,Maharashtra
Lok Mahavidyalaya,,Bihar
Lok Rashtriya College,,Uttar Pradesh
Lokanayak Omeo Kumar Das College,Sonitpur,Assam
Lokapriya Gopinath Bordoloi Girls’ College,Sonitpur,Assam
Lokbandhu Rajnarain Law College,Varanasi,Uttar Pradesh
Lokmangal Biotechnology College,,Maharashtra
Lokmani Memorial Degree College,,Uttar Pradesh
Lokmani Sharma Swatantrata Sangram Senani Govt. Degree College,,Uttar Pradesh
Lokmanya Mahavidyalaya,,Maharashtra
Lokmanya Mahavidyalaya,,Maharashtra
Lokmanya Tilak College of Education,,Madhya Pradesh
Lokmanya Tilak College of Engineering,,Maharashtra
Lokmanya Tilak Mahavidyalaya,,Maharashtra
Lokmanya Tilak Municipal Medical Medical College,,Maharashtra
Lokmanya Tilak Science & Commerce College,,Madhya Pradesh
Loknath Mahavidyalya,,Uttar Pradesh
Loknayak Bapuji Aney Mahila Mahavidyalaya,,Maharashtra
Loknete Ma. Hanmantrao Patil Charitable Trust Vita Adarsh Institute of Technology and Research Centre,Sangli,Maharashtra
Lokniketan Mahavidyalaya,,Gujarat
Lonavala Education Trust’s Dr. B.N. Purandare Arts Smt. S.G. Gupta Commerce and Smt. Shardaben Amrutlal Mithaiwala Science College,Pune,Maharashtra
Long Shree College of Education,,Uttar Pradesh
Lord Buddha Degree College,,Uttar Pradesh
Lord Jegannath College of Engineering & Technology,Kanyakumari,Tamil Nadu
Lord Krishna Degree College,,Uttar Pradesh
Lord Krishna Mahavidyalaya,Kanpur Dehat,Uttar Pradesh
Lords Institute of Engineering and Technology,Rangareddy,Telangana
Loreto College,Kolkata,West Bengal
Lorven Educational Centre,Bangalore,Karnataka
Lotus Institute of Management,Bareilly,Uttar Pradesh
Loyala Academy Degree College,,Telangana
Loyola Academy,Malkangiri,Telangana
Loyola College,,Tamil Nadu
Loyola College,,Chhattisgarh
Loyola College,,Tamil Nadu
Loyola College of Arts & Science (Co-Ed.),,Tamil Nadu
Loyola College of Education,,Sikkim
Loyola College of Education,Chennai,Tamil Nadu
Loyola College of Social Sciences,,Kerala
Loyola Degree College,Y.S.R.,Andhra Pradesh
Loyola Institute of Technology,Chennai,Tamil Nadu
Loyola-ICAM College of Engineering and Technology,Chennai,Tamil Nadu
Lt. Jagannath Patel Mewalal Patel Mahila Mahavidyalaya,Fatehpur,Uttar Pradesh
Lucknow Christian Degree College,,Uttar Pradesh
Lucknow Public College of Professional Studies,Lucknow,Uttar Pradesh
Lucky Institute of Professional Studies,Jodhpur,Rajasthan
Ludhiana College of Engineering and Technology,Ludhiana,Punjab
Luitparia College,Barpeta,Assam
Lumding College,Nagaon,Assam
Lunglei Govt. College,,Mizoram
Lupia Mahavidyalaya,,Odisha
Luquman College of Science & Arts,,Karnataka
Lutawan Mahavidyalaya,,Uttar Pradesh
Luxmi Charan Hubblal Mahavidyalaya,Jalaun,Uttar Pradesh
Lyallpur Khalsa College,,Punjab
Lyallpur Khalsa College For Women,,Punjab
M R College of Education,Vizianagaram,Andhra Pradesh
M R Govt. Sanskrit College,Vizianagaram,Andhra Pradesh
M R K Institute of Technology,Cuddalore,Tamil Nadu
M S N Degree College,East Godavari,Andhra Pradesh
M V N J S & R V R COLLEGE,East Godavari,Andhra Pradesh
M. B. Khalsa College,,Madhya Pradesh
M. H. Shinde Mahavidyalaya,,Maharashtra
M. Krishna Law College,,Karnataka
M. Kumarasamy College of Engineering,Karur,Tamil Nadu
M. M. Chaudhari Arts College,,Gujarat
M. Rampur College,,Odisha
M. V. Muthiah Government Arts College for Women,Dindigul,Tamil Nadu
M.A. Memorial Girls Degree College,Azamgarh,Uttar Pradesh
M.A. Rameshwar Lata Sanskrit Mahavidyalaya,,Bihar
M.A.L.D. Government Arts & Science College,,Telangana
M.A.M. College of Engineering,Tiruchirappalli,Tamil Nadu
M.A.M. College of Pharmacy,Guntur,Andhra Pradesh
M.A.M. School of Engineering,Tiruchirappalli,Tamil Nadu
M.A.S. Degree College,,Uttar Pradesh
M.B. Arts and Commerce College,,Gujarat
M.B. College of Commerce & SGMNL Arts College,,Gujarat
M.B. P.G. College,,Uttar Pradesh
M.B. Patel Rashrabhasha Arts and Commerce College,,Gujarat
M.B. Patel Science College,,Gujarat
M.B. Residential College,,Karnataka
M.B.C. Government Girls College,Barmer,Rajasthan
M.B.G. Government College,,Punjab
M.B.R.R.V.P.D. Singh College,,Bihar
M.C. College,Barpeta,Assam
M.C. Das College,Cachar,Assam
M.C. Sheth Commerce College,,Gujarat
M.C.E Society’s Allana College of Pharmacy,Pune,Maharashtra
M.C.S Educational Institute  Wazidpur Khair  Aligarh-202 138  Uttar Pradesh,Aligarh,Uttar Pradesh
M.D. College,,Uttar Pradesh
M.D. College of Higher Education,Bijnor,Uttar Pradesh
M.D. Science College,,Gujarat
M.D. Shah Commerce & B.D. Patel Arts College,,Gujarat
M.D.B.L. Degree College,,Uttar Pradesh
M.D.D. Mahila College,Muzaffarpur,Bihar
M.D.F. College of Education Pragathi Composite School Complex,,Karnataka
M.D.R. Patel Degree Mahila College,,Bihar
M.D.S.D. Girls College,,Haryana
M.E.A.S. Science College,,Kerala
M.E.S. Abasaheb Garware College,Pune,Maharashtra
M.E.S. Arts & Commerce College,,Maharashtra
M.E.S. Asambi College,,Kerala
M.E.S. College,,Kerala
M.E.S. College,,Kerala
M.E.S. College of Arts Commerce & Science,,Karnataka
M.E.S. Garware College of Commerce,Pune,Maharashtra
M.E.S. Kalladi College,,Kerala
M.E.S. Keveeyam College,,Kerala
M.E.S. Mampad College,,Kerala
M.E.S. Ponnani College,,Kerala
M.E.S. Teacher's College,,Karnataka
M.E.S.'S College of Commerce,,Karnataka
M.E.S.'S Law College,,Karnataka
M.E.T. Teachers College,Kashmir,Jammu and Kashmir
M.G. Balika Vidyalaya Degree College,,Uttar Pradesh
M.G. College,,Madhya Pradesh
M.G. College of Science Art & Culture,,Uttar Pradesh
M.G. Degree College,,Uttar Pradesh
M.G. Medical College,,Jharkhand
M.G.D. Appa Arts & Commerce College for Women,,Karnataka
M.G.M. Medical College,,Madhya Pradesh
M.G.R. College,,Tamil Nadu
M.G.S. Janata College,,Punjab
M.G.V.G. Arts Science & Commerce College,,Karnataka
M.G.V.M.'S Smt. Pushpati Hiraj Arts Science & Commerce Mahila College,,Maharashtra
M.H. Azad National Degree College,,Bihar
M.H. Degree College,,Uttar Pradesh
M.H. Mahila Mahavidyalaya,,Uttar Pradesh
M.H.B.M. College,,Bihar
M.H.D. College,,Odisha
M.H.E.S College of Science & Technology,Kozhikode,Kerala
M.H.H. Degree College,Etah,Uttar Pradesh
M.IET.Arts & Science College,,Tamil Nadu
M.I.E.T. Engineering College,Tiruchirappalli,Tamil Nadu
M.J. College,,Chhattisgarh
M.J. College of Commerce,,Gujarat
M.J. Shindo Arts Science & Commerce College,,Maharashtra
M.J.D. Government College,Churu,Rajasthan
M.J.K. College,Pashchim Champaran,Bihar
M.J.M. Mahila College,,Bihar
M.J.S. Govt. Postgraduate College,,Madhya Pradesh
M.K. College of Education,Jalandhar,Punjab
M.K. Rai Deep Adarsh Balika Mahavidyalaya,,Uttar Pradesh
M.K.C.G. Medical College,,Odisha
M.K.M. Indian Institute of Management,,Rajasthan
M.K.M. Mahila Mahavidyalaya,,Rajasthan
M.K.P. College,,Uttarakhand
M.K.R. Government Degree College,,Telangana
M.K.S. College,,Bihar
M.L. & J.N.K. Girls College,,Uttar Pradesh
M.L. Arya College,,Bihar
M.L. Dahanukar College of Commerce,,Maharashtra
M.L. Law College,,Madhya Pradesh
M.L.A. Academy of Higher Learning,Bangalore,Karnataka
M.L.B. Arts & Commerce College,,Madhya Pradesh
M.L.B. Govt. College,Bikaner,Rajasthan
M.L.B. Medical College,,Uttar Pradesh
M.L.C. Govt. Girls P.G. College,,Madhya Pradesh
M.L.D. Adarsh Sanskrit Mahavidyalaya,,Uttar Pradesh
M.L.M.N. College of Education,,Karnataka
M.L.R.S. College of Education,,Haryana
M.L.S. College,,Uttar Pradesh
M.L.S. College,,Bihar
M.L.S.M. College,,Bihar
M.M. Arts and Commerce College,,Karnataka
M.M. Arts Commerce Home Science & Science College for Women,,Karnataka
M.M. College,Patna,Bihar
M.M. College of Arts & N.M. Institute of Science & H.R.J. College of Commerce (Bhavan's College),,Maharashtra
M.M. Gandhi Arts and Commerce College,,Gujarat
M.M. Ghodasara Mahila Arts and Commerce College,,Gujarat
M.M. Mahila College,,Bihar
M.M.E.S. Women’s Arts and Science College,Vellore,Tamil Nadu
M.M.H. College,,Uttar Pradesh
M.M.M. Post-Graduate college,,Uttar Pradesh
M.N.B. Memorial Mahila Mahavidyalaya,Ballia,Uttar Pradesh
M.N.C. Balika Mahavidyalaya,Nalbari,Assam
M.N.D. Mahila Mahaidyalaya,Ambedkar Nagar,Uttar Pradesh
M.N.R. Degree College,,Telangana
M.O.P. Vaishnav College For Women,,Tamil Nadu
M.P. Arts & M.H. Commerce College for women,,Gujarat
M.P. Garg Degree College,,Uttar Pradesh
M.P. Girls Sansthan,Ghazipur,Uttar Pradesh
M.P. Moothedath Memorial Sree Narayana Trust College,,Kerala
M.P. Nachimuthu M. Jaganathan Engineering College,Erode,Tamil Nadu
M.P. Shah Arts and Science College,,Gujarat
M.P. Shah Commerce College,,Gujarat
M.P. Shah Medical College,,Gujarat
M.P. Sinha Science College,Muzaffarpur,Bihar
M.P.C. (Auto) College,,Odisha
M.P.M.M. Sree Narayana Trust College,,Kerala
M.P.T. Govt . Degree College,,Uttar Pradesh
M.R. College,,Punjab
M.R. Government Arts College,,Tamil Nadu
M.R. Mahila College,,Bihar
M.S. College,Purbi Motihari,Bihar
M.S. College,,Odisha
M.S. College,,Uttar Pradesh
M.S. Degree College,Anantapur,Andhra Pradesh
M.S. Engineering College,Bangalore,Karnataka
M.S. Institute,,Uttar Pradesh
M.S. Kakdade College,Pune,Maharashtra
M.S. Ramaiah College of Arts Science and Commerce,Bangalore,Karnataka
M.S. Ramaiah Institute of Technology,,Karnataka
M.S.B. Arts & Commerce College,Davanagere,Karnataka
M.S.C.M. College,,Himachal Pradesh
M.S.G. Arts Science and Commerce College,,Maharashtra
M.S.J. College,,Rajasthan
M.S.K.B. College,Muzaffarpur,Bihar
M.S.M. Science College,,Gujarat
M.S.P. Arts Science & K.P.T. Commerce College,,Maharashtra
M.S.P. Mandal’s Shri Shivaji College,,Maharashtra
M.S.S. Giri College,Pashchim Champaran,Bihar
M.S.S.K.D. Degree College,,Uttar Pradesh
M.U.C. Women's College,,West Bengal
M.V. College,,Bihar
M.V.A.S. Sri K.G. Nadgir College of Phusical Education,,Karnataka
M.V.J. College of Engineering,,Karnataka
M.V.P. Samaj's Arts Science & Commerce College,,Maharashtra
M.V.P.'S Mahantswamy Arts Science and Commerce College,,Karnataka
M.V.S. Government Arts & Science College,,Telangana
M.V.S. Govt. Evening College of Arts,,Telangana
Ma Gayatri Ram Sukh Pandey Mahavidyalaya,,Uttar Pradesh
Ma Gomti Memorial Degree College,,Uttar Pradesh
Ma Hansvahini Mahavidyalay,Chandauli,Uttar Pradesh
Ma Khandwari Degree College,,Uttar Pradesh
Maa Anjani Institute of Education,,Uttar Pradesh
Maa Asha Gyandeep Sansthan,Jaunpur,Uttar Pradesh
Maa Baboona Balika Degree College,,Uttar Pradesh
Maa Bachchi Smarak Mahavidyalaya,Pratapgarh,Uttar Pradesh
Maa Bageshwari Devi Mahila Mahavidyalaya,,Uttar Pradesh
Maa Bandhui Devraj Mahavidyalaya,,Uttar Pradesh
Maa Basulee Mahavidyalaya (+3 Degree),,Odisha
Maa Bhadra Kali Mahavidyalaya  Kabrai,,Uttar Pradesh
Maa Bhagwati Mahavidyalaya,Kannauj,Uttar Pradesh
Maa Bhagwati Mahavidyalaya,,Uttar Pradesh
Maa Bhagwati Mahila Mahavidyalaya,Chandauli,Uttar Pradesh
Maa Bhawani Mahavidyalaya,,Uttar Pradesh
Maa Bhawani Mahila Mahavidyalaya,Chandauli,Uttar Pradesh
Maa Chanarmi Devi Mahila Mahavidyalaya,Azamgarh,Uttar Pradesh
Maa Chandrawati Devi Mahila Mahavidyalaya,Azamgarh,Uttar Pradesh
Maa Chandrika Mahila Mahavidyalaya,Mahoba,Uttar Pradesh
Maa Dhanawati Mahavidyalaya,,Uttar Pradesh
Maa Durga Girls College,Jaunpur,Uttar Pradesh
Maa Durga Ji Mahavidyalaya,,Uttar Pradesh
Maa Durga Sarvoday Mahavidyalaya,Sultanpur,Uttar Pradesh
Maa Fula Devi Kanya Mahavidyalaya,,Uttar Pradesh
Maa Fuliya Devi Mahila Mahavidyalaya,Ghazipur,Uttar Pradesh
Maa Gauri Mahila Mahavidyalaya,Azamgarh,Uttar Pradesh
Maa Gayatri Arya Kanya Mahavidyalaya,Etah,Uttar Pradesh
Maa Gayatri Ganga Prasad Mishra Mahila Degree College,Basti,Uttar Pradesh
Maa Gayatri Mahavidyalaya,,Uttar Pradesh
Maa Gayatri Mahila Mahavidyalaya,,Uttar Pradesh
Maa Gayatri Mangala Devi Pandey Smarak Mahavidyalaya,Gonda,Uttar Pradesh
Maa Gayatri Ramprasad Pandey Smarak Mahavidyalaya,Gonda,Uttar Pradesh
Maa Gomati Balika Mahavidyalaya,Ghazipur,Uttar Pradesh
Maa Gujarati Mahavidyalaya,,Uttar Pradesh
Maa Haridasee Smarak Mahila Mahavidyalaya,Azamgarh,Uttar Pradesh
Maa Janki Devi Mahavidhyalaya,,Uttar Pradesh
Maa Jhadeswari Degree College,Sambalpur,Odisha
Maa Kabootara Devi Satyabhama Mahila Mahavidyalaya,,Uttar Pradesh
Maa Kailashi Anari Leela Mahavidyalaya,Azamgarh,Uttar Pradesh
Maa Kailashi Savitri Devi Mahila Mahvidyalaya,Pratapgarh,Uttar Pradesh
Maa Kalawati Mahavidyalaya,Pratapgarh,Uttar Pradesh
Maa Kamla Mahavidyalaya,,Uttar Pradesh
Maa Kasturi Devi Mahavidyalaya,Ballia,Uttar Pradesh
Maa Khandawari P.G. Mahavidyalaya,,Uttar Pradesh
Maa Khandwari Mahavidyalaya,,Uttar Pradesh
Maa Kunti Devi Malkhan Singh Mahavidyalaya,Aligarh,Uttar Pradesh
Maa Malti Devi Mahila Degree College,,Uttar Pradesh
Maa Mansha Devi Mahavidyalaya,,Uttar Pradesh
Maa Markama +3 College,Rayagada,Odisha
Maa Mewati Tara Devi Institute of Girls Education,,Uttar Pradesh
Maa Murati Balika Mahavidyalaya,Azamgarh,Uttar Pradesh
Maa Phool Patti Devi Mahavidyalaya,,Uttar Pradesh
Maa Prabhavati Balika Mahavidyalaya,Azamgarh,Uttar Pradesh
Maa Prema Mahila Mahavidyalaya,Ghazipur,Uttar Pradesh
Maa R.K. Devi Mahavidyalaya,,Uttar Pradesh
Maa Saraswati Mahavidyalaya,,Uttar Pradesh
Maa Saraswati Mahila Mahavidyalaya,,Uttar Pradesh
Maa Saraswati Sita Degree College,Allahabad,Uttar Pradesh
Maa Saryu Devi Mahavidyalaya,Sultanpur,Uttar Pradesh
Maa Shakuntala Mahila Mahavidyalaya,Mau,Uttar Pradesh
Maa Shanti Devi Mahavidyalaya,Unnao,Uttar Pradesh
Maa Shanti Devi Mahavidyalaya,,Uttar Pradesh
Maa Sharda Mahavidyalaya,,Uttar Pradesh
Maa Sharda Mahavidyalaya,,Uttar Pradesh
Maa Sharda Mahavidyalaya,Jhansi,Uttar Pradesh
Maa Sharda Mahavidyalaya,Sultanpur,Uttar Pradesh
Maa Sharda Mahavidyalaya,Azamgarh,Uttar Pradesh
Maa Sharda Mahila Mahavidyalaya,Unnao,Uttar Pradesh
Maa Sharda Mahila Mahavidyalaya,Ghazipur,Uttar Pradesh
Maa Sheetla Devi Trijugi Narayan Mahila Mahavidyalaya,,Uttar Pradesh
Maa Shiv Devi Mahavidyalaya,,Uttar Pradesh
Maa Sringari Smarak Mahila Mahavidyalaya,Azamgarh,Uttar Pradesh
Maa Sudami Devi Mahila Mahavidyalaya,Azamgarh,Uttar Pradesh
Maa Sukali Devi Degree College,,Uttar Pradesh
Maa Sumera Devi Yadav Balika Mahavidhyalaya,,Uttar Pradesh
Maa Swaroopa Devi Mahila Mahavidyalaya,Ghazipur,Uttar Pradesh
Maa Tilesara Devi Mahavidyalaya,Ambedkar Nagar,Uttar Pradesh
Maa Vaishnavi Degree College,Allahabad,Uttar Pradesh
Maa Vaishno Devi Law College,Lucknow,Uttar Pradesh
Maa Vaishno Devi Mahila Mahavidyalaya,Bareilly,Uttar Pradesh
Maa Vaishno Devi Nakchhed Tiwari Girls Institute of Education and Management,Faizabad,Uttar Pradesh
Maa Vaishno Devi Shikshan Prashikshan Mahavidyalaya,,Uttar Pradesh
Maa Vaishnoo Devi Mahila Mahavidyalaya,,Uttar Pradesh
Maa Vindhyavasini Institute of Higher Education Management and Technology,Mirzapur,Uttar Pradesh
Maa Yashoda Naubat Mahavidyalaya,Ghazipur,Uttar Pradesh
Maan Janki Institute of Management & Technology,,Uttar Pradesh
Machkhowa Degree College,Dhemaji,Assam
Madan Ahiyalia Mahila College,,Bihar
Madan Mohan Malvidya Post - Graduate College,,Uttar Pradesh
Madan Mohan Malviya Engineering College,,Uttar Pradesh
Madan Mohan Malviya Government Ayurvedic College,,Rajasthan
Madan Mohan Smarak Mahavidyalya,,Uttar Pradesh
Madanapalle Institute of Technology & Science,Chittoor,Andhra Pradesh
Madeenathul Uloom Arabic College,,Kerala
Madha Engineering College,,Tamil Nadu
Madhab Dev College,Lakhimpur,Assam
Madhav College,,Madhya Pradesh
Madhav Institute of Technology & Science,,Madhya Pradesh
Madhav Mahavidyalaya,,Madhya Pradesh
Madhav Sarvodaya Mahavidyalaya,Faizabad,Uttar Pradesh
Madhav Vidhi Mahavidyalaya,Gwalior,Madhya Pradesh
Madhava Pai Memorial College,,Karnataka
Madhavrao Patil Arts Commerce and Science College,,Maharashtra
Madhepur Teacher’s Training College,Madhubani,Bihar
Madhepura College,,Bihar
Madhu Malancha Govt. Degree College,,Telangana
Madhu Tandon Mahila Mahavidyalaya,,Uttar Pradesh
Madhukarrao Pawar Arts College,,Maharashtra
Madhupur College,,Jharkhand
Madhuri Singh Mahavidyalaya,Hardoi,Uttar Pradesh
Madhusthali Institute of Teacher Training,,Jharkhand
Madhusudan Das Degree College,Gorakhpur,Uttar Pradesh
Madhya Kamrup College,Barpeta,Assam
Madiyahu Degree College,,Uttar Pradesh
Madneshwarnath Sanskrit Mahavidyalaya,,Bihar
Madras Christian College,Chennai,Tamil Nadu
Madras Dental College,,Tamil Nadu
Madras Medical College,,Tamil Nadu
Madras School of Social Work,,Tamil Nadu
Madura College,,Tamil Nadu
Madurai Diraviyam Thayumanavar Hindu College,,Tamil Nadu
Madurai Gandhi N.M.R. Subbaraman College for Women,Madurai,Tamil Nadu
Madurai Institute of Social Sciences,,Tamil Nadu
Madurai Kamaraj University College,,Tamil Nadu
Madurai Law College,,Tamil Nadu
Madurai Medical College,,Tamil Nadu
Madurai Sivakasi Nadars Pioneer Meenakshi Women’s College,sivagana,Tamil Nadu
Mafatlal Gagalbhai Science Institute,,Gujarat
Magadh Mahavidyalaya,,Bihar
Magadh Mahila College,Patna,Bihar
Magarpatta City Educational Foundation Magarpatta College of Hospitality Studies,Pune,Maharashtra
Magrahat College,,West Bengal
Maha Baleshwari Dayal Governement Degree College,,Rajasthan
Maha Bharathi Engineering College,Viluppuram,Tamil Nadu
Mahabodhi Mahavidyalaya,,Uttar Pradesh
Mahabodhi Mahavidyalaya,,Bihar
Mahabodhi Teachers Training College,,Bihar
Mahacharan Smarak Mahavidyalaya,Jhansi,Uttar Pradesh
Mahadeo Singh College,,Bihar
Mahadev Institute of Technology,,Uttar Pradesh
Mahadev Mahavidyalaya,,Uttar Pradesh
Mahadev Mahavidyalaya,,Uttar Pradesh
Mahadev Ramsoch Krishak Mahavidyalaya,Mau,Uttar Pradesh
Mahadevanand Mahavidyalaya,,West Bengal
Mahadevappa Rampure Medical Science,,Karnataka
Mahakavi Tulsidas Mahavidyalaya,,Uttar Pradesh
Mahakoshal College of Science and Arts  Tendukheda,Damoh,Madhya Pradesh
Mahalakshmi College for Girls,,Uttar Pradesh
Mahalwar Academy of Higher Education,Aligarh,Uttar Pradesh
Mahamandleshwar Shri Bal Krishna Yati Mahavidyalaya,,Uttar Pradesh
Mahamandleshwar Shri Krishnanandji College of Commerce,,Gujarat
Mahamandleshwar Shri Krishnanandji College of Law,,Gujarat
Mahamati Pranath Degree College,,Uttar Pradesh
Mahamaya Government Degree College,Lucknow,Uttar Pradesh
Mahamaya Government Degree College,Allahabad,Uttar Pradesh
Mahamaya Mahavidyalya  Bargahan,,Uttar Pradesh
Mahamaya Rajkeeya Mahavidyalaya,Kaushambi,Uttar Pradesh
Mahamaya Rajkiya Mahavidalaya,,Uttar Pradesh
Mahamaya Rajkiya Mahavidyalaya,,Uttar Pradesh
Mahamayee Mahila Mahavidyalaya,Ganjam,Odisha
Mahanga Puspagiri Mahavidyalaya,,Odisha
Mahanga Women’s College,,Odisha
Mahant Dattaram Bharti Arts and Commerce College,,Maharashtra
Mahant Laxminarayan Das College,,Chhattisgarh
Mahant Pawahari Shri Balkrishna Yati Kanya Mahavidyalaya,,Uttar Pradesh
Mahanth Keshav Sanskrit Mahavidyalaya,Patna,Bihar
Mahanth Maniraj Das Upendra Girls Educational Institute,Ghazipur,Uttar Pradesh
Mahanth Ram Jiwan Das College,Begusarai,Bihar
Mahanth Triveni Parbat Sanskrit Mahavidyalaya,,Uttar Pradesh
Mahapran Nirala Mahavidyalaya,,Uttar Pradesh
Mahapurus Achyutananda Mahavidyalaya,,Odisha
Maharahi Kishori Memorial  Kanya Mahavidyalaya,,Haryana
Maharaj Vijayaram Gajapathi Raj College of Engineering,Vizianagaram,Andhra Pradesh
Maharaja Agarsen Mahavidyalaya,,Haryana
Maharaja Agrasain Kanya Mahavidyalaya,Muzaffarnagar,Uttar Pradesh
Maharaja Agrasen College,,Delhi
Maharaja Agrasen College for Women,,Haryana
Maharaja Agrasen Institute of Management Studies,,Delhi
Maharaja Agrasen Mahavidyalaya,,Uttar Pradesh
Maharaja Arts and Science College,Coimbatore,Tamil Nadu
Maharaja Balwant Singh Degree College,,Uttar Pradesh
Maharaja Bhoj Shaskiya Snatkottar Swashasi Mahavidhyalaya,,Madhya Pradesh
Maharaja Bijli Pasi Government P.G. College,,Uttar Pradesh
Maharaja Bir Bikram College,,Tripura
Maharaja Bodhchandra College,,Manipur
Maharaja College,,Madhya Pradesh
Maharaja College for Women,Erode,Tamil Nadu
Maharaja Harishchandra College of Higher Education,Hardoi,Uttar Pradesh
Maharaja Institute of Technology,,Karnataka
Maharaja Laxman Sen Memorial College,,Himachal Pradesh
Maharaja Madakari Nayaka First Grade College for Arts and Commerce,,Karnataka
Maharaja Mahesh Thakur Mithila College,,Bihar
Maharaja Manindra Chandra College,,West Bengal
Maharaja Mansingh Mahavidyalaya,,Madhya Pradesh
Maharaja Nandakumar Mahavidyalaya,,West Bengal
Maharaja Nandakumar Mahavidyalaya,Purba Medinipur,West Bengal
Maharaja Neempal Singh Government College,Bhiwani,Haryana
Maharaja Prathvi Raj Chauhan Mahavidyalaya,,Uttar Pradesh
Maharaja Rameshwar Singh Mithila College,,Bihar
Maharaja Ranjit Singh College,,Punjab
Maharaja Ranjit Singh College of Professional Sciences,,Madhya Pradesh
Maharaja Shuheldeo Mahila Mahavidyalaya,,Uttar Pradesh
Maharaja Srischandra College,,West Bengal
Maharaja Surajmal Institute,,Delhi
Maharaja Surajmal Institute of Technology,,Delhi
Maharaja Surajmal Teacher’s Training College,,Rajasthan
Maharaja's College,Mysore,Karnataka
Maharaja's College,,Kerala
Maharajah's College,Vizianagaram,Andhra Pradesh
Maharajah's College for Women,Vizianagaram,Andhra Pradesh
Maharajah’s Post Graduate College,Vizianagaram,Andhra Pradesh
Maharana Pratap College,,Bihar
Maharana Pratap College,,Madhya Pradesh
Maharana Pratap College for Girls,,Haryana
Maharana Pratap College of Education,Agra,Uttar Pradesh
Maharana Pratap Degree College,,Uttar Pradesh
Maharana Pratap Government Degree College,,Uttarakhand
Maharana Pratap Government Degree College,,Uttar Pradesh
Maharana Pratap Government P.G. College,,Rajasthan
Maharana Pratap Government PG College,,Uttar Pradesh
Maharana Pratap Govt. Degree College,,Himachal Pradesh
Maharana Pratap Govt. Post Graduate College,,Uttar Pradesh
Maharana Pratap Mahavidyalaya,,Uttar Pradesh
Maharana Pratap Mahavidyalaya,Faizabad,Uttar Pradesh
Maharana Pratap Mahila Mahavidyalaya,,Uttar Pradesh
Maharana Pratap Mahila Mahavidyalaya,Kushinagar,Uttar Pradesh
Maharana Pratap National College,,Haryana
Maharana Pratap Sikshan Prasikshan Sansthan Nagahra,,Uttar Pradesh
Maharana Pratapsinh Shikshan Sanstha’s Anandibai Raorane Arts Commerce & Science College,Sindhudurg,Maharashtra
Maharani Arts and Science Women’s College,Tirupur,Tamil Nadu
Maharani Banaras Mahila Mahavidyalaya,,Uttar Pradesh
Maharani Gulab Kunwari Mahila Mahavidyalaya,Varanasi,Uttar Pradesh
Maharani Kalyani College,,Bihar
Maharani Kasiswari College,,West Bengal
Maharani Kishori Jat Kanya College,,Haryana
Maharani Lakshmi Ammanni College for Women,,Karnataka
Maharani Lal Kunwari Post Graduate College,Balrampur,Uttar Pradesh
Maharani Maheshwari Lata Sanskrit Vidyapeeth,,Bihar
Maharani Women’s Arts Commerce and Management College,Bangalore,Karnataka
Maharani's Arts College for Women,Mysore,Karnataka
Maharani's Science College for women,Mysore,Karnataka
Maharani's Science College for Women,Bangalore,Karnataka
Maharani’s Women’s Commerce and Management College,Mysore,Karnataka
Maharashtra Academy of Engineering and Educational Research MIT Arts Commerce and Science College.,Pune,Maharashtra
Maharashtra Academy of Engineering and Educational Research’s Maharashtra Institute of Pharmacy,Pune,Maharashtra
Maharashtra Arogya Mandal’s Sumatibhai Shah Ayurved Mahavidyalaya,Pune,Maharashtra
Maharashtra Association for Cultivation of Science,,Maharashtra
Maharashtra College of Arts and Science and Commerce,,Maharashtra
Maharashtra Cosmopolitan Education Society’s H.G.M. Azam College of Education,Pune,Maharashtra
Maharashtra Education Society’s Institute of Management and Career Courses (IMCC),Pune,Maharashtra
Maharashtra Institute of Technology,Aurangabad,Maharashtra
Maharashtra Mahavidyalaya,,Maharashtra
Maharashtra Mandal's  Chandrasekhar Agashe College of Physical Education,Pune,Maharashtra
Maharashtra Udayagiri Mahavidyalaya,,Maharashtra
Maharishi College of Natural Law,,Odisha
Maharishi Ved Vidyan Arts & Commerce College,,Madhya Pradesh
Maharishi Ved Vidyan Sanskrit Vidyapeeth College,,Madhya Pradesh
Maharishi Ved Vigyan Mahila Vidyapeeth,,Madhya Pradesh
Maharshi Arvind Mahavidyalaya,Alwar,Rajasthan
Maharshi College of Education,Kaushambi,Uttar Pradesh
Maharshi Dayanand B.Ed College,,Rajasthan
Maharshi Dayanand College of Arts Science & Commerce,Mumbai,Maharashtra
Maharshi Dayanand Degree College,Banda,Uttar Pradesh
Maharshi Dayanand Law College,,Rajasthan
Maharshi Dayanand Mahavidyalaya,,Uttar Pradesh
Maharshi Dayanand Mahavidyalaya+3 & Higher Education,,Odisha
Maharshi Gautam Buddh Mahila Mahavidyalaya,Banda,Uttar Pradesh
Maharshi Karve Stree Shikshan Samstha’s School of Fashion Technology,Pune,Maharashtra
Maharshi Karve Stree Shikshan Samstha’s Smt. Hiraben Nanavati Institute of Management & Research for Women,Pune,Maharashtra
Maharshi Karve Stree Shikshan Sanstha’s Cummins College of Engineering for Women,Pune,Maharashtra
Maharshi Karve Stree Shikshan Sanstha’s Dr. Bhanuben Nanavati College of Architecture for Women,Pune,Maharashtra
Maharshi Karve Stree Shikshan Sanstha’s Shri Siddhivinayak Mahila Mahavidyalaya,Pune,Maharashtra
Maharshi Karve Stree Shikshan Sanstha’s Smt. Bakul Tambat Institute of Nursing Education,Pune,Maharashtra
Maharshi Moolchand Yadav Mahila Mahavidyalaya,,Uttar Pradesh
Maharshi Paramhansh College of Education,,Jharkhand
Maharshi Shandilya Prashikshan Sansthan,,Uttar Pradesh
Maharshi Shikshan Avam Prashikshan Sansthan,Ghazipur,Uttar Pradesh
Maharshi Valmiki College of Education,,Delhi
Maharshi Yogiraj Deoraha Baba Mahavidyalaya,Ambedkar Nagar,Uttar Pradesh
Mahasamund Mahavidyalaya,,Chhattisgarh
Mahatama Gandhi Institute of Medical Sciences,,Maharashtra
Mahatama Phule Arts & Commerce and S.R.C. Science College,,Maharashtra
Mahathi College of Pharmacy,,Andhra Pradesh
Mahatma  Education Society’s Mahatma Night Degree College of Arts and Commerce,,Maharashtra
Mahatma Asau Baba K.K.P. Institute of Education,Azamgarh,Uttar Pradesh
Mahatma Buddh Mahavidyalaya,,Uttar Pradesh
Mahatma Buddha Lok Kalyan Avam Gramya Vikas Sansthan,Kheri,Uttar Pradesh
Mahatma Education Society's Pillai's College of Arts Commerce & Science,,Maharashtra
Mahatma Education Society’s Pillai College of Education & Research Dr. Pillai Teachers Training & Research Centre,,Maharashtra
Mahatma Education Society’s Pillai HOC College of Arts Science & Commerce,,Maharashtra
Mahatma Education Society’s Pillai HOC College of Engineering and Technology,raigad,Maharashtra
Mahatma Education Society’s Pillai Institute of Management Studies & Research,new panvel,Maharashtra
Mahatma Education Society’s Pillai’s College of Education and Research,,Maharashtra
Mahatma Education Society’s Pillai College of Engineering,Mumbai,Maharashtra
Mahatma Gandhi Arts and Commerce College,,Maharashtra
Mahatma Gandhi Arts Science and Late Nasaruddhinbha Panjwani Commerce College,,Maharashtra
Mahatma Gandhi Centenary Arts Commerce & GHD Science College,,Karnataka
Mahatma Gandhi College,,Bihar
Mahatma Gandhi College,Bongaigaon,Assam
Mahatma Gandhi College,,Kerala
Mahatma Gandhi College,,Kerala
Mahatma Gandhi College,,Kerala
Mahatma Gandhi College,,West Bengal
Mahatma Gandhi Degree College,,Odisha
Mahatma Gandhi Evening College,,Rajasthan
Mahatma Gandhi Government Arts College,,Puducherry
Mahatma Gandhi Institute of Technology,,Telangana
Mahatma Gandhi Mahavidyalaya,,Maharashtra
Mahatma Gandhi Mahavidyalaya,,Odisha
Mahatma Gandhi Mahavidyalaya,,Madhya Pradesh
Mahatma Gandhi Memorial College,,Karnataka
Mahatma Gandhi Memorial College,,Uttar Pradesh
Mahatma Gandhi mission's Jawaharlala Nehru Engineering  College,,Maharashtra
Mahatma Gandhi Mission’s Dental College,,Maharashtra
Mahatma Gandhi Missions College of Engineering and Technology,,Maharashtra
Mahatma Gandhi National Institute of Research & Social Action,,Telangana
Mahatma Gandhi National Institute of Research and Social Action(MGNIRSA),,Karnataka
Mahatma Gandhi P.G. College,Sikar,Rajasthan
Mahatma Gandhi PG College,,Uttar Pradesh
Mahatma Gandhi Post Graduate Institute of Dental Sciences,,Puducherry
Mahatma Gandhi Prashashkiya Seva Mahavidyalaya,,Maharashtra
Mahatma Gandhi Sati Smarak Degree College,,Uttar Pradesh
Mahatma Gandhi Shikshan Mandal’s (M.G.S.M’s) Arts Science and Commerce College,,Maharashtra
Mahatma Gandhi Shikshan Mandal’s Smt. Sharadchandrika Suresh Patil College of Pharmacy,Jalgaon,Maharashtra
Mahatma Gandhi Smarak Mahavidyalaya,,Uttar Pradesh
Mahatma Gandhi Vidayamandir's Arts and  Commerce College,,Maharashtra
Mahatma Gandhi Vidyamandir's Arts Commerce & Science College,Nashik,Maharashtra
Mahatma Gandhi Vidyamandir’s Arts Science & Commerce College,,Maharashtra
Mahatma Gandhi Vidyamandir’s Arts Science and  Commerce College,,Maharashtra
Mahatma Gandhi Vidyamandir’s Arts Science and Commerce College,,Maharashtra
Mahatma Gandhi Vidyamandir’s Karmaveer Bhausaheb Hiray Arts Science & Commerce College,Nashik,Maharashtra
Mahatma Gandhi Vidyamandir’s Samajshree Prashantdada Hiray College of Hotel Management & Catering Technology,Nashik,Maharashtra
Mahatma Gandhi Vidyamandir’s Institute of Management And Research,,Maharashtra
Mahatma Gandhi Vidyamandir’s Pharmacy College,,Maharashtra
Mahatma Jyothiba Phule Arts Degree College,Gulbarga,Karnataka
Mahatma Jyothiba Phule Telangana Backward Classes Welfare Residential Degree College for Women. Jagadevpur at Wargal Siddipet Dist. 502 279 Telangana.,,Telangana
Mahatma Jyotiba Fule Arts & Commerce Mahavidyalaya,,Maharashtra
Mahatma Jyotiba Fule Mahavidyalaya,,Maharashtra
Mahatma Jyotiba Phule Mahavidyalaya,,Maharashtra
Mahatma Jyotibha Fule Mahavidyalaya,,Maharashtra
Mahatma Malviya Degree College,,Uttar Pradesh
Mahatma Phule Arts & Commerce Science College,Pune,Maharashtra
Mahatma Phule Arts Science and Commerce College,,Maharashtra
Mahatma Phule Mahavidyalaya,Latur,Maharashtra
Mahatma Phule Mahavidyalaya,Latur,Maharashtra
Mahatma Phule Mahavidyalaya,Latur,Maharashtra
Mahatma Phule Nutan Mahavidyalaya,,Maharashtra
Mahatma Ratan Guljar Mahavidyalaya,,Uttar Pradesh
Mahaveer Institute of Science & Technology,Hyderabad,Telangana
Mahaveer Prasad Mahavidyalaya,,Uttar Pradesh
Mahaveer Prasad Mayawati Mahavidyalaya,Hardoi,Uttar Pradesh
Mahaveer Prasad Smarak  Mahila Mahavidyalaya,Ambedkar Nagar,Uttar Pradesh
Mahavidyalaya,,Uttar Pradesh
Mahavidyalaya,,Uttar Pradesh
Mahavidyalaya Akarawan,,Uttar Pradesh
Mahavidyalaya Bansdih,,Uttar Pradesh
Mahavidyalaya Derwa,,Uttar Pradesh
Mahavir Institute of Technology,,Uttar Pradesh
Mahavir Kailash Mahavidyalaya,,Uttar Pradesh
Mahavir Mahavidyalaya,,Maharashtra
Mahayogi Guru Gorakhnath Govt.Degree College,,Uttarakhand
Mahboobia Panjetan Degree College,,Telangana
Mahendra Arts & Science College,,Tamil Nadu
Mahendra College of Engineering,Salem,Tamil Nadu
Mahendra Engineering College,Namakkal,Tamil Nadu
Mahendra Engineering College for Women,Namakkal,Tamil Nadu
Mahendra Institute of Engineering and Technology,,Tamil Nadu
Mahendra Institute of Technology,Namakkal,Tamil Nadu
Mahendra Kumar Saboo College of Commerce,,Rajasthan
Mahendra Singh Surendra Singh Dayashankar Memorial Mahavidyalaya,Jalaun,Uttar Pradesh
Mahesh Baghel Ji Keshkal Dandkaranya Government College,Kondagaon,Chhattisgarh
Mahesh Dubey Apurwa Mahavidyalaya,Farrukhabad,Uttar Pradesh
Mahesh Singh Yadav College,,Bihar
Maheshtala College,,West Bengal
Maheshwaram College of Education & Law Management,Bulandshahr,Uttar Pradesh
Mahila Arts & Commerce College,,Gujarat
Mahila Arts and Commerce College,,Gujarat
Mahila Arts College,Junagadh,Gujarat
Mahila Arts College,,Gujarat
Mahila Arts Commerce College,,Maharashtra
Mahila College,,Jharkhand
Mahila College,,Bihar
Mahila College,,Bihar
Mahila Degree College,,Uttar Pradesh
Mahila Gram Vidyapith,,Gujarat
Mahila Mahavidyalaya,,Uttar Pradesh
Mahila Mahavidyalaya,,Maharashtra
Mahila Mahavidyalaya,,Rajasthan
Mahila Mahavidyalaya,,Maharashtra
Mahila Mahavidyalaya,,Gujarat
Mahila Mahavidyalaya,,Uttar Pradesh
Mahila Mahavidyalaya,,Maharashtra
Mahila Mahavidyalaya,,Uttar Pradesh
Mahila Mahavidyalaya,Patna,Bihar
Mahila Mahavidyalaya,Nawada,Bihar
Mahila Mahavidyalaya,,Uttar Pradesh
Mahila Mahavidyalaya,Godda,Jharkhand
Mahila Mahavidyalaya,,Odisha
Mahila Mahavidyalaya (PG) College,,Uttar Pradesh
Mahila Seva Sadan Degree College,,Uttar Pradesh
Mahila Vidyalaya Degree College,,Uttar Pradesh
Mahila Vidyalaya Degree College,,Uttarakhand
Mahilla Mahavidyalaya,,Bihar
Mahima Mahavidayalaya,,Odisha
Mahimunda Degree College,,Odisha
Mahipal Singh Mahavidyalaya,,Uttar Pradesh
Mahishadal's Girls College,,West Bengal
Mahishdal Raj College,,West Bengal
Mahitosh Nandy Mahavidyalaya,,West Bengal
Mahlara Arts & Science College for Women,Kozhikode,Kerala
Mahmoodabad College of Management & Technology,,Uttar Pradesh
Mai Bhago College for women,,Chandigarh
Maibang Degree College,N.C Hills,Assam
Maikulal Mahavidyalaya,,Uttar Pradesh
Mailam Engineering College,Viluppuram,Tamil Nadu
Maina Devi Mahavidyalaya,Azamgarh,Uttar Pradesh
Mainathi Kunwar Chandrawati Mahavidhyalay,Pratapgarh,Uttar Pradesh
Mairang Presbyterian Science College,,Meghalaya
Maitreya Bhuuddeshiya Sevabhavi Sanstha’s G.K.S College of Arts Commerce & Science,Thane,Maharashtra
Maitreyi College,,Delhi
Majdoor Kisan Mahavidyalaya,Palamu,Jharkhand
Majha College for Women,Tarn Taran,Punjab
Majidun Nisa Girls Degree College,,Uttar Pradesh
Majlis Arts & Science College,Malappuram,Kerala
Major S.D. Singh Ayurvedic Medical College & Hospital,,Uttar Pradesh
Major Shiv Dayal Singh Mahavidyalaya,,Uttar Pradesh
Major Shiv Dayal Singh Vidhi Mahavidyalaya,,Uttar Pradesh
Major Shivdayal Singh Mahavidhyalaya,,Uttar Pradesh
Majuli College,Jorhat,Assam
Makanur Malleshappa College of Education,Davanagere,Karnataka
Makhan Lal Chturvedi Govt. Degree College,,Madhya Pradesh
Makum College,Tinsukia,Assam
Malabar Christian College,,Kerala
Malabar College of Advanced Studies,Malappuram,Kerala
Malati Vasntdada Patil Kanya Mahavidyalaya,,Maharashtra
Malaukaua Catholic College,,Tamil Nadu
Malayinkeezh Madhavakavi Government Arts and Science College,,Kerala
Malda College,,West Bengal
Malda Women's College,,West Bengal
Malik Sandal Institute of Art and Architecture,,Karnataka
Malineni Lakshmaiah Women’s Engineering College,Guntur,Andhra Pradesh
Malka Mahila Mahavidyalaya,Bara Banki,Uttar Pradesh
Malkangiri College,,Odisha
Malla Reddy College of Engineering,,Telangana
Malla Reddy College of Engineering and Technology,,Telangana
Malla Reddy College of Engineering for Women,,Telangana
Malla Reddy College of Pharmacy,,Telangana
Malla Reddy Dental College for Women,,Telangana
Malla Reddy Engineering College,,Telangana
Malla Reddy Engineering College and  Management Sciences,,Telangana
Malla Reddy Engineering College for Women,,Telangana
Malla Reddy Institute of Dental Sciences,,Telangana
Malla Reddy Institute of Engineering & Technology,,Telangana
Malla Reddy Institute of Medical Sciences,,Telangana
Malla Reddy Institute of Technology,,Telangana
Malla Reddy Institute of Technology and Science,,Telangana
Malla Reddy Medical College for Women,,Telangana
Malla Reddy Pharmacy College,,Telangana
Mallama Marimallapas Women's Arts & Commerce College,Mysore,Karnataka
Malleswaram Ladies Association First Grade College For Women,,Karnataka
Malnad College of Engineering,Hassan,Karnataka
Malti Devi Degree College,Sitapur,Uttar Pradesh
Maltidhari College,Patna,Bihar
Malviya Regional Engineering College,,Rajasthan
Malwa Central College of Education for Women,,Punjab
Malwa College,,Punjab
Malyagiri Mahavidyalaya,,Odisha
MAM Women’s Engineering College,,Andhra Pradesh
Mama Saheb Mahol Arts Commerce & Science College,Pune,Maharashtra
Mamit College,,Mizoram
Mamta College,Etah,Uttar Pradesh
Mamta Girls Degree College,Bara Banki,Uttar Pradesh
Mamta Mahavidyalaya,,Uttar Pradesh
Manabendra Sarma Girls’ College,Kamrup,Assam
Management Education & Research Institute,,Delhi
Manakula Vinayagar Institute of Technology,,Puducherry
Manavadar Kelvani Mandal Sanchalit Arts & Commerce College,,Gujarat
Manavlok’s College of Social Sciences,,Maharashtra
Manbhum Mahavidyalaya,,West Bengal
Mandar college,,Jharkhand
Mandava Institute of Engineering and Technology,Krishna,Andhra Pradesh
Mandawar Degree College,Bijnor,Uttar Pradesh
Mandosil College,,Odisha
Manekchowk Co-Op. Bank Arts & Mahemdabad Urben People Co-Op. Bank Commerce College,,Gujarat
Maneklal Nanavati Law College,,Gujarat
Manel Srinivas Nayak Memorial Besant Institute of PG Studies,Dakshina Kannada,Karnataka
Mangala Mahavidyalaya,,Odisha
Mangaldoi College,darrant,Assam
Mangalmay Institute of Engineering and Technology,,Uttar Pradesh
Mangalmay Institute of Management and Technology,,Uttar Pradesh
Mangalmay Institute of Management and Technology,,Uttar Pradesh
Mangalmay Institute of Management and Technology,,Uttar Pradesh
Mangalore Academy of Professional Studies,,Karnataka
Mangalore Institute of Technology & Engineering,,Karnataka
Mangaon Shikshan Prasarak Mandal’s D.G. Tatkare Mahavidyalaya Arts Science & Commerce,,Maharashtra
Mangaon Taluka Education Society’s Doshi Vakil Arts College and G.C.U.B. Science & Commerce College,Raigarh,Maharashtra
Mangayarkarasi College of Arts & Science for Women,Madurai,Tamil Nadu
Manghanmal Udhram College of Commerce,Pune,Maharashtra
Mangla Devi Smarak Degree College,Allahabad,Uttar Pradesh
Manglam Mahil Mahavidyalaya,,Uttar Pradesh
Mangolnganbi College,,Manipur
Manguba M.Ed College,Ahmadabad,Gujarat
Maniabandha  College (+3),,Odisha
Maniba College of Education,Ahmadabad,Gujarat
Maniben Bhikhabhai College of Commerce & Shri Goswami M.N. Laljit Arts College,,Gujarat
Maniben Nanavati Women's College,,Maharashtra
Manik Chand Phade Law College,,Maharashtra
Manikchak College,Maldah,West Bengal
Manikeswari Degree College,,Odisha
Manikpur Anchalik College,Bongaigaon,Assam
Maninagar Science College,,Gujarat
Manipur College,,Manipur
Manish College for Women Education,,Uttar Pradesh
Manishi Mahila Mahavidyalaya,,Uttar Pradesh
Manjunatha Pai Memorial Government First Grade College of Professional & Business Management,,Karnataka
Mankachar College,Dhubri,Assam
Mankar College,,West Bengal
Manmeet Nagar Mahavidyalaya,,Uttar Pradesh
Mannam Memroial N.S.S. College,,Kerala
Mannaniya College of Arts and Science,,Kerala
Mannar Thirumalai Naicker College,,Tamil Nadu
Manohar Memorial College,,Haryana
Manohara Smriti Mahila Mahavidyalaya,,Uttar Pradesh
Manoharbhai Patel Arts & Commerce College,,Maharashtra
Manoharbhai Patel Arts Science & Commerce College,,Maharashtra
Manoharbhai Patel College of Arts and Commerce,,Maharashtra
Manohari Devi Kanoi Girls College,Dibrugarh,Assam
Manonmaniam Sundaranar University College,Tirunelveli,Tamil Nadu
Manorama Institute of Management & Technology,Agra,Uttar Pradesh
ManrajiMunnar Ram Mahavidyalaya Majhauli Patti Pratapgarh – 230 135  Uttar Pradesh,Pratapgarh,Uttar Pradesh
Mansa College of Education,,Chhattisgarh
Mansa First Grade College,,Karnataka
Mansinhbhai Institute of Dairy and Food Technology,,Gujarat
Manu Law College,,Uttar Pradesh
Manvendra Singh Suman Mahavidyalaya,Jaunpur,Uttar Pradesh
Manyavar Kanshi Ram Gautam Buddh Girls Degree College,,Uttar Pradesh
Manyawar Kanshiram Govt. Degree College,,Uttar Pradesh
Manyawar Kanshiram Mahavidyalaya,,Uttar Pradesh
Manyawar Kanshiram Mahavidyalaya,Kaushambi,Uttar Pradesh
Manyvar Kanshi Ram Govt. Degree College,,Uttar Pradesh
Mar Athanasios College for Advanced Studies,,Kerala
Mar Athanasius College,,Kerala
Mar Athanasius College of Engineering,,Kerala
Mar Augusthinose College,Kottayam,Kerala
Mar Baselios College of Engineering & Technology,Thiruvananthapuram,Kerala
Mar Dioneysius College,,Kerala
Mar Ephraem College of Engineering and Technology,Kanyakumari,Tamil Nadu
Mar Ivanios College,,Kerala
Mar Sleeva College of Arts and Science,Idukki,Kerala
Mar Theophilus Training,,Kerala
Mar thoma College,,Kerala
Mar Thoma College,,Kerala
Mar Thoma College for Women,,Kerala
Mar Thoma College of Science & Technology,Kollam,Kerala
Marangi Mahavidyalaya (Degree),Golaghat,Assam
Maratha Mandal's Arts Commerce Science & Home Science College,,Karnataka
Maratha Vidya Prasarak Samaj's Karmaveer Raosaheb Thorat Arts & Commerce College,Nashik,Maharashtra
Maratha Vidya Prasarak Samaj’s Arts Commerce & Science College,Nashik,Maharashtra
Maratha Vidya Prasarak Samaj’s Arts and Commerce College,Nashik,Maharashtra
Maratha Vidya Prasarak Samaj’s Arts Commerce and Science College,Nashik,Maharashtra
Maratha Vidya Prasarak Samaj’s Arts Science & Commerce College,,Maharashtra
Maratha Vidya Prasarak Samaj’s Karmaveer Adv. Baburao Ganpatrao Thakare College of Engineering,Nashik,Maharashtra
Maratha Vidya Prasarak Samaj’s Karmaveer Punjababa Goverdhane Arts Commerce and Science College,Nashik,Maharashtra
Marathawada College of Education,,Maharashtra
Marathawada Mitramandal's College of Commerce,Pune,Maharashtra
Marathwada Mitra Mandal’s College of Engineering,,Maharashtra
Marathwada Mitra Mandal’s College of Pharmacy,Pune,Maharashtra
Marathwada Mitra Mandal’s Institute of Technology,Pune,Maharashtra
Marathwada Mitra Mandal’s Shankarrao Chavan Law College,Pune,Maharashtra
Marathwada Sanskritik Mandal's College of Physical Education,,Maharashtra
Marathwada Shikshan Prasarak Mandal’s Deogiri Institute of Engineering and Management Studies,Aurangabad,Maharashtra
Marathwada Shikshan Prasark Mandal's Rajmata Jijau Mahavidyalaya,Bid,Maharashtra
Margherita College,Tinsukia,Assam
Margtamhane Education Society's Dr. Tatyasaheb Natu College of Arts & Senior College of Commerce,,Maharashtra
Marian College,,Kerala
Marian Engineering College,,Kerala
Marigaon College,marigaon,Assam
Maris Stella College,Krishna,Andhra Pradesh
Mariyam Bibi Institute of Higher Education,Rae Bareli,Uttar Pradesh
Markanda National College,,Haryana
Markandey Degree College,,Uttar Pradesh
Markaz College of Arts & Science,Kozhikode,Kerala
Markham College of Commerce,,Jharkhand
Marri Laxman Reddy Institute of Technology & Management,,Telangana
Marshaghai College,,Odisha
Marudhar Kesari Jain College for Women,Vellore,Tamil Nadu
Marudupandiar College,Thanjavur,Tamil Nadu
Marutirao Harirao Mahadik Arts and Commerce College,Solapur,Maharashtra
Marwar Business School,,Uttar Pradesh
Marwari Colleege,,Bihar
Marwari College,,Bihar
Marwari College,,Jharkhand
Marwari College,,Bihar
Mary Matha Arts & Science College,,Kerala
Mary Matha College of Arts and Science (Co-Education),,Tamil Nadu
Maryada Devi Kanya Degree College,,Uttar Pradesh
Maryada Purushotam Degree College,,Uttar Pradesh
Maryam Ajmal Women’s College of Science and Technology,,Assam
Maseehunnishan Degree College,,Uttar Pradesh
Masoom Educational & Welfare Society Parbhani’s Aqueel Sir College of Social Work,Parbhani,Maharashtra
Mass College of Arts and Science,,Tamil Nadu
Master Aadityadendra Government College,,Rajasthan
Master Dinanath Mangeshker Mahavidyalaya,,Maharashtra
Master Tara Singh Memorial College for Women,,Punjab
Mata Basanti Devi School of Biosciences & Biotechnology,Agra,Uttar Pradesh
Mata Bhagwati Devi Rajkiya Mahila Mahavidyalaya,,Uttar Pradesh
Mata Bhagyamani Devi Mahila Degree College,Ghazipur,Uttar Pradesh
Mata Dhanmati Devi Degree College,Kushinagar,Uttar Pradesh
Mata Dhiraji Mahavidyalaya,Azamgarh,Uttar Pradesh
Mata Ganga Girls College,,Punjab
Mata Ganga Khalsa College for Girls,,Punjab
Mata Gomti Devi Degree College,,Uttar Pradesh
Mata Gujri College,,Punjab
Mata Gujri Mahila Mahavidyalaya,,Madhya Pradesh
Mata Harki Devi College for Women,,Haryana
Mata Jeeja Bai Govt. Girls PG College,,Madhya Pradesh
Mata Kamla Devi Mahila Mahavidyalaya,Bijnor,Uttar Pradesh
Mata Kusum Devi Girls Degree College,Ghazipur,Uttar Pradesh
Mata Lilawati Chanara Devi Mohit Phalwan Mahavidyalaya,Azamgarh,Uttar Pradesh
Mata Manjharo Ajab Dayal Singh Teachers Training College,Bhojpur,Bihar
Mata Manjharo Ajab Dayal Singh  Mahavidyalaya,Bhojpur,Bihar
Mata Prasad Adarsh Mahavidyalaya,,Uttar Pradesh
Mata Sahib Kaur Khalsa Girls College of Education,Patiala,Punjab
Mata Sita Sunder College of Education,Sitamarhi,Bihar
Mata Sundari College for Women,,Delhi
Mata Sundri Khalsa Girls College,Karnal,Haryana
Mata Sundri University Girls College,Mansa,Punjab
Matarani Rumali Devi Mahila Mahavidyalaya,,Uttar Pradesh
Mateshwari Kankuben Hirachand Sanghvi Gujarati Kanya Mahavidyalaya,,Madhya Pradesh
Mathabhanda College,,West Bengal
Mathakaragola Degree College,,Odisha
Mathura Degree College,,Uttar Pradesh
Mathura Prasad Mahavidyalaya,,Uttar Pradesh
Mathura Rai Mahila Mahavidyalaya,,Uttar Pradesh
Matoshree Vimalabai Deshmukh Mahavidyalaya,,Maharashtra
Matoshri Aashatai Kunawar Arts Commerce & Science Mahila Mahavidyalaya,,Maharashtra
Matoshri Education Society’s Matoshri College of Engineering and Research Centre,Nashik,Maharashtra
Matoshri Nanibai Gharphalkar Science College,,Maharashtra
Matoshri Pratishthan’s Group of Institutions (Integrated Campus) School of Management,Nanded,Maharashtra
Matoshri Pratishthan’s Group of Institutions (School of Engineering),Nanded,Maharashtra
Matoshri Shantabai Gote Arts Commerce & Science College,,Maharashtra
Matri Gangajali Mahavidyalaya,Ghazipur,Uttar Pradesh
Matru Sewa Sangh Insitute of Social Work,,Maharashtra
Matrushree Monghima Mahila Arts & Commerce College,,Gujarat
Matrusri Engineering College,Hyderabad,Telangana
Matrusri Oriental College,Guntur,Andhra Pradesh
Matsyodari Shikshan Sanstha’s Ankushrao Tope College,,Maharashtra
Matsyodari Shikshan Sanstha’s Arts College,,Maharashtra
Matuk Smarak Mahavidyalaya,,Uttar Pradesh
Maturi Venkata Subba Rao Engineering College,,Telangana
Matushree Monghiba Mahila Arts College,,Gujarat
Matushri Ahilyadevi Teachers Education Institute,Indore,Madhya Pradesh
Matushri Kanbai Lalbai & Motibai Lohana Kanyashala & Balikagruh’s B.L. Amlani College of Commerce and Economics M.R. Nathwani College of Arts,Mumbai,Maharashtra
Matushri Virbaima Mahila Arts College,,Gujarat
Matushri Virbaima Mahila Science and Home Science College,,Gujarat
Maulana Abdul Kalam Azaad Faiz- E-Aam Mahavidyalaya,Kanpur Dehat,Uttar Pradesh
Maulana Azad College,,West Bengal
Maulana Azad College,,Jharkhand
Maulana Azad College of Arts & Science & Commerce,,Maharashtra
Maulana Azad College of Technology,,Madhya Pradesh
Maulana Azad Educational Trust’s Y.B. Chavan College of Pharmacy,,Maharashtra
Maulana Azad Institute of Humanities Science and Technology,,Uttar Pradesh
Maulana Azad Mahavidyalaya,,Uttar Pradesh
Maulana Azad Medical College,,Delhi
Maulana Azad Memorial College,Jammu,Jammu and Kashmir
Maulana Mazharul Haqque Teacher’s Training College,,Bihar
Maulana Mohammad Ali Johar Higher Education Institute,Bijnor,Uttar Pradesh
Mauli Mahavidyalaya,,Maharashtra
Mauli Vidyapeeth Kaij's Pramilrdevi  Patil Arts & Science College,,Maharashtra
Mauli Vidyapeeth Kaij’s Saraswati Mahavidyalaya,,Maharashtra
Mauli Vidyapeeth’s Mahila Kala Mahavidyalaya,,Maharashtra
Mawlai Presbyterian College,,Meghalaya
Mawsynram Border Area College,,Meghalaya
Maxford Teachers Training College,,Bihar
Maya Devi Sitaram Degree College,,Uttar Pradesh
Mayai Lambi College,,Manipur
Mayang Anchalik College,Morigaon,Assam
Mayank Shekhar Mahavidyalaya,,Uttar Pradesh
Mayfair College,Moradabad,Uttar Pradesh
Maynaguri College,,West Bengal
Mayurakshi Gramin College,,Jharkhand
Mayurbhanj College of Accountancy and Management,,Odisha
Mayurbhanj Law College,,Odisha
Mazahrul Haque Degree Mahavidyalaya,,Bihar
Mazbat College,Darrang,Assam
Mazharul Uloom College,,Tamil Nadu
MBR Govt. College,,Rajasthan
McGan’s Ooty School of Architecture,The Nilgiris,Tamil Nadu
MCKV Institute of Engineering,,West Bengal
Md. Shahaban Memorial Mahavidyalaya,,Uttar Pradesh
Md. Shahbaan Memorial Mahavidyalaya,Mau,Uttar Pradesh
Medai Prasad Yadav Mahavidyalaya,,Uttar Pradesh
Medarametla Anjamma Mastan Rao College of Education,,Andhra Pradesh
Medarametla Anjamma Mastan Rao Law College,,Andhra Pradesh
Medha Degree College,,Andhra Pradesh
Medi-Caps Institute of Technology and Management,,Madhya Pradesh
Medical College,,West Bengal
Medical College,Kamrup,Assam
Medical College,,Kerala
Medical College,,Kerala
Medical College,,Kerala
Meenaakshi Ramasamy Arts and Science College,Ariyalur,Tamil Nadu
Meenakshi Chandrasekaran College of Arts and Science,Thanjavur,Tamil Nadu
Meenakshi College For Women,,Tamil Nadu
Meenakshi Sundararajan Engineering College.,Chennai,Tamil Nadu
Meera Kanya Mahavidyalaya,,Rajasthan
Meerut College,,Uttar Pradesh
Meerut College of Advance Technology,,Uttar Pradesh
Meerut Institute of Engineering & Technology,,Uttar Pradesh
Meerut International Institute of Technology,,Uttar Pradesh
Megha Institute of Engineering & Technology for Women,,Telangana
Meghabaran Singh Mahavidyalaya,,Uttar Pradesh
Meghason College,,Odisha
Mehr Chand Mahajan D.A.V. College for Women,,Chandigarh
Mehta College,,Rajasthan
Mehta College & Institute of Technology,Jaipur,Rajasthan
Mehta Teacher Training College,Jaipur,Rajasthan
Mekliganj College,coochbeher,West Bengal
Melamora College,Golaghat,Assam
Memari College,,West Bengal
Mendipathar College,,Meghalaya
Meneklal Nanchand college,,Gujarat
MEPCO Schlenk Engineering College,Virudhunagar,Tamil Nadu
Mercy College,Palakkad,Kerala
MES College,Kottayam,Kerala
MES Institute of Management,Bangalore,Karnataka
Mes's M.M. Arts & Science College,,Karnataka
Meston College of Education,,Tamil Nadu
MET’s Institute of Management,Nashik,Maharashtra
Methodist Arts College,,Karnataka
Methodist College of Engineering & Technology,Hyderabad,Telangana
Methodist Girls Degree College,,Uttarakhand
Metro College of Nursing,Gautam Buddha Nagar,Uttar Pradesh
Mevalal Jaiswal Mahavidyalaya,,Uttar Pradesh
Mewa Lal Singh Degree College,Allahabad,Uttar Pradesh
Mewar Institute of Management,,Uttar Pradesh
Mewar Law Institute,,Uttar Pradesh
Mewar Shikshak Prashikshan (Shiksha Shastri) Mahavidyalaya,,Rajasthan
MGM’s College of Engineering,Nanded,Maharashtra
MGM’s Dr. G. Y. Pathrikar College of Computer Science and Information Technology,Aurangabad,Maharashtra
MIC Arts and Science College,Malappuram,Kerala
Michael Job College of Arts & Science for Women,Coimbatore,Tamil Nadu
Michael Madhusudan Dutta College,,Tripura
Michael Madhusudan Memorial College,,West Bengal
Microtek College of Management & echnology,Varanasi,Uttar Pradesh
Microtek College of Management & Technology,Jaunpur,Uttar Pradesh
Midnapore City College,Paschim Medinipur,West Bengal
Midnapore College,,West Bengal
Midnapore Law College,,West Bengal
MIER College of Education,Jammu,Jammu and Kashmir
Mihir Bhoj Balika Degree College,,Uttar Pradesh
Milad-E-Sherief Memorial College,,Kerala
Milagres College,,Karnataka
Milagres College,,Karnataka
Milanjyoti College,Barpeta,Assam
Milestone Institute of Professional Studies,,Uttar Pradesh
Milind College of Arts,,Maharashtra
Milind College of Science,,Maharashtra
Millat College,Godda,Jharkhand
Millat College,,Bihar
Millat Teacher's Training College,Madhubani,Bihar
Millennium Institute of Management (MBA),,Karnataka
Milli-Al-Ameen College (for Girls),,West Bengal
Millia Fakharuddin Ali Ahmad B.Ed. Teachers Training College,Purnia,Bihar
Millia Institute of Technology,,Bihar
Millia Kaniz Fatma Women’s Teachers Training College,,Bihar
Millia Kishanganj College of Engineering & Technology,Kishanganj,Bihar
Millia Teachers Training College,,Bihar
Milliya Arts Science and Management Science College,,Maharashtra
MIMS College of Nursing,Malappuram,Kerala
Minal College,Sikar,Rajasthan
Miracle Educational Society Group of Institutions,,Andhra Pradesh
Miraj Mahavidyalaya,,Maharashtra
Miranda House,,Delhi
Mirza  Ghalib College,,Bihar
Mirza Ahsanullah Beg Niswan (Girls) Degree College,,Uttar Pradesh
Misrimal Navajee Munoth Jain Engineering College,Chennai,Tamil Nadu
MIT Academy of Engineering,Pune,Maharashtra
MIT First Grade College,,Karnataka
Mithila Institute of Post Graduate Studies and Research in Sanskrit Learning,,Bihar
Mithila Mahila College,,Bihar
Mithilesh Nandini Reshama Arif Mahavidyalaya,,Uttar Pradesh
Mizoram  Law  College,,Mizoram
Mizoram College of Nursing,Aizawl,Mizoram
Mizoram Institute of Education,,Mizoram
MLR Institute of Technology,,Telangana
MMD DAV College,,Punjab
MNR College of Engineering and Technology,,Telangana
MNR College of Pharmacy,Medak,Telangana
Model Christian College,,Nagaland
Model College,,Maharashtra
Model Degree College,,Odisha
Model Degree College,,Odisha
Model Engineering College,Ernakulam,Kerala
Model Government Degree College,Kashmir,Jammu and Kashmir
Model Institute of Engineering & Technology,Jammu,Jammu and Kashmir
Model Public Education College,,Uttar Pradesh
Model Public Law College,,Uttar Pradesh
Modern College,,Nagaland
Modern College,Jhansi,Uttar Pradesh
Modern College,,Manipur
Modern College of Arts Science & Commerce,Pune,Maharashtra
Modern College of Education,Lucknow,Uttar Pradesh
Modern College of Professional Studies,,Uttar Pradesh
Modern Education Society’s College of Education,Sangli,Maharashtra
Modern Education Society’s Neville Wadia Institute of Management Studies & Research,Pune,Maharashtra
Modern Girls’ College of Professional Studies,Lucknow,Uttar Pradesh
Modern Institute of Teacher Education,,Uttar Pradesh
Modern Institute of Teachers Education,,Nagaland
Modern Institute of Technology,,Uttarakhand
Modinagar Institute of Technology,,Uttar Pradesh
Moghal College of Education,,Telangana
Mohamed Sathak A J College of Engineering,Chennai,Tamil Nadu
Mohamed Sathak A.J. Academy of Architecture,,Tamil Nadu
Mohamed Sathak College of Arts and Science,,Tamil Nadu
Mohamed Sathak Engineering College,Ramanathapuram,Tamil Nadu
Mohammad Ali Nazeer Fatima Degree College,,Uttar Pradesh
Mohammad Hasan Post Graduate College,,Uttar Pradesh
Mohammadi Mahavidyalaya,Lakhimpur,Uttar Pradesh
Mohammed Umer Amjadiya Mahavidyalaya,Basti,Uttar Pradesh
Mohan Lal Verma Educational Institute,,Uttar Pradesh
Mohan Memorial Prayag Mahavidyalaya,Ghazipur,Uttar Pradesh
Mohanlal & Vijayaben Arts and Commerce College,,Gujarat
Mohanlal Sankarchand Bhagat & Chandulala S.Chand Sonawala Law College,,Gujarat
Mohanrao Patil Mahavidyalaya,,Maharashtra
Mohini B. Manwani Girls Degree College,,Uttar Pradesh
Mohta Centre for Management studies,,Haryana
Mohtarma Jainab Hira Mahavidhyalaya,Jalaun,Uttar Pradesh
Moid Ahamad Kanya Mahavidyalaya,Sultanpur,Uttar Pradesh
Moinul Hoque Choudhury Memorial Science College,Hailakandi,Assam
Moirabari College,Nagaon,Assam
Moirang College,,Manipur
Mokokchung College of Teacher Education,Mokokchung,Nagaland
Molai Singh Haushila Prasad Singh  Ram Sagar Singh Mahavidyalaya,Mirzapur,Uttar Pradesh
Montessori Mahila Kalasala,Krishna,Andhra Pradesh
Montfort College,Bangalore,Karnataka
Montgomery Guru Nanak College of Education,,Punjab
Moolchand Mahavidyalaya,Ghazipur,Uttar Pradesh
Moolchand Mahavidyalaya,Ghazipur,Uttar Pradesh
Moolji Jaitha College,,Maharashtra
Moon Degree College,amroha,Uttar Pradesh
Moradabad Muslim Degree College,,Uttar Pradesh
Moran College,Sivasagar,Assam
Moran Mahila Mahavidyalaya,Sivasagar,Assam
Morappur Kongu Arts and Science College,Dharmapuri,Tamil Nadu
Moreh College,,Manipur
Moreshwar Arts Science & Commerce College,,Maharashtra
Moriani College,Jorhat,Assam
Moridhal College,Dhemaji,Assam
Morning Star College,,Meghalaya
Morning Star Home Science College,,Kerala
Mother Teresa Institute of Science and Technology,,Telangana
Mother Teresa Memorial Teacher’s Training College,Kashmir,Jammu and Kashmir
Mother Teresa Pharmacy College,,Telangana
Mother Teresa Women’s College,,Uttar Pradesh
Mother Teresa Women’s University College,,Tamil Nadu
Mother Theresa Institute of Engineering and Technology,Chittoor,Andhra Pradesh
Mother Theresa Post Graduate and Research Institute of Health Sciences (MTPGRIHS),,Puducherry
Moti Harishchandra Mahavidyalaya,Azamgarh,Uttar Pradesh
Moti Lal Nehru College,,Delhi
Moti Lal Nehru Degree College,,Uttar Pradesh
Moti Prasad Chaudhary Mahavidyalaya,,Uttar Pradesh
Moti Ram Babu Ram Government Post-Graduate College,,Uttarakhand
Moti Singh Mahavidyalaya,Mirzapur,Uttar Pradesh
Moti Singh Memorial College,,Uttar Pradesh
Motibai Rajaram Mahavidyalaya,Jhansi,Uttar Pradesh
Motilal Bengani Science College,,Rajasthan
Motilal Mahavidyalaya,Ghazipur,Uttar Pradesh
Motilal Nehru College (Evening),,Delhi
Motilal Nehru Law College,,Gujarat
Motilal Nehru Medical College,,Uttar Pradesh
Motilal Ramnath Mahavidyalaya,,Uttar Pradesh
Motto +3 Degree College,,Odisha
Mount Carmel College,,Karnataka
Mount Carmel College of Teacher Education for Women,,Kerala
Mount Mary College,Dimapur,Nagaland
Mount Olive College,,Nagaland
Mount Tabor Training College,,Kerala
Mount Tiyi College,,Nagaland
Mount Zion College of Engineering & Technology,Pudukkottai,Tamil Nadu
Mountain View Christian College,,Nagaland
Mountain View College of Management Sciences,,Karnataka
Moyna College,,West Bengal
MPC Morning College,,Odisha
Mrinalini Dutta Mahavidyapith,,West Bengal
Mrinalini Girls College,Saharanpur,Uttar Pradesh
Mrs. A V N College,Visakhapatnam,Andhra Pradesh
Mrs. Helena Kaushik Women’s P.G. College,,Rajasthan
MS.B. Evening College,Davanagere,Karnataka
MSP Mandal's Yashwantrao Chavan Arts & Commerce College,,Maharashtra
MSR Degree College,,Andhra Pradesh
Mt. Everest College,,Manipur
Mt. Zion College,Senapati,Manipur
Mubarakpur Girls Degree,Azamgarh,Uttar Pradesh
Mudhoji College,,Maharashtra
Mudo Tamo Memorial B.Ed College,Lower Subansiri,Arunachal Pradesh
Muffakham Jah College of Engineering & Technology,Hyderabad,Telangana
Mugberia Gangadhar Mahavidyalaya,,West Bengal
Muhammed Abdurahiman Memorial Orphanage College,,Kerala
Mukand Lal National College,Yamunanagar,Haryana
Mukandlal National College,,Haryana
Mukdam Bihari Lal Mahavidyalaya,,Uttar Pradesh
Mukhram Kisan Mahavidyalaya,,Uttar Pradesh
Mukhram Mahavidyalaya,,Uttar Pradesh
Mukhtiar Singh Memorial Degree College,Fatehabad,Haryana
Mukta Prasad Degree College,Bareilly,Uttar Pradesh
Mukteshwar Prasad Mahavidyalaya,Jaunpur,Uttar Pradesh
Mukut Bihari Mahavidyalaya,Jalaun,Uttar Pradesh
Mularam Smarak Degree College,,Uttar Pradesh
Mulayam Singh Yadav Mahila Mahavidyalaya,,Uttar Pradesh
Mulky Sundar Ram Shetty College,,Karnataka
Multani Mal Modi College,,Punjab
Multanimal Modi College,,Uttar Pradesh
Mulund College of Commerce,,Maharashtra
Mumbai Education Trust’s Institute of Pharmacy,Nashik,Maharashtra
Mumbai Veterinary College,Mumbai,Maharashtra
Mumtaz College,,Telangana
Mumtaz Degree College,,Uttar Pradesh
Muneshwar Devnandan Yadav Mahila Mahavidyalaya,Azamgarh,Uttar Pradesh
Muneshwar Mahavidyalaya,Jaunpur,Uttar Pradesh
Muneshwar Singh Muneshwari Samta Mahavidyalaya,Vaishali,Bihar
Mungasaji Maharaj Mahavidyalaya,,Maharashtra
Muni Ji Mahavidyalaya,Varanasi,Uttar Pradesh
Municipal Arts and Commerce College,,Gujarat
Municipal Arts College,,Karnataka
Municipal Arts Urban Bank Science College,,Gujarat
Municipal College,,Odisha
Municipal College of Education,,Karnataka
Municipal Post-Graduate College,,Uttarakhand
Muniguda College,Rayagada,Odisha
Munishwar Dutt Post - Graduate College,,Uttar Pradesh
Munna Pal Kailashi Devi Mahavidyalaya,,Uttar Pradesh
Munshi Premchand Mahavidyalaya,Darjiling,West Bengal
Munshi Raghunandan Prasad Sardar Patel Mahila Mahavidyalaya,,Uttar Pradesh
Munshi Ramdhani Jagroop Singh Degree College,,Uttar Pradesh
Muppana Venkata Rao Degree College,Visakhapatnam,Andhra Pradesh
Muquyath Sha Sirguro Wakf Board College,,Tamil Nadu
Muralidhar Girls College,,West Bengal
Murarka College,,Bihar
Murazar College,,Assam
Murgaon Education Society's College of Arts and Commerce,,Goa
Murkong Selek College,Dhemaji,Assam
Murlidhar Mahavidyalaya,,Uttar Pradesh
Murshidabad Adarsha Mahavidyalaya,,West Bengal
Murshidabad College of Engineering & Technology,Murshidabad,West Bengal
Murti Devi Memorial College,,Uttar Pradesh
Musafir Bal Gopal Mahavidyalaya,,Uttar Pradesh
Musafir Prabhawati Mahavidyalaya,Mau,Uttar Pradesh
Musavvir Husain Baqri Memorial Degree College,,Uttar Pradesh
Mushalpur College,Baksa,Assam
Muslim Arts College,,Tamil Nadu
Muslim Degree College,,Uttar Pradesh
Muslim Girls Degree College,,Uttar Pradesh
Muslim Minority College,,Bihar
Muslima Girls Degree College,,Uttar Pradesh
Muthayammal College of Arts & Science,,Tamil Nadu
Muthayammal Engineering College,Namakkal,Tamil Nadu
Muthayammal Memorial College of Arts & Science ,,Tamil Nadu
Muthoot Institute of Technology & Science,Ernakulam,Kerala
Muthurangam Government Arts College,,Tamil Nadu
Muzaffar Ahmed Mayavidyalaya,,West Bengal
Muzaffarpur Institute of Technology,Muzaffarpur,Bihar
MVP Samaj's College of Pharmacy,,Maharashtra
MVR College of Engineering & Technology,Krishna,Andhra Pradesh
Mysore Makkala Koota and Shri Dharmasthala Manjunatheshwara Mahila Mahavidyalaya,Mysore,Karnataka
N B Navale Sinhgad College of Engineering,Solapur,Maharashtra
N.A.M. College,,Kerala
N.A.S. College,,Uttar Pradesh
N.B.C. College,Ganjam,Odisha
N.B.G.S.M. College,,Haryana
N.B.K.R. Ats & Science College,Sri Potti Sriramulu Nellore,Andhra Pradesh
N.B.K.R. Institute of Science & Technology,Sri Potti Sriramulu Nellore,Andhra Pradesh
N.B.S. College of Education & Management,Sultanpur,Uttar Pradesh
N.B.T. & N.V.C. College,Guntur,Andhra Pradesh
N.C. Bodiwala & M.C. Desai Commerce College,,Gujarat
N.C. College of Engineering,,Haryana
N.D.M.V.P. Samaj's Arts Science & Commerce College,,Maharashtra
N.E.S. College of Education,,Madhya Pradesh
N.E.S. Education (B.Ed) College,,Madhya Pradesh
N.E.S. Law College,,Madhya Pradesh
N.G. College,,Manipur
N.H. Patel College of Education,,Gujarat
N.J.S.A. Government College,,Punjab
N.K. National Mahila Mahavidyalaya,Mau,Uttar Pradesh
N.K. Varadkar Arts & R.V. Belose Commerce College,,Maharashtra
N.K.B.M. Girls College,,Uttar Pradesh
N.K.P. Salve Institute of Medical Sciences & Research Centre and Lata Mangeshkar Hospital,Nagpur,Maharashtra
N.K.T. National College of Education for Women,,Tamil Nadu
N.L.S. College,,Bihar
N.L.T.S.G.M. Government Girls College,,Rajasthan
N.M.K.R.V. First Grade College for women,,Karnataka
N.M.S.M. Govt. College,,Kerala
N.P. Arts and Commerce College,,Gujarat
N.P. Patel Mahila Arts College,,Gujarat
N.P.R. College of Engineering & Technology,Dindigul,Tamil Nadu
N.R.E.C. College,,Uttar Pradesh
N.R.M. Government Girls College,,Chhattisgarh
N.S. Patel Arts College,,Gujarat
N.S.M. College of Education,Jammu,Jammu and Kashmir
N.S.N. College of Engineering and Technology,Karur,Tamil Nadu
N.S.S. Arts and Science College,,Kerala
N.S.S. College,,Kerala
N.S.S. College,,Kerala
N.S.S. College,,Kerala
N.S.S. College,,Kerala
N.S.S. College,,Kerala
N.S.S. College,,Kerala
N.S.S. College,,Kerala
N.S.S. Engineering College,,Kerala
N.S.S. Hindu College,,Kerala
N.S.S. Training College,,Kerala
N.S.S. Training College,,Kerala
N.S.S. Training College,,Kerala
N.T. Degree College,,Uttar Pradesh
N.T.A. Arts & Vedumurti S.R. Spare Commerce College,,Maharashtra
N.T.R. Government Degree College,Chittoor,Andhra Pradesh
N.T.R. Government Degree College for Women,,Telangana
N.V.K.S.D. College of Education,,Tamil Nadu
N.V.P. Mandal's Arts Commerce & Science College,,Maharashtra
Naami College,,Odisha
Naba Barrackpur Prafulla Chandra Mahavidyalaya,,West Bengal
Nababallygunge Mahavidyalaya,,West Bengal
Nabadwip Vidyasagar College,,West Bengal
Nabagram Hiralal Paul College,,West Bengal
Nabajyoti College,Barpeta,Assam
Nabarangpur Women’s College,,Odisha
Nabinchandra College,Karimganj,Assam
Nabira Mahavidyalaya,,Maharashtra
Nachiappa Swamigal Arts and Science College,,Tamil Nadu
Nachuni College,,Odisha
Nadar Mahajana Sangam & Vellaichamy Nadar College,,Tamil Nadu
Nadar Mahajana Sangam Sermathai Vasan College for Women,,Tamil Nadu
Nadar Saraswathi College of Arts & Science,,Tamil Nadu
Nadimpalli Satyanarayana Raju Institute of Technology,Visakhapatnam,Andhra Pradesh
Nagaon G.N.D.G. Commerce College,Nagaon,Assam
Nagar College,,West Bengal
Nagar Parishad Shivaji Mahavidyalaya,,Maharashtra
Nagarjun Umesh Sanskrit Mahavidyalaya,,Bihar
Nagarjuna College of Engineering and Technology,Bangalore,Karnataka
Nagarjuna Degree College,,Karnataka
Nagarjuna Degree College for Women,Y.S.R.,Andhra Pradesh
Nagarjuna Government (Evening) College,,Telangana
Nagarjuna Government College,,Telangana
Nagendra Jha Mahila College,,Bihar
Nageshwar Pandey Mahavidyalaya,Mau,Uttar Pradesh
Nagindas Khandwala College of Commerce Arts and Management Studies and Shantaben Nagindas Khandwala College of Science,,Maharashtra
Nagnath Arts Commerce and Science College,,Maharashtra
Nagpur Sharirik Shikshan Mahavidyalaya,,Maharashtra
Nagpur University Dr. Baba Saheb Ambedkar College of Law,,Maharashtra
Nagpur Veterinary College,Nagpur,Maharashtra
Nagrik Degree College,,Uttar Pradesh
Nagrik Kalyan Mahavidyalaya,,Chhattisgarh
Nagrik Shikshan Sanstha’s College of Commerce and Economics,,Maharashtra
Naharkatiya College,Dibrugarh,Assam
Nahata Jogendra Nath Mandal Smriti Mahavidyalya,,West Bengal
Naigaon Education Society Daund Taluka Arts & Commerce College,Pune,Maharashtra
Naipunnya Institute of Management and Information Technology,Thrissur,Kerala
Naipunnya School of Management,,Kerala
Nair Hospital Dental College,,Maharashtra
Najath Arts & Science College,,Kerala
Nakachari College,Jorhat,Assam
Nakoda Parshavnath Jain Mahavidyalaya,,Rajasthan
Nakshalbari College,Darjiling,West Bengal
Naktideul College,,Odisha
Nalanda College,,Bihar
Nalanda College of Education,Dehradun,Uttarakhand
Nalanda Education Foundation’s,Mumbai,Maharashtra
Nalanda Institute of Engineering & Technology,Guntur,Andhra Pradesh
Nalanda Institute of Technology,,Odisha
Nalanda Mahila College,,Bihar
Nalanda Medical College,Patna,Bihar
Nalanda Naritya Kala Mahavidyalaya,,Maharashtra
Nalbari College,Nalbari,Assam
Nalbari Commerce College,Nalbari,Assam
Nalini Arvind & T.V. Patel Arts College,,Gujarat
Nalini Devi Women Teacher's Training College,,Odisha
Nalini Prabha Deo Prasad Roy Arts & Commerce College,Bilaspur,Chhattisgarh
Nalla Malla Reddy Engineering College,,Telangana
Nalla Narasimha Reddy Education Society’s Group of Institutions,Hyderabad,Telangana
Nallamuthu Gounder Mahalingam College,Coimbatore,Tamil Nadu
Namakkal Kavignar Ramalingam Government Arts College for Women,,Tamil Nadu
Nambol L. Sanoi College,,Manipur
Namchi Government College,,Sikkim
Namchi Govt. College,,Sikkim
Namdapha Degree College,Changlang,Arunachal Pradesh
Namrup College,Dibrugarh,Assam
Nanakram Bhagwandas Science College,,Telangana
Nand Kishor Singh Degree College,,Uttar Pradesh
Nanda Nath Saikia College,Jorhat,Assam
Nandalal Borgohain City College,Dibrugarh,Assam
Nandan Mahavidyalaya,,Uttar Pradesh
Nandan Sanskrit Mahavidyalaya,,Bihar
Nanded Education Society’s Science College,,Maharashtra
Nandha Arts and Science College,Erode,Tamil Nadu
Nandha College of Nursing,,Tamil Nadu
Nandha College of Pharmacy,,Tamil Nadu
Nandha College of Physiotherapy,,Tamil Nadu
Nandha College of Technology,,Tamil Nadu
Nandha Engineering College,Eorde,Tamil Nadu
Nandini College of Arts and Science,,Uttar Pradesh
Nandini Nagar Mahavidyalaya,,Uttar Pradesh
Nandlal ghosh B.T. College,,West Bengal
Nandurbar Taluka Vidhayak Samiti’s College of Law,Nandurbar,Maharashtra
Nanhku Ram Mahavidyalaya,,Uttar Pradesh
Nani Bhattacharya Smarak Mahavidyalaya,,West Bengal
Nanjil Catholic College of Arts & Science,,Tamil Nadu
Nao Nalanda Mahavihar,Patna,Bihar
Naorem Birahari College,,Manipur
Nar Bahadur Bhandari Degree College,,Sikkim
Narain College,,Uttar Pradesh
Narajole Raj College,,West Bengal
Narangi Anchalik Mahavidyalaya,Kamrup,Assam
Narasaraopeta Engineering College,Guntur,Andhra Pradesh
Narasaraopeta Institute of Pharamaceutical Sciences,Guntur,Andhra Pradesh
Narasaraopeta Institute of Technology,,Andhra Pradesh
Narasingha Choudhury College,,Odisha
Narasinghpur College,,Odisha
Narasinha Dutta College,,West Bengal
Narasu’s Sarathy Institute of Technology,Salem,Tamil Nadu
Narayan Arya Kanya Pathshala Degree PG College,,Uttar Pradesh
Narayan Laxman Mahavidyalaya,,Uttar Pradesh
Narayan Mahavidyalaya,,Uttar Pradesh
Narayan Mahavidyalaya,,Bihar
Narayan Mahavidyalaya,Pratapgarh,Uttar Pradesh
Narayan Rao Meghawala Government Girls College,,Chhattisgarh
Narayan Zantye College of Commerce,,Goa
Narayana Engineering College,Sri Potti Sriramulu Nellore,Andhra Pradesh
Narayana Engineering College,,Andhra Pradesh
Narayana Pharmacy College,,Andhra Pradesh
Narayanaguru College of Engineeing,Kanyakumari,Tamil Nadu
Narayandas Sarwottamdas Soti Law College,,Maharashtra
Narayani Devi Mahavidyalaya,Hatras,Uttar Pradesh
Narayanrao Chavan Law College,,Maharashtra
Narayanrao Kale Smruti Model College (Kala Vanijya and Vidhyan),,Maharashtra
Narayanrao Waghmare Mahavidyalaya,Hingoli,Maharashtra
Narendranath Sanskrit College,,Odisha
Nargund College of Pharmacy,,Karnataka
Nari Shiksha Niketan Degree College,,Uttar Pradesh
Narmada College of Science and Commerce,,Gujarat
Narmada Devi Mahila Mahavidyalaya,,Uttar Pradesh
Narottam Singh Padam Singh Government College,,Uttar Pradesh
Narsimha Reddy Engineering College,Rangareddy,Telangana
Narsingh Narayan Hari Prasad Mahavidyalaya,Faizabad,Uttar Pradesh
Narsingh Narayan Shukla Mahavidyalaya,Pratapgarh,Uttar Pradesh
Narula Institute of Technology,,West Bengal
Narvadeshwar Vidhi Mahavidyalaya,,Uttar Pradesh
Nasamony Memorial Christian College,,Tamil Nadu
Nashik Shikshan Prasarak Mandal Nashik Late Bindu Ramrao Deshmukh Arts and Commerce Mahila Mahavidyalaya,,Maharashtra
Nasra College of Arts and Science,Malappuram,Kerala
Nath Chandrawat Mahavidyalaya,,Uttar Pradesh
Nath Chandrawat Sanskrit Mahavidyalaya,Gorakhpur,Uttar Pradesh
Nathaniyal Murmu Memorial College,Dakshin Dinajpur,West Bengal
Nathubai V. Patel College of Pure & Applied Science,,Gujarat
National Centre for Rural Development’s Sterling College of Arts Commerce & Science,,Maharashtra
National College,,Karnataka
National College,,Karnataka
National College,,Tamil Nadu
National College,,Punjab
National College,,Odisha
National College for Teacher Education,Ernakulam,Kerala
National College for Women,,Punjab
National College of Education,,Karnataka
National College of Education,Sirsa,Haryana
National College of Engineering,Tirunelveli,Tamil Nadu
National College of Pharmacy,Kozhikode,Kerala
National Degree College,Kurnool,Andhra Pradesh
National Degree College,,Uttar Pradesh
National Degree College,,Bihar
National Engineering College,Thoothukudi,Tamil Nadu
National Evening College of Commerce,,Karnataka
National Homeopathic College,,Uttar Pradesh
National Institute of Ayurvedic,,Rajasthan
National Institute of Science & Technology,,Odisha
National Institute of Social Work,,Maharashtra
National Institute Of Social Work & Social Sciences,,Odisha
National Institute of Speech & Hearing,,Kerala
National Institute of Technical Teachers Training and Research,Chandigarh,Chandigarh
National Institute of Technology,,Chhattisgarh
National Mahila Mahavidyalaya,Balrampur,Uttar Pradesh
National Post Graduate College,,Uttar Pradesh
National Post-Graduate College,,Uttar Pradesh
Natraj Institute of Education and Technology,Bulandshahr,Uttar Pradesh
Natthu Singh Degree College,Moradabad,Uttar Pradesh
Natwarlal Jashbhai Patel Arts & Commerce College,,Maharashtra
Natwarlal Maniklal Dalal College of Arts & Commerce,,Maharashtra
Nav Bharti Shikshak Prashikshan Mahavidyalaya,,Rajasthan
Nav Durga Mahavidyalaya,,Uttar Pradesh
NAV Sadhana Kala Kendra,,Uttar Pradesh
Nav Yug Mahila Shikshan Avam Prashikshan Mahavidyalaya,Sultanpur,Uttar Pradesh
Navabhrathi College of Education,,Telangana
Navajyothi College,,Kerala
Naval’s Degree College,,Uttar Pradesh
Navalbhau Pratisthan's Rukhminitai Arts and Commerce Mahila College,,Maharashtra
Navambey Arts and Commerce College,,Madhya Pradesh
Navarasam Arts & Science College for Women,Erode,Tamil Nadu
Naveen Chandra Tiwari Smarak Mahavidyalaya,Gonda,Uttar Pradesh
Naveen Government College,Raigarh,Chhattisgarh
Naveen Government College,Janjgir - Champa,Chhattisgarh
Naveen Shaskiya Mahavidyalaya,Raigarh,Chhattisgarh
Navgan Shikshan Sanstha Rajuri (N) Mrs. Kesharbhai Sonajirao Kshirsagar Alias Kaku Arts Science & Commerce College,,Maharashtra
Navgan Shikshan Sanstha Rajuri's Arts and Commerce College,,Maharashtra
Navgan Shikshan Sanstha Rajuri’s Arts & Science College,,Maharashtra
Navjeevan Education Society’s Navjeevan Law College,Nashik,Maharashtra
Navjeevan Kisan Degree College,Meerut,Uttar Pradesh
Navjivan Arts and Commerce College,,Gujarat
Navjivan Science College,,Gujarat
Navkis College of Engineering,,Andhra Pradesh
Navneet Education Society’s Navneet College of Commerce & Science,Mumbai,Maharashtra
Navnirman Shikshan Sanstha’s Laxmibai Sitaram Halbe College of Arts Commerce & Science,Sindhudurg,Maharashtra
Navoday Shaikshanik Sanstha Dhule’s Uttamrao Patil Arts & Science College,Dhule,Maharashtra
Navodaya First Grade College,Tumkur,Karnataka
Navodaya Institute of Technology,Raichur,Karnataka
Navsahyadri Education Society’s Group of Institutions,,Maharashtra
Navyug Arts and Commerce College,,Madhya Pradesh
Navyug Arts College,,Gujarat
Navyug Commerce College,,Gujarat
Navyug Kanya Mahavidyalaya,,Uttar Pradesh
Navyug Law College,,Gujarat
Navyug Mahavidyalaya,Jaunpur,Uttar Pradesh
Navyug Mahavidyalaya,,Uttar Pradesh
Navyug Science College,,Gujarat
Nawab Azmat Ali Khan Girls Degree College,Muzaffarnagar,Uttar Pradesh
Nawab Shah Alam Khan College of Engineering & Technology,Hyderabad,Telangana
Nawada Vidhi Mahavidyalaya,,Bihar
Nayab Abbasi Girls Degree College,,Uttar Pradesh
Nayagarh College,,Odisha
Nayagram Pandit Raghunath Murmu Government College,Paschim Medinipur,West Bengal
Nazareth College of Arts & Science,Chennai,Tamil Nadu
Nazareth Margoschis College,,Tamil Nadu
Nazeeri Mahavidyalaya,Kanpur Dehat,Uttar Pradesh
Nazira College,Sivasagar,Assam
Nazirul Hasan Teachers Training College,,Bihar
NDMVP Samaj Institute of Management Research Technology,,Maharashtra
Neela Shaila Mahavidyalaya,,Odisha
Neelam Sanjiva Reddy College of Education,,Telangana
Neeldeep College of Commerce,Ahmadabad,Gujarat
NEF College of Pharmaceutical Education& Research,Nagaon,Assam
NEF College of Pharmacy,,Assam
NEF Law College,,Assam
Nehru Academy of Law,Palakkad,Kerala
Nehru Arts & Science College,,Kerala
Nehru Arts and Science College,Coimbatore,Tamil Nadu
Nehru College,,Bihar
Nehru College,Cachar,Assam
Nehru College of Architecture,Palakkad,Kerala
Nehru College of Engineering and Research Centre,,Kerala
Nehru College of Management,Coimbatore,Tamil Nadu
Nehru College of Management,Coimbatore,Tamil Nadu
Nehru College of Nursing,Palakkad,Kerala
Nehru College of Pharmacy,Thrissur,Kerala
Nehru Degree (PG) College,,Uttar Pradesh
Nehru Govt. College,,Madhya Pradesh
Nehru Institute of Engineering and Technology,Coimbatore,Tamil Nadu
Nehru Institute of Information Technology and Management,Coimbatore,Tamil Nadu
Nehru Institute of Technology,Coimbatore,Tamil Nadu
Nehru Mahavidyalaya,,Uttar Pradesh
Nehru Mahavidyalaya (Arts CommerceScience),,Maharashtra
Nehru Memorial College,,Tamil Nadu
Nehru Memorial College,,Karnataka
Nehru Memorial Government College,,Telangana
Nehru Memorial Law College,,Rajasthan
Nehru Memorial PG College,,Punjab
Nehru Memorial Shiv Narain Das P.G. College,,Uttar Pradesh
Nehru Samarak College,Rewa,Madhya Pradesh
Nehtaur Degree College,,Uttar Pradesh
Neil Gogte Institute of Technology,,Telangana
Nelliandavar Institute of Technology,Ariyalur,Tamil Nadu
Nemgonda Dada Patil Night College of Arts and Commerce,,Maharashtra
Nepal Singh Mahavidyalaya,,Uttar Pradesh
Ness Wadia College of Commerce,Pune,Maharashtra
Netaji Mahavidyalaya,,West Bengal
Netaji Nagar College,,West Bengal
Netaji Nagar College for Women,,West Bengal
Netaji Nagar Day College,,West Bengal
Netaji Satabarshiki Mahavidyalaya,,West Bengal
Netaji Shikshan Sanstha’s Subhash Baburao Kul Arts Commerce & Science College,Pune,Maharashtra
Netaji Subash Chandra Bose Govt. Medical College,,Madhya Pradesh
Netaji Subash Chandra Mahavidyalaya,,West Bengal
Netaji Subhas Ashram Mahavidyalaya,,West Bengal
Netaji Subhas Chandra Bose Institute of Pharmacy,Nadia,West Bengal
Netaji Subhas College,,Chhattisgarh
Netaji Subhash Bose College,,Odisha
Netaji Subhash Chander Bose Memorial Govt. College,,Himachal Pradesh
Netaji Subhash Chandra Bose Arts Science & Commerce College,,Maharashtra
Netaji Subhash Chandra Bose College,,Odisha
Netaji Subhash Chandra Bose Government Girls Degree College,Lucknow,Uttar Pradesh
Netaji Subhash Chandra Bose Mahavidyalaya,Azamgarh,Uttar Pradesh
Netaji Subhash Engineering College,Kolkata,West Bengal
Netaji Subhash Mahavidyalaya,Gomati,Tripura
Nevjabai Hitkarini College,,Maharashtra
New Alipore College,,West Bengal
New Arts Commerce & Science College,,Maharashtra
New Arts Commerce  & Science  College,,Maharashtra
New Arts Commerce and Science College,,Maharashtra
New Education Society Science College,,Madhya Pradesh
New Education Society's Shriram Kusumtai Sadashiv Vanjare College,Ratnagiri,Maharashtra
New Era College Of Science and Technology,,Uttar Pradesh
New Gandhi Memorial College of Education,Jammu,Jammu and Kashmir
New Government Degree College for Women,Hyderabad,Telangana
New Govt. Degree College,,Madhya Pradesh
New Great Scholars Degree College,Shahjahanpur,Uttar Pradesh
New Horizon College,Bangalore,Karnataka
New Horizon College,Bangalore,Karnataka
New Horizon College of Education,Bangalore,Karnataka
New Horizon College of Engineering,Bangalore,Karnataka
New Horizon Institute of Technology and Management,Thane,Maharashtra
New Law College,Pune,Maharashtra
New Law College,,Maharashtra
New Law College,,Maharashtra
New Look Girls P.G. College,Banswara,Rajasthan
New Prince Shri Bhavani Arts and Science College,Chennai,Tamil Nadu
New Prince Shri Bhavani College of Engineering and Technology,Chennai,Tamil Nadu
New Rajasthan Balika P.G. Mahavidyalaya,,Rajasthan
New Science College,,Telangana
Newman College,,Kerala
Newton’s Institute of Engineering,Guntur,Andhra Pradesh
Ng. Mani College,,Manipur
Niali College,,Odisha
Nichnametla Subbamma Pattabhi Ramaiah Government Degree College for Women,Anantapur,Andhra Pradesh
NIE First Grade College,,Karnataka
NIFT-TEA College of Knitwear Fashion,Tiruppur,Tamil Nadu
Nigam Institute of Engineering and Technology,Cuttack,Odisha
Night College of Arts and Commerce,,Maharashtra
Night College of Arts and Commerce,,Maharashtra
Night Ingale College of Nursing,,Uttar Pradesh
Nihal Shyam College of Management Science and Technology,Bareilly,Uttar Pradesh
NIIS Institute of Business Administration,,Odisha
Nijampur - Jaitane Shikshan Prasarak Mandal’s Adarsh College of Arts,,Maharashtra
Nikalas Mahila Mahavidyalaya,,Maharashtra
Nikhil Banga Shikshan Mahavidyalay,,West Bengal
Nilakantheswar Degree Mahavidyalaya,,Odisha
Nilamadhab Mahavidyalaya,,Odisha
Nilamani Mahavidyalaya,,Odisha
Nilambazar College,Karimganj,Assam
Nilgiri College,,Odisha
Nilgiri College of Arts & Science,The Nilgiris,Tamil Nadu
Nilgiri Women’s Degree College,,Odisha
Nilkantharao Shinde Science & Arts College,,Maharashtra
Nilratan Circar Medical College,,West Bengal
Nima Girls Arts College,,Gujarat
Nimapara College,,Odisha
Nimbark Teacher Training Mahavidyalaya,,Rajasthan
Nimra College of Engineering & Technology,,Andhra Pradesh
Nimra College of Pharmacy,Krishna,Andhra Pradesh
Niranjan Government Women’s College,Ganjam,Odisha
Niranjan Mahavidyalaya,Ghazipur,Uttar Pradesh
Niranjan Singh Mahavidyalaya,Unnao,Uttar Pradesh
Nirma College of Pharmacy,Krishna,Andhra Pradesh
Nirmal Haloi College,Barpeta,Assam
Nirmal Krida & Samaj Prabadhan Turst's Arts Science & Commerce,,Maharashtra
Nirmal Mahavidyalaya,Karauli,Rajasthan
Nirmala College,,Kerala
Nirmala College,,Jharkhand
Nirmala College,Ujjain,Madhya Pradesh
Nirmala College for Women,Coimbatore,Tamil Nadu
Nirmala College of Commerce,Mumbai,Maharashtra
Nirmala College of Pharmacy,Guntur,Andhra Pradesh
Nirmala College of Pharmacy,,Andhra Pradesh
Nirmala Institute of Education,,Goa
Nirmala Institute of Education & Technology,,Uttar Pradesh
Nirmala Memorial Foundation College of Commerce & Science,Mumbai,Maharashtra
Nirmala Memorial Foundation College of Education D.S. Road Asha Nagar,,Maharashtra
Nirmalagiri College,,Kerala
Nirsu Narain Mahavidyalaya,Vaishali,Bihar
Nishitha Degree College,Nizamabad,Telangana
Nishtha Chaudhary Mahavidhyalay,,Uttar Pradesh
Nistarini College,,West Bengal
Niteshwar Mahavidyalaya,Muzaffarpur,Bihar
Nitishwar Ayurved Medical College and Hospital,Muzaffarpur,Bihar
Nitte Mahalinga Adyanthaya Memorial Institute of Technology,,Karnataka
Nitte Meenakshi Institute of Technology,,Karnataka
Nivedita Singh Girls Degree College,,Uttar Pradesh
Nizam College,,Telangana
NKBR College of Professional Studies,,Uttar Pradesh
Noble College,,Madhya Pradesh
Noble College,Krishna,Andhra Pradesh
Noble Women’s College,,Kerala
Noida College of Physical Education,,Uttar Pradesh
Noida Institute of Engineering & Technology,,Uttar Pradesh
Nongstoin College,,Meghalaya
Nongtalang College,,Meghalaya
Nonoi College,Nagaon,Assam
Noorul Islam College of Arts & Science,,Tamil Nadu
Noorul Islam College of Engineering,Kanyakumari,Tamil Nadu
Nootan Bharati Gram Seva Mahavidyalaya,,Gujarat
North Bank College,Lakhimpur,Assam
North Bengal Medical College,,West Bengal
North Bengal St. Xavier’s College,Jalpaiguri,West Bengal
North Bengal University College,,West Bengal
North East Institute of Social Science & Research,,Nagaland
North Gauhati College,Kamrup,Assam
North India College of Higher Education,Bijnor,Uttar Pradesh
North Kamrup College,Barpeta,Assam
North Lakhimpur College,Lakhimpur,Assam
Nowaraoam Arts & Science College for Women,Erode,Tamil Nadu
Nowboicha College,Lakhimpur,Assam
Nowgong College,Nagaon,Assam
Nowgong Girls' College,Nagaon,Assam
Nowrangapur College,,Odisha
Nowrosjee Wadia College,Pune,Maharashtra
NPR Arts & Science College,Dindigul,Tamil Nadu
NRI College of Pharmacy,Krishna,Andhra Pradesh
NRI Institute of  Information Science & Technology,Bhopal,Madhya Pradesh
NRI Institute of Pharmaceutical  Science,Bhopal,Madhya Pradesh
NRI Institute of Pharmacy,Bhopal,Madhya Pradesh
NRI Institute of Research and Technology,Bhopal,Madhya Pradesh
NRI Institute of Technology,Krishna,Andhra Pradesh
NRI Institute of Technology,Guntur,Andhra Pradesh
Nrupatugna Arts & Commerce College,,Karnataka
NSHM College of Management & Technology,,West Bengal
NSHM College of Management & Technology,,West Bengal
NSHM Knowledge Campus,,West Bengal
NSHM Knowledge Campus Kolkata - Group of Institutions,Kolkata,West Bengal
NTSS'S Shri Shankar Arts & Commerce College,,Karnataka
NTVS'S College of Education,,Maharashtra
Nursing College,,Rajasthan
Nusrathul Islam Arabic College,,Kerala
Nutab Adarsh Arts & Commerce & Smt. Maniben Hiralal Yadag College of Science,,Maharashtra
Nutan Maharashtra Vidya Prasarak Mandal’s Nutan Maharashtra Institute of Engineering and Technology,Pune,Maharashtra
Nutan Mahavidyalaya,,Maharashtra
Nutan Vidyalaya Arts S.K.M. Science & Dr. P.P. Commerce college,,Karnataka
Nuvapada Sri Balaji Mahavidyalaya,,Odisha
Nyaymurti Raja Chandra Shekhar Prasad Singh Degree College,Allahabad,Uttar Pradesh
Odapada Panchayat Samit Mahavidyalaya,,Odisha
Ojaswani College of Education,Damoh,Madhya Pradesh
Ojaswini Institute Par Excellence,,Madhya Pradesh
Olaver College,,Odisha
Om Budheshwar Nath R.S.V.S. Mahavidyalaya,,Uttar Pradesh
Om Degree College,,Uttar Pradesh
Om Ghushmeshwar Nath Mahavidyalaya,Pratapgarh,Uttar Pradesh
Om Harihar Mahavidyalaya,Hamirpur,Uttar Pradesh
Om Jee Mahavidyalaya,Ghazipur,Uttar Pradesh
Om Jee Women College of Education,Ghazipur,Uttar Pradesh
Om Mahavidyalaya,,Uttar Pradesh
Om Muruga College of Arts and Science,Salem,Tamil Nadu
Om Prakash Mishra Smarak Mahavidyalaya,Azamgarh,Uttar Pradesh
Om Shiv Public Mahavidyalaya,,Uttar Pradesh
Om Uchh Shiksha Sansthan,,Uttar Pradesh
Om Vidyalankar Shikshan Sanstha's Asmita College of Arts and Comm. For Women,,Maharashtra
Omega College of Pharmacy,,Telangana
Omega Institute of Science and Technology,Hyderabad,Telangana
Omega PG College (MCA),,Telangana
Omkarananda Saraswati Government Degree College,,Uttarakhand
Ompal Munshi Singh Mahavidhyalaya,Aligarh,Uttar Pradesh
Omprakash Mahavidhyalaya,,Uttar Pradesh
Onda Thana Mahavidyalaya,Bankura,West Bengal
Onkar Nath Tripathi Law College,Jaunpur,Uttar Pradesh
Onkarmal Somani College of Commerce,,Rajasthan
Orange City College of Social Work,,Maharashtra
Oriental College,,Manipur
Oriental College,Patna,Bihar
Oriental College,,Nagaland
Orissa Engineering College,,Odisha
Orissa Medical College of Homeopathy & Res.,,Odisha
Osmania College,Kurnool,Andhra Pradesh
Osmania Medical College,Hyderabad,Andhra Pradesh
Osmania University College for Women,Hyderabad,Telangana
Oupada College,,Odisha
Oxford Engineering College,,Tamil Nadu
P R Govt. College (Autonomous),Kakinada,Andhra Pradesh
P V R Trust Degree College,Kakinada,Andhra Pradesh
P. Rami Reddy Memorial College of Pharmacy,,Andhra Pradesh
P. Science College,,Bihar
P.A. College of Engineering and Technology,Coimbatore,Tamil Nadu
P.B. Sidhartha College of Arts & Science,Krishna,Andhra Pradesh
P.B.N. College,Guntur,Andhra Pradesh
P.B.R. Agriculture Degree College,Hardoi,Uttar Pradesh
P.B.S. College,,Bihar
P.C. Jabin Science College,,Karnataka
P.C. Vigyan Mahavidyalaya,,Bihar
P.C.M.S.D. College For Women,,Punjab
P.D. Karkhanis College of Arts & Commerce,,Maharashtra
P.D. Mahila Degree College,,Uttar Pradesh
P.D. Memorial College of Engineering,,Haryana
P.D. Pandey Rapati Mahavidyalaya,Faizabad,Uttar Pradesh
P.D. Pandya Mahila Commerce College,,Gujarat
P.D.M. College of Commerce,,Gujarat
P.D.M. Graduate Teachers College,,Gujarat
P.E.S. College of Engg.,,Karnataka
P.E.S. College of Physical Education,,Maharashtra
P.E.S. College of Science,,Karnataka
P.E.S. Evening College,,Karnataka
P.E.S. Institute of Advanced Management Studies,,Karnataka
P.E.S. Law College,,Karnataka
P.E.S. Modern College of Arts Science and Commerce,Pune,Maharashtra
P.G. College,,Telangana
P.G. College,,Telangana
P.G. College,,Telangana
P.G. College,,Telangana
P.G. College,,Telangana
P.G. College,,Telangana
P.G. College,,Telangana
P.G. College,Saharanpur,Uttarakhand
P.G. College of Law,,Telangana
P.G. College Osmania University,,Telangana
P.G. Institute of Medical Sciences,Paschim Medinipur,West Bengal
P.G. Vigyan Mahavidyalaya,,Madhya Pradesh
P.G.D.A.V. College,,Delhi
P.G.D.A.V. College (Evening Classes),,Delhi
P.G.D.C.A. Technical College,,Gujarat
P.K. Das Institute of Medical Sciences,Palakkad,Kerala
P.K. Mahavidyalaya,Kushinagar,Uttar Pradesh
P.K. Roy Memorial College,,Jharkhand
P.K.M. College of Education,,Kerala
P.K.N. Arts and Science College,,Tamil Nadu
P.K.R. Arts College for Women,Gobichettipalayam,Tamil Nadu
P.L. Singh College,Patna,Bihar
P.L.N. First Grade College,Mandya,Karnataka
P.M. College of Education,Aligarh,Uttar Pradesh
P.M. College of Engineering,Sonipat,Haryana
P.M. Govt. College,,Kerala
P.M.B. Gujarati Arts and law College,,Madhya Pradesh
P.M.B. Gujarati Commerce College,,Madhya Pradesh
P.M.B. Gujarati Science College,,Madhya Pradesh
P.M.S. College,,Bihar
P.N. College,,Bihar
P.N. Das College,,West Bengal
P.N. Sanskrit Mahavidyalaya,,Bihar
P.N. Sarode College of Arts Commerce & Home Science,Wardha,Maharashtra
P.N.C. & K.R. Degree College,Guntur,Andhra Pradesh
P.N.G. Govt. P.G. College,,Uttarakhand
P.P. College of Education,,Maharashtra
P.P.K. College,,Jharkhand
P.R. Engineering College,Thanjavur,Tamil Nadu
P.R. Pote (Patil) Education & Welfare Trust Group of Institutions College of Engineering & Management,Amravati,Maharashtra
P.R. Rajkiya Mahila Mahavidyalaya,,Uttar Pradesh
P.R. Thakur Government College,North Twenty Four Parganas,West Bengal
P.R.R. & V.S. Govt. College,Sri Potti Sriramulu Nellore,Andhra Pradesh
P.S. College,,Odisha
P.S. Degree College,,Odisha
P.S.C. & K.V.S.C. Govt. College,Kurnool,Andhra Pradesh
P.S.G. College of Arts & Science,Coimbatore,Tamil Nadu
P.S.G. College of Technology,Coimbatore,Tamil Nadu
P.S.G.R. Krishnammal College for Women,Coimbatore,Tamil Nadu
P.S.R. Engineering College,Virudhunagar,Tamil Nadu
P.S.V. College of Engineering & Technology,Krishnagiri,Tamil Nadu
P.S.Y  Arts and Science College,,Tamil Nadu
P.T. Sarvajanik College of Science,,Gujarat
P.V.A. Ekka M. College,,Jharkhand
P.V.D.T. College of Education for Women,Mumbai,Maharashtra
P.V.K.K. Institute of Technology,,Andhra Pradesh
P.V.K.N. Govt. College,Chittoor,Andhra Pradesh
P.W.S. Arts & Commerce College,,Maharashtra
Paavai Engineering College,Namakkal,Tamil Nadu
PACE Institute of Technology & Sciences,Prakasam,Andhra Pradesh
Pachaiyappa's College for Men,,Tamil Nadu
Pachhunga University College,,Mizoram
Pachiyappa's College,,Tamil Nadu
Pacific College of Physiotherapy,,Uttar Pradesh
Padamashree Dr. D.Y. Patil Institute of Pharmaceutical Sciences and Research,Pune,Maharashtra
Padmabhusan Vasantrao Dada Patil Mahavidyalaya,,Maharashtra
Padmabhushan Dr. Vsantraodada Pail Mahavidyalaya,,Maharashtra
Padmabhushan Vasantraodaa Patil Institute of Technology,,Maharashtra
Padmaja Naidu College of music,,West Bengal
Padmanath Gohain Baruah Govt. Model College,,Assam
Padmapani College of Physical Education,,Maharashtra
Padmaphushan Vasant Dada Patil College,,Maharashtra
Padmashree Dr. D.Y. Patil Institute of Engineering & Technology,Pune,Maharashtra
Padmashree Institute of Management & Sciences,Bangalore,Karnataka
Padmashri Dr. Vithalrao Vikhe Patil Foundation’s College of Pharmacy,,Maharashtra
Padmashri Dr. Vithalrao Vikhe Patil Foundation’s College of Physiotherapy,,Maharashtra
Padmashri Dr. Vithalrao Vikhe Patil Foundation’s Institute of Business Management & Rural Development,,Maharashtra
Padmashri Dr. Vithalrao Vikhe Patil Foundation’s Padmashri Dr. Vithalrao Vikhe Patil College of Engineering,,Maharashtra
Padmashri Vikhe Patil College of Arts Science & Commerce,,Maharashtra
Padmasri Dr. B.V. Raju Institute of Technology,,Telangana
Padmavani Arts and Science College for Women,Salem,Tamil Nadu
Padmavati Mahila Mahavidyalaya,,Uttar Pradesh
Padmshri Dr. V.B. Kolte College of Engineering,,Maharashtra
Padua College of Commerce & Management,Dakshina Kannada,Karnataka
Pahalwan Gurudeen Mahila Mahavidyalaya,,Uttar Pradesh
Pahalwan Gurudeen Prasikshan Mahavidyalaya,Lalitpur,Uttar Pradesh
Pailan College of Education,South Twenty Four Parganas,West Bengal
Pakuahat Degree College,,West Bengal
Pakur B.Ed. College,,Jharkhand
Paliwal Degree College,,Uttar Pradesh
Pallagatti Adavappa College of Arts and Commerce,,Karnataka
Pallavan College of Engineering,Thimmasamudram,Tamil Nadu
Pallavi Engineering College,,Telangana
Panampilly Memorial Govt. College,,Kerala
Panchakot Mahavidyalaya,,West Bengal
Panchayat College,,Odisha
Panchayat College,,Odisha
Panchayat College,,Odisha
Panchayat Degree College,,Odisha
Panchayat Degree College,Deoghar,Odisha
Panchayat Samiti College,,Odisha
Panchayat Samiti College,,Odisha
Panchayat Samiti College,,Odisha
Panchayat Samiti College,,Odisha
Panchayat Samiti College,,Odisha
Panchayat Samiti Degree College,,Odisha
Panchayat Samiti Degree College,,Odisha
Panchayat Samiti Degree College,Balangir,Odisha
Panchayat Samiti Degree College,Bargarh,Odisha
Panchayat Samiti Mahavidyalaya,Balangir,Odisha
Panchla Mahavidyalaya,,West Bengal
Panchmura Mahavidyalaya,,West Bengal
Panchpir +3 Women’s College,,Odisha
Panchsheel Mahavidyalaya,,Uttar Pradesh
Panchshil Degree College,Mirzapur,Uttar Pradesh
Panchthupi Haripada – Gouribala College,,West Bengal
Panchu Ram Yadav Mahavidyalaya,Jaunpur,Uttar Pradesh
Pandaveswar College,,West Bengal
Pandit Awadh Bihari Rajpati Mahavidyalaya,Pratapgarh,Uttar Pradesh
Pandit Bhagwat Dayal Sharma P.G. Institute of Medical Sciences,,Haryana
Pandit Chetan Dev Government College of Education,,Punjab
Pandit Deen Dayal Upadhyay Institute of  Agricultural Sciences,Bishnupur,Manipur
Pandit Deen Dayal Upadhyay Rajkiya Mahavidyalaya,,Uttar Pradesh
Pandit Deen Dayal Upadhyaya Govt. Degree College,,Uttar Pradesh
Pandit Deendayal Upadhaya Mahavidyalaya,,Maharashtra
Pandit Deendayal Upadhyaya Adarsha Mahavidyalaya,Bongaigaon,Assam
Pandit Dwarikadas Vigyan Mahavidyalaya,Betul,Madhya Pradesh
Pandit J.L. Nehru Mahavidyalaya,,Maharashtra
Pandit jawahar Lal Nehru Memorial College,,Karnataka
Pandit Jawaharlal Nehru College of Agriculture and Research Institute,Karaikal,Puducherry
Pandit Mohan Lal S.D. College for Girls,,Punjab
Pandit Motilal Nehru Law College,,Madhya Pradesh
Pandit Nehru Memorial College,Dhanbad,Jharkhand
Pandit Neki Ram Sharma Government College,,Haryana
Pandit Panchaxara Gavaigalavar Arts College,,Karnataka
Pandit Raghunath Murmu Smritis Mahavidyalya,,West Bengal
Pandit Ram Kedar Ram Kishor Tripathi Mahavidyalaya,Sultanpur,Uttar Pradesh
Pandit Ramshankar Banni Lal Pathak Shaskiya Mahavidyalaya,Jabalpur,Madhya Pradesh
Pandit Ramswaroop Upadhyay Mahavidyalaya.,Banda,Uttar Pradesh
Pandit Sant Ram Government Degree College,Kangra,Himachal Pradesh
Pandit Shambhu Nath Shukla Govt. P.G. College,Shahdol,Madhya Pradesh
Pandit Sivram Rajkiya Mahavidyalaya,Dehradun,Uttarakhand
Pandit Sukhraj Raghunathi Institute of Education and Technology,,Uttar Pradesh
Pandit Ugam Pandey College,,Uttar Pradesh
Pandit Ugam Pandey College,Champaran (East),Bihar
Pandit Uma Shankar Tiwari Mahila Mahavidyalaya,West Champaran,Bihar
Pandu College,Kamrup,Assam
Pandurang Shamrao Mulgaonkar Vishesh Shikshan Adhyapak Mahavidyalaya,Pune,Maharashtra
Panigaon Omprakash Dinodia College,Lakhimpur,Assam
Panihati Mahavidyalaya,,West Bengal
Panimalar Engineering College,,Tamil Nadu
Panimalar Institute of Technology,Chennai,Tamil Nadu
Panipat Institute of Engineering & Technology,Panipat,Haryana
Panipat Institute of Engineering & Technology,Panipat,Haryana
Panjab University Evening College,,Chandigarh
Pankaj Kala Mahavidyalaya,,Maharashtra
Pankaj Maheshwari Smriti Mahavidyalaya Nandgram,,Uttar Pradesh
Panna Mahavidyalaya,,Uttar Pradesh
Panskura Banamali College,Purba Medinipur,West Bengal
Paradip College,,Odisha
Parag Dei Mahila Mahavidyalaya,Sultanpur,Uttar Pradesh
Parajang Mahavidyalaya,,Odisha
Parala Maharaja Engineering College,,Odisha
Param Hansa Degree College,,Uttar Pradesh
Paramananda College,,Odisha
Paramhans Pal Mahavidyalaya,,Uttar Pradesh
Paramount Teachers Training College,Muzaffarpur,Bihar
Paras Nath Janardan Girls Degree College,Ghazipur,Uttar Pradesh
Paras Nath Mahavidyalaya,Kushinagar,Uttar Pradesh
Parasanath Mahavidyalaya,Sultanpur,Uttar Pradesh
Parashuram Verma Smarak Mahila Mahavidyalaya,,Uttar Pradesh
Parasnath Kushwaha College,,Bihar
Parasnath Mahavidyalaya,Giridih,Jharkhand
Parasnath Shikshan Prashikshan Mahavidyalay,,Uttar Pradesh
Parekh Brothers Science College,,Gujarat
Parimal Mitra Smriti Mahavidyalaya,,West Bengal
Parishkar College of Global Excellence,Jaipur,Rajasthan
Parisutham Institute of Technology and Science,Thanjavur,Tamil Nadu
Paritala Sriramulu  Govt. College,Anantapur,Andhra Pradesh
Park College of Engineering & Technology,Coimbatore,Tamil Nadu
Park's College,Coimbatore,Tamil Nadu
Parle Tilak Vidyalaya Association's Sathaye College,,Maharashtra
Parmeshwar Singh Memorial Mahavidyalaya,,Uttar Pradesh
Parmeshwari Veena Sanskrit College,,Bihar
Parmeswar Mahavidyalaya,,Uttar Pradesh
Parsandi Devi College of Law,Gautam Buddha Nagar,Uttar Pradesh
Parsandi Devi College of Management & Technology,,Uttar Pradesh
Parshuram Mahavidyalaya,Jhansi,Uttar Pradesh
Parth Vidya Prasarak Mandal's Babuji Avhad Mahavidyalaya,,Maharashtra
Parvathareddy Babul Reddy Visvodaya Institute of Technology & Science,Sri Potti Sriramulu Nellore,Andhra Pradesh
Parvathy’s Arts and Science College,Dindigul,Tamil Nadu
Parvati Devi Mahavidyalaya,Bijnor,Uttar Pradesh
Parvati Mahila Mahavidyalaya.,Sultanpur,Uttar Pradesh
Parvati Mahila P.G. College,,Uttar Pradesh
Parvatibai Chowgule College of Arts and Science,,Goa
Parwati Laxmi Mahila Mahavidyalaya,,Bihar
Parwati Mahavidyalay,,Uttar Pradesh
Paschim Barigog Anchalik Mahavidyalaya,Kamrup,Assam
Paschim Dhemaji College,Dhemaji,Assam
Paschim Guwahati Mahavidyalaya,Kamrup,Assam
Pashupati Nath Smarak Mahavidyalaya,,Uttar Pradesh
Pasumpon Muthuramalinga Thevar College,,Tamil Nadu
Pasumpon Muthuramalinga Thevar College,,Tamil Nadu
Pasumpon Thiru Muthuramalinga Thevar Memorial College,Ramanathapuram,Tamil Nadu
Pataldhamal Wadhwani College of Pharmacy,Yavatmal,Maharashtra
Patamda Degree College,,Jharkhand
Patel College,,Bihar
Patel Degree College,,Uttar Pradesh
Patel J.B. Rudelwada Arts Patel A.M. Rudewala Commerce & Patel J.D.K. Dawalwala Science College,,Gujarat
Patel Memorial National College,,Punjab
Patel Panchayati Mahavidyalaya,,Uttar Pradesh
Patel Raman Brothers Arts & Patel Gopalbhai Ranchhodhi Commerce College,,Gujarat
Patel Shri Teekaram Mahavidyalaya,,Uttar Pradesh
Patel Vidyapeeth Mahavidyalaya,,Uttar Pradesh
Pathani Samanta College,,Odisha
Patharkandi College,Karimganj,Assam
Patidarrang College,Kamrup,Assam
Patitapaban Degree College,,Odisha
Patkai Christian College,,Nagaland
Patna College,Patna,Bihar
Patna Dental College & Hospital,Patna,Bihar
Patna Law College,Patna,Bihar
Patna P.W. Medical College,Patna,Bihar
Patna Science College,Patna,Bihar
Patna Training College,Patna,Bihar
Patna Women's College,Patna,Bihar
Patna Women's Training College,Patna,Bihar
Patpanhale Arts Commerce & Science College,,Maharashtra
Patrasayer Mahavidyalaya,,West Bengal
Patratu Thermal Power Station College,,Jharkhand
Patrician College of Arts and Science,Chennai,Tamil Nadu
Patronage Institute of Professional Studies,,Uttar Pradesh
Patsaku College,,Assam
Pattamundai College,,Odisha
Patuck Polytechnic Trust’s Patuck-Gala College of Commerce,Mumbai,Maharashtra
Pavai College of Technology,Namakkal,Tamil Nadu
Pavanatma College,,Kerala
Pavendar Bharathidasan College of Arts & Science,Pudukkottai,Tamil Nadu
Pavitra Degree College,,Uttar Pradesh
Payyannur College,,Kerala
Pazhassi Raja College,,Kerala
Pazhassi Raja N.S.S. College,,Kerala
Pd. Mahadev Shukla Krishak PG College,,Uttar Pradesh
Pedanandipadu College of Arts & Science,Guntur,Andhra Pradesh
Peet Memorial Training College,,Kerala
Peetamber Degree College,,Uttar Pradesh
Pemraj Sarda College,,Maharashtra
Pen Education Society’s Bhausaheb Nene Arts Science and Commerce College,,Maharashtra
Pendarani Mahavidyalaya,,Odisha
People's College,,Odisha
People's College,,Maharashtra
People's Education Society Sanchalit Sheth D.L. Law College,,Gujarat
People's Education Society Sanchalit Shri J.B. Thakkar Commerce College,,Gujarat
People’s College,Mokokchung,Nagaland
People’s Education Society & Trust’s Shaikh College of Education,,Karnataka
People’s Education Society’s P.E.S. College of Engineering,Aurangabad,Maharashtra
Peoples Co-operative Arts & Science College,,Kerala
Peoples Education Society's Ist Grade College,,Karnataka
Peopletree Education Society’s BBA BCA B.Com College,,Karnataka
Peren Government College,Peren,Nagaland
PERI Institute of Technology,Chennai,Tamil Nadu
Periyar Arts College,Cuddalore,Tamil Nadu
Periyar College of Pharmaceutical Science for Girls,,Tamil Nadu
Periyar E.V.R. College,,Tamil Nadu
Periyar Maniyammai College of Technology for Women,,Tamil Nadu
Periyar University Constituent College of Arts & Science,Dharmapuri,Tamil Nadu
Periyar University Constituent College of Arts and Science,Dharmapuri,Tamil Nadu
Periyar University Constituent College of Arts and Science,Salem,Tamil Nadu
Periyar University Constituent College of Arts and Science,Dharmapuri,Tamil Nadu
Permeshwar Prasad Mewalal Degree College,Pratapgarh,Uttar Pradesh
Perunthalaivar Kamarajar Arts College,,Puducherry
Peruulhalaivar Kamaraj College of Education,,Puducherry
PES Institute of Advanced Management Studies,,Karnataka
PES Institute of Technology,,Karnataka
PES Institute of Technology & Management,,Karnataka
PES Modern College of Pharmacy (for Ladies),Pune,Maharashtra
PES'S Karm A.M. Patil Arts Commerce and Kai Annasheb N.K. Patil Science Seniro College,,Maharashtra
Pettigrew College,,Manipur
Pfutsero Government College,,Nagaland
PGP College of Arts & Science,Namakkal,Tamil Nadu
Phek Government College,Phek,Nagaland
Phondaghat Education Society’s Arts and Commerce College,Sindhudurg,Maharashtra
Phool Chandra Singh Tulsi Devi Mahavidyalaya,Allahabad,Uttar Pradesh
Phool Singh Bisht Rajkiya Mahavidyalaya,Tehri Garhwal,Uttarakhand
Phoola Devi Mangaroo Singh Memorial Mahavidyalaya,Azamgarh,Uttar Pradesh
Phoola Devi Mishra Mahavidyalaya,,Uttar Pradesh
Phoolchand Gramin Mahila Mahavidyalaya,Azamgarh,Uttar Pradesh
Phul Devi Kusheshwar Jha College,,Bihar
Phule Samaj Sudhark Samitti’s Shahir Annabhau Sathe Mahavidyalaya,,Maharashtra
Phulsing Naik Mahavidyalaya,,Maharashtra
Pillai College of Architecture,Mumbai,Maharashtra
Piloo Mody College of Architecture ABIT group of Institutions,Cuttack,Odisha
Pimpalner Education Society's Karm. A.M. Patil Arts Commerce and Kai Annasaheb N.K. Patil Science Senior College,,Maharashtra
Pimpri Chinchwad Education Trust’s Pimpri Chinchwad College of Engineering,Pune,Maharashtra
Pimpri Chinchwad Education Trust’s Pimpri Chinchwad College of Engineering and Research,Pune,Maharashtra
Pimpri Chinchwad Education Trust’s S.B. Patil Institute of Management,Pune,Maharashtra
Pindi Mahavidyalaya,,Uttar Pradesh
Pindikesh Anchalika College (+3),,Odisha
Pingla Thana Mahavidyalaya,,West Bengal
Pingle Govt. College for Women,,Telangana
Pioneer College of Arts and Science,Coimbatore,Tamil Nadu
Pioneer Institute of Professional Studies,,Madhya Pradesh
Pioneer Kumaraswamy College,,Tamil Nadu
Pioneer Mahila Mahavidyalaya,Bara Banki,Uttar Pradesh
Pipar Teacher Training College,,Rajasthan
Pipli College,,Odisha
PIRENS - Institute of Business Management and Administration (IBMA),Ahmadnagar,Maharashtra
Pitambardev Goswami College,Jorhat,Assam
Pithapur Rajah's Govt. College,East Godavari,Andhra Pradesh
Pithubar Girls’ Degree College,Dibrugarh,Assam
Plassey College,Nadia,West Bengal
PMS College of Dental Science and Research,Thiruvananthapuram,Kerala
Pocker Sahib Memorial Orphanage College,,Kerala
Poddar International College,,Rajasthan
Polasara Science College,Ganjam,Odisha
Polasara Science College,Ganjam,Odisha
Polba Mahavidyalaya,,West Bengal
Pole Star College,,Manipur
Pollachi College of Arts and Science,Coimbatore,Tamil Nadu
Pompei College,,Karnataka
Ponda Education Society’s Ravi S. Naik College of Arts and Science,,Goa
Pondicherry Engineering College,,Puducherry
Ponjesly College of Engineering,,Tamil Nadu
Ponnaiyah Ramajayam College,,Tamil Nadu
Poojya Sane Guruji Vidya Prasarak Mandal’s College of Pharmacy,Nandurbar,Maharashtra
Poojya Sane Guruji Vidya Prasarak Mandal’s College of Pharmacy  Shahada  Dist. Nandurbar-425 409,,Maharashtra
Pookaya Thangal Memorial Govt. College,,Kerala
Poompuhar College,,Tamil Nadu
Poona College of Arts Science and Commerce,Pune,Maharashtra
Poona College of Pharmacy,Pune,Maharashtra
Poona District Education Association’s Seth Govind Raghunath Sable College of Pharmacy,Pune,Maharashtra
Poonamchand Gupta Vocational College,,Madhya Pradesh
Poonch College of Education,Jammu,Jammu and Kashmir
Pooran Gopal Shukla National College of Law,Mathura,Uttar Pradesh
Pooranmal Ramlal Degree College,,Uttar Pradesh
Poornaprajna Institute of Management Poornaprajna Campus,,Karnataka
Poornima College of Engineering,Jaipur,Rajasthan
Poornima Institute of Engineering & Technology,Jaipur,Rajasthan
Pope John Paul II College of Education,,Puducherry
Pope's College,,Tamil Nadu
Popular College of Education,Kashmir,Jammu and Kashmir
Post G. Training College for Physical Education,,West Bengal
Post Graduate Government College,,Chandigarh
Post Graduate Government College,,Chandigarh
Post Graduate Government College for Girls,,Chandigarh
Post Graduate Government College for Girls,,Chandigarh
Post Graduate Institute of Dental Sciences,Rohtak,Haryana
Post-Graduate College,,Uttar Pradesh
Postgraduate Training College,Jorhat,Assam
Potti Sriramulu Chalavadi Mallikarjuna Rao College of Engineering & Technology,,Andhra Pradesh
PPG Business School,Coimbatore,Tamil Nadu
PPG College of Arts and Science,Coimbatore,Tamil Nadu
PPG Institute of Technology,Coimbatore,Tamil Nadu
Prabal Brahm Mahavidyalaya,Ghazipur,Uttar Pradesh
Prabha Devi Bhagwati Prasad Mahavidyalaya,,Uttar Pradesh
Prabha Devi Mahavidyalaya,,Uttar Pradesh
Prabhakarrao Mamulkar Mahavidyalaya,,Maharashtra
Prabhas Degree College,Vijayawada,Andhra Pradesh
Prabhat kumar College,,West Bengal
Prabhawati Devi Moti Prasad Mahavidyalaya,,Uttar Pradesh
Prabhu Devi Mahavidyalaya,Jaunpur,Uttar Pradesh
Prabhu Jagatbandhu College,,West Bengal
Prabhu Narain Singh Mahavidyalaya,,Uttar Pradesh
Prabhudas Thakkar Arts & Commerce College,,Gujarat
Prachi Mahavidyalaya,Kanpur Nagar,Uttar Pradesh
Prachya Niketan,,Madhya Pradesh
Pradnya Niketan Education Society’s Pune Nagesh Karajagi Orchid College of Engineering and Technology,Solapur,Maharashtra
Prafulla Chandra College,,West Bengal
Pragajyotish College,Kamrup,Assam
Pragati College of Arts & Commerce,Thane,Maharashtra
Pragati Education Society’s Pragati Degree College,Palghar,Maharashtra
Pragati Engineering College,East Godavari,Andhra Pradesh
Pragati Mahavidyalaya College of Arts & Commerce,,Telangana
Pragati Mahila Kala Mahavidyalaya,,Maharashtra
Prahlad Kumar Susheela Devi Shivajee Mahila Mahavidyalay,Basti,Uttar Pradesh
Prahladrai D.L. College of Commerce & Economics,,Maharashtra
Praja Mandal Mahila Mahavidyalaya,,Odisha
Prajyoti Niketan College,,Kerala
Prakasam Degree College,West Godavari,Andhra Pradesh
Prakasam Engineering College,Prakasam,Andhra Pradesh
Prakasam Engineering College,Prakasam,Andhra Pradesh
Prakash Chandra Mahavidyalaya,,Uttar Pradesh
Prakash College of Education,,Gujarat
Prakash Mahavidyalaya,,Uttar Pradesh
Prakash Mahavidyalaya,Hardoi,Uttar Pradesh
Pramothes Barua College,Dhubri,Assam
Pramukh Swami Medical College,,Gujarat
Pramukh Swami Science & H.D. Patel Arts College,,Gujarat
Pran Devi Mahadev Mahavidyalaya,Gonda,Uttar Pradesh
Pranab Chatterjee Mahavidyalaya,,Bihar
Pranab Jubilee College,Karbi Anglong,Assam
Pranabananda Woman's Colege,,Nagaland
Pranakrishna Mahavidyalaya,,Odisha
Prananath College,,Odisha
Prannath Parnami Institute of Management & Technology,Hisar,Haryana
Pranveer Singh Institute of Technology,,Uttar Pradesh
Prasad V. Potluri Siddhartha Institute of Technology,Krishna,Andhra Pradesh
Prasanna Purusottam Dev Mohavidyalaya,Cuttack,Odisha
Prasannadeb Women's College,,West Bengal
Prasanta Chandra Mahalanobis Mahavidyalaya,,West Bengal
Prasasvi T.T. College,Dausa,Rajasthan
Prashanti College of Professional Studies,Ujjain,Madhya Pradesh
Pratap Bahadur Degree College,,Uttar Pradesh
Pratap College,,Maharashtra
Pratap College of Education,,Punjab
Pratap Mahavidyalaya,Jaipur,Rajasthan
Pratap T. T. College,Jaipur,Rajasthan
Prathisthan Mahavidyalaya,,Maharashtra
Prathyusha Engineering College,,Tamil Nadu
Pratibha Niketan Mahavidyalaya (Arts Science Commerce),,Maharashtra
Pratibha Ucch Shiksha Sansthan,,Uttar Pradesh
Pravabati College,,Manipur
Pravara Medical Trust’s Ayurved College & Shri Eknath Ayurved Rugnalaya,,Maharashtra
Pravara Rural College of Education,,Maharashtra
Pravara Rural College of Pharmacy,,Maharashtra
Pravara Rural Education Society’s Arts Commerce Science and Computer Science College,Ahmadnagar,Maharashtra
Pravara Rural Education Society’s Arts Science and Commerece College,,Maharashtra
Pravara Rural Education Society’s Pravara College of Physical Education,,Maharashtra
Pravara Rural Education Society’s Sir Visvesvaraya Memorial Engineering College,,Maharashtra
Pravara Rural Education Society’s Pravara Rural Engineering College,,Maharashtra
Prayag Citizen Law College,,Uttar Pradesh
Prayag Mahavidyalaya,Allahabad,Uttar Pradesh
Prayag Mahila Vidyapeeth Degree College,,Uttar Pradesh
Prem Prakash Singh Kamla Devi Mahavidyalaya,Sitapur,Uttar Pradesh
Prem Prayag Mahavidyalaya,,Uttar Pradesh
Prem Singh Swatantrata Senani Mahavidyalaya,Bijnor,Uttar Pradesh
Prema Katiyar Shikshan Sansthan Mahavidyalaya,,Uttar Pradesh
Premi Devi Samaj Kalyan Mahila Mahavidyalaya,,Uttar Pradesh
Premlata Madan Mohan College of Education,Nalanda,Bihar
Premlata Mahila Mahavidyalaya,,Uttar Pradesh
Prerna Mahavidyalaya,Bara Banki,Uttar Pradesh
Presidency College,,Manipur
Presidency College,,West Bengal
Presidency College,Bangalore,Karnataka
Presidency College,,Tamil Nadu
Prestige Institute of Engineering Management & Research,Indore,Madhya Pradesh
Prestige Institute of Engineering Management & Research,Indore,Madhya Pradesh
Prestige Institute of Management,Gwalior,Madhya Pradesh
Prestige Institute of Management and Research,,Madhya Pradesh
Prin. L. N. Welingkar Institute of Management Development & Research,Mumbai,Maharashtra
Prin. M.C. Shah College of Commerce,,Gujarat
Prince College,Sikar,Rajasthan
Prince Dr. K. Vasudevan College of Engineering and Technology,Chennai,Tamil Nadu
Prince Shri Venkateshwara Arts and Science College,Chennai,Tamil Nadu
Prince Shri Venkateshwara Padmavathy Engineering College,Chennai,Tamil Nadu
Princess T.T. College,,Rajasthan
Princeton College of Pharmacy,,Telangana
Princeton Institute of Engineering and Technology for Women,Hyderabad,Telangana
Principal Arunrao Kalode Mahavidyalaya,Nagpur,Maharashtra
Pritee Rural Institute for Technology & Education,Bareilly,Uttar Pradesh
Prithavi Raj Chauhan Mahavidyalaya,,Uttar Pradesh
Prithvi Shiv Kisan Majdoor Balika P.G. College,,Uttar Pradesh
Prithviraj Chauhan Institute of Education & Technology,,Uttar Pradesh
Priya Darshini Anjuman Islamia Girls College,,Madhya Pradesh
Priya Rani Roy Degree College,Sitamarhi,Bihar
Priyadarshi Ashok Mahavidyalaya,Sonbhadra,Uttar Pradesh
Priyadarshini Bhagwati College of Engineering,,Maharashtra
Priyadarshini College of Engineering,Nagpur,Maharashtra
Priyadarshini College of Engineering & Technology,Sri Potti Sriramulu Nellore,Andhra Pradesh
Priyadarshini Engineering College,Vellore,Tamil Nadu
Priyadarshini First Grade College,,Karnataka
Priyadarshini Indira Degree Mahavidyalaya,Kalahandi,Odisha
Priyadarshini Indira Gandhi Govt. College for Women,,Haryana
Priyadarshini Institute of Technology & Management (GK),Guntur,Andhra Pradesh
Priyadarshini Institute of Technology & Science,Guntur,Andhra Pradesh
Priyadarshini Institute of Architecture and Design Studies,,Maharashtra
Priyadarshini Institute of Engineering and Technology,Nagpur,Maharashtra
Priyadarshini J.L. College of Engineering,Nagpur,Maharashtra
Priyadarshini J.L. College of Pharmacy,Nagpur,Maharashtra
Priyadarshini Mahila Mahavidyalaya,,Odisha
Priyadarshini Mahila Mahavidyalaya,,Maharashtra
Priyanka Mahavidyalaya,Azamgarh,Uttar Pradesh
Pro. Deenanath Pandey Mahavidhyalaya,Banda,Uttar Pradesh
Prof. Brijmohan Mishra Institute of Medical & Technical Sciences,,Madhya Pradesh
Prof. Gursewak Singh Government College of Physical Education,,Punjab
Prof. H.N. Misra College of Education,,Uttar Pradesh
Prof. N.D. Patil Mahavidyalaya,,Maharashtra
Prof. Rajabhau Deshmukh Kala Mahavidhyalaya,,Maharashtra
Prof. Ram Meghe College of Engineering & Management,Amravati,Maharashtra
Prof. Ram Meghe Institute of Technology & Research,,Maharashtra
Prof. Ramkrishna More Arts Comomerce & Science College,Pune,Maharashtra
Prof. Ramnath Pandey Mahila Mahavidyalaya,,Uttar Pradesh
Prof. S. Nurul Hasan College,,West Bengal
Prof. Sambhajirao Kadam College,,Maharashtra
Prof. V.B. Shah Institute of Management  R.V. Patel College of Commerce,,Gujarat
Professional Group of Institutions,Tiruppur,Tamil Nadu
Progati College,Dhubri,Assam
Progressive Education Society's Modern Institute of Business Studies,Pune,Maharashtra
Progressive Education Society’s Modern College of Pharmacy,Pune,Maharashtra
Progressive Education Society’s Modern Institute of Business Management,Pune,Maharashtra
Progressive Education Society’s Modern Law College,Pune,Maharashtra
Progressive Education Society’s Modern College of Engineering,Pune,Maharashtra
Progressive Eductation Society’s B.Ed. College,Pune,Maharashtra
Proudhadevaraya Institute of Technology  Karnataka,Ballia,Karnataka
Providence College for women,Nilgiri,Tamil Nadu
Providence Women's College,,Kerala
PSG College of Nursing,Coimbatore,Tamil Nadu
PSG Institute of Technology and Applied Research,Coimbatore,Tamil Nadu
PSIT -  Pranveer Singh Institute of Technology (Pharmacy),Kanpur Nagar,Uttar Pradesh
PSIT College of Higher Education,,Uttar Pradesh
PSN College of Education,Tirunelveli,Tamil Nadu
PSN College of Engineering & Technology,Thiruvenelveli,Tamil Nadu
PSN Engineering College,Palayamkottai Taluk Tirunelveli,Tamil Nadu
PSN Institute of Technology & Science Melathediyoor,Tirunelveli,Tamil Nadu
Pt Deen Dayal Upadhya Rajkiya Degree College,,Uttar Pradesh
Pt. Ambika Pratap Narayan Degree College,,Uttar Pradesh
Pt. Ashok Mishra Smarak Mahavidyalaya,Bahraich,Uttar Pradesh
Pt. Bachchi Lal Dwivedi Mahavidyalaya,,Uttar Pradesh
Pt. Chandra Dev Pandey Mahavidyalay,Sant Kabir Nagar,Uttar Pradesh
Pt. Chandra Prakash Sharma Mahavidyalaya,Mathura,Uttar Pradesh
Pt. Chandrika Smarak Purvanchal Mahavidyalaya,,Uttar Pradesh
Pt. Chiranji Lal Sharma Govt. College,,Haryana
Pt. Deen Dayal Upadhya Girls College,,Madhya Pradesh
Pt. Deen Dayal Upadhyay Government College,,Uttar Pradesh
Pt. Deen Dayal Upadhyay Government Girls Degree College,,Uttar Pradesh
Pt. Deen Dayal Upadhyay Govt. Degree College,,Uttar Pradesh
Pt. Deen Dayal Upadhyay Gramodya Mahavidyalaya,,Uttar Pradesh
Pt. Deen Dayal Upadhyay Management College,,Uttar Pradesh
Pt. Deen Dayal Upadhyaya Govt. Girls Degree College,,Uttar Pradesh
Pt. Deendayal Upadhyay College,,Madhya Pradesh
Pt. Deendayal Upadhyay Govt. College,,Madhya Pradesh
Pt. Dev Narayan Shukla Mahavidyalaya,Fatehpur,Uttar Pradesh
Pt. Gajraj Shukla Mahavidyalaya,,Uttar Pradesh
Pt. Gangadhar Pandey Shravan Kumar Mahavidyalaya,,Uttar Pradesh
Pt. Ghanaram Hariram Mahavidyalaya,,Uttar Pradesh
Pt. Hari Sahay Degree College,,Uttar Pradesh
Pt. Harishankar Shukla Memorial College,,Chhattisgarh
Pt. J.L.N. College,,Uttar Pradesh
Pt. J.L.N.M. Medical College,,Chhattisgarh
Pt. J.N. Govt. Degree College,,Madhya Pradesh
Pt. Jag Narayan Shukla Gramoday Mahavidyalaya,,Uttar Pradesh
Pt. Jagannath Mishra Mahavidyalaya,,Uttar Pradesh
Pt. Jwala Prasad Upadhyay  Government College Patna.,,Chhattisgarh
Pt. Kamlapati Tripathi Govt. P.G. College,,Uttar Pradesh
Pt. Kashi Prasad Dixit Shikchhan & Prashikchhan Mahavidyalaya,,Uttar Pradesh
Pt. Kundan Lal Shukla Mahavidyalaya,,Uttar Pradesh
Pt. L.M.S. Govt. P.G. College,,Uttarakhand
Pt. Lalta Prasad Ram Krishan Mahavidyalaya,,Uttar Pradesh
Pt. Laxmi Narayan Memorial Mahavidyalaya,,Uttar Pradesh
Pt. Mahaveer Prasad Tripathi Mahavidyalaya,Mirzapur,Uttar Pradesh
Pt. Manish Sharma Degree College,,Uttar Pradesh
Pt. Mohan S.D. College For Women,,Punjab
Pt. Nagina Smarak Mahavidyalaya,Azamgarh,Uttar Pradesh
Pt. Om Prakash Sharma Mahaivdyalaya,,Uttar Pradesh
Pt. Omkar Nath Degree College,,Uttar Pradesh
Pt. Parashuram Dwivedi Mahavidyalaya,,Uttar Pradesh
Pt. Prannath Kamta Prasad M.V. Mahavidyalaya.,Bara Banki,Uttar Pradesh
Pt. Prithi Nath (PG) College,,Uttar Pradesh
Pt. Purnanand Tewari Government Degree College,Nainital,Uttarakhand
Pt. Purushottam Degree College,,Uttar Pradesh
Pt. Raj Narain Mishra Degree College,,Uttar Pradesh
Pt. Raja Ram Upadhaya Mahavidyalaya,Chitrakoot,Uttar Pradesh
Pt. Rajpati Mahavidyalaya,,Uttar Pradesh
Pt. Ram Adhin Dixit Educational Training Institute,,Uttar Pradesh
Pt. Ram Charitra Mishra Mahavidyalaya,,Uttar Pradesh
Pt. Ram Dutt Shukla Degree College,,Uttar Pradesh
Pt. Ram Komal Dwivedi Degree College,,Uttar Pradesh
Pt. Ram Kripal Dixit Degree College,,Uttar Pradesh
Pt. Ram Kumar Shukl Mahavidyalaya,Allahabad,Uttar Pradesh
Pt. Ram Lakhan Shukla Govt. P.G. College,,Uttar Pradesh
Pt. Ram Narayan Sharma Mahavidyalaya,Pratapgarh,Uttar Pradesh
Pt. Ram Shabd Smriti Mahavidyalaya,Ambedkar Nagar,Uttar Pradesh
Pt. Ramashankar Mishra Mahavidyalaya.,Varanasi,Uttar Pradesh
Pt. Ramesh Chandra Parasnath Mahavidaylaya,Jaunpur,Uttar Pradesh
Pt. Rameswar Bajpai Smriti Mahavidyalaya,,Uttar Pradesh
Pt. Rampravesh Chaubey Mahavidyalaya,Varanasi,Uttar Pradesh
Pt. Rishi Maharaj Mahavidyalaya,,Uttar Pradesh
Pt. S.N. Shukla Govt. College,Shahdol,Madhya Pradesh
Pt. Sahdev Prasad Trivedi Mahavidyalaya,,Uttar Pradesh
Pt. Satya Narayan Dwivedi Smarak Mahavidyalaya,Sultanpur,Uttar Pradesh
Pt. Shanti Bhushan Mahavidyalaya,Varanasi,Uttar Pradesh
Pt. Shivratan Dubey Girls Mahavidyalaya,,Uttar Pradesh
Pt. Shree Chand Sharma Memorial College,,Uttar Pradesh
Pt. Shri Ram Pratap Shukla Mahila Mahavidyalaya,,Uttar Pradesh
Pt. Som Chandra Dwivedi Mahavidyalaya,Kaushambi,Uttar Pradesh
Pt. Sripati Mishra Degree College,,Uttar Pradesh
Pt. Sunderlal Memorial Degree College,,Uttar Pradesh
Pt. Surya Narayan Chaturvedi Mahavidyalaya,,Uttar Pradesh
Pt. Thakur Prasad Tripathi Kishan Mahavidyalaya,,Uttar Pradesh
Pt. Udai jain Mahavidyalaya Jawahar Vidyapeeth,,Rajasthan
Pt. Umashankar Narayan Hari Mahavidyalaya,Hamirpur,Uttar Pradesh
Pt. Vasudev Tiwari Girls Science Degree College,,Uttar Pradesh
PTVA’s Institute of Management,Mumbai,Maharashtra
Pub - Kamrup College,Kamrup,Assam
Pub Dikrong College,Lakhimpur,Assam
Pub Majuli College,Jorhat,Assam
Public College,,Punjab
Public College of Commerce,,Nagaland
Public Degree College,,Uttar Pradesh
Public Girls Degree College,Azamgarh,Uttar Pradesh
Public Khalsa College for Women,,Punjab
Public Mahila Sahar Mahavidyalaya,,Uttar Pradesh
Pujya Bhaurao Devras Mahavidyalaya,,Uttar Pradesh
Pune Julha Mandal's Mamasahib Momol Arts & Commerce College,Pune,Maharashtra
Pune Vidyarthi Griha’s College of Engineering & Shrikrushna S. Dhamankar Institute of Management,Nashik,Maharashtra
Pune Vidyarthi Griha’s College of Engineering and Technology,Pune,Maharashtra
Punjab Institute of Management & Technology,Ludhiana,Punjab
Punjab Sindh Chetra Sadu Mahavidyalaya,,Uttar Pradesh
Puras - Kanpur Haridas Nandi Mahavidyalaya,,West Bengal
Purbanchal College,Dhemaji,Assam
Purbasthali College,Puruliya,West Bengal
Purnea College,,Bihar
Purnea Mahila College,,Bihar
Purnidevi Chowdhury Girls College,,West Bengal
Purnima Ram Pratap Sanskrit Mahavidyalaya,,Bihar
Purnodaya Mahila Mahavidyalaya,Varanasi,Uttar Pradesh
Puroshotam Singh Mahavidyalaya,Sultanpur,Uttar Pradesh
Purushottam Lal Sharma Mahavidyalaya,,Uttar Pradesh
Purushottam Mahavidyalaya,Mau,Uttar Pradesh
Purushottam Shri Ram Degree College,Kanpur Nagar,Uttar Pradesh
Purushottam Thote College of Social Work,,Maharashtra
Purvanchal Degree College,,Uttar Pradesh
Purvanchal Mahila Degree College,Mau,Uttar Pradesh
Purvanchal P.G. College,,Uttar Pradesh
Pushp Institute of Sciences & Higher Studies,,Uttar Pradesh
Pushpa Devi Girls College,Etah,Uttar Pradesh
Pushpanjali College of Education,,Maharashtra
Puthimari College,Kamrup,Assam
Pyare Lal Smarak Mahavidyalaya,,Uttar Pradesh
Pyari Devi Rajit Mahavidyalaya,,Uttar Pradesh
Pydah College,Visakhapatnam,Andhra Pradesh
Pydah College of Engineering,East Godavari,Andhra Pradesh
Pydah College of Pharmacy,East Godavari,Andhra Pradesh
Q. F. Mahavidyalaya,Bara Banki,Uttar Pradesh
QIS College of Engineering & Technology,Prakasam,Andhra Pradesh
QIS College of Pharmacy Vengamukkapalem,Prakasam,Andhra Pradesh
Quality Education and Trainings (Q.E.T.) College,Kashmir,Jammu and Kashmir
Queen Mary's College,,Tamil Nadu
Quiad-E-Millet Government College for Women,,Tamil Nadu
R. B. Madkholkar Mahavidyalaya,,Maharashtra
R. G. Mahavidyalaya,Kanpur Dehat,Uttar Pradesh
R. K. Saha Women’s College,,Bihar
R. Mishra College,,Bihar
R. N. Institute of Modern Management Education & Research Centre,,Uttar Pradesh
R. S. D. Academy,,Uttar Pradesh
R. S. Raj Mahavidyalaya,Jaunpur,Uttar Pradesh
R.A. Podar College of Commerce & Economics,,Maharashtra
R.A.F. Mahila Mahavidyalaya,Mau,Uttar Pradesh
R.A.S. Degree College,Lucknow,Uttar Pradesh
R.B. Attal Arts Science & Commerce College,,Maharashtra
R.B. College,,Bihar
R.B. Degree College,,Uttar Pradesh
R.B. Narayanrao Borwake College,,Maharashtra
R.B. Sagar College of Education,,Gujarat
R.B. Singh Mahavidyalaya,,Uttar Pradesh
R.B.A.N.M.S. First Grade College,,Karnataka
R.B.D. Mahila Mahavidyalaya,,Uttar Pradesh
R.B.G.R. College,,Bihar
R.B.S College of Management & Technology,,Uttar Pradesh
R.B.S. College,Aligarh,Uttar Pradesh
R.B.S. College,,Bihar
R.B.S. College,,Bihar
R.B.S. Mahavidyalaya,Basti,Uttar Pradesh
R.B.S.S. Mahavidyalaya,Rewa,Madhya Pradesh
R.B.V.R.R. Women's College,,Telangana
R.C Sharma Mahavidyalaya,Agra,Uttar Pradesh
R.C. College of Commerce,,Gujarat
R.C. Patel Arts Commerce and Science College,,Maharashtra
R.C. Patel B. Pharmacy College,,Maharashtra
R.C.A. Girls Degree College,,Uttar Pradesh
R.C.C. S. College,,Bihar
R.C.M. Science College,,Odisha
R.C.S Memorial Degree College,Agra,Uttar Pradesh
R.C.S. law College,,Chhattisgarh
R.D. & D.J. College,,Bihar
R.D. Engineering College,,Uttar Pradesh
R.D. Memorial Degree College,Bijnor,Uttar Pradesh
R.D.R.B. Mahavidyalaya,,Uttar Pradesh
R.D.R.P.S. Degree College,,Uttar Pradesh
R.D.S. College,,Bihar
R.D.S. Degree Mahavidyalaya,,Odisha
R.D.S. Mahavidyalaya,Jaunpur,Uttar Pradesh
R.D.S. Public Girls College,,Haryana
R.E.S.E.T. College of Education,Kashmir,Jammu and Kashmir
R.G. Baruah College,Kamrup,Assam
R.G. Kar Medical College,,West Bengal
R.G. Shah Science College,,Gujarat
R.G. Teachers College,,Gujarat
R.G.N.P. Degree College,Bijnor,Uttar Pradesh
R.H. Patel Arts and Commerce College,,Gujarat
R.I.E.T. Vidyapeeth,,Uttar Pradesh
R.I.H.S.,,Odisha
R.J. College of Arts & Science & Commerce,,Maharashtra
R.J. Degree College,,Uttar Pradesh
R.J. Institute of Higher Education,Bulandshahr,Uttar Pradesh
R.J. Mahavidyalaya,Aligarh,Uttar Pradesh
R.J. Tibrewal Commerce College,,Gujarat
R.K. College,,Bihar
R.K. College,Meerut,Uttar Pradesh
R.K. College,,Uttar Pradesh
R.K. College of Education,Jammu,Jammu and Kashmir
R.K. College of Systems & Management,,Uttar Pradesh
R.K. Degree College,Jammu,Jammu and Kashmir
R.K. Gupta Memorial Institute of Technology & Management,,Uttar Pradesh
R.K. Institute of Management and Computer Science,Bangalore,Karnataka
R.K. Mahavidyalaya,Sultanpur,Uttar Pradesh
R.K. Mahila College,,Jharkhand
R.K. Sanatombi Devi College of Education,,Manipur
R.K. Talreja College of Arts Science & Commerce,,Maharashtra
R.K.Arya College,,Punjab
R.K.K. College,Purnia,Bihar
R.K.S.D. College,,Haryana
R.L. College,,Bihar
R.L.S Memorial Degree College,,Uttarakhand
R.L.S. Law College,Davanagere,Karnataka
R.L.S.Y. College,,Bihar
R.L.S.Y. College,,Bihar
R.M. College of Education,Jammu,Jammu and Kashmir
R.M. Devi C.D. Rai College,Rohtas,Bihar
R.M.D. Engineering College,Thiruvallur,Tamil Nadu
R.M.K. College of Engineering and Technology,Thiruvallur,Tamil Nadu
R.M.K. Engineering College,Thiruvallur,Tamil Nadu
R.M.P. Post - Graduate College,,Uttar Pradesh
R.N. College,,Uttar Pradesh
R.N. College,Vaishali,Bihar
R.N. College,,Bihar
R.N. Girls Degree College,,Uttar Pradesh
R.N. Singh Govt. College,Sidhi,Madhya Pradesh
R.N. Singh Mahavidyalaya,Allahabad,Uttar Pradesh
R.N.A.R. College,,Bihar
R.N.C. Arts. J.D.B. Commerce and N.S.C. Science College,,Maharashtra
R.N.C. Mahavidyalaya,Ballia,Uttar Pradesh
R.N.G. Patel Institute of Technology,Surat,Gujarat
R.N.M.M. Law College,,Bihar
R.N.T. College of Teacher Education (S.S),,Rajasthan
R.N.T. Medical College,,Rajasthan
R.P. Degree College,,Uttar Pradesh
R.P. Educational Trust’s R.P. Institute of Hospitality & Management,Palghar,Maharashtra
R.P. Gogate College of Arts Science & R.V.J. College of Commerce,,Maharashtra
R.P. Kanya Mahavidyalaya,,Uttar Pradesh
R.P. Yadav Balika Mahavidyalaya,Sant Kabir Nagar,Uttar Pradesh
R.P. Yadav Mahavidyalaya,,Uttar Pradesh
R.P.A. First Grade College,Bangalore,Karnataka
R.P.M. Degree College,Hatras,Uttar Pradesh
R.P.S. College,,Bihar
R.P.S. College,Patna,Bihar
R.P.S. College,Vaishali,Bihar
R.P.S. SansthanUdaychandpur,,Uttar Pradesh
R.P.S. Teacher’s Training College,Muzaffarnagar,Bihar
R.R. Bawa D.A.V. College For Girls,Gurdaspur,Punjab
R.R. Institute of Technology,,Karnataka
R.R. Lahoti Science College,,Maharashtra
R.R. Lalan College,,Gujarat
R.R. Mahavidyalaya,Pratapgarh,Uttar Pradesh
R.R. Mehta College of Science and C.G. Parek College of CommercePalanpur,,Gujarat
R.R.D.S. Govt. Degree College,West Godavari,Andhra Pradesh
R.R.M. College of Science C.L.P. College of Commerce & G.D. Modi College of Arts,,Gujarat
R.R.M.K. Arya Mahila Mahavidyalaya,,Punjab
R.R.S. College,,Bihar
R.S. Banaras Law College,,Uttar Pradesh
R.S. Bidkar Arts Science & Commerce College,,Maharashtra
R.S. College,,Bihar
R.S. College of Education,Jammu,Jammu and Kashmir
R.S. Degree College,,Uttar Pradesh
R.S. Govt. Degree College,,Uttar Pradesh
R.S. Mahavidyalaya,Muzaffarpur,Bihar
R.S. Mahavidyalaya,,Odisha
R.S. More College,,Jharkhand
R.S. Mundle Dharampeth Arts Commerce & M.P. Dev Science Mahavidyalaya,,Maharashtra
R.S.D. Academy,,Uttar Pradesh
R.S.D. College,,Punjab
R.S.G.U. Degree (P.G.) College,,Uttar Pradesh
R.S.K.D. PG Degree College,,Uttar Pradesh
R.S.M. Degree College,,Uttar Pradesh
R.S.M.P. Degree College,,Uttar Pradesh
R.S.P. College,,Jharkhand
R.S.S. Degree College,,Uttar Pradesh
R.S.S. Mahila College,Sitamarhi,Bihar
R.T.E.S.'S Arts Science & Commerce College,,Karnataka
R.V. Bidap Law College,,Karnataka
R.V. College of Engineering,,Karnataka
R.V. Higher Education and Technical Institute,,Uttar Pradesh
R.V. Institute of Management,Bangalore,Karnataka
R.V. Teachers college,,Karnataka
R.V.P. First Grade College,Tumkur,Karnataka
R.V.R. & J.C. College of Engineering,Guntur,Andhra Pradesh
R.V.S. College,,Madhya Pradesh
R.V.S. College of Engineering & Technology,,Tamil Nadu
R.V.S. College of Engineering and Technology,Dindigul,Tamil Nadu
R.V.V. Mahila College,Muzaffarpur,Bihar
R.V.V.N.  College,Guntur,Andhra Pradesh
RAAK Arts and Science College,Viluppuram,Tamil Nadu
RAAK College of Engineering and Technology,,Puducherry
Raath Mahavidyalaya,,Uttarakhand
Rabiammal Ahamed Maideen College for Women,,Tamil Nadu
Rabindra Bharati Mahavidyalaya,Purba Medinipur,West Bengal
Rabindra Bharati Mahavidyalaya,Purba Medinipur,West Bengal
Rabindra Mahavidyalaya,,West Bengal
Rabindra Satabarsiki Mahavidyalaya,,West Bengal
Rabindranath Thakur Mahavidyalaya,Sepahijala,Tripura
Rabindrasashan Girl's College,Karimganj,Assam
Rachana Sansads Academy of Architecture,Mumbai,Maharashtra
Radha Krishna Kanya Mahavidyalaya,,Uttar Pradesh
Radha Krishna Mahavidyalaya,,Uttar Pradesh
Radha Krishna Mahila Mahavidyalaya,,Uttar Pradesh
Radha Mahavidyalaya,Nagpur,Maharashtra
Radha Raman Mishra Mahavidyalaya,,Uttar Pradesh
Radha Shanta Mahavidyalaya,,Bihar
Radha Umakant Sanskrit Mahavidyalaya,,Bihar
Radhabai Kale Mahila Mahavidyalaya (Arts & Sciences),,Maharashtra
Radhai Mahavidyalaya,,Uttar Pradesh
Radhakrishna Mahavidyalaya,Unnao,Uttar Pradesh
Radhakrishnan Teachers Training College,,Rajasthan
Radhamadhab College,Cachar,Assam
Radhamohan Kisan Majdoor Mahavidyalaya,,Uttar Pradesh
Radhanagari Mahavidyalaya,,Maharashtra
Radhanath Institute of Advance Studies,,Odisha
Radhanath Rath Vigyan Degree Mahavidyalaya,Cuttack,Odisha
Radhey Hari Government P.G. College,,Uttarakhand
Radhika Mahavidyalaya,Gorakhpur,Uttar Pradesh
Raghav Mahavidyalaya,,Uttar Pradesh
Raghav Ram Diwaker Dutt Gyanoday Mahavidyalaya,,Uttar Pradesh
Raghavendra Institute of Pharmaceutical Education & Research (RIPER),Anantapur,Andhra Pradesh
Raghu Engineering College,Visakhapatnam,Andhra Pradesh
Raghu Institute of Technology,Visakhapatnam,Andhra Pradesh
Raghunandan Kishundev Mahavidyalaya,Ghazipur,Uttar Pradesh
Raghunandan Prasad Mandal Degree Mahavidyalaya,,Bihar
Raghunath College,,Odisha
Raghunath Girls Post Graduate College,,Uttar Pradesh
Raghunath Prasad Degree College,Banda,Uttar Pradesh
Raghunathjew College,,Odisha
Raghunathpur College,,West Bengal
Raghuraja Ramgopal Mahavidyalaya,,Uttar Pradesh
Raghuraja Ramgopal Mahavidyalaya,,Uttar Pradesh
Raghuram Mahavidyalaya,,Uttar Pradesh
Raghuvar Dayal Prabhu Dayal Kanya Mahavidyalaya,,Uttar Pradesh
Raghuveer Mahavidyalaya,Jaunpur,Uttar Pradesh
Raghuvir Singh Govt. Degree College,,Uttar Pradesh
Raghuwar Dayal Prabhu Dayal Institute of Higher Education,Bulandshahr,Uttar Pradesh
Raghwendra Sanskrit College,Patna,Bihar
Raha College,Nagaon,Assam
Rahmaniya Degree College,Mau,Uttar Pradesh
Rahul Mahavidyalaya,,Uttar Pradesh
Rai Saheb Bhanwar Singh College,,Madhya Pradesh
Rai Umanath Bali Mahavidyalaya Daryabad,,Uttar Pradesh
Raid Laban College,,Meghalaya
Raidighi College,,West Bengal
Raiganj B.Ed. College,Uttar Dinajpur,West Bengal
Raiganj Surendranath Mahavidyalaya,,West Bengal
Raiganj University College,,West Bengal
Raihan College of Education,Kashmir,Jammu and Kashmir
Railway Degree College,,Telangana
Rainbow Mahila Sansthan,Ghazipur,Uttar Pradesh
Raipur Institute of Technology,,Chhattisgarh
Rairangpur College,,Odisha
Raj Bahadur P.G. College,,Uttar Pradesh
Raj Degree College,Allahabad,Uttar Pradesh
Raj Gaurav Mahavidyalaya,Jaunpur,Uttar Pradesh
Raj Kishor Singh Mahavidyalaya,,Uttar Pradesh
Raj Kumari Amrit Kaur College of Nursing,,Delhi
Raj Narain Pandey P.G. College,,Uttar Pradesh
Raj Narayan Singh Mahavidyalaya,,Uttar Pradesh
Raj Rani Co-Education College,,Rajasthan
Raj Rishi College,,Rajasthan
Raj School of Management Sciences,Varanasi,Uttar Pradesh
Raja Akhand Pratap Mahavidyalaya,Faizabad,Uttar Pradesh
Raja Balwant Singh College,,Uttar Pradesh
Raja Bhaiya Verma Mahavidhyalaya,Jhansi,Uttar Pradesh
Raja Bhoj Government College,Balaghat,Madhya Pradesh
Raja Bhoj Govt. College,,Madhya Pradesh
Raja Birendra Chandra College,Murshidabad,West Bengal
Raja Birendra Kant Singh Mahavidyalaya,,Uttar Pradesh
Raja Devi Bux Singh Awadhraj Singh Mahavidyalaya Evam Prashikshan Sansthan,Gonda,Uttar Pradesh
Raja Devi Degree College,,Uttar Pradesh
Raja Devi Mahila Mahavidyalaya,,Uttar Pradesh
Raja Harishchandra Mahavidyalaya,,Uttar Pradesh
Raja Harpal Singh Degree College,,Uttar Pradesh
Raja Kanh P.G. College,,Uttar Pradesh
Raja Lakhama Gonda Law College,,Karnataka
Raja Lakhamagouda Science Institute,,Karnataka
Raja Madhusudan Dev Degree College of Science & Education,,Odisha
Raja Mohan Girls Degree College,,Uttar Pradesh
Raja Narendralal Khan Women's College,,West Bengal
Raja Pearymohan College,,West Bengal
Raja Raghuraj Singh Degree College,,Uttar Pradesh
Raja Ram Bapu College of Pharmacy,,Maharashtra
Raja Rammohan Roy Mahavidyalaya,,West Bengal
Raja S.P. Singh Degree College,,Uttar Pradesh
Raja shripatrao Bhagwant Rao Mahavidyalaya,,Maharashtra
Raja Singh College,,Bihar
Rajadhani Institute of Engineering and Technology,Thiruvananthapuram,Kerala
Rajagiri College of Social Sciences,,Kerala
Rajagiri Dawood Batcha College of Arts and Science,Thanjavur,Tamil Nadu
Rajagiri School of Engineering & Technology,,Kerala
Rajah Duraisingam Memorial Government College,Sivagangai,Tamil Nadu
Rajah R S R K Rangarao College,Vizianagaram,Andhra Pradesh
Rajah Serfoji Government College,,Tamil Nadu
Rajah's College of Sanskrit & Tamil Studies,,Tamil Nadu
Rajajinagar College of Education,Bangalore,Karnataka
Rajalakshmi Engineering College,Chennai,Tamil Nadu
Rajalakshmi Institute of Technology,Chennai,Tamil Nadu
Rajamahendri Degree & P.G. College for Women,Rajahmundry,Andhra Pradesh
Rajamahendri Institute of Engineering & Technology,,Andhra Pradesh
Rajan Chandrika Mahavidyalaya,Ghazipur,Uttar Pradesh
Rajan College of Womens Education,Mau,Uttar Pradesh
Rajapalayam Raju's College,,Tamil Nadu
Rajarajeswari College of Engineering,Bangalore,Karnataka
Rajarajeswari Dental College & Hospital,Bangalore,Karnataka
Rajarajeswari Medical College & Hospital,Bangalore,Karnataka
Rajaram College,,Maharashtra
Rajaram Smriti Mahavidyalaya,Ghazipur,Uttar Pradesh
Rajarambapu Institute of Technology,,Maharashtra
Rajarshee Shahu Science College,,Maharashtra
Rajarshi Chh. Sahu College,,Maharashtra
Rajarshi Rananjay Sinh Asaldev Mahavidyalaya,,Uttar Pradesh
Rajarshi Shahu Arts and Commerce College,,Maharashtra
Rajarshi Shahu Arts Commerce & Science College,Aurangabad,Maharashtra
Rajarshi Shahu Law College,,Maharashtra
Rajarshi Shahu Mahavidyalaya,,Maharashtra
Rajarshi Shahu Mahavidyalaya,Parbhani,Maharashtra
Rajarshi Shariwahan Degree College,,Bihar
Rajarshi Tandon Mahila Mahavidyalaya,,Uttar Pradesh
Rajasthan Aryan Arts & Shri Mithulaji Kacholiya Commerce & Shri Satyanarayanji Ramkrishanji Rathi Science Mahavidyalaya,,Maharashtra
Rajasthan Mahila Teachers Training College,,Rajasthan
Rajasthan Sangeet Sansthan,Jaipur,Rajasthan
Rajasthan Shiksha Mahavidyalaya,,Rajasthan
Rajasthan Shiksha Prashikshan Vidyapeeth,,Rajasthan
Rajasthan Teacher's Training Collee for Women,,Rajasthan
Rajasthan Vidyapeeth Haribhau Upadhya - Shikshak Mahavidyalaya,,Rajasthan
Rajasthan Vidyapeeth Vijay S.Pathik Sharamjeevi College,,Rajasthan
Rajasthani Sammelan’s Ghanshyamdas Saraf College of Arts & Commerce,,Maharashtra
Rajasthani Sammelan’s Ladhidevi Ramdhar Maheshwari Night College of Commerce,Mumbai,Maharashtra
Rajat Balika Degree College,Ambedkar Nagar,Uttar Pradesh
Rajat College of Education and Management,Lucknow,Uttar Pradesh
Rajat Degree College of Education and Training Institute,Ambedkar Nagar,Uttar Pradesh
Rajat Girl’s Degree College,,Uttar Pradesh
Rajat Mahila Mahavidyalaya,,Uttar Pradesh
Rajat Women’s College of Education & Management,Lucknow,Uttar Pradesh
Rajbahadur Singh Degree College,,Uttar Pradesh
Rajbahadur Singh Smarak Mahavidyalaya,,Uttar Pradesh
Rajbahadur Yadav Mahavidyalaya,Jaunpur,Uttar Pradesh
Rajbaksh Singh Smarak Mahavidyalay,Ambedkar Nagar,Uttar Pradesh
Rajdeep Mahila Mahavidyalaya,Mirzapur,Uttar Pradesh
Rajdei Devi Mahavidyalaya,Azamgarh,Uttar Pradesh
Rajdeo Krishak Mahavidyalaya,,Uttar Pradesh
Rajdhani College,,Delhi
Rajdhani College,,Odisha
Rajdhani Engineering College,,Odisha
Rajdhari Singh Smarak Mahavidyalaya,Ghazipur,Uttar Pradesh
Raje Chhatrapati Kala Mahavidyalaya,,Maharashtra
Raje Ramrao College,,Maharashtra
Rajeev Academy for Technology  Managemetn,,Uttar Pradesh
Rajeev Gandhi College of Education,Raisen,Madhya Pradesh
Rajeev Gandhi College of Management Studies,,Maharashtra
Rajeev Gandhi D.A.V. Mahavidyalaya,,Uttar Pradesh
Rajeev Gandhi Govt. College,,Chhattisgarh
Rajeev Gandhi Govt. College,,Chhattisgarh
Rajeev Gandhi Govt. Post Graduate College,,Chhattisgarh
Rajeev Gandhi Mahavidyalaya,,Uttar Pradesh
Rajeev Gandhi Memorial College of Engineering & Technology,Kurnool,Andhra Pradesh
Rajeev Institute of Technology,Hassan,Karnataka
Rajendra Babu Mahavidyalaya,,Uttar Pradesh
Rajendra College,,Odisha
Rajendra Institute of Medical Sciences,,Jharkhand
Rajendra Kishori B.Ed. College,Siwan,Bihar
Rajendra Mane College of Engineering and Technology,Ratnagiri,Maharashtra
Rajendra Memorial Mahila College,,Bihar
Rajendra Prasad Degree College,,Uttar Pradesh
Rajendra Prasad Mahavidyalaya,Rae Bareli,Uttar Pradesh
Rajendra Prasad Memorial Degree College,Bijnor,Uttar Pradesh
Rajendra Prasad Singh Degree College,Bokaro,Jharkhand
Rajendra Prasad Tara Chand Mahavidyalaya,,Uttar Pradesh
Rajendra Prasad Tripathi Mahavidyalaya,Chandauli,Uttar Pradesh
Rajendra Singh Kamla Devi Mahavidyalaya,Sitapur,Uttar Pradesh
Rajesh Kumar Mahavidyalaya,,Uttar Pradesh
Rajesh Kumar Sadhana Devi Mahavidyalaya,,Uttar Pradesh
Rajesh Pilot Government College,,Rajasthan
Rajeshwar Lal College,,Bihar
Rajeshwar Mahadev Degree College,Ghazipur,Uttar Pradesh
Rajeshwari College of Arts & Science for Women,Viluppuram,Tamil Nadu
Rajeswari Vedachalam Government Arts College,,Tamil Nadu
Rajgad Dnyanpeeth’s College of Pharmacy,Pune,Maharashtra
Rajganj College,Jalpaiguri,West Bengal
Rajganj Degree College,,Jharkhand
Rajindra College,,Bihar
Rajindra Government College,,Punjab
Rajiv Academy For Technology & Management,,Uttar Pradesh
Rajiv Gandhi Arts & Science College,,Puducherry
Rajiv Gandhi College,,Madhya Pradesh
Rajiv Gandhi College of Engineering & Research,Nagpur,Maharashtra
Rajiv Gandhi College of Engineering and Technology,,Puducherry
Rajiv Gandhi Degree College,,Uttar Pradesh
Rajiv Gandhi Degree College,,Uttar Pradesh
Rajiv Gandhi Degree College,Rajahmundry,Andhra Pradesh
Rajiv Gandhi Degree College,,Uttar Pradesh
Rajiv Gandhi Government College,Ambala,Haryana
Rajiv Gandhi Government College for Women,Bhiwani,Haryana
Rajiv Gandhi Institute of Technology,Bangalore,Karnataka
Rajiv Gandhi Institute of Veterinary Education & Research (RIVER),,Puducherry
Rajiv Gandhi Mahavidyalaya,Nanded,Maharashtra
Rajiv Gandhi Mahila Mahavidyalaya,,Uttar Pradesh
Rajiv Gandhi Memorial College,Bongaigaon,Assam
Rajiv Gandhi Memorial College of Education,Jammu,Jammu and Kashmir
Rajiv Gandhi Memorial Government Arts and Science College,Palakkad,Kerala
Rajiv Gandhi Memorial Govt. College,,Himachal Pradesh
Rajiv Gandhi Memorial Mahavidyalaya,,Uttar Pradesh
Rajiv Gandhi Shiksha Mahavidyalaya,,Uttar Pradesh
Rajiv Gandhi Vidyapeeth Mahavidyalaya,,Uttar Pradesh
Rajiv Gandhi Vocational Education & Training College,,Madhya Pradesh
Rajjan Devi Hemant Kumari Mahavidhyalaya,Jalaun,Uttar Pradesh
Rajkali Devi Mahavidyalaya,,Uttar Pradesh
Rajkali Ramashankar Shukla Mahavidyalaya,Pratapgarh,Uttar Pradesh
Rajkeeya Mahavidyalaya,Tehri Garhwal,Uttarakhand
Rajkishore Verma Mahila Mahavidyalaya Shikshan Sansthan,,Uttar Pradesh
Rajkiya Girls Degree College,,Uttar Pradesh
Rajkiya Hadi Rani College,,Rajasthan
Rajkiya Kanya Mahavidyalaya,Shimla,Himachal Pradesh
Rajkiya Laxminath Shastri Sanskrit Mahavidyalaya,,Rajasthan
Rajkiya Mahavidhyalay,Chamoli,Uttarakhand
Rajkiya Mahavidyalaya,,Uttarakhand
Rajkiya Mahavidyalaya,Chamoli,Uttarakhand
Rajkiya Mahavidyalaya,Champawat,Uttarakhand
Rajkiya Mahavidyalaya,Nainital,Uttarakhand
Rajkiya Mahavidyalaya,Garhwal,Uttarakhand
Rajkiya Mahavidyalaya,Almora,Uttarakhand
Rajkiya Mahavidyalaya,,Uttarakhand
Rajkiya Mahavidyalaya,,Uttarakhand
Rajkiya Mahavidyalaya,Pithoragarh,Uttarakhand
Rajkiya Mahavidyalaya,Pithoragarh,Uttarakhand
Rajkiya Mahavidyalaya,Unnao,Uttar Pradesh
Rajkiya Mahavidyalaya,Almora,Uttarakhand
Rajkiya Mahavidyalaya,,Uttarakhand
Rajkiya Mahavidyalaya,,Uttar Pradesh
Rajkiya Mahavidyalaya,,Uttar Pradesh
Rajkiya Mahavidyalaya,Nainital,Uttarakhand
Rajkiya Mahavidyalaya,Chitrakoot,Uttar Pradesh
Rajkiya Mahavidyalaya,,Uttar Pradesh
Rajkiya Mahavidyalaya,Bara Banki,Uttar Pradesh
Rajkiya Mahavidyalaya,,Uttarakhand
Rajkiya Mahavidyalaya,Chandauli,Uttar Pradesh
Rajkiya Mahavidyalaya,Almora,Uttarakhand
Rajkiya Mahavidyalaya,Champawat,Uttarakhand
Rajkiya Mahavidyalaya,Dausa,Rajasthan
Rajkiya Mahavidyalaya,,Uttar Pradesh
Rajkiya Mahavidyalaya,,Uttar Pradesh
Rajkiya Mahavidyalaya,Pithoragarh,Uttarakhand
Rajkiya Mahavidyalaya,,Uttarakhand
Rajkiya Mahavidyalaya,,Uttarakhand
Rajkiya Mahavidyalaya,,Uttar Pradesh
Rajkiya Mahavidyalaya,,Uttarakhand
Rajkiya Mahavidyalaya,,Uttarakhand
Rajkiya Mahavidyalaya,,Uttar Pradesh
Rajkiya Mahavidyalaya,,Uttarakhand
Rajkiya Mahavidyalaya,,Uttarakhand
Rajkiya Mahavidyalaya,,Uttar Pradesh
Rajkiya Mahavidyalaya Chinyalisaur,Uttarkashi,Uttarakhand
Rajkiya Mahavidyalaya Kanvaghati,,Uttarakhand
Rajkiya Mahavidyalaya,,Uttarakhand
Rajkiya Mahavidyalaya,Almora,Uttarakhand
Rajkiya Mahavidyalaya,Nainital,Uttarakhand
Rajkiya Mahila Degree College,,Uttar Pradesh
Rajkiya Mahila Mahavidyalaya,,Uttar Pradesh
Rajkiya Mahila Mahavidyalaya,,Uttar Pradesh
Rajkiya Mahila Mahavidyalaya,,Uttar Pradesh
Rajkiya Mahila Mahavidyalaya,Meerut,Uttar Pradesh
Rajkiya Mahila Mahavidyalaya,Hamirpur,Uttar Pradesh
Rajkiya Mahila Mahavidyalaya,Kannauj,Uttar Pradesh
Rajkiya Mahila Snatakottar Mahavidyalaya,,Uttar Pradesh
Rajkiya Manpuriya Shastri Sanskrit Mahavidyalaya,,Rajasthan
Rajkiya Model Degree College,,Uttar Pradesh
Rajkiya Model Degree College,Saharanpur,Uttar Pradesh
Rajkiya Sanskrit Mahavidyalaya,,Bihar
Rajkiya Shastri Sanskrit Mahavidyalaya,Dhaulpur,Rajasthan
Rajkiya Snatakottar Mahavidyalaya,,Uttarakhand
Rajkiya Snatkottar Mahavidyalaya,Dehradun,Uttarakhand
Rajkiya Vanijiya Kanya Mahavidyalaya,Kota,Rajasthan
Rajkiya Vidhi Mahavidyalaya,Chamoli,Uttarakhand
Rajkiya Vigyan Mahavidyalaya,,Rajasthan
Rajkiya Vithal Nath Acharya Sanskrit College,,Rajasthan
Rajkiye Mahavidyalaya,,Uttarakhand
Rajkot Homoeopathic Medical College,,Gujarat
Rajkumar Kewalramani Kanya Mahavidyalaya,,Maharashtra
Rajmata Jijau Shikshan Prasarak Mandal’s Arts Commerce & Science College,Pune,Maharashtra
Rajmata Scindia Govt. Girls College,,Madhya Pradesh
Rajnath Mahavidyalaya,,Uttar Pradesh
Rajnath Memorial Mahavidyalaya,Ghazipur,Uttar Pradesh
Rajneesh Pratap Singh Mahavidyalaya,Bijnor,Uttar Pradesh
Rajpal Singh Memorial Mahavidyalaya,,Uttar Pradesh
Rajpati Mata Prasad Shikshak Prashikshan Mahila Mahavidyalya,Basti,Uttar Pradesh
Rajshree Institute of Management & Technology,,Uttar Pradesh
Rajshree Institute of Management & Technology,Bareilly,Uttar Pradesh
Rajshri Puroshatam Das Tandon Govt. College,,Uttar Pradesh
Rajsunakhala College,,Odisha
Rakesh P.G. College,,Rajasthan
Rakshpal Bahadur Teachers Training Institute,,Uttar Pradesh
Ram Adhin Mahavidyalaya,,Uttar Pradesh
Ram Awadh Smarak Mahavidyalaya,,Uttar Pradesh
Ram Bachan Singh Rajkiya Mahila Mahavidyalaya,Mau,Uttar Pradesh
Ram Bachan Yadav Mahavidyalaya,,Uttar Pradesh
Ram Bali National Degree College,,Uttar Pradesh
Ram Baran Mahavidyalaya,,Uttar Pradesh
Ram Baran Singh Mahila Mahavidyalaya,Sultanpur,Uttar Pradesh
Ram Bharose Pandey Mahila Degree College,,Uttar Pradesh
Ram Bharose Singh Memorial Degree College,Budaun,Uttar Pradesh
Ram Chameli Chadda Vishwas Girls Degree College,,Uttar Pradesh
Ram Chandra Singh College,,Bihar
Ram Chandra Singh Memorial Degree College,Shahjahanpur,Uttar Pradesh
Ram Chandra Upadhyay Mahavidyalaya,Deoria,Uttar Pradesh
Ram Charan Mahataviya Devi Memorial Mahavidyalaya,Moradabad,Uttar Pradesh
Ram Charitra Chaudhary Mahavidyalaya,Basti,Uttar Pradesh
Ram Chattar Singh Mahavidyalay,Balrampur,Uttar Pradesh
Ram Dayal Singh College,Muzaffarpur,Bihar
Ram Dev P.G. College,,Uttar Pradesh
Ram Devi Girls College,,Uttar Pradesh
Ram Dhani Singh Nohra Devi Govt. Degre College,,Uttar Pradesh
Ram Dihal Singh Mahavidyalaya,Sultanpur,Uttar Pradesh
Ram Dulari Bachchu Lal Jaiswal Mahavidyalaya,,Uttar Pradesh
Ram Dulari Sharda Prasad Indra Bhadra Singh Mahila Mahavidyalaya,,Uttar Pradesh
Ram Girish Rai Mahavidyalaya,,Uttar Pradesh
Ram Gulam Rai P.G. College,,Uttar Pradesh
Ram Harakh Singh Memorial Degree College,,Uttar Pradesh
Ram Jaipal Singh College,,Bihar
Ram Janki Mahavidyalaya,,Uttar Pradesh
Ram Karan Institute of Higher Education,Jaunpur,Uttar Pradesh
Ram Khelawan Jagannath Mahila Mahavidyalaya,,Uttar Pradesh
Ram Khelawan Mahavidyalaya,,Uttar Pradesh
Ram Khelawan Singh Mahavidyalaya,,Uttar Pradesh
Ram Kishore Singh College,,Bihar
Ram Krishan Dwarika College,Patna,Bihar
Ram Krishna Param Hans Mahavidyalaya,,Uttar Pradesh
Ram Krishna Paramhansa Mahavidyalaya,,Maharashtra
Ram Krishna Vidyawati Mahavidyalaya,,Uttar Pradesh
Ram Kumar Yadav Mahavidyalaya,Sultanpur,Uttar Pradesh
Ram Lagan Girls Degree College,Mau,Uttar Pradesh
Ram Lagan Mahavidyalaya,,Uttar Pradesh
Ram Lakhan Degree College,,Uttar Pradesh
Ram Lakhan Mahavidyalaya,Allahabad,Uttar Pradesh
Ram Lakhan Patel Mahavidyalaya,Faizabad,Uttar Pradesh
Ram Lakhan Singh Yadav College,,Jharkhand
Ram Lakhan Singh Yadav College,Paschim Champaran,Bihar
Ram Lakhan Singh Yadav College,Patna,Bihar
Ram Lakhan Singh Yadav College,Patna,Bihar
Ram Lal Anand College,,Delhi
Ram Lalit Singh Mahavidyalaya,,Uttar Pradesh
Ram Lubhai Sahani Government Mahila Degree College,,Uttar Pradesh
Ram Manohar Lohia Mahavidyalaya,,Uttar Pradesh
Ram Milan Maurya Karma Devi Mahila Mahavidyalaya,Ambedkar Nagar,Uttar Pradesh
Ram Murati Mishra Smarak Mahavidyalaya,Ambedkar Nagar,Uttar Pradesh
Ram Murti Singh Mahavidyalaya,Allahabad,Uttar Pradesh
Ram Nagina Kisan P.G. College,,Uttar Pradesh
Ram Nagina Vindhya Mahavidyalay,Sonbhadra,Uttar Pradesh
Ram Narayan Memorial College,,Jharkhand
Ram Naresh Smarak Degree College,Mahrajganj,Uttar Pradesh
Ram Nath Dhananjaya Smarak Mahila Mahavidyalya,,Uttar Pradesh
Ram Nath Mahavidyalaya,,Uttar Pradesh
Ram Nath Singh Mahavidyalaya,,Uttar Pradesh
Ram Nawal Singh Smarak P.G. College,,Uttar Pradesh
Ram Newaj Singh Mahavidyalaya,,Uttar Pradesh
Ram Pal Singh Kanya Mahavidyalaya,Bijnor,Uttar Pradesh
Ram Prasad Degree College,,Uttar Pradesh
Ram Prasad Singh Degree College,,Uttar Pradesh
Ram Pratap Rang Lal Institute of Management and Technology,,Uttar Pradesh
Ram Radhika Mahavidyalaya,Deoria,Uttar Pradesh
Ram Raheem Degree College,Rampur,Uttar Pradesh
Ram Raji Mahavidyalaya,,Uttar Pradesh
Ram Ratan Mahavidyalaya,,Uttar Pradesh
Ram Ratan Singh Memorial Degree College,,Uttar Pradesh
Ram Rekha Rai Ganga Rai Mahila Mahavidyalaya,,Uttar Pradesh
Ram Roop Smarak Mahavidyalaya,,Uttar Pradesh
Ram Sahai Rajkeeya Mahavidyalaya,,Uttar Pradesh
Ram Sajivan Savitri Devi Mahavidyalaya,Bara Banki,Uttar Pradesh
Ram Sajivan Singh College of Law,Kaushambi,Uttar Pradesh
Ram Sajivan Singh Mahavidyalaya,,Uttar Pradesh
Ram Sakal Singh Science College,Sitamarhi,Bihar
Ram Sakhi Ram Nivas Balika Mahavidyalaya,Gorakhpur,Uttar Pradesh
Ram Samujh Mahavidyalaya,,Uttar Pradesh
Ram Samujh Soorsati Degree College,,Uttar Pradesh
Ram Sardar Pandey Smarak Shivpuri Mahavidyalaya,,Uttar Pradesh
Ram Sewak Shivhare Degree College,Banda,Uttar Pradesh
Ram Sewak Yadav Mahavidyalaya,,Uttar Pradesh
Ram Singh Mahavidyalaya,,Uttar Pradesh
Ram Suchit Singh Saraswati Mahavidyalaya,,Uttar Pradesh
Ram Suresh Singh Mahavidyalaya,Mirzapur,Uttar Pradesh
Ram Swaroop Singh Gaur Mahavidyalaya,,Uttar Pradesh
Ram Tahal Choudhary College,Ranchi,Jharkhand
Ram Teerth Chaudhary Mahavidyalaya,,Uttar Pradesh
Ram Ujagir Mahavidyalaya,Ambedkar Nagar,Uttar Pradesh
Ram Vijay Smarak College,,Jharkhand
Ram-eesh Institute of Education,,Uttar Pradesh
Rama Bai Ambedkar Government Degree College,,Uttar Pradesh
Rama Dental College Hospital & Research Center,,Uttar Pradesh
Rama Devi Bajla Mahila Mahavidyalaya,,Jharkhand
Rama Devi Shiv Mangal Prasad Mahavidyalaya,,Uttar Pradesh
Rama Institute of Higher Education,,Uttar Pradesh
Rama Jain Kanya Mahavidyalaya,,Uttar Pradesh
Rama Krishna Institute of Moral & Spiritual Education,Mysore,Karnataka
Rama Krishna Mission Seva Pratishthan Vivekanand Institute of Medical Science,,West Bengal
Rama Krishna Mission Vivekananda Centenary College,,West Bengal
Rama Mahavidyalaya,,Uttar Pradesh
Rama Mahila Degree College,,Uttar Pradesh
Rama Medical College Hospital & Research Centre,Kanpur Nagar,Uttar Pradesh
Rama Nand Singh Mahila Mahavidyalaya,Allahabad,Uttar Pradesh
Rama Shankar Prabha Mahavidyalaya,,Uttar Pradesh
Ramabai Govt. Girls Degree College,,Uttar Pradesh
Ramachandra College of Engineering,West Godavari,Andhra Pradesh
Ramadevi Mahila P.G. Mahavidyalaya,,Rajasthan
Ramadheen Singh Girls Degree College,,Uttar Pradesh
Ramadhin College,,Bihar
Ramadhin Mishra Bhashkarouday,,Bihar
Ramadhin Sanskrit College,,Odisha
Ramaiah College of Law,Bangalore,Karnataka
Ramajee Mahavidyalya,,Odisha
Ramakrishna Mahavidyalaya,,Maharashtra
Ramakrishna Mahavidyalaya,,Uttar Pradesh
Ramakrishna Mission Brahmananda College of Education,,West Bengal
Ramakrishna Mission Vivekanand College,,Tamil Nadu
Ramanand Arya D.A.V. College,,Maharashtra
Ramananda Centenary College,,West Bengal
Ramananda College,,West Bengal
Ramanarayan College,,Odisha
Ramanuj Pratap Degree College,,Uttar Pradesh
Ramanujan College,,Delhi
Ramarpit Mahavidyalaya,Bara Banki,Uttar Pradesh
Ramasamy Tamil College,karaikudi,Tamil Nadu
Ramasharya Shukla Mahavidyalaya,,Uttar Pradesh
Ramautar Gautam Sanskrit College,,Bihar
Rambai Ambedkar Government Degree College,,Uttar Pradesh
Rambeti Dev Narain Bajpai Mahavidyalaya,Hardoi,Uttar Pradesh
Rambhajan Degree College,Mau,Uttar Pradesh
Ramchandi College,,Chhattisgarh
RAMCO Institute of Technology,Virudhunagar,Tamil Nadu
Ramdas Mahavidyalaya,,Uttar Pradesh
Ramdev Degree College,,Uttar Pradesh
Ramdev Institute of Education,Azamgarh,Uttar Pradesh
Ramdev Mahavidyalaya,,Uttar Pradesh
Ramdev Mahavidyalaya  Sirauli Meerganj,Jaunpur,Uttar Pradesh
Ramdev Memorial Mahavidyalaya,,Uttar Pradesh
Ramdev Ramharsh Kishan Mahavidyalaya,,Uttar Pradesh
Ramdev Singh Mahavidyalaya,Jaunpur,Uttar Pradesh
Ramdhan Damodar Mahavidyalaya,Mau,Uttar Pradesh
Ramdhari Chandrabhan Mahavidyalaya,,Uttar Pradesh
Ramdhari Smarak Mahavidyalaya,Mau,Uttar Pradesh
Ramdhyan Mahavidyalaya,Ballia,Uttar Pradesh
Ramdulari Balika Sanskrit College,,Uttar Pradesh
Ramesh Chandra RaoNavtappiMahavidyalaya,,Uttar Pradesh
Ramesh Jha Mahila College,,Bihar
Ramesh Phirodia Educational Trust’s Ramesh Phirodia Arts Commerce and Science College,,Maharashtra
Rameshwar Chethru College,Muzaffarpur,Bihar
Rameshwar Das Agrawal Girls Degree College,,Uttar Pradesh
Rameshwar Mahavidyalaya,Muzaffarpur,Bihar
Rameshwar Prasad College,Banda,Uttar Pradesh
Rameshwar Prasad Law College,Banda,Uttar Pradesh
Rameshwar Shikshan Prasarak Mandal Sonpeth Shri Panditguru Pardikar Mahavidyalaya,,Maharashtra
Rameshwar Yadav Manihari College,,Bihar
Rameshwaram Institute of Education & Training,Lucknow,Uttar Pradesh
Rameshwari Davi Girls College,,Rajasthan
Rameshwari Devi Kanya Mahavidyalaya,,Uttar Pradesh
Rameswardas Pannalal Mahila College,Patna,Bihar
Ramgarh College,,Jharkhand
Ramgarhia College,,Punjab
Ramgarhia College of Education,,Punjab
Ramgarhia Girls College,,Punjab
Ramireddy Subbarami Reddy Engineering College.,,Andhra Pradesh
Ramisht College of Education,Jammu,Jammu and Kashmir
Ramjag Mahavidyalaya,,Uttar Pradesh
Ramjas College,,Delhi
Ramji Assar Vidyalaya’s Laxmichand Golwala College of Commerce & Economics,Mumbai,Maharashtra
Ramji Sahai Degree College,,Uttar Pradesh
Ramkali Mahila Mahavidyalaya,Ghazipur,Uttar Pradesh
Ramkali Motilal Smarak Mahavidyalaya,Kannauj,Uttar Pradesh
Ramkaran Shivkaran Adarsh Mahavidyalaya,Ghazipur,Uttar Pradesh
Ramkishun Singh Mahavidyalaya,Jaunpur,Uttar Pradesh
Ramkrishanagar College,Karimganj,Assam
Ramkrishna Mahato Government Engineering College,Puruliya,West Bengal
Ramkrishna Mahavidyalaya,,Tripura
Ramkrishna Mission Residential College,,West Bengal
Ramkrishna Mission Shiksha Mandir,Hailakandi,West Bengal
Ramkrishna Mission Vidyamandir,,West Bengal
Ramkrishna Sarada Mission Vivekananda Vidyabhavan,,West Bengal
Ramkrushna Mahavidyalaya,,Maharashtra
Ramlakhan Mahavidyalaya,Mau,Uttar Pradesh
Ramlakhan Singh Yadav College,,Jharkhand
Ramlal Hardevi Smriti Mahavidyalaya,Kanpur Nagar,Uttar Pradesh
Rammohan College,,West Bengal
Rammurat Mahila Mahavidyalaya,Ghazipur,Uttar Pradesh
Ramnagar College,,West Bengal
Ramnagar Degree College,Bara Banki,Uttar Pradesh
Ramnarain Ruia College,Mumbai,Maharashtra
Ramnarayan Yadav Memorial College,Hazaribagh,Jharkhand
Ramnath Guljarilal Kedia College of Commerce (Marwadi Commerce College),Hyderabad,Telangana
Rampal Bitana Devi Mahavidyalaya,Fatehpur,Uttar Pradesh
Rampal Maurya College,Fatehpur,Uttar Pradesh
Rampurhat College,Birbhum,West Bengal
Ramraj Singh Jaisraj Singh Mahavidyalaya,,Uttar Pradesh
Ramraji Devi Mahila Mahavidyalaya,Azamgarh,Uttar Pradesh
Ramrao Zanak Arts & Commerce College,Washim,Maharashtra
Ramrati Patel Mahavidyalaya,Allahabad,Uttar Pradesh
Ramrup Prasad College,Patna,Bihar
Ramsaday College,Idukki,West Bengal
Ramsamujh Gurukul Mahavidyala,Unnao,Uttar Pradesh
Ramsevak Shivhare Institute of Law,Banda,Uttar Pradesh
Ramsunder Pandey Mahavidyalaya,,Uttar Pradesh
Ramthakur College,,Tripura
Ramvati Memorial Degree College,,Uttar Pradesh
Ramwati Rajbahadur Degree College,,Uttar Pradesh
Ramwati Rajbahadur Law College,Etawah,Uttar Pradesh
Ramyash Mahavidyalaya,,Uttar Pradesh
Ran Bahadur Manik Raji Mahavidyalaya,Jaunpur,Uttar Pradesh
Rana Shiksha Shivir (P.G.) College,,Uttar Pradesh
Ranaghat College,,West Bengal
Ranapratap Post Graduate College,,Uttar Pradesh
Ranbahadur Mahavidyalaya,Azamgarh,Uttar Pradesh
Ranchi College,,Jharkhand
Ranchi Women's College,,Jharkhand
Randhir Singh Bhadoria College,,Maharashtra
Rang Frah. Govt. College,,Arunachal Pradesh
Rangachachi College,Jorhat,Assam
Ranganathan Engineering College,,Tamil Nadu
Rangapara College,Sonitpur,Assam
Rangaraya Medical College,East Godavari,Andhra Pradesh
Rangyiya College,Kamrup,Assam
Rani Ahilliyabai Holkar Government Degree College,,Uttar Pradesh
Rani Anna Government College for Women,Tirunelveli,Tamil Nadu
Rani Avantibai Lodhi Institute of Higher Education,Firozabad,Uttar Pradesh
Rani Birla Girls College,Kolkata,West Bengal
Rani Chandra Prabha Mahavidyalaya,Fatehpur,Uttar Pradesh
Rani Dhanyakumari College,Murshidabad,West Bengal
Rani Dharm Kunwar Government Degree College,Hardwar,Uttarakhand
Rani Durgavati Govt. P.G. College,Mandla,Madhya Pradesh
Rani Durgawati Shaskiya Mahavidyalaya,Balaghat,Madhya Pradesh
Rani Ganesh Kunwari Degree College,Sultanpur,Uttar Pradesh
Rani Indirabai Bhonsle Mahavidyalaya,Nagpur,Maharashtra
Rani Laxmibai Mahavidyalaya,Jalgaon,Maharashtra
Rani Laxmibai Mahila Mahavidyalaya,Nagpur,Maharashtra
Rani Neelima Kumari Mahila Mahavidyalaya,Pratapgarh,Uttar Pradesh
Rani Parvati Devi College of Arts & Commerce,Belgaum,Karnataka
Rani Sukadei Mahila Degree Mahavidyalaya,Cuttack,Odisha
Rani Sushma Devi Mahila Mahavidyalaya,Sultanpur,Uttar Pradesh
Ranibai Agnihotri Sharirik Shikshan Mahavidyalaya,Wardha,Maharashtra
Raniganj Girls College,,West Bengal
Ranippettai Engineering College,,Tamil Nadu
Ranjeet Singh Mahavidyalaya,Etawah,Uttar Pradesh
Ranjit College of Education,Jammu,Jammu and Kashmir
Ranjit Singh Institute of Education and Technology,,Uttar Pradesh
Ranpur Degree College,,Odisha
Ranveer Neelam Mahavidyalaya,,Uttar Pradesh
Ranveer Singh Shyam Singh Mahavidyalaya,,Uttar Pradesh
Ranvir Rannjaya Post - Graduate College,,Uttar Pradesh
Rao Abhay Singh College of Education,,Haryana
Rao Bahadur Y. Mahabaleshwarappa Engineering College,,Karnataka
Rao Birender Singh College of Education,,Haryana
Rao Lal Singh College of Education,,Haryana
Rao Pahlad Singh Degree College,,Haryana
Rao Pratap Singh College,,Madhya Pradesh
Rao’s College of Pharmacy,,Andhra Pradesh
Raosaheb Gogate College of Commerce and Smt. Saraswati Ganshet Walke College of Arts,,Maharashtra
Rashida Begum Muslim Mahavidyalaya,,Uttar Pradesh
Rashtrakavi Maithalishran Gupt Mahavidyalaya,,Uttar Pradesh
Rashtrakavi Maithili Sharan Gupt College of Education.,Jhansi,Uttar Pradesh
Rashtrapita Mahatma Gandhi Arts & Science College,Chandrapur,Maharashtra
Rashtrapita Mahatma Gandhi Arts and Commerce College,,Maharashtra
Rashtrapita Mahatma Gandhi Arts Commerce & Science College,,Maharashtra
Rashtrasant Tukdoji College,,Maharashtra
Rashtraveer Nihalarati College of Commerce and Management,Varanasi,Uttar Pradesh
Rashtriya Degree College,,Uttar Pradesh
Rashtriya Degree College,,Uttar Pradesh
Rashtriya Kathak Sansthan,,Uttar Pradesh
Rashtriya Sahakari Shikshan Prasarak Mandal Ltd. Chalisgaon Dist. Jalgaon Sanstha’s Nanasaheb Yashavantrao Narayanrao Chavan Arts Science & Commerce College,,Maharashtra
Rashtriya Shikshan Prasarak Mandal Beed’s Lokmanya Tilak Mahavidyalaya,,Maharashtra
Rashtriya Shikshan Sanstha’s Swami Vivekanand (Night) College of Arts & Commerce,Thane,Maharashtra
Rasik Bihari Mahavidyalaya,Bahraich,Uttar Pradesh
Ratan Sen Degree College,,Uttar Pradesh
Rathanavel Subramaniam College of Arts & Science,Sulur,Tamil Nadu
Rathinam College of Arts and Science,Coimbatore,Tamil Nadu
Rathinam Technical Campus,,Tamil Nadu
Ratnam College of Arts Science Commerce,,Maharashtra
Ratnam Institute of Pharmacy,,Andhra Pradesh
Ratnapeeth College,Dhubri,Assam
Ratnapith College,Dhubri,Assam
Rattan Institute of Technology & Management,,Haryana
Ravenshaw College,,Odisha
Ravenshaw Morning College,,Odisha
Raver Parisar Shikshan Prasarak Mandal's Shri Vitthalrao Shankarrao Naik Arts Commerce and Science College,,Maharashtra
Ravikant Ragit Prashaskiya Mahavidyalaya,Nagpur,Maharashtra
Ravindra College,,Madhya Pradesh
Ravindra College of Engineering for Women,Kurnool,Andhra Pradesh
Ravindra Kishore Shahi Govt. College,,Uttar Pradesh
Ravindra Singh Samark Mahavidyalaya,,Uttar Pradesh
Ravindranath Tagore College of Arts Science and Commerce,Nagpur,Maharashtra
Ravindranath Tagore P.G. College,,Rajasthan
Rayagada College,,Odisha
Rayalaseema College of Physical Education,Y.S.R.,Andhra Pradesh
Rayapati Venkata Ranga Rao College of Education,Guntur,Andhra Pradesh
Rayat Shikshan Sanstha's Mahatma Phule Mahavidyalaya,Pune,Maharashtra
Rayat Shikshan Sanstha’s Annasaheb Awate Arts Commerce & Hutatma Babu Genu Science College,Pune,Maharashtra
Rayat Shikshan Sanstha’s Karmaveer Bhaurao Patil College of Engineering,Satara,Maharashtra
Rayat Shikshan Sanstha’s Karmveer Bhaurao Patil College,,Maharashtra
Rayat Shikshan Sanstha’s Dr. Babasaheb Ambedkar College,Pune,Maharashtra
Rayburn College,,Manipur
Raziya Smarak Mahila Mahavidyalaya.,Mau,Uttar Pradesh
RBVRR Women’s College of Pharmacy,Hyderabad,Telangana
RCC Institute of Information Technology,,West Bengal
RDO College of Nursing,Imphal West,Manipur
Regency Teachers Training College,,Uttar Pradesh
Regional College,,Odisha
Regional College,,Manipur
Regional College of Education,,Madhya Pradesh
Regional College of Management,,Odisha
Regional College of Physical Education,,Tripura
Regional College of Professional Studies & Research,Bareilly,Uttar Pradesh
Regional Degree College,,Odisha
Regional Engineering College,,Tamil Nadu
Regional Engineering College,,Odisha
Regional Engineering College,,Himachal Pradesh
Regional Engineering College,,Kerala
Regional Institute of Education,Mysore,Karnataka
Regional Institute of Education,,Rajasthan
Regional Institute of Education,,Odisha
Regional Institute of Medical Sciences,,Manipur
Regional Institute of Paramedical and Nursing Sciences (RIPANS),,Mizoram
Regional Medical Research Centre (Indian Council of Medical Research),,Andaman and Nicobar Islands
Rehmat-e-Alam College of Education,Kashmir,Jammu and Kashmir
Reliable Institute of Management and Technology,Ghaziabad,Uttar Pradesh
Remuna Degree College,,Odisha
Renaissance College of Commerce & Management,Indore,Madhya Pradesh
Rengam Subansiri College,Lakhimpur,Assam
Renu Mahavidyalaya,,Madhya Pradesh
Renuka College,,Maharashtra
Repalle Christian College,Guntur,Andhra Pradesh
Reshami Degree College,Mau,Uttar Pradesh
Reshmi Mahila Mahavidyalaya,Ghazipur,Uttar Pradesh
Rev. Jacob Memorial Christian College,,Tamil Nadu
Revataa Sarvajanik Education College,,Gujarat
Ri-Bhoi College,Ribhoi,Meghalaya
RIMT College of Education,,Punjab
Rimuli College,,Odisha
Rise Krishna Sai Gandhi,Prakasam,Andhra Pradesh
Rise Krishna Sai Prakasam Group of Institutions,Prakasam,Andhra Pradesh
Rishi Aurobindo Institute of Teacher Education.,Paschim Medinipur,West Bengal
Rishi Bal Mahavidyalaya,Moradabad,Uttar Pradesh
Rishi Bankim Chandra College,,West Bengal
Rishi Bankim Chandra College for Women,,West Bengal
Rishi Bankim Chandra Evening College,,West Bengal
Rishi Dayaram and Seth Hassaram National College and Seth Wassiamull Assomull Science College,,Maharashtra
Rishi Galav Degree College,,Madhya Pradesh
Rishi Ram Naresh Krishak Mahavidyalaya,,Uttar Pradesh
Rishi Sanskrit College,,Uttarakhand
Rishiraj Singh Mahavidyalay,Sultanpur,Uttar Pradesh
Rishiraj Singh Mahavidyalaya,,Uttar Pradesh
Rishishwar Mahavidyalaya,,Madhya Pradesh
Ritambhara Vishva Vidyapeeth’s Malini Kishor Sanghvi College of Commerce and Economics,,Maharashtra
Riward Mahavidyalaya,,Uttar Pradesh
Rizvi Education Society's Rizvi College of Arts Science & Comm.,,Maharashtra
RJS First Grade College,,Karnataka
RK College of Engineering,,Andhra Pradesh
RKG Educational College,Lucknow,Uttar Pradesh
RNS First Grade College,Bangalore,Karnataka
RNS Institute of Technology,,Karnataka
Roda Mistry College of Social Work & Research Centre,,Telangana
Roever College of Engineering & Technology,Perambalur,Tamil Nadu
Roever Engineering College,Perambalur,Tamil Nadu
Rohini College of Engineering and Technology,Kanyakumari,Tamil Nadu
Rohit Memorial Degree College,,Uttar Pradesh
Rohtas Mahila College,,Bihar
Rosario College of Management Studies,,Karnataka
Rosary College of Commerce and Arts,,Goa
Roshan Lal Institute of Science & Technology,,Uttar Pradesh
Roshan Singh Badan Singh Gaytri Mahavidyalaya,,Uttar Pradesh
Roshan Singh Chauhan Smarak Mahavidyalaya,,Uttar Pradesh
Rotary Institute of Management & Technology,,Uttar Pradesh
Rourkela Institute of Management Studies,,Odisha
Rourkela Law College,,Odisha
Rouzathul Uloom Arabic College,,Kerala
Royal Academy of Law,,Manipur
Royal College,Rajnandgaon,Chhattisgarh
Royal College of Education,Sitapur,Uttar Pradesh
Royal College of Law,Ghaziabad,Uttar Pradesh
Royal Educational Institute,,Uttar Pradesh
Royal Heritage College of Education,Vaishali,Bihar
Royal Prudence Degree College,,Uttar Pradesh
RTE Society's Rural Engineering College,,Karnataka
RTE Society’s Rural Engineering College,,Karnataka
Rudauli Degree College,,Uttar Pradesh
Rudauli Educational Institute  Saraipeer,,Uttar Pradesh
Rudra College of Law,Meerut,Uttar Pradesh
Rudra Institute of Technology,Meerut,Uttar Pradesh
Rudragouda Patil Govt. First Grade College,,Karnataka
Rudras College,Aligarh,Uttar Pradesh
Rukasen College,Karbi Anglong,Assam
Rukmadevi Pannalal Laddha Maheshwari College,,Madhya Pradesh
Rukmini Devi Asharfi Lal Verma Shikshan Evam Prashikshan Sansthaan,Basti,Uttar Pradesh
Rukmini Devi Chilika Mahavidyalaya,,Odisha
Ruma Mahavidyalaya,,Uttar Pradesh
Rungta College of Engineering & Technology,,Chhattisgarh
Rungta College of Engineering & Technology,Raipur,Chhattisgarh
Rungta College of Pharmaceutical Sciences & Research,,Chhattisgarh
Rungta Engineering College,Raipur,Chhattisgarh
Rupahi College,Nagaon,Assam
Rural  B.Ed. College,,Karnataka
Rural College of Education,,Haryana
Rural Developments Society’s Bachelor of Social Work College,,Karnataka
Rural Foundation Nandurbar Sanchalit Senior Science College,Nandurbar,Maharashtra
Rural Foundation Nandurbar Sanchalit Senior Science College,Nandurbar,Maharashtra
RV Institute of Technology and Management Karnataka,,Karnataka
RVS Institute of Management Studies,Coimbatore,Tamil Nadu
RVS Technical Campus-Coimbatore,Coimbatore,Tamil Nadu
Ryat Shikshan Sanstha's Arts Science and Commerce College,,Maharashtra
S. Chandra Mahila Mahavidyalaya,Gondiya,Maharashtra
S. Jawad Ali Imamdra Girls Degree College,,Uttar Pradesh
S. K. N. R. Govt. Arts & Sccience College,,Telangana
S. Kula Women's College,Bishnupur,Manipur
S. M. C. C. Government College,,Rajasthan
S. Nijalingappa Sugar Institute College of B.Sc. (Sugar Science & Technology),Belgaum,Karnataka
S. Sinha College,,Bihar
S. Veerasamy Chettiar College of Engineering and Technology,,Tamil Nadu
S.A. Engineering College,Chennai,Tamil Nadu
S.A. Jain College,,Haryana
S.A.J. College of Arts & Commerce College,Pune,Maharashtra
S.A.S. Govt. Degree College,West Godavari,Andhra Pradesh
S.A.S. SNDP Yogam College,,Kerala
S.A.V. Acharya Institute of Management Studies,Raigarh,Maharashtra
S.B. Arts & K.C.P. Science College,,Karnataka
S.B. City College,,Maharashtra
S.B. College,,Bihar
S.B. College of Law Noorpur Road,Bijnor,Uttar Pradesh
S.B. Deorah College,Kamrup,Assam
S.B. Education Society's College of Arts & Commerce,,Maharashtra
S.B. Garda College (Arts) and P.K. Patel College of Commerce,,Gujarat
S.B. Jain Institute of Technology Management & Research,Nagpur,Maharashtra
S.B. Khade Mahavidyalaya,,Maharashtra
S.B.C. First Grade College for Women,Davanagere,Karnataka
S.B.D. Government College,,Rajasthan
S.B.D.T. College,,Rajasthan
S.B.E.S. College of Science,,Maharashtra
S.B.J. Degree College,,Uttar Pradesh
S.B.M.S. College,Kamrup,Assam
S.B.R. Government Women's College,,Odisha
S.B.R.R. Mahajana First Grade College,Mysore,Karnataka
S.B.S. Government College,Dakshin Dinajpur,West Bengal
S.B.S.S.P.S.J. College,,Jharkhand
S.C. Mutha Aryangala Vaidyak Mahavidyalaya,,Maharashtra
S.C.A. Patel Arts College,,Gujarat
S.C.D. Government College,,Punjab
S.C.I.M. Govt. College,West Godavari,Andhra Pradesh
S.C.N.R. Govt. College,Y.S.R.,Andhra Pradesh
S.C.S. Morning College,,Odisha
S.D. Arts & Shah B.R. Commerce College,,Gujarat
S.D. Bhadawar Degree College,,Uttar Pradesh
S.D. College,,Haryana
S.D. College,,Uttar Pradesh
S.D. College,,Punjab
S.D. College,,Chhattisgarh
S.D. College,,Punjab
S.D. College for Women,,Punjab
S.D. College For Women,,Punjab
S.D. College of Commerce,,Uttar Pradesh
S.D. College of Management Studies,,Uttar Pradesh
S.D. College of Pharmacy and Vocational Studies,Muzaffarnagar,Uttar Pradesh
S.D. Girls Degree College,Muzaffarnagar,Uttar Pradesh
S.D. Government College,,Rajasthan
S.D. Jain Girls’ College,,Nagaland
S.D. Kanya Mahavidyalaya,,Punjab
S.D. Mahila Mahavidyalaya,,Haryana
S.D. Mahila Mahavidyalaya,,Haryana
S.D. Shethia College of Education,,Gujarat
S.D.G.S. College,Anantapur,Andhra Pradesh
S.D.J. P.G. College,,Uttar Pradesh
S.D.M. College of Arts Science & Commerce,,Karnataka
S.D.M. College of Engineering and Technology,,Karnataka
S.D.M. Institute of Technology,Dakshina Kannada,Karnataka
S.D.M. Trust’s S.D.M. College of Education,Bagalkot,Karnataka
S.D.P. College for Women,,Punjab
S.D.P.T. First Grade College,,Karnataka
S.D.S. College of Arts & Applied Sciences,Vizianagaram,Andhra Pradesh
S.D.S. Degree College,,Uttar Pradesh
S.D.S. Degree College,,Uttar Pradesh
S.D.V.S. Sangh's S.S. Arts College & T.P. Science Institute,,Karnataka
S.D.V.S. Sangha's Shri L.K. Khot College of Commerce,,Karnataka
S.E.A. College of Engineering & Technology,Bangalore,Karnataka
S.E.A. College of Science Commerce & Arts,Bangalore,Karnataka
S.E.S'S Arts Science & Commerce College,,Karnataka
S.E.S. College,,Kerala
S.G. Govt. Degree College,Chittoor,Andhra Pradesh
S.G.A.D. Government College,,Punjab
S.G.C.S.R. Degree College,Srikakulam,Andhra Pradesh
S.G.G.S. College,Patna,Bihar
S.G.G.S. Khalsa College,,Punjab
S.G.J. Quaderia College,,Madhya Pradesh
S.G.M. Institute of Management,,Uttar Pradesh
S.G.N. Khalsa College,,Rajasthan
S.G.R Education Foundation G.H. Raisoni College of Engineering & Management,Ahmadnagar,Maharashtra
S.G.R. Mahavidyalaya,,Uttar Pradesh
S.G.R.G. Arts & Shri Yap Commerce College,,Karnataka
S.G.S. Arts College,Chittoor,Andhra Pradesh
S.G.T.B. Khalsa College,,Delhi
S.G.V.V.T's Shree Gavisiddheshwar Arts Science and Commerce College,,Karnataka
S.H.B.M. Adarsh College,,Rajasthan
S.I.E. Society's College of Arts Science & Commerce,,Maharashtra
S.I.E.S. (Nerul) College of Arts Science & Commerce,,Maharashtra
S.I.E.S. College of Management Studies,,Maharashtra
S.I.M. Home Science Siksha Niketan,,Rajasthan
S.I.V.E.T. College,,Tamil Nadu
S.I.W.S. N.R. Swamy College of Commerce & Economics and Smt. Thirumalai College of Science,Mumbai,Maharashtra
S.J. Law College,Kanpur Nagar,Uttar Pradesh
S.J. Mahavidyalaya,,Uttar Pradesh
S.J.M. College of Pharmacy,Chitradurga,Karnataka
S.J.M. First Grade College of Arts & Commerce,,Karnataka
S.J.M. Women's College,,Karnataka
S.J.M.V. Arts & Commerce College for women,,Karnataka
S.J.M.V. Sangha’s Business Administration College for Women,,Karnataka
S.J.M.V.P.S. Bajss Arts and Commerce College for Women (Manvi Building),,Karnataka
S.J.R. College For Women,,Karnataka
S.K. Bage College,,Jharkhand
S.K. College,,Uttar Pradesh
S.K. Govt. College,,Haryana
S.K. Mahila College,,Bihar
S.K. Mahila Mahavidyalaya,Mirzapur,Uttar Pradesh
S.K. Patil Sindhudurg Mahavidyalaya,,Maharashtra
S.K. Roy College,Hailakandi,Assam
S.K. Somaiya College of Arts Science & Commerce,,Maharashtra
S.K. Veerasalingam Theistic College,East Godavari,Andhra Pradesh
S.K.B.R. College,East Godavari,Andhra Pradesh
S.K.C.G. College,,Odisha
S.K.D.M. Institute of Education,Moradabad,Uttar Pradesh
S.K.G.N. Degree College,,Uttar Pradesh
S.K.P. Govt. College,Anantapur,Andhra Pradesh
S.K.R. & S.K.R. Govt. College for Women,Y.S.R.,Andhra Pradesh
S.K.R. College,,Bihar
S.K.R. Govt. Degree College,Sri Potti Sriramulu Nellore,Andhra Pradesh
S.K.R.B.R. College,Guntur,Andhra Pradesh
S.K.S.C. Degree College,Y.S.R.,Andhra Pradesh
S.K.S.D. Mahila Kalasala,West Godavari,Andhra Pradesh
S.K.S.S. Arts College,,Tamil Nadu
S.K.U.B. Samiti (Dabhoi) Arts &  Smt. N.C. Zaveri Commerce College,,Gujarat
S.K.V.P. Samiti's Arts Science and Commerce College,,Karnataka
S.Krishnarajendra Silver Jubliee Tech. Instt.,,Karnataka
S.L. Bawa D.A.V. College,,Punjab
S.L. Education Institute,Moradabad,Uttar Pradesh
S.L.N. College of Arts & Commerce,,Karnataka
S.M. Bhandari Arts R.R. Bhandari Commerce & S.K.R. Science College,,Karnataka
S.M. Bhoomaraddi Arts and Commerce College,,Karnataka
S.M. Bhoomraddi Arts Sci. Commerce First Grade College,,Karnataka
S.M. College,,Uttar Pradesh
S.M. Degree College,,Uttar Pradesh
S.M. Iqbal College of Education,Kashmir,Jammu and Kashmir
S.M. Joshi College,Pune,Maharashtra
S.M. Patel College of Home Science,,Gujarat
S.M. Patel Institute of Commerce,,Gujarat
S.M.B. Government College,,Rajasthan
S.M.B.T. Ayurved College and Hospital,Nashik,Maharashtra
S.M.B.T. College of Physiotherapy,Nashik,Maharashtra
S.M.B.T. Institute of Nursing,Nashik,Maharashtra
S.M.B.T. Sevabhavi Trust S.M.B.T. College of Pharmacy,Nashik,Maharashtra
S.M.B.T.A.V. & S.N. Degree College,West Godavari,Andhra Pradesh
S.M.D. College,Patna,Bihar
S.M.D. Patel Mahavidyalaya,,Uttar Pradesh
S.M.D.R.S.D. College,,Punjab
S.M.Government Women’s College,,Odisha
S.M.J.N. (P.G.) College,,Uttarakhand
S.M.M. Government Girls College,,Rajasthan
S.M.R.D. P.G. College,,Uttar Pradesh
S.M.R.J. Government College,Bhiwani,Haryana
S.M.S. Mahavidyalaya,Mathura,Uttar Pradesh
S.M.S.G. College,,Bihar
S.N. College,,Kerala
S.N. College,,Odisha
S.N. Degree College,,Uttar Pradesh
S.N. Girls Degree (PG) College,,Uttar Pradesh
S.N. Mahavidyalaya,Mainpuri,Uttar Pradesh
S.N. Medical College,,Uttar Pradesh
S.N. Sinha College,,Bihar
S.N. Sinha College,,Bihar
S.N. Sinha College,,Bihar
S.N.B.T. Degree College for Women,Guntur,Andhra Pradesh
S.N.D.T. Arts and Commerce College for Women,Pune,Maharashtra
S.N.D.T. College of Arts And Srecwati Chaupabe Bhogital College of Comm. Econoics For Women,,Maharashtra
S.N.D.T. College of Education,Pune,Maharashtra
S.N.D.T. College of Home Science,Pune,Maharashtra
S.N.G. Degree College,,Chhattisgarh
S.N.K.P. Government College,,Rajasthan
S.N.M. College,,Kerala
S.N.M. Training College,,Kerala
S.N.R. Telang N.E.S. College,,Madhya Pradesh
S.N.S. College,Purbi Champaran,Bihar
S.N.S. College of Pharmacy,,Bihar
S.N.S. Girls Degree (PG) College,,Uttar Pradesh
S.N.S. Institute of Nursing Science,,Bihar
S.N.S.Y. Degree College,,Bihar
S.N.V.V.Society’s Sri Gangadhar Swamy Viraktamath Arts College,,Karnataka
S.P. Arts & Commerce College,,Maharashtra
S.P. College,,Uttar Pradesh
S.P. College,Sirohi,Rajasthan
S.P. Jain College,,Bihar
S.P. Mahila College,,Jharkhand
S.P. Mahila Mahavidyalaya,Kannauj,Uttar Pradesh
S.P. Mandal's Arts and Commerce College,,Karnataka
S.P. Mandal's Arts and Science College,,Karnataka
S.P. Memorial Institute of Technology,,Uttar Pradesh
S.P. More Dnyanam Annam Foundation Panvel Sanchalit S.P. More College of Arts Commerce & Science,raigad,Maharashtra
S.P. Rajendra College of Physical Education,,Karnataka
S.P.B. English Medium College of Commerce,,Gujarat
S.P.D.M. Arts S.B.B. & S.H.D. Commerce & S.M.A. Science College,,Maharashtra
S.P.K. Mahavidyalaya,,Maharashtra
S.P.M. Government College,Jodhpur,Rajasthan
S.P.M. Science & Gilani Arts & Commerce College,,Maharashtra
S.P.M.H. Kalasala,Krishna,Andhra Pradesh
S.P.M.L.T.M. Arts & Commerce College,,Maharashtra
S.P.S. Degree College,Aligarh,Uttar Pradesh
S.P.S. Janta College,Yamunanagar,Haryana
S.P.U. College,,Rajasthan
S.R. & B.G.N.R. Govt. Arts & Science College,,Telangana
S.R. & G.N.R. Arts & Science (Evening College),,Telangana
S.R. College of Law,Ghaziabad,Uttar Pradesh
S.R. Degree College,Gorakhpur,Uttar Pradesh
S.R. Degree College,,Uttar Pradesh
S.R. Engineering College,,Telangana
S.R. Government College For Women,,Punjab
S.R. Govt. Arts and Science College,,Telangana
S.R. Kanti Education College,,Karnataka
S.R. Malage Arts College,,Karnataka
S.R. Singh R.B. Singh Mahavidyalaya,,Uttar Pradesh
S.R.A.P. College,Purbi Champaran,Bihar
S.R.B.D. Degree College,,Uttar Pradesh
S.R.C.B. Medical College,,Odisha
S.R.D. College,,Uttar Pradesh
S.R.J. Govt. Girls College,,Madhya Pradesh
S.R.K. College of Education,Raichur,Karnataka
S.R.K. Goenka College,Sitamarhi,Bihar
S.R.K. Post - Graduate College,,Uttar Pradesh
S.R.M. Arts and Science College,,Tamil Nadu
S.R.N. Memorial College of Applied Science F.G. College,,Karnataka
S.R.P.A. Adarsh Bhartiya College,,Punjab
S.R.R. & C.V.R. Govt. Degree College,Krishna,Andhra Pradesh
S.R.R. Govt. Arts & Science College,,Telangana
S.R.R. Govt. Arts & Science College (Evening),,Telangana
S.R.T. College,Godda,Jharkhand
S.R.V.B.S.J.B. Maharanee College,East Godavari,Andhra Pradesh
S.S Duraisamy Nadar Mariammal College,,Tamil Nadu
S.S. College,Cachar,Assam
S.S. College,,Bihar
S.S. College,,Bihar
S.S. College,,Uttar Pradesh
S.S. College of Computer & Professional Studies,,Madhya Pradesh
S.S. Degree College,Hardoi,Uttar Pradesh
S.S. Dempo College of Commerce & Economics,,Goa
S.S. Education Trust’s S.G. Balekundri Institute of Technology,,Karnataka
S.S. Educational Institute,,Uttar Pradesh
S.S. Girls College,,Maharashtra
S.S. Jain Subodh College P. G. College,Jaipur,Rajasthan
S.S. Jain Subodh Mahila T.T. College,,Rajasthan
S.S. Khuba's Basaveshwar College of Arts & Science,,Karnataka
S.S. Law College,,Karnataka
S.S. Mahavidyalaya,,Uttar Pradesh
S.S. Memorial (P.G.) College,,Uttar Pradesh
S.S. Memorial College,,Jharkhand
S.S. Memorial Mahavidyalaya,Firozabad,Uttar Pradesh
S.S. Memorial Mahavidyalaya,Etawah,Uttar Pradesh
S.S. Patel College of Physical Education,,Gujarat
S.S. Singh Mahavidyalaya,Allahabad,Uttar Pradesh
S.S. Tegnoor Degree College,Gulbarga,Karnataka
S.S. Wilayat Husain Degree College,,Uttar Pradesh
S.S.B. College of Education,,Maharashtra
S.S.D Girls Degree College,,Uttar Pradesh
S.S.D. College of Higher Education,Bijnor,Uttar Pradesh
S.S.D. Kanya Degree College,,Uttar Pradesh
S.S.G. Pareek College,,Rajasthan
S.S.G. Pareek P.G. College of Education,,Rajasthan
S.S.G. Pareek P.G. Girls College,,Rajasthan
S.S.G.A.M. Science Gautam Arts and Sanjiwani Commerce College,,Maharashtra
S.S.J.S. Namdhari College,,Jharkhand
S.S.L. Jain College,Vidisha,Madhya Pradesh
S.S.L.N.T. Mahila College,,Jharkhand
S.S.M. College of Engineering,Komarapalayam,Tamil Nadu
S.S.M. Law College,,Maharashtra
S.S.M.M. Arts Science & Commerce College,,Maharashtra
S.S.N. College,Guntur,Andhra Pradesh
S.S.P.P.D. Mahavidyalaya,,Uttar Pradesh
S.S.R. College of Science and Management Studies,Bangalore,Karnataka
S.S.R. Government College of Physical Education,West Godavari,Andhra Pradesh
S.S.S.S. College of Commerce for Women,,Punjab
S.S.S.S.'S Mahavir P.Mirji College of Commerce,,Karnataka
S.S.V. College,,Bihar
S.S.V. College,,Uttar Pradesh
S.S.V.P. Sanstha's Late Karmveer Dr. P.R. Ghogrey Science College,,Maharashtra
S.S.V.P. Sanstha's Smt. P.B. Bagal Arts and Commerce College,,Maharashtra
S.S.V.P.V.M.C. Mahila Vidyapith College for Women,Visakhapatnam,Andhra Pradesh
S.T. Co-Op Education Society’s Ltd. Science Sr. College,Nandurbar,Maharashtra
S.T. College of Education,,Bihar
S.T. Hindu College,,Tamil Nadu
S.T.B.C. College,Kurnool,Andhra Pradesh
S.T.J. College for Women,,Karnataka
S.T.S.N. Govt. Arts College,Anantapur,Andhra Pradesh
S.U. College,,Bihar
S.V. College of Music & Dance,Chittoor,Andhra Pradesh
S.V. Degree College,Y.S.R.,Andhra Pradesh
S.V. Degree College,Vizianagaram,Andhra Pradesh
S.V. Medical College,Chittoor,Andhra Pradesh
S.V.A. Govt. College,Chittoor,Andhra Pradesh
S.V.College of Higher Education,Y.S.R.,Andhra Pradesh
S.V.D. Gurukul Mahavidyalaya,Jaunpur,Uttar Pradesh
S.V.D. Siddhartha Law College,Vijayawada,Andhra Pradesh
S.V.G.M. Govt. Degree College,Anantapur,Andhra Pradesh
S.V.K.P. & Dr. K.S. Raju Arts & Science College (Sri Vasavi Kanyaka Parameswari and Dr. Kalidindi Suryanarayana Raju Arts and Science College),West Godavari,Andhra Pradesh
S.V.K.P. Arts Science & Commerce College,Prakasam,Andhra Pradesh
S.V.K.P. Degree College,Prakasam,Andhra Pradesh
S.V.L.N.S. Govt. Degree College,Visakhapatnam,Andhra Pradesh
S.V.M. Arts & Commerce College for Women,,Karnataka
S.V.P. College,,Bihar
S.V.P. Mahila Vidya Peetha's Arts & Commerce College,,Karnataka
S.V.R. Govt. Degree College,West Godavari,Andhra Pradesh
S.V.R.M. College,Guntur,Andhra Pradesh
S.V.S.D. College,,Himachal Pradesh
S.V.S.S. Arts & Science College,West Godavari,Andhra Pradesh
S.V.S.S.C. Govt. Degree College,Sri Potti Sriramulu Nellore,Andhra Pradesh
S.Y.T.R. Govt. Degree College,Anantapur,Andhra Pradesh
Saastra College of Pharmaceutical Education & Research,,Andhra Pradesh
Sabang Sajanikanta Mahavidyalaya,,West Bengal
Sabar Gram Seva Mahavidyalaya,,Gujarat
Sabari College of Education,,Puducherry
Sabir Ali Balika Degree College,Ghazipur,Uttar Pradesh
Sabour Bollege,,Bihar
Sachchidanand College,,Bihar
Sachdeva College of Pharmacy,,Punjab
Sachdeva Institute of Education,,Uttar Pradesh
Sacred Heart College,,Karnataka
Sacred Heart College,,Kerala
Sacred Heart College,,Kerala
Sacred Heart College,,Tamil Nadu
Sacred Heart College of Education,Jammu,Jammu and Kashmir
Sacred Heart Degree College,,Uttar Pradesh
Sacred Heart Degree College for Women,,Karnataka
Sadakathullah Appa College,,Tamil Nadu
Sadashivrao Mandik Mahavidyalaya,,Maharashtra
Sadbhavna College of Education for Women,,Punjab
Sadguru Gadge Maharaja College,,Maharashtra
Sadguru Shri Sitadas Mahavidyalaya,Ghazipur,Uttar Pradesh
Sadhan Chandra Mahavidyalaya,South Twenty Four Parganas,West Bengal
Sadhana Degree College,Y.S.R.,Andhra Pradesh
Sadhna Education Society's L.S. Raheja College of Arts & commerce,,Maharashtra
Sadhu Gaureswar College,,Odisha
Sadhu Shree Deonharain Sanskrit Mahavidyalaya,,Uttar Pradesh
Sadhu Vaswani College,,Madhya Pradesh
Sadhu Vaswani Institute of Management Studies for Girls,Pune,Maharashtra
Sadhubella Education Society’s J. Watumull Sadhubella Girls College,Thane,Maharashtra
Sadineni Chowdaraiah College of Arts & Science,Guntur,Andhra Pradesh
Sadiq Memorial College of Education,Kashmir,Jammu and Kashmir
Sadiya College,Tinsukia,Assam
Safa College of Arts and Science,Malappuram,Kerala
Safi Institute of Advanced Study,Malappuram,Kerala
Safiya Girls Degree College,Azamgarh,Uttar Pradesh
Sagar College of Education,,Karnataka
Sagar Institute of Research & Technology,Bhopal,Madhya Pradesh
Sagar Institute of Research & Technology – Excellence,Bhopal,Madhya Pradesh
Sagar Institute of Research Technology and Science,Bhopal,Madhya Pradesh
Sagar Mahavidyalaya,,West Bengal
Sagar Mahila Mahavidyalaya,,Uttar Pradesh
Sagarmal Banka Degree College,,Uttar Pradesh
Sagi Rama Krishnam Raju Engineering college,West Godavari,Andhra Pradesh
Sahakar Bhushan S.K. Patil Mahavidyalaya,,Maharashtra
Sahakar Maharishi Shankarao Mohite Patil Mahavidyalaya,,Maharashtra
Sahakar Maharshi Bhausaheb Santaji Thorat Arts Science & Commerce College,,Maharashtra
Sahakar Maharshi Late Bhaskarrao Shingne Arts College,,Maharashtra
Sahakar Maharshi Shankarrao Mohite-Patil Mahavidyalaya,Solapur,Maharashtra
Saharsa College,,Bihar
Sahas Degree College,,Uttar Pradesh
Sahaspur College,,Odisha
Sahdei Devi Bhunwar Prasad Mahavidyalaya,,Uttar Pradesh
Sahed Hira Singh Govt. College,,Uttar Pradesh
Saheed Bhagat Singh Degree College,,Odisha
Saheed Capt. Viyai Pratap Singh Smark Degree College,,Uttar Pradesh
Saheed Kshudiram College,,Gujarat
Saheed Nurul Islam Mahavidyalaya,,West Bengal
Saheed Sukhdev College of Business Studies,,Delhi
Sahibganj College,,Jharkhand
Sahid Memorial Degree College,,Odisha
Sahithya Degree College,,Andhra Pradesh
Sahkari PG College,,Uttar Pradesh
Sahrdaya College of Advanced Studies,Thrissur,Kerala
Sahrdaya College of Engineering & Technology,Thrissur,Kerala
Sahrdaya Institute of Management Studies,Thrissur,Kerala
Sahu Jain Post-Graduate College,,Uttar Pradesh
Sahu Ramswaroop Mahila Mahavidyalaya,,Uttar Pradesh
Sahu Shriyans Prasad Jain Arts & Commerce College,,Gujarat
Sahya Arts and Science College,Malappuram,Kerala
Sahyadri College of Engineering & Management,,Karnataka
Sahyadri Commerce and Management College,,Karnataka
Sahyadri Parisar Shikshan Prasarak Mandal’s Shri Manohar Hari Khapane College of Arts and Commerce,Ratnagiri,Maharashtra
Sahyadri Science College,,Karnataka
Sahydri Arts College,,Karnataka
Sahyog Pratishthan’s Sahyog College of Management Studies,Thane,Maharashtra
Sahyogi R.B. Degree College,,Uttar Pradesh
Sai Baba Gauri Baba Shri Arjun Singh Mahavidyalaya,Ambedkar Nagar,Uttar Pradesh
Sai College of Education,Mahoba,Uttar Pradesh
Sai College of Education,,Punjab
Sai College of Medical Science & Technology,,Uttar Pradesh
Sai Degree College,,Uttar Pradesh
Sai Law College,Bara Banki,Uttar Pradesh
Sai Mahavidyalaya,,Chhattisgarh
Sai Meer Degree College,Kannauj,Uttar Pradesh
Sai Rajeswari Institute of Technology,Y.S.R.,Andhra Pradesh
Sai Savitri Memorial Mahavidyalaya,,Uttar Pradesh
Sai Shyam College of Education,Jammu,Jammu and Kashmir
Sai Spurthi Institute of Technology (C5),,Telangana
Sai Tirumala Nalabothu Venkata Rao Engineering College,Guntur,Andhra Pradesh
Sai Vidya Institute of Technology,Bangalore,Karnataka
Saibaba Arts and Science College,Nagpur,Maharashtra
Saibalaji Education Society’s Saibalaji International Institute of Management Sciences,,Maharashtra
Saibalaji Educational Society International Institute of Management & Human Resource Development for Women,,Maharashtra
Saifee Jubilee Arts and Commerce College,,Gujarat
Saifia  College,,Madhya Pradesh
Sailajananda Falguni Samrit Mahavidyalaya,,West Bengal
Saini Bar College,,Punjab
Sainik Degree College,,Uttar Pradesh
Sainik Girja Shankar Mahavidyalaya,Jaunpur,Uttar Pradesh
Saint Claret College,,Arunachal Pradesh
Saint Mary's Syrian College,,Karnataka
Saint Mauni Baba S.M.S. Girls Degree College,Azamgarh,Uttar Pradesh
Saintgits College of Applied Sciences,Kottayam,Kerala
Saintgits College of Engineering,Kottayam,Kerala
Saitual College,,Mizoram
Saiva Bhanu Kshatriya College,,Tamil Nadu
Saiyadaah Siddiqui Girls Degree College.,,Uttar Pradesh
Sakaldiha P.G. College,Chandauli,Uttar Pradesh
Sakeshwar Gramin Vikas Seva Sanstha’s Adsul’s Technical Campus,,Maharashtra
Saket Girls Degree College,,Uttar Pradesh
Sakshi Malik Government College for Girls,Rohtak,Haryana
Sakthi College of Arts  and Science for Women,Dindigul,Tamil Nadu
Sakthi Institute of Information and Management Studies,Coimbatore,Tamil Nadu
Salbari College,Baksa,Assam
Saldiha College,,West Bengal
Salem Sowdeswari College,Salem,Tamil Nadu
Salesian College,,West Bengal
Salesian College of Higher Education,Dimapur,Nagaland
Salipur College,,Odisha
Salt Christian College,,Nagaland
Salt Christian College of Teacher Education,,Nagaland
Saltora Netaji Centenary College,,West Bengal
Samadhan College,,Chhattisgarh
Samaguri College,Nagaon,Assam
Samajbhushan Ganpatrao Kalbhor Arts Commerce & Science College,Pune,Maharashtra
Samaldas Arts College,,Gujarat
Samarjeet (S.J.) Mahavidyalaya,,Uttar Pradesh
Samarpan Science and Commerce College Samarpan Education Campus,Gandhinagar,Gujarat
Samarth Educational Trust’s Arvind Gavali College of Engineering,Satara,Maharashtra
Samartha Mahvidyalaya,,Maharashtra
Samastipur College,,Bihar
Samastipur Women's College,,Bihar
Samata Shikshan Mahavidyalaya,Nagpur,Maharashtra
Samaye G.H.A. Mahavidyalaya,,Uttar Pradesh
Sambhaji College (Arts & Commerce),,Maharashtra
Sambhajirao Kendre Mahavidyalaya,,Maharashtra
Sambhunath College,,West Bengal
Samdariya Balika Mahavidyalaya,,Uttar Pradesh
Sammilani Mahavidyalaya,,West Bengal
Sammilani Teachers’ Training College,,West Bengal
Samrat Prithvi Raj Chauhan Degree College,,Uttar Pradesh
Samrat Prithviraj Chauhan Government College,,Rajasthan
Samsi College,,West Bengal
Samskruti College of Engineering & Technology,Rangareddy,Telangana
Samskruti College of Pharmacy,,Telangana
Samta Post Graduate College,,Uttar Pradesh
Samuktala Sidhu Kanhu College,,West Bengal
SAN International College of Arts and Science,Coimbatore,Tamil Nadu
Sanatan Dharam Sanskrit College,,Uttar Pradesh
Sanatan Dharma College,,Haryana
Sanatan Sanskrit College,,Uttar Pradesh
Sanatana Dharma College,,Kerala
Sanctorum College of Education,Kashmir,Jammu and Kashmir
Sandan Lal Sanwal Das Khanna Mahila Mahavidyalaya,,Uttar Pradesh
Sandesha Lalit Kala Mahavidyalaya,,Karnataka
Sandip Foundation’s Sandip Institute of Engineering & Management,Nashik,Maharashtra
Sandip Foundation’s Sandip Institute of Pharmaceutical Sciences,Nashik,Maharashtra
Sandip Foundation’s Sandip Institute of Technology & Research Centre,Nashik,Maharashtra
Sandipani Academy,Durg,Chhattisgarh
Sandipani Arts & Commerce College,,Madhya Pradesh
Sane Guruji Vidya Prabodhini Comprehensive College of Education,,Maharashtra
Sangameshwar College,,Maharashtra
Sangamner Nagarpalika Arts D.J. Malpani Commerce & B.N. Sarda Science College,,Maharashtra
Sanghamam College of Arts and Science,Viluppuram,Tamil Nadu
Sangit Mahavidyalaya,,Madhya Pradesh
Sangit Niketan,,Delhi
Sangola College,,Maharashtra
Sangolli Rayanna First Grade Constituent College,,Karnataka
Sangvi Matushri Puribai Bhurmal Jain Government College,,Rajasthan
Sanjay Gandhi (PG) College,,Uttar Pradesh
Sanjay Gandhi College of Education,,Karnataka
Sanjay Gandhi Law College,,Madhya Pradesh
Sanjay Gandhi Mahila College,,Bihar
Sanjay Gandhi Memorial College,,Jharkhand
Sanjay Gandhi P.G. College,,Uttar Pradesh
Sanjay Malviya Degree College,Allahabad,Uttar Pradesh
Sanjay Memorial Women’s College,Varanasi,Uttar Pradesh
Sanjay Teacher’s Training College,Jaipur,Rajasthan
Sanjeevanee Mahavidyalaya,,Maharashtra
Sanjivani College of Pharmaceutical Education & Research,Ahmadnagar,Maharashtra
Sanjivani College of Pharmaceutical Sciences,,Rajasthan
Sanjivani Rural Education Society’s Sanjivani College of Engineering,,Maharashtra
Sanjivani Rural Education Society’s Sanjivani Arts Commerce and Science College,,Maharashtra
Sanjivani Rural Educational Society’s Shri Saibaba College of Education,Ahmadnagar,Maharashtra
Sanjivnie College of Education & Physical Education,,Uttar Pradesh
Sanjivnie College of Law,,Uttar Pradesh
Sanjivnie Mahavidyalaya,,Uttar Pradesh
Sanjo College of Management and  Advanced Studies (SCMAS),,Kerala
Sankalp Institute of Education,Ghaziabad,Uttar Pradesh
Sankalp Mahila Mahavidyalaya,,Uttar Pradesh
Sankara College of Science and Commerce,Coimbatore,Tamil Nadu
Sankardev College,,Meghalaya
Sankardev Mahavidyalaya,Lakhimpur,Assam
Sankat Mochan Shikshan Prashikshan Sansthan Mahila Mahavidyalaya,Sultanpur,Uttar Pradesh
Sanketika Vidya Parishad Engineering College,Visakhapatnam,Andhra Pradesh
Sanmati College of Education,Washim,Maharashtra
Sanmati College of Engineering,Washim,Maharashtra
Sanmati Government College of Science Education & Research,,Punjab
Sanskar City College of Education,Rajnandgaon,Chhattisgarh
Sanskar Sarjan Education Society’s Dhirajlal Talakchand Sankalchand Shah College of Commerce,,Maharashtra
Sanskar Vidya Bharti,,Uttar Pradesh
Sanskrit College,,Bihar
Sanskrit College,,Kerala
Sanskrit College,,West Bengal
Sanskrit College,,Odisha
Sanskrit Mahavidyalaya,Rampur,Uttar Pradesh
Sanskrit Mahavidyalaya,,Uttar Pradesh
Sanskrit Vidyapith,,Uttar Pradesh
Sanskrithi School of Business,,Andhra Pradesh
Sanskrithi School of Engineering,,Andhra Pradesh
Sant Baba Attar Singh Khalsa College,,Punjab
Sant Baba Bhag Singh Institute of Education,,Punjab
Sant Baba Bhag Singh Memorial Girls College,,Punjab
Sant Baba Dalip Singh Memorial Khalsa College,,Punjab
Sant Bhika Das Ramjas Mahavidyalaya,,Uttar Pradesh
Sant Boola Satyanamdas Birbal Post Graduate College Amari,,Uttar Pradesh
Sant Darbara Singh College for Women,,Punjab
Sant Darbara Singh College of Education for Women,,Punjab
Sant Dhangu Wale Gujjar Govt. College,Una,Himachal Pradesh
Sant Dnyaneshwar Mahavidyalaya,,Maharashtra
Sant Dwarika Prasad Mahavidyalaya,,Uttar Pradesh
Sant Gadge Maharaj Arts Commerce and Science College,,Maharashtra
Sant Gajanan Maharaj College of Engineering,,Maharashtra
Sant Gramyanchal Mahavidyalaya,,Uttar Pradesh
Sant Hiradass Kanya Mahavidyalya,,Punjab
Sant Hirdaram Girls College,,Madhya Pradesh
Sant Jaganade Maharaj Shikshan Mandals Arts & Commerce College,Nandurbar,Maharashtra
Sant Janu Baba Smark Degree College,,Uttar Pradesh
Sant Jayacharya Mahila Mahavidyalaya,,Rajasthan
Sant Kabir Acharya Amrit Das Mahavidyalaya,,Uttar Pradesh
Sant Kabir Mahanth Vidyanand College,Patna,Bihar
Sant Kabir Sant Bhagwan Ram Sharan Mahavidyalaya,Bara Banki,Uttar Pradesh
Sant Kabir Vidyapeeth Mahavidyalaya,Sant Kabir Nagar,Uttar Pradesh
Sant Kavi Baba Baijnath Govt. P.G. College,,Uttar Pradesh
Sant Keenaram Mahila Degree College,,Uttar Pradesh
Sant Keenaram P.G. College,,Uttar Pradesh
Sant Kinaram Mahavidyalaya,Ghazipur,Uttar Pradesh
Sant Lakhan Das (Nagababa) Pachotar Mahavidyalaya,,Uttar Pradesh
Sant Majha Singh Karamjot College for Women,,Punjab
Sant Mela Singh College of Education,Jammu,Jammu and Kashmir
Sant Mohan Singh Klhalsa labana Girls College,,Haryana
Sant Moni Sarvodaya Mahila Mahavidyalaya,,Madhya Pradesh
Sant Muktabai Arts and Commerce College,,Maharashtra
Sant Nischal Singh College of Education for Women,Yamunanagar,Haryana
Sant Paramhans Guru Prasad Balika Mahavidyalaya,,Uttar Pradesh
Sant Prem Singh Karamsar Khalsa College,,Punjab
Sant Ram Krishna Parmhans Mahavidyalaya,,Uttar Pradesh
Sant Ram Lakhan Degree College,Allahabad,Uttar Pradesh
Sant Ram Prasad Chaudhary Mahavidyalaya,,Uttar Pradesh
Sant Ramdas Arts Commerce and Science College,,Maharashtra
Sant Ramkrishna Kanya Mahavidyalaya,,Uttar Pradesh
Sant Ramnarayan Rajkishore Shankar Mahila Mahavidyalaya,Ghazipur,Uttar Pradesh
Sant Rawool Maharaj Mahavidyalaya of Arts & Commerce,,Maharashtra
Sant Shiromani Guru Ghasidas College,Janjgir - Champa,Chhattisgarh
Sant Shiromani Guru Ravidas Government College,,Chhattisgarh
Sant Shiromani Kabir Saheb Mahavidhyalaya,Jhansi,Uttar Pradesh
Sant Tukaram College of Arts and Science,,Maharashtra
Sant Tulsidas Degree College,,Uttar Pradesh
Sant Vinoba Degree College,,Uttar Pradesh
Sant Viragi Baba Mahavidyalaya,,Uttar Pradesh
Santaji Mahavidyalaya,,Maharashtra
Santal Bidroha Sardha Satabarshiki Mahavidyalaya,,West Bengal
Santaldih College,Puruliya,West Bengal
Santbula Chhotu Yaduvanshiya Mahavidyalaya,Mau,Uttar Pradesh
Santhal Pargana College,,Jharkhand
Santhiram College of Pharmacy,,Andhra Pradesh
Santhiram Engineering College,Kurnool,Andhra Pradesh
Santipur College,,West Bengal
Santosee Maa Regional (+3 Degree) College,,Odisha
Santosh Bhimrao Patil Arts Commerce & Science College,,Maharashtra
Santosh Kumar Mahavidyalaya,,Uttar Pradesh
Santosh Smarak Mahavidyalaya,Bijnor,Uttar Pradesh
Santram Chaudhary Smt. Rajkali Devi Educational Academy,,Uttar Pradesh
Sanwarjit Government Girls College,,Rajasthan
Sao Chang Govt. College,,Nagaland
Sapatgram College,Dhubri,Assam
Sapekhati College,Sivasagar,Assam
Saquafia Millat Education Society’s Abdulkalam B.C.A. College,,Karnataka
Sarada Ma Girls’ College,North Twenty Four Parganas,West Bengal
Saradha Gangadharan College,,Puducherry
Saradvilas Teachers College,Mysore,Karnataka
Sarah Tucker College,,Tamil Nadu
Sarah Tucker College,,Tamil Nadu
Saraighat College,Kamrup,Assam
Sarala Mahavidyalaya,,Odisha
Saranathan College of Engineering,Tiruchirappalli,Tamil Nadu
Sarankul College,,Odisha
Saraspur Arts and Commerce College,,Gujarat
Saraswat Degree Mahavidyalaya,,Odisha
Saraswat Vidayala'sSridara Cawlo College of Commerce and management studies,,Goa
Saraswata Snataka Mahavidyalaya,,Odisha
Saraswathy Narayanan College,,Tamil Nadu
Saraswati College,,Maharashtra
Saraswati College of Education,Jammu,Jammu and Kashmir
Saraswati College of Professional Studies,,Uttar Pradesh
Saraswati Degree College,,Uttar Pradesh
Saraswati Devi Mahavidyalaya,,Uttar Pradesh
Saraswati Devi Mahavidyalaya,,Uttar Pradesh
Saraswati Devi Mahavidyalaya,Kushinagar,Uttar Pradesh
Saraswati Devi Mahila Mahavidyalaya,,Uttar Pradesh
Saraswati Devi Nari Gyanasthali Mahavidyalaya,,Uttar Pradesh
Saraswati Education Society’s  Saraswati College of Engineering,,Maharashtra
Saraswati Girls College,,Rajasthan
Saraswati Higher Education and Technical College,,Uttar Pradesh
Saraswati Institute of Engineering & Technology,,Uttar Pradesh
Saraswati Institute of Management and Para-Medical Sciences,,Manipur
Saraswati Kanya Degree College,Rampur,Uttar Pradesh
Saraswati Law college,,Karnataka
Saraswati Mahavidyalaya,,Uttar Pradesh
Saraswati Mahavidyalaya,,Odisha
Saraswati Mahila Mahavidyalaya,,Uttar Pradesh
Saraswati Mahila Mahavidyalaya,,Haryana
Saraswati Mandir Night College of Commerce & Arts,Pune,Maharashtra
Saraswati Shanti Mahavidyalaya,Azamgarh,Uttar Pradesh
Saraswati Vidya Mandir Arts College,,Maharashtra
Saraswati Vidya Mandir Law College,Bulandshahr,Uttar Pradesh
Saraswati Vidya Mandir Mahila Mahavidyalaya,,Uttar Pradesh
Saraswati Vidya Mandir Science & Technology Degree College,,Uttar Pradesh
Sarat Centenary College,,West Bengal
Saratha College of Arts and Science,Erode,Tamil Nadu
Sarb Narain Singh Ram Kumar Singh College,,Bihar
Sarbamangala Degree College,,Odisha
Sarbati Devi Women's College,,Odisha
Sarbodaya College,Jorhat,Assam
SARBTM Government College,,Kerala
Sarda College,Krishna,Andhra Pradesh
Sardar Ajit Singh Memorial Girls College,,Madhya Pradesh
Sardar Ballabh Bhai Patel Degree College,Bareilly,Uttar Pradesh
Sardar Ballabh Bhai Patel Kanya Mahavidyalaya,,Uttar Pradesh
Sardar Ballabh Bhai Patel Mahavidyalaya,Rae Bareli,Uttar Pradesh
Sardar Ballabh Bhai Patel Mahavidyalaya,Sultanpur,Uttar Pradesh
Sardar Ballabh Bhai Patel Mahavidyalaya,Varanasi,Uttar Pradesh
Sardar Begum Memorial Degree College,,Uttar Pradesh
Sardar Bhagat Singh College of Higher Education,Lucknow,Uttar Pradesh
Sardar Bhagat Singh Government Post-Graduate College,,Uttarakhand
Sardar Gunj Mercantile Co-Op Bank Ltd. (Anand) English Medium College of Commerce & Management,,Gujarat
Sardar Patel Bansh Gopal Sanatan Dharam Degree College,,Uttar Pradesh
Sardar Patel College,,Telangana
Sardar Patel College,,Bihar
Sardar Patel College,,Bihar
Sardar Patel College,,Maharashtra
Sardar Patel College of Administration & Management,,Gujarat
Sardar Patel College of Administration & Management,Anand,Gujarat
Sardar Patel College of Education,,Gujarat
Sardar Patel College of Education Sardar Patel Education Campus,,Gujarat
Sardar Patel College of Engineering,Anand,Gujarat
Sardar Patel College of Engineering,,Maharashtra
Sardar Patel College of Technology,Balaghat,Madhya Pradesh
Sardar Patel Degree College,Sant Kabir Nagar,Uttar Pradesh
Sardar Patel Institute of Applied Science,Anand,Gujarat
Sardar Patel Institute of Science and Technology Mahavidyalaya,,Uttar Pradesh
Sardar Patel M.S.D. Mahavidyalaya,Lalitpur,Uttar Pradesh
Sardar Patel Maha Dev Prasad Mahavidyalaya,Rae Bareli,Uttar Pradesh
Sardar Patel Mahavidyalaya,,Uttar Pradesh
Sardar Patel Mahavidyalaya,,Uttar Pradesh
Sardar Patel Mahavidyalaya,,Uttar Pradesh
Sardar Patel Mahavidyalaya,,Uttar Pradesh
Sardar Patel Mahila B.Ed. College,Mehsana,Gujarat
Sardar Patel Mahila Mahavidyalaya,Shahjahanpur,Uttar Pradesh
Sardar Patel Medical College,,Rajasthan
Sardar Patel Smarak Degree College,,Uttar Pradesh
Sardar Singh Shiv Raj Singh Mahavidyalaya,,Uttar Pradesh
Sardar Vallabh Bhai Patel Government College,,Madhya Pradesh
Sardar Vallabh Bhai Patel National Police Academy,,Telangana
Sardar Vallabhbhai Arts College,,Gujarat
Sardar Vallabhbhai Commerce College,,Gujarat
Sardar Vallabhbhai Patel Arts and Science College,,Maharashtra
Sardar Vallabhbhai Regional College of Engineering and Technology,,Gujarat
Sardar Vallabhbhai Vanijya Mahavidyalaya,,Gujarat
Sardar Veerangonda Patil Mahila  Vidyapeeth Arts and Comm. College for Women,,Karnataka
Sarhad College of Arts Commerce & Science,Pune,Maharashtra
Sariya College,Giridih,Jharkhand
Sarju Prasad Mahavidyalaya,Jaunpur,Uttar Pradesh
Sarju Rai Memorial Degree College,,Uttar Pradesh
Sarla Dwivedi Mahavidyalaya,,Uttar Pradesh
Sarnath Bodhisatva Mahavidyalaya,Varanasi,Uttar Pradesh
Saroj Vidyashankar Saraswati Mandir Mahavidyalaya,,Uttar Pradesh
Sarojini Naidu College for Women,,West Bengal
Sarojini Naidu Vanita Maha Vidyalaya,Hyderabad,Telangana
Sarojini Naidu Vanita Pharmacy  Maha Vidyalaya,,Telangana
Sarojini Naydu Govt. Girls Post Graduate College,,Madhya Pradesh
Sarsuna College,,West Bengal
Sarupathar College,Golaghat,Assam
Sarvajanik Arts & Commerce College,Nandurbar,Maharashtra
Sarvajanik Commerce College,,Gujarat
Sarvajanik Degree College,,Uttar Pradesh
Sarvanand Sanskrit College,,Uttar Pradesh
Sarvanand Shandilya Yogeshwar Degree College,,Uttar Pradesh
Sarveshwari Mahavidyalaya,,Uttar Pradesh
Sarvjeet Kaushal Public Mahavidyalaya,Siddharthnagar,Uttar Pradesh
Sarvoday College of Education,,Gujarat
Sarvodaya College of Education,,Karnataka
Sarvodaya Kisan Degree College,,Uttar Pradesh
Sarvodaya Mahavidyalaya,,Maharashtra
Sarvodaya Mahavidyalaya,Ambedkar Nagar,Uttar Pradesh
Sarvodaya Mahavidyalaya,,Uttar Pradesh
Sarvodaya Mahavidyalaya,Bahraich,Uttar Pradesh
Sarvodaya Mahila Degree College,Azamgarh,Uttar Pradesh
Sarvodaya Mahila Mahavidyalaya,Jaunpur,Uttar Pradesh
Sarvodaya PG College,,Uttar Pradesh
Sarvodya Mahavidyalaya,,Uttar Pradesh
Saryu Degree College,Gonda,Uttar Pradesh
Saryu Devi Mahavidyalaya,,Uttar Pradesh
Saryu Indra Mahavidyalaya,,Uttar Pradesh
Sasi Institute of Technology & Engineering,West Godavari,Andhra Pradesh
Sasurie College of Arts & Science,Tiruppur,Tamil Nadu
Sasurie College of Engineering,Tiruppur,Tamil Nadu
Saswat Mahavidyalaya,,Odisha
Sat Jinda Kalyana College,,Haryana
Satendra Bahadur Singh Sanskrit Mahavidyalaya,,Uttar Pradesh
Sateri Pisani Education Society’s Shri Gopal Gaonkar Memorial Goa Multi-Faculty College,South Goa,Goa
Satish Chandra College,,Uttar Pradesh
Satish Pradhan Dnyanasadhana College Thane (Arts Science & Commerce),,Maharashtra
Satish Public College of Education,,Haryana
Satnami Kanya Vidyapeeth,Bulandshahr,Uttar Pradesh
Satpuda Shikshan Prasarak Mandal’s Vasantrao Naik Arts Science & Commerce College,,Maharashtra
Satpura Mahavidyalaya for Law,,Madhya Pradesh
Satya Institute of Technology & Management,Vizianagaram,Andhra Pradesh
Satya Narain Uccha Shiksha Sansthan,,Uttar Pradesh
Satya Narayan Agarwal Government Arts & Commerce College,,Chhattisgarh
Satya Narayan Mahavidyalaya,,Uttar Pradesh
Satya Narayan Mahavidyalaya,Deoria,Uttar Pradesh
Satya Narayan Sanskrit College,,Bihar
Satya Sai Mahavidyalaya,Rae Bareli,Uttar Pradesh
Satyadev Degree College,Ghazipur,Uttar Pradesh
Satyam College of Education,Bharuch,Gujarat
Satyam College of Education,Jammu,Jammu and Kashmir
Satyam Law College.,Ghaziabad,Uttar Pradesh
Satyam Shivam Subham Mahavidyalaya,Allahabad,Uttar Pradesh
Satyaniketan's Adv. Manoharrao Nanasaheb Deshmukh Arts & Science College,,Maharashtra
Satyapal Singh Mahavidyalaya,Shahjahanpur,Uttar Pradesh
Satyapal Singh Yadav Mahavidayala,Shahjahanpur,Uttar Pradesh
Satyasahi College For women's,,Odisha
Satyawati College,,Delhi
Satyawati College (Evening Classes),,Delhi
Satyawati Patel Mahavidyalaya.,Lakhimpur,Uttar Pradesh
Satyendra Narayan Singh Mahila Mahavidyalaya,,Bihar
Sau Rajanitai Nanasaheb Deshmukh Arts Commerce and  Science College,,Maharashtra
Sau Rajnitai Nanasaheb Deshmukh Arts Commerce and Science College,,Maharashtra
Saubhagyawati Bai Dani Mahila Mahavidyalya,,Uttar Pradesh
Saudan Singh Institute of Higher Education,Agra,Uttar Pradesh
Saurashtra College,,Tamil Nadu
Saurashtra Gyanpith Arts & Commerce College,,Gujarat
Saveetha Engineering College,Chennai,Tamil Nadu
Savita Devi Mahavidyalaya,,Uttar Pradesh
Savitri Bai Phule Government Post Graduate College,,Uttar Pradesh
Savitri Dayaram Pandey Sanskrit Mahavidyalaya,Pratapgarh,Uttar Pradesh
Savitri Devi Mahavidyalaya,Jaunpur,Uttar Pradesh
Savitri Devi Mahavidyalaya,Jaunpur,Uttar Pradesh
Savitri Devi Mahavidyalaya,Rampur,Uttar Pradesh
Savitri Devi Mahavidyalaya,,Uttar Pradesh
Savitri Devi Mahila Mahavidyalaya,Shahjahanpur,Uttar Pradesh
Savitri Devi Mahila Mahavidyalaya,Allahabad,Uttar Pradesh
Savitri Girls College,,West Bengal
Savitri Girls College,,Rajasthan
Savitri Mahila Mahavidyalaya,Ghazipur,Uttar Pradesh
Savitri Shri Nath Mahavidyalaya,Ambedkar Nagar,Uttar Pradesh
Savitri Singh Mahila Mahavidyalaya,Azamgarh,Uttar Pradesh
Savitri Women's College,,Odisha
Savitribai College of Arts,,Maharashtra
Savitribai Phule B.Sc. and B.C.A. College,Hingoli,Maharashtra
Savitribai Phule Mahila Mahavidyalaya,,Maharashtra
Savitribai Phule Mahila Mahavidyalaya,,Maharashtra
Savitribai Phule Shikshan Prasarak Mandal’s Loknete Gopinathji Munde Arts Commerce and Science College,Ratnagiri,Maharashtra
Sawai Man Singh Medical College,,Rajasthan
Sayyid Muhammed Ali Shihab Thangal Memorial Arts and Science Women’s College,Malappuram,Kerala
Sazolie College,,Nagaland
SBIHM School of Management,Kolkata,West Bengal
SCAD College of Engineering and Technology,,Tamil Nadu
School of Computer Science (Radha Govind Group of Institutions),,Uttar Pradesh
School of Engineering & Technology (Radha Govind Group of Institutions),,Uttar Pradesh
School of Engineering and Technology,Jhajjar,Haryana
School of Environment and Architecture,,Maharashtra
School of Information Technology,,Telangana
School of Management   (Radha Govind Group of Institutions),,Uttar Pradesh
School of Management Sciences,Lucknow,Uttar Pradesh
School of Management Sciences,,Uttar Pradesh
School of Open Learning,,Delhi
School of Social Work,,Karnataka
Science College,,Odisha
Science College,Ganjam,Odisha
Science College,,Maharashtra
Science College,Kokrajhar,Assam
Scient Institute of Technology,Rangareddy,Telangana
SCMS School of Engineering and Technology,Ernakulam,Kerala
SCMS School of Technology & Management,,Kerala
Scott Christian College,,Tamil Nadu
Scottish Church College,,West Bengal
SCP Arts and DDS Commerce College,,Karnataka
SECAB Institute of Engineering and Technology,,Karnataka
SECAB's ARSI College of Arts  Science & Commerce for Women,,Karnataka
Secondary Teachers Training College,,Gujarat
Secondary Teachers' Training College,,Gujarat
Secondary Training College,Mumbai,Maharashtra
Seelam Sioda Reddy and Jyothi Arts & Science College,,Telangana
Seemant Degree College,,Uttar Pradesh
Seemanta Mahavidyalaya,,Odisha
Seemawarti Mahavidyalaya,Bahraich,Uttar Pradesh
Seethalakshmi Achi Women's College,Sivagangai,Tamil Nadu
Seethalakshmi Ramaswamy College,,Tamil Nadu
SEICOM Degree College,,Andhra Pradesh
Selvam College of Technology,Namakkal,Tamil Nadu
Selvamm Arts and Science College,,Tamil Nadu
Semiliguda College,Korapat,Odisha
Seng Khasi College,,Meghalaya
Sengamala Thayaar Educational Trust Women’s College,,Tamil Nadu
Sengunthar Arts and Science College,Namakkal,Tamil Nadu
Sengunthar Engineering College,,Tamil Nadu
Senthamarai College of Arts and Science,Madurai,Tamil Nadu
Senthamil College,,Tamil Nadu
Serampore College,,West Bengal
Serampore Girls' College,,West Bengal
Serchip College,,Mizoram
Servite College of Education for Women,,Tamil Nadu
Ses's Mahasatee Arts & Commerce College,,Karnataka
Seshadripuram Academy of Business Studies,,Karnataka
Seshadripuram College,,Karnataka
Seshadripuram Degree College,,Karnataka
Seshadripuram Evening Degree College,Bangalore,Karnataka
Seshadripuram First Grade College,Bangalore,Karnataka
Seshadripuram Institute of Commerce & Management,,Karnataka
Seth Anandaram Jaipuria College,,West Bengal
Seth Badri Prasad Smrati Mahavidyalaya,Jalaun,Uttar Pradesh
Seth Chunilal Amarchand Bohra Law College,,Karnataka
Seth G.B. Podar College,,Rajasthan
Seth G.L. Bihani S.D. Postgraduate College,,Rajasthan
Seth G.R. Chamaria College,,Rajasthan
Seth Gagan Das Smriti Samiti Girls College,,Uttar Pradesh
Seth Goradhandas Sunderdas Medical College,,Maharashtra
Seth Govindji Raoji Ayurved Mahavidyalaya,,Maharashtra
Seth Jai Prakash Mukand Lal Institute of Engineering & Technology,Yamunanagar,Haryana
Seth Kesarimal Porwal College of Arts & Science & Commerce,,Maharashtra
Seth Motilal (PG) College,,Rajasthan
Seth Narsingdass Mor College of Arts & Commerce & Smt. G.D. Sraf Science College,,Maharashtra
Seth Navrang Rai Lohia Jairam Girls College,,Haryana
Seth Netram Maghraj Tiberawala Government Girls College,,Rajasthan
Seth Phool Chand Bagla (PG) College,,Uttar Pradesh
Seth Phoolchand Agarwal Smriti Mahavidyalaya,,Chhattisgarh
Seth Purushotamdas Thakur Das Mahila College of Arts & Home Science,,Gujarat
Seth R.C.S. Arts & Commerce College,,Chhattisgarh
Seth R.N. Ruia Government College,,Rajasthan
Seth Raghunath Prasad Arts & Commerce Degree College,Rewa,Madhya Pradesh
Seth Ram Niranjan Das Murarka Sanskrit College,Patna,Bihar
Seth Ram Swaroop Govindi Devi Mahavidyalaya,,Uttar Pradesh
Seth Ramakrishna Dhanuka Girls College,,Rajasthan
Seth Ramanand Mangal Sain Degree College,,Uttar Pradesh
Seth Ramdas Memorial Mahavidyalaya,Jhansi,Uttar Pradesh
Seth Ranglal Kothari Government College,,Rajasthan
Seth RL Saharia Government PG College,Jaipur,Rajasthan
Seth Seorajmal Jalan Girls' College,,West Bengal
Seth Shree Kedarnath Modi Rajkiya Mahavidhalya,Jhunjhunun,Rajasthan
Seth Virendra Kumar Mahavidyalaya,Jalaun,Uttar Pradesh
Sethu Institute of Technology,Virudhunagar,Tamil Nadu
Seva Bharati Mahavidyalaya,,West Bengal
Seva Sadan College of Arts Science & Commerce,,Maharashtra
Seva Sadan's College of Education,,Maharashtra
Sevabharathi First Grade College,Chamarajanagar,Karnataka
Sevadal Mahila Mahavidyalaya,,Maharashtra
Sevamitra Bachelor of Social Work College,,Karnataka
Sevashram Degree College,,Uttar Pradesh
Sevayatan Sikshan Mahavidyalaya,,West Bengal
Seven Hills College of Pharmacy,Chittoor,Andhra Pradesh
Sewa Sadan Mahavidyalaya,,Madhya Pradesh
SGS Govt. Institute of Advanced Study in Education,East Godavari,Andhra Pradesh
Sh. Agrasen Mahila Mahavidyalaya,,Uttar Pradesh
Sh. C.h. Shah Maitri Vidyapith Mahila College of Education,,Gujarat
Sh. Chhatrapati Shivaji College,,Maharashtra
Sh. N.K. Mehta & Smt. M.F. Devi Arts College,,Gujarat
Sh. P.H. Goswami Municipal Arts & Science College,,Gujarat
Sh. Puttulal Memorial Degree College,,Uttar Pradesh
Sh. Raja Rajeshwari Arts & Commerce College for Women,,Karnataka
Sh. Ratnasinhji Mahida Commerce College,,Gujarat
Sh. Sant Gadge Maharaj Mahavidyalaya,,Maharashtra
Sh. Sant Gajanan Maharaj College of Engineering,,Maharashtra
Sh. Shiv Prasad Memorial Girls Degree College,,Uttar Pradesh
Sh. Vijay Swaroop Mahila College of Education,,Uttar Pradesh
Sha-Shib College of Science & Management,,Madhya Pradesh
Sha-Shib College of Science & Management,,Madhya Pradesh
Shabari Smarak Degree College,,Uttar Pradesh
Shabri Balika Mahavidyalaya,,Uttar Pradesh
Shadab College of Education,Kashmir,Jammu and Kashmir
Shadan College of Engineering and Technology,Hyderabad,Telangana
Shadan Women’s College of Engineering and Technology,Hyderabad,Telangana
Shafi Degree College,,Uttar Pradesh
Shah and Anchor Kutchi Engineering College,Mumbai,Maharashtra
Shah and Anchor Kutchi Engineering College,Mumbai,Maharashtra
Shah Chandulal Kasturchand Municipal Commerce College,,Gujarat
Shah Goverdhan Lal Kabra Teachers College (C.T.E.),,Rajasthan
Shah K.M. Law College,,Gujarat
Shah K.S. Arts & V.M. Parekh Commerce College,,Gujarat
Shah Norotamdas Harjivandas Commerce College,,Gujarat
Shah Satnam Ji Boys College,Sirsa,Haryana
Shah Satnam Ji College of Education,Sirsa,Haryana
Shah Sogamal Peeraji Oswal Government First Grade College,Vijayapur,Karnataka
Shah-I-Hamdan College of Education,Kashmir,Jammu and Kashmir
ShahadaTaluka Co-Operative Education Society Ltd. Senior Arts MahilaMahavidyalaya,,Maharashtra
Shahajade Singh Mahavidyalaya,,Uttar Pradesh
Shahaji Degree College,Pilibhit,Uttar Pradesh
Shahajiraje Mahavidyalaya,,Maharashtra
Shaheed Akshayber Mall Mahila Mahavidyalaya,Mau,Uttar Pradesh
Shaheed Bandhu Singh Degree College,Gorakhpur,Uttar Pradesh
Shaheed Bhagat Singh College,,Rajasthan
Shaheed Bhagat Singh College,,Delhi
Shaheed Bhagat Singh College (Evening Classes),,Delhi
Shaheed Bhagat Singh Government Degree College,,Punjab
Shaheed Bhagat Singh Government Degree College,,Madhya Pradesh
Shaheed Bhagat Singh Khalsa College For Girls,,Punjab
Shaheed Bhagat Singh Law College,,Uttar Pradesh
Shaheed Bhagat Singh Mahavidhyalaya,Sitapur,Uttar Pradesh
Shaheed Bhagat Singh Science Mahavidyalaya,Jalaun,Uttar Pradesh
Shaheed Bhagat Singh State Technical Campus,,Punjab
Shaheed Bheema Nayak Govt. Post Graduate College,,Madhya Pradesh
Shaheed Captain Ripudaman Singh Rajkiya Mahavidyalaya,Sawai Madhopur,Rajasthan
Shaheed Captain Vikram Batra Govt. College,,Himachal Pradesh
Shaheed Dalbir Singh Govt. College,Sonipat,Haryana
Shaheed Darshan Singh Pheruman Memorial College For Women,,Punjab
Shaheed Durga Mal Govt. Post Graduate College,,Uttarakhand
Shaheed Kanshi Ram College of Physical Eudcation,,Punjab
Shaheed Kashi Ram Memorial College,,Punjab
Shaheed Khem Chandra Dourbi Government Degree College,Nainital,Uttarakhand
Shaheed Lance Naik Krishan Lal Government College for Girls,,Haryana
Shaheed Major Satish Dahiya Government College,,Haryana
Shaheed Mangal Pandey Government Girls Degree College,,Uttar Pradesh
Shaheed Rajguru College of Applied Sciences for Woman,,Delhi
Shaheed Ram Singh Pathania Memorial G.N.D. University College,,Punjab
Shaheed Sanjay Singh Mahila College,,Bihar
Shaheed Singhran Mahavidyalaya,Jalaun,Uttar Pradesh
Shaheed Udham Singh Government College,,Haryana
Shaheed Udham Singh Government Degree College,,Punjab
Shaheed Veernarayan Singh Government College,Raigarh,Chhattisgarh
ShaheedMangalPandey,,Uttar Pradesh
Shaheen College of Education,Kashmir,Jammu and Kashmir
Shaheen Smarak Mahavidyalaya,,Uttar Pradesh
Shahid Bhagat Singh Degree College,,Uttar Pradesh
Shahid Bhagatsingh Mahavidyalaya,,Maharashtra
Shahid Captain Vijay Pratap Singh Mahavidyalaya,,Uttar Pradesh
Shahid Jagdeo Smarak Mahavidyalay,,Bihar
Shahid Matangini Hazra Government General Degree College for Women,Purba Champaran,West Bengal
Shahid Rajeev Pandey Government College,Raipur,Chhattisgarh
Shahid Smarak Rajikya Mahaviydalaya,,Uttar Pradesh
Shahind Ksudiram College,,West Bengal
Shahji Law College,,Maharashtra
Shahzada Nand College,,Punjab
Shailabala Women's College,Cuttack,Odisha
Shaildevi Mahavidyalaya,Durg,Chhattisgarh
Shailendra Education Society’s Arts Commerce and Science College,,Maharashtra
Shailesh Mahavidyalaya,Ghazipur,Uttar Pradesh
Shakti Peeth Degree College,,Uttar Pradesh
Shakti Smarak Sansthan,,Uttar Pradesh
Shakuntala Degree College,Bijnor,Uttar Pradesh
Shakuntala Devi Mahila Mahavidyalaya,,Uttar Pradesh
Shama Parveen Girls Degree College,,Uttar Pradesh
Shambhu Dayal College,,Uttar Pradesh
Shambhunath Institute of Engineering & Technology (SIET),,Uttar Pradesh
Shams Teacher’s Training College,,Bihar
Shankar  Rao Bhalke College,Pune,Maharashtra
Shankar Narayan College of Arts & Commerce,,Maharashtra
Shankar Narayan College of Arts & Commerce,Thane,Maharashtra
Shankara Gowda College of Education,,Karnataka
Shankarlal Agrawal College of Management Studies,,Maharashtra
Shankarlal Agrawal Science College,,Maharashtra
Shankarlal Dhanraj Signodia College of Arts and Commerce,,Telangana
Shankarlal Khandelwal Arts Science and Commerce College,,Maharashtra
Shankarrao Chavan Mahavidyalaya,,Maharashtra
Shankarrao Chavan Mahavidyalaya,Nanded,Maharashtra
Shankarrao Mohite Mahavidyalaya,,Maharashtra
Shankarrao Patil Mahavidyalaya,,Maharashtra
Shanmuga Industries Arts & Science College,,Tamil Nadu
Shantarau Potdukhe College of Law,,Maharashtra
Shanthi Arts Science & Commerce College,,Karnataka
Shanti Devi Arya Mahila College,,Punjab
Shanti Devi Jain Degree College,,Uttar Pradesh
Shanti Devi Mahavidyalaya,,Uttar Pradesh
Shanti Devi Memorial Mahila Mahavidyalaya,,Uttar Pradesh
Shanti Devi Rajan Babu Mahavidyalaya,,Uttar Pradesh
Shanti Devi Ram Badan Mahavidyalaya,Ambedkar Nagar,Uttar Pradesh
Shanti Devi Subhash Chandra Sushant Degree College,Bahraich,Uttar Pradesh
Shanti Education Society’s A.G. Patil Institute of Technology,Solapur,Maharashtra
Shanti Jagdish Mahavidyalaya,Pratapgarh,Uttar Pradesh
Shanti Mahavidyalaya,,Uttar Pradesh
Shanti Mahavidyalaya,,Odisha
Shanti Mahila Mahavidyalaya,,Uttar Pradesh
Shanti Niketan College of Business Management and Computer Science,,Uttar Pradesh
Shanti Niketan College of Education Franshi,Hisar,Haryana
Shanti Samarak Mahavidyalaya Shikshan Evam Prashikshan Sansthan,,Uttar Pradesh
Shanti Sashktikaran Mahavidyalaya,Gorakhpur,Uttar Pradesh
Shanti Sudama Samarak Mahavidyalaya,,Uttar Pradesh
Shanti Tara Girls College,,Punjab
Shantilal Shah Engineering College,,Gujarat
Shantilata Mahavidyalaya,,Odisha
Sharad Chandra Mahavidyalaya,,Maharashtra
Sharada Devi Mahavidyalaya,Chandauli,Uttar Pradesh
Sharada Vidtalaya Degree College for Women,,Telangana
Sharadabai Pawar College of Education,Pune,Maharashtra
Sharadchandra Arts & Commerce College,,Maharashtra
Sharadchandra Mahavidyalaya,,Maharashtra
Sharadchandraji Pawar College (Arts and Commerce),Pune,Maharashtra
Sharadrao Pawar Arts & Commerce College,,Maharashtra
Sharda Devi Degree College,Jhansi,Uttar Pradesh
Sharda Devi Kanya Mahavidyalaya,Jaunpur,Uttar Pradesh
Sharda Devi Memorial Degree College,Sant Kabir Nagar,Uttar Pradesh
Sharda Mahavidyalaya (Arts & Science),,Maharashtra
Sharda Sadan College,,Rajasthan
Sharda Vilas College,Mysore,Karnataka
Sharda Vilas Law College,Mysore,Karnataka
Shardabai Pawar Mahila Arts Commerce & Science College,Pune,Maharashtra
Shardachandra Pawar Mahavidyalaya,,Maharashtra
Shardchandra Arts & Commerce College,,Maharashtra
Sharirik Shikshan Mahavidyalaya,,Maharashtra
Sharmila Jaiswal Degree College,Allahabad,Uttar Pradesh
Shasakiya Naveen Mahavidyalaya,Dhamtari,Chhattisgarh
Shashi Bhushan Balika Vidyalaya Degree College,,Uttar Pradesh
Shashidhar Panda Government College,,Chhattisgarh
Shashwat Suryavanshi Mahavidyalaya,Ghazipur,Uttar Pradesh
Shaskiya Bapu Mahavidyalaya,Chhatarpur,Madhya Pradesh
Shaskiya Brijlal Verma Mahavidyalaya,,Chhattisgarh
Shaskiya Danvir Tularam Mahavidyalaya,,Chhattisgarh
Shaskiya Gundadhur Mahavidyalaya,Kondagaon,Chhattisgarh
Shaskiya Kanya P.G. Mahavidyalaya,,Madhya Pradesh
Shaskiya Kavyopadhyaya Hiralal Mahavidyalaya,,Chhattisgarh
Shaskiya Koduram Dalit Mahavidyalaya,,Chhattisgarh
Shaskiya Lal Shyam Shah Mahavidyalaya,,Chhattisgarh
Shaskiya Maa Mahamaya Mahavidyalaya,,Chhattisgarh
Shaskiya Madanlal Shukla Mahavidyalaya,,Chhattisgarh
Shaskiya Mahaprabhu Vallabhacharya Snatakottar Mahavidyalaya,,Chhattisgarh
Shaskiya Mahaveer Mahavidyalaya,,Madhya Pradesh
Shaskiya Mahavidyalaya Madhya Pradesh,Barwani,Madhya Pradesh
Shaskiya Mahavidyalaya,Dhar,Madhya Pradesh
Shaskiya Mahavidyalaya,,Madhya Pradesh
Shaskiya Mahavidyalaya,Seoni,Madhya Pradesh
Shaskiya Mahavidyalaya,Damoh,Madhya Pradesh
Shaskiya Mahavidyalaya,Alirajpur,Madhya Pradesh
Shaskiya Mahavidyalaya,,Madhya Pradesh
Shaskiya Mahavidyalaya,Jhabua,Madhya Pradesh
Shaskiya Mahavidyalaya,Indore,Madhya Pradesh
Shaskiya Mahavidyalaya,Dhar,Madhya Pradesh
Shaskiya Mahavidyalaya,Raisen,Madhya Pradesh
Shaskiya Mahavidyalaya,Dhar,Madhya Pradesh
Shaskiya Mahavidyalaya,Burhanpur,Madhya Pradesh
Shaskiya Mahavidyalaya,Tikamgarh,Madhya Pradesh
Shaskiya Mahavidyalaya,Tikamgarh,Madhya Pradesh
Shaskiya Mahavidyalaya,Rewa,Madhya Pradesh
Shaskiya Mahavidyalaya,Tikamgarh,Madhya Pradesh
Shaskiya Naveen Mahavidyalaya,Raipur,Chhattisgarh
Shaskiya Naveen Mahavidyalaya,Baloda Bazar,Chhattisgarh
Shaskiya Naveen Mahavidyalaya,Raipur,Chhattisgarh
Shaskiya Pandit Shyam Shakar Mishr Mahavidyalaya,Gariaband,Chhattisgarh
Shaskiya Pataleshwar Mahavidyalaya,,Chhattisgarh
Shaskiya Pt. Madav Rao Sapre College,,Chhattisgarh
Shaskiya Rajmahant Nayandas Mahilang Mahavidyalaya,,Chhattisgarh
Shaskiya Ramanand Sanskrit Mahavidyalaya,Bhopal,Madhya Pradesh
Shaskiya Sanskrit Mahavidyalaya,Panna,Madhya Pradesh
Shaskiya Sanskrit Mahavidyalaya,Sidhi,Madhya Pradesh
Shaskiya Shivnath Vigyan Mahavidyalaya,,Chhattisgarh
Shaskiya Snatkottar Mahavidyalaya,,Madhya Pradesh
Shaskiya Venkat Sanskrit Mahavidyalaya,Rewa,Madhya Pradesh
Shastrarth Mahavidyalaya,,Uttar Pradesh
Shastri Deepan Chaudhary Mahavidyalaya,,Uttar Pradesh
Shatabdi Center for Education Excellence Mahavidyalaya,,Uttar Pradesh
Shatabdi Institute of Education,,Uttar Pradesh
Shavarathi First Grade College,,Karnataka
Sheela Devi Rambharose Lal Mahavidyalaya,,Uttar Pradesh
Sheikh Hamza College of Education,Kashmir,Jammu and Kashmir
Sheikh-ul-Alam Memorial Degree College,Kashmir,Jammu and Kashmir
Shekh Shahid Mahila Mahavidyalaya,,Uttar Pradesh
Shekhawati Institute,Sikar,Uttar Pradesh
Shekhawati Institute of Engineering and Technology,,Rajasthan
Shekhawati P.G. Mahavidyalaya,,Rajasthan
Sheodani College (Rural),,Bihar
Shershah College,,Bihar
Sheth B J Institute of Learning & Research H.R. Arts College Comp.,,Gujarat
Sheth Brijal Sevakram Law College,,Gujarat
Sheth C.D. Carfiwalal Commerce College,,Gujarat
Sheth H.J. Law College,,Gujarat
Sheth H.P. Arts & Talod Shahkari Mandali Commerce College,,Gujarat
Sheth K.M. School of Post-Graduate Medicine and Research,,Gujarat
Sheth L.H. Science College,,Gujarat
Sheth L.U.Jhaveri College of Arts and Sir M.V. College of Science and Commerce,Mumbai,Maharashtra
Sheth M.N. Contractor College of Education,,Gujarat
Sheth Motilal Nayalchand Science College,,Gujarat
Sheth Motilal Nyalchand Law College,,Gujarat
Sheth Purushottamadas Thakurdas Arts and Science College,,Gujarat
Sheth R.A. College of Arts and Commerce,,Gujarat
Sheth R.A. College of Science,,Gujarat
Sheth Shoorji Vallabhdas Arts and Commerce College,,Gujarat
Sheth Shri I.M. Patel College of Education,,Gujarat
Sheth T.C. Kapadia Arts College,,Gujarat
Sheth T.J. Education Society’s Sheth Nanjibhai Khimjibhai Thakkar Thanawala College of Commerce & Sheth Jayantilal Tribhovandas Thanawala College of Arts,,Maharashtra
Shia Degree College,,Uttar Pradesh
Shibli National College,,Uttar Pradesh
Shibu Soren Janjatiya Degree College,Sahibganj,Jharkhand
Shidheshwari Sanskrit Mahavidyalaya,,Bihar
Shikaripara Mahavidyalaya,,Jharkhand
Shiksha Mandal’s Wardha Bajaj Institute of Technology,Wardha,Maharashtra
Shiksha Snatak Mahavidyalaya,Raipur,Chhattisgarh
Shikshak Sanchalit Shikshan Sansthan's Arts & Commerce College,,Maharashtra
Shikshan Maharishi Guruvaya R.G. Shinde Mahavidyalaya,,Maharashtra
Shikshan Maharshi Dnyandeo Mohekar Mahavidyalaya,,Maharashtra
Shikshan Maharshi Dr. Bapuji Salunkhe Mahavidyalaya,,Maharashtra
Shikshan Maharshi Shri Krushnrao Zoting Patil Arts & Commerce College,,Maharashtra
Shikshan Mahavidyalaya,,Maharashtra
Shikshan Mandal's Mahila Mahavidyalaya,,Maharashtra
Shikshan Prasarak Mandal Andur's Jawahar Arts Science & Commerce College,,Maharashtra
Shikshan Prasarak Mandal’s Sahebrao Shankarrao Dhamdhere Arts & Commerce College,Pune,Maharashtra
Shikshanmaharshi Bapuji Salunkhe Mahavidyalaya,,Maharashtra
Shillong College,,Meghalaya
Shillong Commerce College,,Meghalaya
Shillong Law College,,Meghalaya
Shimurali Sachinandan College of Education,,West Bengal
Shirakole Mahavidyalaya,South Twenty Four Parganas,West Bengal
Shirdee College of Education,Jammu,Jammu and Kashmir
Shiri Kumaran College of Arts and Science College,Coimbatore,Tamil Nadu
Shirmati Savitarani Narayandas Jawan - Dhiya Mahavidyalaya,,Maharashtra
Shirpur Education Society’s Smt. H.R. Patel Arts Mahila College,,Maharashtra
Shishu Ananta Mahavidyalaya,,Odisha
Shitrikamji Bhai Chatwani Arts and J.V. Gokal Trust Commerce College,,Gujarat
Shiv Adarsh Mahavidyalaya,,Uttar Pradesh
Shiv College of Education,,Haryana
Shiv Harsh Kisan P.G. College,,Uttar Pradesh
Shiv Lok Sadhana Kaksha Degree College,,Uttar Pradesh
Shiv Mahavidyalaya,,Uttar Pradesh
Shiv Mahavidyalaya,,Uttar Pradesh
Shiv Mahesh Shaikshik Sansthan,,Uttar Pradesh
Shiv Mandir Chhuttan Lala Kaka Girls Degree College,,Uttar Pradesh
Shiv Moorat Singh Mahavidyalaya,,Uttar Pradesh
Shiv Nandan Nand Kishore Mishra College,,Bihar
Shiv Nandan Prasad Mandal Law College,,Bihar
Shiv Prasad Sadanand Jaiswal Arts & Commerce College,,Maharashtra
Shiv Prasad Sanskrit Degree College,,Bihar
Shiv Savitri Mahavidyalaya,,Uttar Pradesh
Shiv Shakti Arts and Science College,,Maharashtra
Shiv Shakti Girls Degree College,Sitapur,Uttar Pradesh
Shiv Shakti Mahavidyalaya,Aligarh,Uttar Pradesh
Shiv Shankar Chaturvedi Mahavidyalaya,,Uttar Pradesh
Shiv Shankar Singh Mahavidyalaya,Azamgarh,Uttar Pradesh
Shiv Shanker Singh Shiv Ram Singh Mahavidyalaya,,Uttar Pradesh
Shiv Shyam Mahavidyalaya,Allahabad,Uttar Pradesh
Shiva College,Durg,Chhattisgarh
Shiva Degree College,,Uttar Pradesh
Shiva Nath Verma Smarak Mahavidyalaya,,Uttar Pradesh
Shivai Shikshan Prasarak Mandal’s Sundarrao More Arts Commerce & Science College,Raigarh,Maharashtra
Shivaji Arts & Commerce College,,Karnataka
Shivaji Arts Commerce & Science College,,Maharashtra
Shivaji College,,Delhi
Shivaji College,,Maharashtra
Shivaji College of Education,,Karnataka
Shivaji Law College,,Maharashtra
Shivaji Mahavidyalaya,,Maharashtra
Shivaji Mahavidyalaya,,Maharashtra
Shivaji Mahavidyalaya,,Maharashtra
Shivaji Vidyapeeth Mahavidyalaya,,Uttar Pradesh
Shivajirao Kadam Institute of Technology and Management – Technical Campus,,Madhya Pradesh
Shivalik College of Education,Jammu,Jammu and Kashmir
Shivalik College of Engineering,Dehradun,Uttarakhand
Shivam College,,Madhya Pradesh
Shivanand College,,Karnataka
Shivangi Mahila Mahavidyalaya,Jaunpur,Uttar Pradesh
Shivani College of Engineering and Technology,Tiruchirappalli,Tamil Nadu
Shivani Engineering College,Tiruchirappalli,Tamil Nadu
Shivanshu Susheel Mahavidyalaya,Bahraich,Uttar Pradesh
Shivapati Deree College,,Uttar Pradesh
Shivchhatrapati College,,Uttar Pradesh
Shivdarshan Mahavidyalaya,Banda,Uttar Pradesh
Shivdulari Devi Daldapat Shahi Mahila Mahavidyalaya,Kushinagar,Uttar Pradesh
Shivjagruti Senior College,,Maharashtra
Shivkali Yadav Jagpatti Balika Mahavidyalaya,,Uttar Pradesh
Shivkumari Sahab Mahavidyalaya,Mau,Uttar Pradesh
Shivlok Shrinet Mahavidyalaya,,Uttar Pradesh
Shivmohan Singh Ramautar Mahavidyalaya,,Uttar Pradesh
Shivnagar Vidya Prasarak Mandal’s Institute of Management,Pune,Maharashtra
Shivneri Mahavidyalaya,,Maharashtra
Shivpal Singh Mahavidyalaya,,Uttar Pradesh
Shivraj College of Arts & Commerce and D.S. Kadam Science College,,Maharashtra
Shivraj Smarak Mahavidyalaya,,Uttar Pradesh
Shivramji Moghe Arts Commerce and Science College,Yavatmal,Maharashtra
Shivsagar Sevabhavi Shikshan Prasarak Mandal’s Kala Mahavidyalaya,,Maharashtra
Shivsakhi Memorial Degree College,Ghazipur,Uttar Pradesh
Shivvati Shivnandan Shukla Mahavidyalaya,,Uttar Pradesh
Shiwanand Degree College,,Uttar Pradesh
Shobha Singh Yadav Govt. College,,Madhya Pradesh
Sholapur Social Association’s Arts and Commerce College,,Maharashtra
Shra Shiva Shahu Mahavidyalaya,,Maharashtra
Shram Sadhana Bombay Trust’s College of Engineering and Technology,,Maharashtra
Shram Safalya Education Society’s Pandit Jawaharlal Nehru College of Social Work,,Maharashtra
Shrama Shakti College,,Odisha
Shramdham Arts Science & Commerce,,Madhya Pradesh
Shramjivi Shikshan Prasarak Mandal Adarsh Mahavidyalaya,,Maharashtra
Shree Agrasain College.,,West Bengal
Shree AgraseN Mahavidyalaya,,West Bengal
Shree Ambaji Arts College,,Gujarat
Shree Anant Krishi Vikas Pratishthan’s Sau. Kesharbai Sonajirao Kshirsagar alias Kaku College of Agriculture,,Maharashtra
Shree Anant Krishi Vikas Pratishthan’s Sau. Kesharbai Sonajirao Kshirsagar alias Kaku College of Food Technology,,Maharashtra
Shree Arjunlal Hirani College of Journalism and Performing Arts,,Gujarat
Shree Babu Lal Mahavidyalaya,,Uttar Pradesh
Shree Bajrang Mahavidyalaya,,Uttar Pradesh
Shree Balaji Academy,,Uttar Pradesh
Shree Bankey Bihari Dental College & Research Centre,,Uttar Pradesh
Shree Benakappa Shankrappa Simhasanad Government First Grade College,,Karnataka
Shree Bharat Sarasvati Mandir Sansad Shri Mahendra Kumar Navinchandra Kampani Arts and Shri Amitkumar Kishorchandra Shah Commerce College,,Gujarat
Shree Bharatesh Vidya Mandal’s Bharatesh College of Education,Belgaum,Karnataka
Shree Bhikhabhai Patel Arts College,,Gujarat
Shree Bhuvneshwari Raja Mahavidyalaya,Patna,Bihar
Shree C.U. Shah College of Commerce Management and Computer Education,,Gujarat
Shree Chanakya Education Society’s Indira College of Commerce and Science,Pune,Maharashtra
Shree Chanakya Education Society’s Indira College of Engineering and Management,Pune,Maharashtra
Shree Chanakya Education Society’s Indira College of Pharmacy,Pune,Maharashtra
Shree Chanakya Education Society’s Indira School of Business Studies,Pune,Maharashtra
Shree Chhatradhari Sanskrit Mahavidyalaya,,Bihar
Shree D.D. Kotiyawala Municipal Law College,,Gujarat
Shree D.R. Mahila Mahavidyalaya,Varanasi,Uttar Pradesh
Shree Dauji Maharaj Degree College,Agra,Uttar Pradesh
Shree Dhabaleswar College of Science & Technology,,Odisha
Shree Dhanvantary Pharmacy College,Surat,Gujarat
Shree Dnyanraj Mauli Shikshan Seva Mandal’s Achievers College of Commerce & Management (Night College),,Maharashtra
Shree Doodh Nath Sarvodaya Mahavidyalaya,Jhansi,Uttar Pradesh
Shree Ganga Shardul Rajakiya Acharya Sanskrit College,Bikaner,Rajasthan
Shree Gopal Banerjee College,,West Bengal
Shree Gorakshnath Sanskrit Vidyapeeth P.G. College,Gorakhpur,Uttar Pradesh
Shree Guru Gobind Singh Ji Government College,Sirmaur,Himachal Pradesh
Shree J.B. Dharukawala Mahila Arts College,,Gujarat
Shree J.M. Patel Arts College,,Gujarat
Shree J.M. Patel Institute of Social Work & Applied Arts,,Gujarat
Shree J.M. Patel Post Graduate Studies & Research in Humanities,,Gujarat
Shree J.S. Parmar Arts & Commerce College,,Gujarat
Shree Jagannath Mohavidyalaya,,Odisha
Shree Jagveer Singh Chauhan Smrati Mahavidyalaya,,Uttar Pradesh
Shree Jai Mangal Sanskrit  Mahavidyalaya,,Uttar Pradesh
Shree Ji Baba Institute,,Uttar Pradesh
Shree K.S. Degree College,,Uttar Pradesh
Shree Kishor Goswami Mahavidyalaya,Mahoba,Uttar Pradesh
Shree Kokilaben Karsanbhai Patel Girls Science College,,Gujarat
Shree Kongadiyappa First Grade College,,Karnataka
Shree Krishna College,Sitapur,Uttar Pradesh
Shree Krishna Educational Institute,Sitapur,Uttar Pradesh
Shree Krishna Sharda Devi Mahila Mahavidyalaya,Mirzapur,Uttar Pradesh
Shree L.R. Tiwari College of Engineering,Thane,Maharashtra
Shree L.R. Tiwari Degree College of Arts Commerce & Science,Thane,Maharashtra
Shree Laxminarayan Ayurvedic College,Amritsar,Punjab
Shree M.R. Desai (Sanjay Farm) Arts & Shree Ibrahimbai I Laher Kosadia (Alipore) Commerce College,,Gujarat
Shree M.S. Chauhan Mahavidyalaya,,Uttar Pradesh
Shree Mahanth Vaidehi Sharan Sanskrit Mahavidyalaya,,Bihar
Shree Mansa Ram Bramha Ji Mahavidyalaya,Mau,Uttar Pradesh
Shree Medha Degree College,,Karnataka
Shree Meghmani Parivar and Shree Bhailalbhai A Patel (Detrowale) Umiya Arts and Commerce College for Girls,,Gujarat
Shree Mehendra Das Degree College,,Bihar
Shree Mohan Dhansira Mahavidyalaya,,Uttar Pradesh
Shree Morarji Desai Arts and Commerce College,,Gujarat
Shree Narayana College,,Kerala
Shree Neelkanta Vidhi Mahavidyalaya,,Madhya Pradesh
Shree Neminath Jain Brahmachayrasram’s Shriman Sureshdada Jain College of Pharmacy,Nashik,Maharashtra
Shree Niranjana Swamy First Grade College,,Karnataka
Shree P.M. Patel College of Education (B.Ed),,Gujarat
Shree P.M. Patel College of Paramedical Science & Technology,,Gujarat
Shree P.M. Patel Institute of Biosciences,,Gujarat
Shree P.M. Patel Institute of Business Administration,,Gujarat
Shree P.M. Patel Institute of Integrated M.Sc. in Biotechnology,Anand,Gujarat
Shree P.M. Patel Institute of P.G. Studies & Research in Science,,Gujarat
Shree Pandharinath Arts Commerce College,,Maharashtra
Shree Purushottam Singh Mahavidyalaya,,Uttar Pradesh
Shree Radhey P.G. College,,Rajasthan
Shree Raghavendra Arts and Science College,,Tamil Nadu
Shree Raghukul Mahavidyalaya,,Uttar Pradesh
Shree Raghuvir Saran Degree College,,Uttar Pradesh
Shree Rahul Education Society’s Rahul College of Education,Thane,Maharashtra
Shree Rahul Education Society’s Shri. L.R. Tiwari College of Law,Thane,Maharashtra
Shree Rajendra Suri. Govt. College,,Madhya Pradesh
Shree Rajroop Memorial Mahavidyalaya,Kushinagar,Uttar Pradesh
Shree Ram Institute of Management & Technology,,Uttar Pradesh
Shree Ram Mahavidyalaya,,Uttar Pradesh
Shree Raman Singh Degree College,,Uttar Pradesh
Shree Ramchandra Education Society’s Shree Ramchandra College of Engineering,Pune,Maharashtra
Shree Ramprakash Sanskrit Mahavidyalaya,,Bihar
Shree Rang Navchetan Mahila Arts College,,Gujarat
Shree Rangey Raghav Mahavidyalaya,Bharatpur,Rajasthan
Shree S.D. Patel Arts & C.M. Patel Commerce College,,Gujarat
Shree S.P. Patel Arts College,,Gujarat
Shree Sahajanand Vanijya Mahavidyalaya,,Gujarat
Shree Sarvajanik College of Education,,Gujarat
Shree Sathyam College of Engineering and Technology,Salem,Tamil Nadu
Shree Shivaji Arts Commerce & Science College,,Maharashtra
Shree Shree Gourgobind Girls’ College,,Manipur
Shree Shukdev Prasad Tripathi Smarak Sanskrit Vidyapeeth,Kushinagar,Uttar Pradesh
Shree Siddhi Vinayak Mahavidyalya,,Uttar Pradesh
Shree Sidhi Vinayak College of Law  Jamunavata Goverdhan Road  Mathura-281 001  Uttar Pradesh,Mathura,Uttar Pradesh
Shree Tejendraprasadaji Swaminarayan Arts College,,Gujarat
Shree Thakorbhai patel Arts & Commerce College,Bharuch,Gujarat
Shree U.H. Chaudhari Arts College,,Gujarat
Shree V.M. Sakariya Mahila Arts College,,Gujarat
Shree Veereshwar Arts College,,Karnataka
Shree Venkateshwara Arts & Science (Co-Education) College,Erode,Tamil Nadu
Shree Venkateshwara Hi-Tech Engineering College,Erode,Tamil Nadu
Shreemati Gangabai Khivaraj Ghodawat Kanya Mahavidyalaya,,Maharashtra
Shreemati Shivraji Maurya Sanskrit Mahavidyalaya,,Uttar Pradesh
Shreenath Alaknanda Mahavidyalaya,Ghazipur,Uttar Pradesh
Shreenivasa Engineering College,Dharmapuri,Tamil Nadu
Shri  Hazari Lal Mahavidyalaya,,Uttar Pradesh
Shri & Smt. P.K. Kotawala Arts College,,Gujarat
Shri Aaijee Mahila Mahavidyalaya,Jodhpur,Rajasthan
Shri Aanasagar Mahila Shiksha Shastri College,,Rajasthan
Shri Aayaz Hussain Post Graduate College,,Uttar Pradesh
Shri Abhimanyu Yadav Mahavidyalaya,Jaunpur,Uttar Pradesh
Shri Acharya Tulsi Amrit Mahavidyalaya,,Rajasthan
Shri Adarsh Ramanand Sanskrit College,,Uttar Pradesh
Shri Adarsh Sanskrit College,,Uttar Pradesh
Shri Agrasen Degree College,,Uttar Pradesh
Shri Agrasen Kanya Mahavidyalaya,Korba,Chhattisgarh
Shri Agrasen Kanya P.G. College,,Uttar Pradesh
Shri Agrasen Mahavidyalaya,,West Bengal
Shri Akhil Anjana Kelavani Mandal Sanchalit B.C.A. College,,Gujarat
Shri Akshaibar Singh Memorial Mahavidyalaya,,Uttar Pradesh
Shri Alpesh N. Patel Post Graduate Institute of Science & Research,Anand,Gujarat
Shri Ambabai Talim Santha’s Sanjay Bhokare Group of Institutes Faculty of Engineering Management and Polytechnic,Sangli,Maharashtra
Shri Amolak Jain Vidya Prasarak Mandal’s Smt. Shantabai Kantilal Gandhi Arts Amolak Science & Panalal Hiralal Gandhi Commerce College,,Maharashtra
Shri Anand College,,Maharashtra
Shri Anandaneshwar Arts Science and Commerce College,,Karnataka
Shri Asaramji Bhandwalder Arts Commerce and Science College,,Maharashtra
Shri Asha Ram Digambar Jain Girls College,,Uttar Pradesh
Shri Atal Bihari Vajpayee Government Arts and Commerce College,,Madhya Pradesh
Shri Aurobindo College,,Delhi
Shri Aurobindo College (Evening Classes),,Delhi
Shri Ayurveda Mahavidyalaya,,Maharashtra
Shri B.M. Kankanawadi Ayurved Mahavidyalaya,,Karnataka
Shri B.S.D.P. Mahavidyalaya,,Maharashtra
Shri B.Sham Sunder Memorial College of Physical Education,,Karnataka
Shri Babasaheb Deshmukh Parwekar Mahavidyalaya,Yavatmal,Maharashtra
Shri Babasaheb Dhabekar Arts & Commerce College,,Maharashtra
Shri Babbu Singh Mahavidyalaya,Mahoba,Uttar Pradesh
Shri Babu Kaliram Rakesh Rajkiya Mahavidyalaya,,Uttarakhand
Shri Babu Singh Balika Degree College,Farrukhabad,Uttar Pradesh
Shri Babu Singh Daddu Ji Krishi Mahavidyalaya,Farrukhabad,Uttar Pradesh
Shri Babu Singh Degree College,Farrukhabad,Uttar Pradesh
Shri Babu Singh Degree College,Kaushambi,Uttar Pradesh
Shri Babu Singh Degree College,Farrukhabad,Uttar Pradesh
Shri Babu Singh Degree College,,Uttar Pradesh
Shri Babu Singh Jay Singh Ayurvedic Medical College & Hospital,Farrukhabad,Uttar Pradesh
Shri Babunandan Adarsh Mahavidyalaya,Ghazipur,Uttar Pradesh
Shri Bachchu Ram Singh Ram Swaroop Singh Mahavidyalaya,Fatehpur,Uttar Pradesh
Shri Baijnath Girls Institute of Education and Management,Bara Banki,Uttar Pradesh
Shri Bajrang Degree College,,Uttar Pradesh
Shri Bajrang Singh Mahavidyalaya,,Uttar Pradesh
Shri Bajrang Teachers' Training College,,Rajasthan
Shri Bajrangi Mahavidyalaya,,Uttar Pradesh
Shri Balaji Adhyapak Mahavidyalaya,Washim,Maharashtra
Shri Balaji Degree College,,Uttar Pradesh
Shri Balaji Maharaj Mahavidyalaya,,Uttar Pradesh
Shri Balaji Maharaj Mahavidyalaya,Hatras,Uttar Pradesh
Shri Balaji Mahavidhyalay,Hardoi,Uttar Pradesh
Shri Balaji Mahavidyalaya,,Uttar Pradesh
Shri Balasaheb Mane Shikshan Prasarak Mandal’s,Kolhapur,Maharashtra
Shri Baldeo Singh Bhalesultan Mahavidyalaya,,Uttar Pradesh
Shri Banke Bihari Mahavidyalaya,Auraiya,Uttar Pradesh
Shri Bankey Lal Memorial Degree College,Moradabad,Uttar Pradesh
Shri Bhagwan Mahavir Post-Graduate College,,Uttar Pradesh
Shri Bhagwan Shiv Mahavidyalaya,,Uttar Pradesh
Shri Bhagwandas Sanskrit Mahavidyalaya,Hardwar,Uttarakhand
Shri Bharat Singh Kamla Mahavidyalaya,,Uttar Pradesh
Shri Bhawanand Sanskrit Mahavidyalaya,,Uttar Pradesh
Shri Bhawani Niketan Mahila College,,Rajasthan
Shri Bhawani Singh Mahavidhyalaya,Agra,Uttar Pradesh
Shri Bhogilal Pandya Govt. College,,Rajasthan
Shri Bhoomiraj Singh Lila Devi Mahavidyalaya,,Uttar Pradesh
Shri Bhuwaneshwari Sanskrit Mahavidyalaya,Mirzapur,Uttar Pradesh
Shri Birla Acharya Sanskrit College,,Rajasthan
Shri Brajraj Singh Mahavidyalaya,Etah,Uttar Pradesh
Shri C.P. Degree College of Physical Education,,Gujarat
Shri C.V. Shah Law College,,Gujarat
Shri Chandra Swami Degree College,,Uttar Pradesh
Shri Chandrabhan Singh Mahavidyalaya,Agra,Uttar Pradesh
Shri Chandrashekhar Mallikarjun Mamani Government First Grade College,,Karnataka
Shri Channabasaveshwar Arts Science & Commerce College,,Karnataka
Shri Chatrapati Shivaji Shikshan Mandal's College,,Maharashtra
Shri Chetram Singh Mahavidyalaya,,Uttar Pradesh
Shri Chhatrapati Shahuji Maharaj Mahavidyalaya,Gonda,Uttar Pradesh
Shri Chhatrapati Shikshan & Arogya Prasarak Mandal’s Shri Sant Gajanan Mahavidyalaya,Ahmadnagar,Maharashtra
Shri Chhote Lal Jagroop Singh Yadav Mahavidyalaya,Unnao,Uttar Pradesh
Shri Chinai College of Commerce and Ecnomis,,Maharashtra
Shri Chitarmal Mahavidyalaya,Agra,Uttar Pradesh
Shri Chunibai Nagjibhai Patel Fertikuiwala Arts & Dabhol N. Science College,,Gujarat
Shri Cloth Market Kanya Vanijya Mahavidyalaya,,Madhya Pradesh
Shri D.P. Verma Memorial Degree College,,Uttar Pradesh
Shri D.V. Raval Arts & Commerce College,,Gujarat
Shri Dadu Acharya Sanskrit College,,Rajasthan
Shri Dadu Balram Singh Sanskrit Mahavidyalaya,,Uttar Pradesh
Shri Dalchand Singh Mahavidylaya,,Uttar Pradesh
Shri Danrajji Shrichandji Badamia College of Professional Studies,Pali,Rajasthan
Shri Darshan Mahavidyalaya,,Uttar Pradesh
Shri Darshan Singh Mahavidyalaya,,Uttar Pradesh
Shri Datta Arts & Commerce College,,Maharashtra
Shri Dayanand Mahavidyalaya,,Uttar Pradesh
Shri Deendayal Kushwaha Mahavidyalaya,,Uttar Pradesh
Shri Deep Chandra Choudhary Mahavidyalaya,Lalitpur,Uttar Pradesh
Shri Devi Prasad Mahavidyalaya,,Uttar Pradesh
Shri Devi Singh Institute of Education,,Uttar Pradesh
Shri Dhaneshwar Degree College,,Uttar Pradesh
Shri Dharmasthala Manjunath Eshwara College of Business Management,,Karnataka
Shri Dharmjeet Singh Mahavidyalaya,,Uttar Pradesh
Shri Dhokeshwar College,,Maharashtra
Shri Digambar Jain Adarsh Mahila Sanskrit P.G. College,,Rajasthan
Shri Digamber Jain Acharya Sanskrit College,,Rajasthan
Shri Digamber Jain Adarsh Mahila Teachers Training College,,Rajasthan
Shri Dnyanesh Mahavidyalaya,,Maharashtra
Shri Dnyaneshwar Mahavidyalaya,,Maharashtra
Shri Dnyaneshwar Shikshan Sanstha Sanchalit Shivchhatrapati Arts College,,Maharashtra
Shri Dr. R.G. Rathod Arts & Science College,,Maharashtra
Shri Draunacharya Degree College,,Uttar Pradesh
Shri Durga Prasad Sarraf College,,Madhya Pradesh
Shri Durga Sanskrit Mahavidyalaya,Mahoba,Uttar Pradesh
Shri Durga Shiksha Neketan Mahavidyalaya,,Uttar Pradesh
Shri Durga Shiksha Niketan Mahavidyalaya,,Uttar Pradesh
Shri Durgaji Sanskrit Mahavidyalaya,,Uttar Pradesh
Shri Dwarkadhish Sanskrit Academy and Indological Research Institute,,Gujarat
Shri Fateh Singh Mahavidhyalay,Aligarh,Uttar Pradesh
Shri G.S. Institute of Technology and Science,,Madhya Pradesh
Shri Gadge Maharaj Mahavidyalaya,,Maharashtra
Shri Gajanan Maharaj Arts & Commerce College,Yavatmal,Maharashtra
Shri Gajanan Maharaj Shikshan Prasarak Mandal’s Sharadchandra Pawar College of Pharmacy,Pune,Maharashtra
Shri Gajanand Shital Yadav Mahavidyalaya,Mirzapur,Uttar Pradesh
Shri Gandhi Degre (PG) College,,Uttar Pradesh
Shri Gandhi P.G. College,,Uttar Pradesh
Shri Gandhi Smarak Degree College,,Uttar Pradesh
Shri Ganesh Arts College,,Maharashtra
Shri Ganesh College of Education,,Rajasthan
Shri Gauri Shankar College,Firozabad,Uttar Pradesh
Shri Gauri Shankar Sanskrit College,,Uttar Pradesh
Shri Gayadeen Mahavidyalaya,,Uttar Pradesh
Shri Ghurai Lal Verma Science Mahavidyalaya,,Uttar Pradesh
Shri Girija Prasad Dwivedi Mahavidyalaya,,Uttar Pradesh
Shri Girraj Maharaj Mahavidyalaya,,Uttar Pradesh
Shri Gnanambica Degree College,Chittoor,Andhra Pradesh
Shri Gopalji Mahavidyalaya,,Uttar Pradesh
Shri Gopi Chand College of Pharmacy,,Uttar Pradesh
Shri Gopichand Mahavidyalaya,,Uttar Pradesh
Shri Gosar Hansraj Gosrani Commerce & Shri D.D. Nagda B.B.A College,Jamnagar,Gujarat
Shri Goverdhan Sanskrit College,,Rajasthan
Shri Govind Degree College,,Uttar Pradesh
Shri Govind Guru Government College,Banswara,Rajasthan
Shri Govind Singh Gurjar Rajkiya Mahavidyalaya,,Rajasthan
Shri Govindprabhu Arts and Commerce College,Chandrapur,Maharashtra
Shri Govindrao Munghate Arts & Science College,,Maharashtra
Shri Gujarati Samaj B.Ed College,,Madhya Pradesh
Shri Gulab Singh Mahavidyalaya,,Uttar Pradesh
Shri Gulab Singh Rajkiya Mahavidyalaya,,Uttarakhand
Shri Gumani Singh Mahavidyalaya,,Uttar Pradesh
Shri Guru Angad Dev College,Tarn Taran,Punjab
Shri Guru Buddhisswami Mahavidyalaya,,Maharashtra
Shri Guru Gobind Singhji Institute of Engineering & Technology,,Maharashtra
Shri Guru Gorakshnath Mahavidyalaya,,Uttar Pradesh
Shri Guru Harkishan Degree College,,Uttar Pradesh
Shri Guru Nanak Girls’ Degree College,,Uttar Pradesh
Shri Guru Nanak Kanya Mahavidyalaya,,Uttar Pradesh
Shri Guru Ram Rai Institute of Technology & Science,,Uttarakhand
Shri Guru Ram Rai Post-Graduate College,,Uttarakhand
Shri Guru Ravidas Sanskrit Snatkottar Mahavidyalaya,,Haryana
Shri Guru Teg Bahadur Govt. College,,Punjab
Shri Guru Teg Bahadur Khalsa College,,Punjab
Shri Guru Teg Bahadur Khalsa College,,Madhya Pradesh
Shri Gurudatta Shikshan Sanstha’s Loknete Dr. J.D. Pawar College of Pharmacy,Nashik,Maharashtra
Shri H.K. Arts College,,Gujarat
Shri H.K. Commerce College,,Gujarat
Shri H.S. Shah College of Commerce,,Gujarat
Shri Hardev College,Ballia,Uttar Pradesh
Shri Hari Mahavidyalaya,,Uttar Pradesh
Shri Hari Shankar Ji Mahavidyalaya,,Uttar Pradesh
Shri Haripal Shastri Smarak Mahavidyalaya,,Uttar Pradesh
Shri Harishankar Mahavidyalaya,,Uttar Pradesh
Shri Havagi Swami College,,Maharashtra
Shri Hoti Singh Mahendra Singh Adarsh Kanya Mahavidyalya,,Uttar Pradesh
Shri Hubraj Jaiswal Mahila Mahavidyalaya,Ambedkar Nagar,Uttar Pradesh
Shri I.K. Chavda Gram Vidhyapith,Anand,Gujarat
Shri I.V. Patel Collee of Commerce,,Gujarat
Shri Indramani Mahila Mahavidyalaya,Jaunpur,Uttar Pradesh
Shri J.L.K.  Kotecha Arts  and Smt. S.H. Gardi Commerce College,,Gujarat
Shri J.M. Patel Arts & Smt. M.N. Patel Mahila Commerce College,,Gujarat
Shri J.S. Bhakata & Shri K.M. Bhakta Arts Shri A.N. Shah Science  & Shri N.F. Shah Commerce College,,Gujarat
Shri J.S. Patil Munghate Arts and Commerce College,,Maharashtra
Shri Jagadamba First Grade Arts & Science College,,Karnataka
Shri Jagadguru Fakkireshwar Government First Grade College,,Karnataka
Shri Jagadguru Tontadarya Vidyapeetha’s Basaveshwar Arts and Commerce College,,Karnataka
Shri Jagannath Mahavidyalaya (Degree College),,Odisha
Shri Jagath Narayan Sanskrit College,,Uttar Pradesh
Shri Jagdamba Mahila Mahavidyalaya,,Uttar Pradesh
Shri Jagdev Singh Mahavidyalaya,Hardoi,Uttar Pradesh
Shri Jagdguru Murugharajendra Vidyapeeth Mahantha First Grade Arts and Commerce College,,Karnataka
Shri Jahar Singh Mahavidyalaya,,Uttar Pradesh
Shri Jai Narain Post Graduate College,,Uttar Pradesh
Shri Jain College of Arts & Commerce,Pune,Maharashtra
Shri Jain Diwakar Mahavidyalaya,Indore,Madhya Pradesh
Shri Jain Girl’s P.G. College,Bikaner,Rajasthan
Shri Jain PG College,,Rajasthan
Shri Jain Teachers' Trainiing College,,Rajasthan
Shri Jain Terapanth College,,Rajasthan
Shri Jamuna Ram Mahavidyalaya,,Uttar Pradesh
Shri Jangjeet Singh Mahavidyalaya,Agra,Uttar Pradesh
Shri Jankiraman Mahavidyalaya,,Madhya Pradesh
Shri Jayantilal Hirachand Sanghvi Gujarati Innovative College of Commerce & Science,,Madhya Pradesh
Shri Jayendrapuri Arts & Science College,,Gujarat
Shri Jiledar Singh Smarak Mahavidyalaya,Mainpuri,Uttar Pradesh
Shri K.K. Shastri Government Commerce College,,Gujarat
Shri K.M. Mamani Govt. First Grade College,,Karnataka
Shri K.N. Singh Mahila Mahavidyalaya,,Uttar Pradesh
Shri K.P. Shah Law College,,Gujarat
Shri K.P. Shah Law College,,Gujarat
Shri K.V.P. Science M.T.K.P. Arts and S.G.S. Parekh Commerce College,,Gujarat
Shri Kalidas B.S.W. College,,Karnataka
Shri Kaljibhai R. Katara Arts College,Sabar Kantha,Gujarat
Shri Kalyan Rajkiya Kanya Mahavidyalaya,Sikar,Rajasthan
Shri Kalyan Singh Degree College,Kannauj,Uttar Pradesh
Shri Kameshwar Sanskrit Mahavidyalaya,,Uttar Pradesh
Shri Kamla Prasad Singh Degree College,,Uttar Pradesh
Shri Kanhaiyalal Manikchand Mahila Mahavidyalay,Sultanpur,Uttar Pradesh
Shri Kanyakubja Sanskrit Mahavidyalaya,,Uttar Pradesh
Shri Kashi Chandrdev Yadav Mahavidyalaya,,Uttar Pradesh
Shri Kashi Vishwanath Vedic Karmakand Sanskrit Mahavidyalaya,Varanasi,Uttar Pradesh
Shri Khandelwal Vaish Girls College,,Rajasthan
Shri Khushiram Mahavidyalaya,Aligarh,Uttar Pradesh
Shri Kirori Lal Shastri Degree College,,Uttar Pradesh
Shri Kirshna Mahavidyalaya,,Uttar Pradesh
Shri Kirshnaswamy College for Women,Chennai,Tamil Nadu
Shri Kisanlal Nathmal Goenka Arts & Commerce College,Washim,Maharashtra
Shri Kishandas Kikani Arts & Commerce College,,Gujarat
Shri Kishna Shastri Sanskrit College,,Rajasthan
Shri Komal Nath Singh Mahavidyalaya,,Uttar Pradesh
Shri Komil Singh Shanti Devi Mahavidyalaya,Kannauj,Uttar Pradesh
Shri Krishan Ayu Sanskrit College,,Uttar Pradesh
Shri Krishan Chander Government Degree College,Jammu,Jammu and Kashmir
Shri Krishan Mahavidyalaya,Baghpat,Uttar Pradesh
Shri Krishana Mahavidyalaya,,Uttar Pradesh
Shri Krishna Academy of Legal Education,Alwar,Rajasthan
Shri Krishna Ambedkar Mahavidyalaya,,Uttar Pradesh
Shri Krishna College of Engineering,,Uttar Pradesh
Shri Krishna Gita Rashtriya Mahavidyalaya,Azamgarh,Uttar Pradesh
Shri Krishna Jubilee Law College,Muzaffarpur,Bihar
Shri Krishna Madhav Girl’s College,,Rajasthan
Shri Krishna Mahavidyalaya,,Maharashtra
Shri Krishna Mahavidyalaya,,Uttar Pradesh
Shri Krishna Mahavidyalaya,,Uttar Pradesh
Shri Krishna Mahila Degree College,,Uttar Pradesh
Shri Krishna Mahila Mahavidyalaya,Mau,Uttar Pradesh
Shri Krishna Mahila Mahavidyalaya,,Uttar Pradesh
Shri Krishna Ram Bahadur Shanti Devi Mahila Mahavidyalaya,,Uttar Pradesh
Shri Krishna Sudama Sansthan,Varanasi,Uttar Pradesh
Shri Krishnadas Jajoo Gramin Seva Mahavidyalaya,,Maharashtra
Shri Kuleshwar Mahadev  Shaskiya Mahavidyalaya,Raipur,Chhattisgarh
Shri Kumar Sen Sharma Mahavidyalaya,Aligarh,Uttar Pradesh
Shri Kumar Swami Mahavidyalaya,,Maharashtra
Shri Kumareshwar Arts and Commerce College,,Karnataka
Shri Kund Kund Jain Degree College,,Uttar Pradesh
Shri Lachhiram Mahavidyalaya,Ghazipur,Uttar Pradesh
Shri Lakhan Singh Khajani Devi Mahavidhyalaya.,Hatras,Uttar Pradesh
Shri Lal Bahadur Shastri Arya Mahila College,,Punjab
Shri Lal Bahadur Shastri Degree College,Gonda,Uttar Pradesh
Shri lal Bahadur Shastri Mahavidyalaya,,Madhya Pradesh
Shri Lal Ji Singh Jivan Jyoti Mahavidyalaya,Sitapur,Uttar Pradesh
Shri Lal Shankar Unia Shankar Arts & Harivandan and Padmaben Thakore Thakore Commerce College for Women,,Gujarat
Shri Lal Singh Degree College,,Uttar Pradesh
Shri Lalaram Sharma Memorial Mahavidyalaya,Aligarh,Uttar Pradesh
Shri Lalla Singh Mahavidyalaya,Jalaun,Uttar Pradesh
Shri Lallan Ji Bramhachari Mahavidyalaya,,Uttar Pradesh
Shri Laturi Singh Shri Ram Mahavidyalaya,,Uttar Pradesh
Shri Laxmikanta College of Technology,Balaghat,Madhya Pradesh
Shri Lemdeo Patil Arts & Commerce College,,Maharashtra
Shri M. Shivacharya First Grade college,,Karnataka
Shri M.D. Shah Mahila College of Arts and Commerce,,Maharashtra
Shri M.L.V. Government College,,Rajasthan
Shri M.N. Patel M.Ed. College,Sabar Kantha,Gujarat
Shri M.N. Shukla Education College,,Gujarat
Shri M.P. Shah Municipal Commerce College,,Gujarat
Shri M.S. Chauhan Mahavidyalaya,,Uttar Pradesh
Shri Madhaorao Wankhede Sharirik Shikshan Mahavidyalaya,,Maharashtra
Shri Madhav College of Education & Technology,,Uttar Pradesh
Shri Madhavrao Patil Mahavidyalaya,,Uttar Pradesh
Shri Madhwa Vadiraja Institute of Technology & Management,Udupi,Karnataka
Shri Madrambapuri First Grade college of Arts & Commerce,,Karnataka
Shri Mahadev Shikshan Sansthan Mahavidyalaya,Gonda,Uttar Pradesh
Shri Mahadevappa Basalingappa Halli Government First Grade College,Dharwad,Karnataka
Shri Mahanth Maniraj Das Baliraj Mahavidyalaya,,Uttar Pradesh
Shri Maharaja Rajendrasinhji College of Arts & Science,,Gujarat
Shri Maharani Tarabai Government College of Education,Kolhapur,Maharashtra
Shri Mahatma Basweshwar Mahavidyalaya,,Maharashtra
Shri Mahaveer College,Jaipur,Rajasthan
Shri Mahaveer Mahavidyalaya,,Uttar Pradesh
Shri Mahavir Sanskrit College,,Uttar Pradesh
Shri Mahesh Prasad Degree College,,Uttar Pradesh
Shri Mahesh Teachers College,,Rajasthan
Shri Mahila Arts  & Commerce College,,Gujarat
Shri Malkhan Singh Mahavidyalaya,,Uttar Pradesh
Shri Malkhan Singh Mahavidyalaya,,Uttar Pradesh
Shri Manibhai Virani and Smt. Navalben Virani Science College,,Gujarat
Shri Manilal Kadakia College of Management & Computer Studies,,Gujarat
Shri Mannu Lal Kanya Mahavidyalaya,,Uttar Pradesh
Shri Mateshwari Sugni Devi Kanya Mahavidyalaya,,Madhya Pradesh
Shri Mathur Chaturved Sanskrit Mahavidyalaya,,Uttar Pradesh
Shri Mathuradas Mohota College of Science,Nagpur,Maharashtra
Shri Megh Singh College,,Uttar Pradesh
Shri Megh Singh Degree College,,Uttar Pradesh
Shri Meharvan Singh Mahavidyalaya,,Uttar Pradesh
Shri Mishri Lal Sanwal Government Girls’ College,,Rajasthan
Shri Mohansinh Chhotubhai Rathava College of Arts,,Gujarat
Shri Mohar Singh Degree College,,Uttar Pradesh
Shri Muktanand College,,Maharashtra
Shri Munai Yadav Somna Devi Mahila Mahavidyalaya,Sant Kabir Nagar,Uttar Pradesh
Shri Murli Manohar Town Degree College,,Uttar Pradesh
Shri Naranbhai Shamalbhai Patel Law College,,Gujarat
Shri Narayan Pratap Singh Smriti Mahavidyalaya,,Uttar Pradesh
Shri Narayan Sharma Teachers Training College,,Bihar
Shri Narayan Singh Mahavidyalaya,Hardoi,Uttar Pradesh
Shri Narayan Singh Mahavidyalaya,Lucknow,Uttar Pradesh
Shri Narayan's Guru College,,Kerala
Shri Narendra Tidke College of Arts & Commerce,,Maharashtra
Shri Narheji Law College,,Uttar Pradesh
Shri Narsingh Prasad Singh Mahavidyalaya,,Uttar Pradesh
Shri Nath Baba Mahavidyalaya,Ballia,Uttar Pradesh
Shri Nathmal Goenka Law College,,Maharashtra
Shri Natvarsinhji Arts & Science College and Shri Shantilal Gordhandas Patel Commerce College,,Gujarat
Shri Neelam Devi Mahavidyalaya,,Uttar Pradesh
Shri Neelkantheshwar Government Post Graduate College,,Madhya Pradesh
Shri Nehru Shardapith Evening College,,Rajasthan
Shri Neminath Jain Brahmacharyashram (Jain Gurukul’s) Karmveer Keshavlalji Harakchandji Abad Arts Shriman Motilalji Giridharilalji Lodha Commerce and Shriman P.H. Jain Science College,,Maharashtra
Shri Niketan Arts Commerce College,Nagpur,Maharashtra
Shri Nimbark Krishna Madhavanand Sanskrit Mahavidyalaya,Patna,Bihar
Shri Nishad Raj Akhandanand Mahavidyalaya,,Uttar Pradesh
Shri Nivas Bodhayan Ramanuj Sanskrit College,,Uttar Pradesh
Shri Omkarnath Malpani Law College,,Maharashtra
Shri P.K. Chaudhari Mahila Arts College,,Gujarat
Shri P.L. Memorial P.G. College,,Uttar Pradesh
Shri P.L. Verma Teacher Training College,,Uttar Pradesh
Shri P.N. Pandya Arts M.P. Pandya Science and Smt. D.P. Pandya Commerce College,,Gujarat
Shri Pad Krishna Kolhatkar Mahavidyalaya,,Maharashtra
Shri Padmaprabha Digambar Jain Arts College,,Maharashtra
Shri Paramhans Shikshan Prashikshan Mahavidyalaya,,Uttar Pradesh
Shri Parashar Brahm Sudhakar Pandey Damyanti Devi Institute of Girls Education,Mau,Uttar Pradesh
Shri Parmanand Manorma Devi Mahila Mahavidyalaya,Ghazipur,Uttar Pradesh
Shri Prabhu Dayal Mahila Mahavidyalaya,Sitapur,Uttar Pradesh
Shri Pragya Mahavidyalaya,,Rajasthan
Shri Pram Hans Sanskrit College,,Uttar Pradesh
Shri Pramod Ji Mahila Mahavidyalaya,Sonbhadra,Uttar Pradesh
Shri Pratap Singh Barahath Government College,,Rajasthan
Shri Pt. Yagya Narayan Dubay Smarak Mahavidyalaya,,Uttar Pradesh
Shri Pundlik Maharaj Mahavidyalaya,,Maharashtra
Shri Pustikar Shri Purohit Surajraj Roopadevi Smriti Mahila Mahavidyalaya,Jodhpur,Rajasthan
Shri Puttulal Marg Shri Memorial Mahavidyalaya,Firozabad,Uttar Pradesh
Shri R.C. Jall Law College,,Madhya Pradesh
Shri R.K. (P.G.) College,,Rajasthan
Shri R.K. Parekh Arts & Science College,,Gujarat
Shri R.N. Yadav Mahavidyalaya,,Uttar Pradesh
Shri R.T. Ayurved College,,Maharashtra
Shri Radha Krishna Mahavidyalaya,Auraiya,Uttar Pradesh
Shri Radhakisan Laxminarayan Toshniwal College of Science (R.L.T. College of Science),,Maharashtra
Shri Radheshyam R. Morarka Government College,,Rajasthan
Shri Radheshyam R. Morarka Rajkiya Mahavidyalaya,Jhunjhunun,Rajasthan
Shri Radhey Jamuna Devi Kanya Mahavidyalaya,Agra,Uttar Pradesh
Shri Radhey Krishan Munni Devi Mahavidyalaya,Kanpur Dehat,Uttar Pradesh
Shri Raghavendra Singh Hazari Govt. Degree College,,Madhya Pradesh
Shri Raghunath Bishnoi Memorial College,,Rajasthan
Shri Raghunath Brambhacharya Ashram Adarsh Sanskrit Mahavidyalaya,,Uttar Pradesh
Shri Raghuraj Singh Sanskrit Mahavidyalaya,,Uttar Pradesh
Shri Raj Rajeshwari Mahila Mahavidyalaya,Jaunpur,Uttar Pradesh
Shri Rajaram Degree College,Hamirpur,Uttar Pradesh
Shri Rajaram P.G. College,,Uttar Pradesh
Shri Rajasthani Seva Sangh’s Smt. Parmeshwaridevi Durgadutt Tiberwala Lions Juhu College of Arts Commerce & Science,Mumbai,Maharashtra
Shri Rajendra Singh Degree College,,Uttar Pradesh
Shri Rajendra Singh Yadav Mahavidyalaya,,Uttar Pradesh
Shri Rajendra Suri Kundan Jain Rajkiya Mahila Mahavidyalaya,Jalor,Rajasthan
Shri Rajnath Pandey Sanskrit Mahavidyalaya,,Uttar Pradesh
Shri Rajni Parekh Arts Shri Keshavlal B. Commerce & Smt. B.C.J. Sc. College,,Gujarat
Shri Rajpati Singh Smarak Shikshan Prashikshan Mahavidyalaya,,Uttar Pradesh
Shri Rajveer Singh Memorial Mahavidyalaya,,Uttar Pradesh
Shri Rajveer Singh Memorial Mahavidyalaya,,Uttar Pradesh
Shri Ram Adarsh Mahavidyalaya,,Uttar Pradesh
Shri Ram Adarsh Mahavidyalaya,,Uttar Pradesh
Shri Ram Autar Singh Mahavidyalaya,Fatehpur,Uttar Pradesh
Shri Ram Bharosey Singh Mahavidyalaya,,Uttar Pradesh
Shri Ram Chandra Singh Mahavidyalaya,,Uttar Pradesh
Shri Ram College,,Uttar Pradesh
Shri Ram College of Commerce,,Delhi
Shri Ram College of Commerce & Education,,Uttar Pradesh
Shri Ram College of Law,,Uttar Pradesh
Shri Ram Das Mahavidyalaya,,Uttar Pradesh
Shri Ram Degree College,Sonbhadra,Uttar Pradesh
Shri Ram Dular Pahalwan Mahavidyalaya,,Uttar Pradesh
Shri Ram Girls College,,Uttar Pradesh
Shri Ram Gopal Mahavidyalaya,Agra,Uttar Pradesh
Shri Ram Institute of Information Technology,,Madhya Pradesh
Shri Ram Karan  Mahavidyalaya,,Uttar Pradesh
Shri Ram Karan Mahavidyalaya,,Uttar Pradesh
Shri Ram Krishna Mahavidyalya,Bulandshahr,Uttar Pradesh
Shri Ram Kumar Bhartiya Gyan Devi Mahavidyalaya,,Uttar Pradesh
Shri Ram Mahavidhyalaya,Jhansi,Uttar Pradesh
Shri Ram Mahavidyalaya,,Uttar Pradesh
Shri Ram Manohar Yadav Mahavidyalaya,,Uttar Pradesh
Shri Ram Murti Smarak College of Engineering and Technology,,Uttar Pradesh
Shri Ram Pher Shiv Pher Mahavidyalaya,,Uttar Pradesh
Shri Ram Prasad Mishra Pt. Babu Lal Mahavidyalaya,,Uttar Pradesh
Shri Ram Sanskrit Mahavidyalaya,Jaunpur,Uttar Pradesh
Shri Ram Sanskrit Mahavidyalaya,,Bihar
Shri Ram Singh Dhani Rajkiya Mahavidyalaya,Almora,Uttarakhand
Shri Ram Singh Mahavidyalaya,,Uttar Pradesh
Shri Ram Surat Mahavidyalaya,Jaunpur,Uttar Pradesh
Shri Ram Swaroop Patel Mahavidyalaya,,Uttar Pradesh
Shri Ram Tirth Mishr Samarak Mahavidyalaya,,Uttar Pradesh
Shri Rama Krishna B.T. College,,West Bengal
Shri Ramanuj Sanskrit Mahavidyalaya,,Uttar Pradesh
Shri Rambhajan Singh Mahavidyalaya,,Uttar Pradesh
Shri Rambhapuri Jagadguru Veeragangadhar Arts & Commerce College,,Karnataka
Shri Ramchandra Badami Mahila Mahavidyalaya,Ghazipur,Uttar Pradesh
Shri Ramcharan Singh Mahavidyalaya,,Uttar Pradesh
Shri Ramdeobaba College of Engineering and Management,,Maharashtra
Shri Ramdeobaba Kamla Nehru Engineering College,,Maharashtra
Shri Ramdham Mahavidyalaya,,Uttar Pradesh
Shri Ramdhari Chauhan Mahavidyalaya,,Uttar Pradesh
Shri Ramendra Singh Sumanlata Mahavidyalaya,Farrukhabad,Uttar Pradesh
Shri Rameshbhai Ambalal Patel Vidhya Sankul Managed Shree Janki Vallabh Arts College & Shree Manubhai C. Patel Commerce College,,Gujarat
Shri Rameshwar Gahira Guru Sanskrit Mahavidyalaya,Jashpur,Chhattisgarh
Shri Rameshwar Tripathi Mahavidyalaya,Rae Bareli,Uttar Pradesh
Shri Ramgopal Singh Mahavidyalaya,,Uttar Pradesh
Shri Ramkaran Mahavidyalaya,,Uttar Pradesh
Shri Ramlachchan Mahavidyalaya,Mau,Uttar Pradesh
Shri Ramlal Singh Mahavidyalaya,Hardoi,Uttar Pradesh
Shri Rammurti Gupta Government Degree College,,Uttar Pradesh
Shri Ramnuj Sanskrit Mahavidyalaya,,Uttar Pradesh
Shri Ramprakash Porwal Mahavidyalaya,,Uttar Pradesh
Shri Ramswaroop Singh Mahavidyalaya,,Uttar Pradesh
Shri Raojibhai Gokalbhai Patel Gujarati Professional Institute,,Madhya Pradesh
Shri Raosaheb Ramrao Patil Mahavidyalaya,,Maharashtra
Shri Ratan Singh Boys (S.R.S Boys) College,Bharatpur,Rajasthan
Shri Ratan Singh Memorial Mahavidyalaya,Shahjahanpur,Uttar Pradesh
Shri Ratan Singh Snatakottar Mahila College,Bharatpur,Rajasthan
Shri Ratanlal Kanwar Lal Patni Govt. P.G. College,,Rajasthan
Shri Ratanlal Kanwarlal PatniGirl’s College,,Rajasthan
Shri Ratanshi Purushottam Anand College of Education,,Gujarat
Shri Rati Ram Mahavidyalaya,,Uttar Pradesh
Shri Renukadevi Arts Commerce and Science Mahavidyalaya,,Maharashtra
Shri Rishikul Brahmachary Ashram Sanskrit College,,Bihar
Shri Roopram Institute of Education,,Uttar Pradesh
Shri Rudra Adhyatma Sanskrit Mahavidyalaya,,Uttar Pradesh
Shri S. Ramaswamy Naidu Memorial College,,Tamil Nadu
Shri S.G. Patel Arts and Shri P.K. Desai Commerce College,Tapi,Gujarat
Shri S.I. Patil Arts G.B. Patel Science and STKVS Commerce College,,Maharashtra
Shri S.S. Mehta Arts and Shri M.M. Patel Commerce College,,Gujarat
Shri Sacha Adhyatam Sanskrit College,,Uttar Pradesh
Shri Sadguru Dham Sanskrit Mahavidyalaya,Jalaun,Uttar Pradesh
Shri Sadgurudev Shri Ranchhoddasji Bapu Mahila Home Science College Lt. Meenaben Jayantilal Kundaliya Eng. Medium Mahila Commerce College,,Gujarat
Shri Sagar Singh Somvati Mahavidyalaya,,Uttar Pradesh
Shri Sahab Singh Mahavidyalaya,,Uttar Pradesh
Shri Sahajanand Arts and Commerce College,,Gujarat
Shri Sahdeo Sanskrit Mahavidyalaya,,Uttar Pradesh
Shri Sai Baba Aadarsh Mahavidyalaya,,Chhattisgarh
Shri Sai Girls Degree College,Pilibhit,Uttar Pradesh
Shri Sakthikailassh Women’s College,Salem,Tamil Nadu
Shri Samarth Arts & Commerce College,,Maharashtra
Shri Sampatrao Mane (Arts and Commerce) Mahavidyalaya,,Maharashtra
Shri Sampurnanand Sanskrit Mahavidyalaya,,Uttar Pradesh
Shri Sanatan Dharam Girls College,,Punjab
Shri Sanatan Dharam Sanskrit College,,Rajasthan
Shri Sangameshwar Arts and Commerce College,,Karnataka
Shri Sangidass Bal Krishan Government College,,Rajasthan
Shri Sangved Aadrash Sanskrit Mahavidyalaya,Sant Kabir Nagar,Uttar Pradesh
Shri Sankat Mochan Sanskrit Mahavidyalaya,,Uttar Pradesh
Shri Sant Damaji Mahavidyalaya,,Maharashtra
Shri Sant Damaji Mahavidyalaya,,Maharashtra
Shri Sant Gadagebaba Mahavidyalaya,,Maharashtra
Shri Sant Gadge Baba Hindi Mahavidyalaya,,Maharashtra
Shri Sant Gadge Maharaj Mahavidyalaya,,Maharashtra
Shri Sant Gadgebaba Hind Mahavidyalaya,,Maharashtra
Shri Sant Gajanan Maharaj Arts College,,Maharashtra
Shri Sant Gajanan Maharaj College of Engineering,,Maharashtra
Shri Sant Janabi Education Society Arts Commerce & Science College,,Maharashtra
Shri Sant Savta Mali Gramin Mahavidyalaya,,Maharashtra
Shri Sant Sundardas Govt. Girls College,Dausa,Rajasthan
Shri Sant Tukaram Shikshan Prasarak Mandal’s Adhyapak Mahavidyalaya,Pune,Maharashtra
Shri Santaji Arts & Science College,,Maharashtra
Shri Sanwaliaji Government College,,Rajasthan
Shri Sanyasi Sanskrit Mahavidyalaya,Varanasi,Uttar Pradesh
Shri Saraswati College of Social Work,,Maharashtra
Shri Saraswati Durga Mahila Mahavidyalaya,Bijnor,Uttar Pradesh
Shri Saraswati Gurukul Vidapith,,Uttar Pradesh
Shri Saraswati Vidya Prasarak Mandal's Smt. P.K. Kotecha Mahila Mahavidyalaya,,Maharashtra
Shri Sardar Singh Smarak Mahavidyalaya,,Uttar Pradesh
Shri Sarman Munja Jadesa Arts & Commerce College,,Gujarat
Shri Sarvadanand Sanskrit Mahavidyalaya,,Uttar Pradesh
Shri Satguru Degree College,,Uttar Pradesh
Shri Satsai College For Women,,Rajasthan
Shri Satyapal Singh Memorial Degree College,Shahjahanpur,Uttar Pradesh
Shri Sevantilal Amrutlal Surani Vidya Sankul Smt. Kantaben Kirtilal Shah Arts and Smt. Lilavatiben Bapulal Gunjariya Commerce College,Banas Kantha,Gujarat
Shri Sha. Bra. Siddalinga Shivacharya Mahaswamigalu Panchagraha Hiremath Government First Grade College,Dharwad,Karnataka
Shri Shahaji Chh. Mahavidyalaya,,Maharashtra
Shri Shahdev Podhariya Ambedkar Mahavidyalaya,,Uttar Pradesh
Shri Shahu Mandir Mahavidyalaya,Pune,Maharashtra
Shri Shakti Degree College,,Uttar Pradesh
Shri Shaligram Sharma Smarak (P.G.) College,,Uttar Pradesh
Shri Shamrao Patil (Yadravkar) Educational & Charitable Trust’s Sharad Institute of Technology College of Engineering,Kolhapur,Maharashtra
Shri Shankar Durga Ji Mahavidyalaya,,Uttar Pradesh
Shri Shankar Ji Mahavidyalaya,,Uttar Pradesh
Shri Shankar Shiv Mahavidyalaya,,Uttar Pradesh
Shri Shankar Singh Mahavidyalaya,,Uttar Pradesh
Shri Shankaracharya Mahavidyalaya,,Chhattisgarh
Shri Shankaracharya Technical Campus,Durg,Chhattisgarh
Shri Shankarlal Sundarbai  Shasun Jain College for Women 3 Madley Road T. Nagar Chennai – 600 017 Tamil Nadu,Chennai,Tamil Nadu
Shri Shankarro Bezalwar Arts & Commerce College,,Maharashtra
Shri Shantaveer Arts College,,Karnataka
Shri Sharada Mata Prasad Degree College,Azamgarh,Uttar Pradesh
Shri Sharanabasaveshwar College of Arts,,Karnataka
Shri Sharanabasaveshwar College of Commerce,,Karnataka
Shri Sharanabasaveshwar Science College,,Karnataka
Shri Sharda College,,Karnataka
Shri Shardapeeth Arts Commerce & College of Education,,Gujarat
Shri Shiv Charan Mathur Govt. College,,Rajasthan
Shri Shiv Chhatrapati College,Pune,Maharashtra
Shri Shiv Mahavidyalaya,,Uttar Pradesh
Shri Shiv Mahavidyalaya,,Uttar Pradesh
Shri Shiv Mangal Singh Memorial Degree College,Shahjahanpur,Uttar Pradesh
Shri Shiv Mangal Singh Memorial Degree College,Shahjahanpur,Uttar Pradesh
Shri Shiv Sanatan Dharm Sanskrit Pathshala,,Uttar Pradesh
Shri Shiv Shankar Sanskrit Mahavidyalaya,,Uttar Pradesh
Shri Shivaji Agricultural College,,Maharashtra
Shri Shivaji Arts & Commerce College,,Maharashtra
Shri Shivaji Arts Commerce & Science College,,Maharashtra
Shri Shivaji Arts Commerce & Science College,,Maharashtra
Shri Shivaji College of Arts & Science,,Maharashtra
Shri Shivaji College of Arts Commerce & Science,,Maharashtra
Shri Shivaji College of Arts Science & Commerce College,,Maharashtra
Shri Shivaji College of Education,,Maharashtra
Shri Shivaji College of Physical Education,Amravati,Maharashtra
Shri Shivaji College of Science,,Maharashtra
Shri Shivaji Law College,,Maharashtra
Shri Shivaji Mafat Education Society's Shri Sant Gadge Maharaj Mahavidyalaya,,Maharashtra
Shri Shivaji Mahavidyalaya,,Maharashtra
Shri Shivaji Science College,,Maharashtra
Shri Shivaji Vidya Prasarak Sanstha's Late S.D. Patil Alias Baburao Dada Arts Comomerce & Late M.D. Shidsode Science College,,Maharashtra
Shri Shivaji Vidya Prasarak Sanstha’s Bhausaheb N.S. Patil Arts and Mulla Fidaalli Mulla Abdulalli Commerce College,,Maharashtra
Shri Shivdayal Pal Mahavidyalaya,,Uttar Pradesh
Shri Shivpujan Gokul Mahavidyalaya,,Uttar Pradesh
Shri Shivsankat Haran Adarsh Sanskrit College,,Uttar Pradesh
Shri Shivyogi Marughendra Swamji Arts Science and Commerce College,,Karnataka
Shri Shridhar Singh Yadav Mahavidyalaya,,Uttar Pradesh
Shri Shripadbodh Swamiji Government First Grade College,,Karnataka
Shri Shyam Sundar Degree College,,Uttar Pradesh
Shri Shyamdas Baba College,Mathura,Uttar Pradesh
Shri Siddheshwar Mahavidyalaya,,Maharashtra
Shri Siddheswar Maharaj Mahavidyalaya,,Uttar Pradesh
Shri Siddhivinayak Degree College,Agra,Uttar Pradesh
Shri Siddhivinayak Educational Mahavidyalaya,Agra,Uttar Pradesh
Shri Sivabasara Swamiji Naggnnur Arts and Commerce College,,Karnataka
Shri Sobran Singh Mahavidhyalaya,Etawah,Uttar Pradesh
Shri Somalal Kasturdas Shah And Shri Krishna O.M. Arts College,,Gujarat
Shri Sumanbhai Rangjibhai Bhabhar Arts College,,Gujarat
Shri Sunder Lal Ji Smriti Mahavidyalaya,Unnao,Uttar Pradesh
Shri Surat Jilla Sahkar Bank Commerce College Shri Sahkari Khand Udyog arts College,,Gujarat
Shri Suresh Chand Singhal Memorial Mahavidhyalaya,Agra,Uttar Pradesh
Shri Surupsing Hirya Naik College of Education,,Maharashtra
Shri Surupsing Hirya Naik College of Education,,Maharashtra
Shri Suryanarayan Samarak Sanskrit Mahavidyalaya,,Uttar Pradesh
Shri Swami Vivekanand Education Society's College of Education,,Maharashtra
Shri Swami Vivekanand Shikshan Sanstha’s Dr. Patangrao Kadam Arts and Commerce College,Raigarh,Maharashtra
Shri Swamiji Maharaj College of Education and Sciences,Datia,Madhya Pradesh
Shri Swaminarayanan Arts College,,Gujarat
Shri Swaminath Singh Surender Mahavidyalaya,,Uttar Pradesh
Shri Teekamani Sanskrit College,,Uttar Pradesh
Shri Tej Singh Gajadhar Mahavidyalaya,,Uttar Pradesh
Shri Thakur Ji Maharaj Mahavidyalaya,,Uttar Pradesh
Shri Thakur Ji Maharaj Mahavidyalaya,,Uttar Pradesh
Shri Thakur Ji Ram Laxman Janki Mahila Mahavidyalaya,Ghazipur,Uttar Pradesh
Shri Thakur Shiv Bahadur Yashwant Singh Mahavidyalaya,,Uttar Pradesh
Shri Thakurji Maharaj Mahavidyalaya,,Uttar Pradesh
Shri Thakurji Maharaj Mahavidyalaya,,Uttar Pradesh
Shri Tridandidev Sanskrit College,,Uttar Pradesh
Shri Tulshiramji Jadhao Arts & Science College,,Maharashtra
Shri U.K. Vachhani Mahila Arts College,,Gujarat
Shri Ugratara Bharati Mandan Sanskrit Mahavidyalaya,,Bihar
Shri Uma Maheshwar Mahavidyalaya,,Uttar Pradesh
Shri Umedram Panchal Arts Smt. Maniben G.P. Science & V.L. Shah Commerce College,,Gujarat
Shri V.D. Kanakia Arts & Shri M.R. Sanghvi Commerce College,Bhavnagar,Gujarat
Shri V.K. Kanakia Arts & Shri M.R. Sanghvi Commerce College,Bhavnagar,Gujarat
Shri V.M. Mehta Municipal Arts & Commerce College,,Gujarat
Shri Vaishnav College of Commerce,,Madhya Pradesh
Shri Vaishnav Institute of Law,Indore,Madhya Pradesh
Shri Vaishnav Institute of Management & Science,Indore,Madhya Pradesh
Shri Vaishnav Institute of Technology and Management,Gwalior,Madhya Pradesh
Shri Vaishnav Institute of Technology and Science,,Madhya Pradesh
Shri Vaishno Devi College of Education,Jammu,Jammu and Kashmir
Shri Vanraj Arts and Commerce College,,Gujarat
Shri Vardhman Kanya Mahavidyalaya,,Rajasthan
Shri Vasantrao Naik Arts & Commerce College,,Maharashtra
Shri Vasavi College,Erode,Tamil Nadu
Shri Vashishtha Mahavidyalaya,Ghazipur,Uttar Pradesh
Shri Ved Vedang Sanskrit Mahavidyalaya,Chandauli,Uttar Pradesh
Shri Veer Pulikeshi  Vidya Vardhak Samstha’s Sri Sidramappa Basappa Mamadapur Arts Commerce and Science College,,Karnataka
Shri Venkatesh Mahavidyalaya,,Maharashtra
Shri Venkateswara College,,Delhi
Shri Venketesh Parankush Sanskrit Mahavidyalaya,,Uttar Pradesh
Shri Vijay Mahantesh Vidyavardhak Sangha’s College of Business Administration,,Karnataka
Shri Vijay Swaroop Maharaj Mahavidyalaya,,Uttar Pradesh
Shri Vijaysinha Yadav Arts & Science College,,Maharashtra
Shri Vikram Singh Degree College,Bijnor,Uttar Pradesh
Shri Vile Parle Kelavani Mandal’s  Narsee Monjee College of Commerce & Economics,,Maharashtra
Shri Vile Parle Kelavani Mandal’s Dr. Bhanuben Nanavati College of Pharmacy,Mumbai,Maharashtra
Shri Vile Parle Kelavani Mandal’s Dr. Bhanuben Nanavati College of Pharmacy,Mumbai,Maharashtra
Shri Vile Parle Kelavani Mandal’s Usha Pravin Gandhi College of Arts Science and Commerce.,Mumbai,Maharashtra
Shri Vile Parle Kelavani Mandal’s Dwarkadas J. Sanghvi College of Engineering,Mumbai,Maharashtra
Shri Vile Parle Kelvani Mandal’s Mithibai College of Arts Chauhan Institute of Science and Amrutben Jivanlal College of Commerce and Economics,,Maharashtra
Shri Vileshwar Sanskrit College,,Uttar Pradesh
Shri Vimal Nath Siksha Prakshishan Mahila Mahavidyalay,,Uttar Pradesh
Shri Vinayak Mahavidyalaya,,Uttar Pradesh
Shri Virendra Nath Singh Smarak Mahavidyalaya,,Uttar Pradesh
Shri Vishnu Bhagwan Mahavidyalaya,Etah,Uttar Pradesh
Shri Vishnu College of Pharmacy,West Godavari,Andhra Pradesh
Shri Vishnu Engineering College for Women,West Godavari,Andhra Pradesh
Shri Vishwanath Post Graduate College,,Uttar Pradesh
Shri Vittlal Rao Shankarao Naik Arts Commerce & Science College,,Maharashtra
Shri Vyankatesh Arts Commerce & Science College,,Maharashtra
Shri Vyas Kshatra Sanskrit Mahavidyalaya,,Uttar Pradesh
Shri Wagheshwar Gramvikas Pratishthan’s Shri Vasantrao Pharate – Patil Arts Commerce & Science College,Pune,Maharashtra
Shri Yoganand Swami Arts College,,Maharashtra
Shri Yogeshwar Nath Mahavidyalaya,Chandauli,Uttar Pradesh
Shri. Dnyaneshwar Maskuji Burungale College of Science & Arts,,Maharashtra
Shri. VasantraoNaikMahavidyalaya,,Maharashtra
Shrichand Ji Mahavidyalaya,,Uttar Pradesh
Shrimad Dayanand Kanya Gurukul Mahavidyalaya,amroha,Uttar Pradesh
Shriman Bhausaheb Zadbuke Mahavidyalaya,,Maharashtra
Shrimant Babasaheb Deshmukh Mahavidyalaya,,Maharashtra
Shrimati Gumanbai Pannalal Bhanshali Govt. Girls College,,Rajasthan
Shrimati Indira Gandhi Govt. Degree College,,Uttar Pradesh
Shrimati Narbada Devi Bihani Government Post Graduate College,Hanumangarh,Rajasthan
Shrimati Pana Devi Morijawala Rajkiya Kanya Mahavidyalaya,,Rajasthan
Shrimati Savitarani Naryandas Jawandhiya Mahavidy,,Maharashtra
Shrinathji Institute of Biotechnology & Management,Rajsamand,Rajasthan
Shripati Singh Mahavidyalaya,Faizabad,Uttar Pradesh
Shripatrao Chougule Arts and Commerce College,,Maharashtra
Shripatrao Kadam Mahavidyalaya,,Maharashtra
ShriRajendra Singh Mahavidhyalaya,Mainpuri,Uttar Pradesh
Shriram Institute of Technology,,Uttar Pradesh
Shriram Kala Mahila Mahavidyalaya,,Maharashtra
Shriram Sanskrit College,,Uttar Pradesh
Shruti Kirti Boudh Kanya Mahavidyalaya,,Uttar Pradesh
Shukdeo Mahto Janta Mahavidyalaya,,Bihar
Shukdeo Prasad Tripathi Mahavidyalaya,,Uttar Pradesh
Shyam Bux Singh Mahavidyalaya,,Uttar Pradesh
Shyam Karan Smarak Mahavidyalaya,Azamgarh,Uttar Pradesh
Shyam Kumari Mahavidyalaya,,Uttar Pradesh
Shyam Lal College,,Delhi
Shyam Lal College (Evening Classes),,Delhi
Shyam Mahavidyalaya,Sonbhadra,Uttar Pradesh
Shyam Nandan Sahay College,Muzaffarpur,Bihar
Shyam Raghvendra Degree College,Jhansi,Uttar Pradesh
Shyam Shah Medical College,Rewa,Madhya Pradesh
Shyam Sundar Sanskrit College,,Odisha
Shyam Sundari Mahila Mahavidyalaya,Mau,Uttar Pradesh
Shyam Sunder Narayan Mushran Institute of Management & Technology,,Madhya Pradesh
Shyam Tara Mahila Mahavidyalaya,,Uttar Pradesh
Shyama Devi College of Education,Bara Banki,Uttar Pradesh
Shyama Prasad Mukherjee College,,Delhi
Shyama Prasad Singh Mahila College,,Bihar
Shyama Tiwari Mahavidyalaya,Mau,Uttar Pradesh
Shyameshwar Degree College,,Uttar Pradesh
Shyamji Ramji Degree College,,Uttar Pradesh
Shyamlal Pandviya Govt. College,,Madhya Pradesh
Shyamlal Saraswati Mahavidyalaya,,Uttar Pradesh
Sibsagar College,Sivasagar,Assam
Sibsagar Commerce College,Sivasagar,Assam
Sibsagar Girls College,Sivasagar,Assam
Sidana Institute of Education,Amritsar,Punjab
Siddarth College of Arts Science and Commerce,,Maharashtra
Siddartha Educational Academy Group of Institutions,Chittoor,Andhra Pradesh
Siddartha Institute of Science and Technology,Chittoor,Andhra Pradesh
Siddha Narayan Ramharsh Degree College,,Uttar Pradesh
Siddhaganga Institute of Technology,,Karnataka
Siddhant Raj Mahavidhyalaya,Agra,Uttar Pradesh
Siddhar Sivagnanni Arts and Science College,Viluppuram,Tamil Nadu
Siddharth Arts Commerce & Science College,,Maharashtra
Siddharth College of Commerce and Economics,,Maharashtra
Siddharth College of Law,,Maharashtra
Siddharth Govt. College,,Himachal Pradesh
Siddharth Institute of Engineering and Technology,Chittoor,Andhra Pradesh
Siddharth Law College,,Gujarat
Siddharth Mahavidyalaya,,Uttar Pradesh
Siddharth Mahavidyalaya,,Uttar Pradesh
Siddharth Mahavidyalaya,,Uttar Pradesh
Siddharth Mahavidyalaya,Siddharthnagar,Uttar Pradesh
Siddhartha College,,Odisha
Siddhartha Institute of Engineering & Technology,Rangareddy,Telangana
Siddhartha Institute of Technology & Sciences,Malkangiri,Telangana
Siddhartha Law College,,Karnataka
Siddhartha Mahavidyalaya,Saharanpur,Uttar Pradesh
Siddharthkoh Law College,,Gujarat
Siddheshwar College,,Odisha
Siddhi Narayan Tripathi College of Education & Technology,Allahabad,Uttar Pradesh
Siddhi Vinayak Mahavidyalaya,Gonda,Uttar Pradesh
Siddhinath Mahavidyalaya,Purba Medinipur,West Bengal
Siddique Ahmed P.G. College,,Uttar Pradesh
Sidheshwar Badri Rampur Narayan College,,Bihar
Sidheswar College of Science & Technology,,Odisha
Sidheswari Laxminath Sanskrit College,,Bihar
SIES Graduate School of Technology,,Maharashtra
Sikh National College,,Punjab
Sikh National College,,Punjab
Sikkim Government College,,Sikkim
Sikkim Government College,,Sikkim
Sikkim Government Law College,,West Bengal
Sikkim Government Science College,,Sikkim
Sikkim Institute of Higher Nyingma Studies,,Uttar Pradesh
Silapathar College,Dhemaji,Assam
Silapathar Science College,Dhemaji,Assam
Silapathar Town College,Dhemaji,Assam
Silda Chandrasekhar College,,West Bengal
Silicobyte Katni Degree College of Professional Studies,,Madhya Pradesh
Silicon City College,,Karnataka
Silicon Institute of Technology,,Odisha
Siliguri B.Ed. College,,West Bengal
Siliguri College,,West Bengal
Siliguri College of Commerce,,West Bengal
Siliguri Institute of Technology,Darjiling,West Bengal
Siliguri Mahila Mahavidyalaya,,West Bengal
Silli College,,Jharkhand
Silver Jubilee Govt. College,Kurnool,Andhra Pradesh
Silver Oak College of Engineering & Technology,Ahmadabad,Gujarat
Simdega College,,Jharkhand
Simen Chapari College,Dhemaji,Assam
Simha Subba mahalakshmi First Grade College,,Karnataka
Simulia College,,Odisha
Sinapali College,,Odisha
Sindhedevi Mahavidyalaya,,Odisha
Sindhi College,Bangalore,Karnataka
Sindhu Mahavidyalaya,,Maharashtra
Sindri College,,Jharkhand
Singari Devi Smarak Degree College,,Uttar Pradesh
Singhbhum College,,Jharkhand
Singrauli Institute of Technical Education,Sidhi,Madhya Pradesh
Singrini Collieoies Women's Degree College,,Telangana
Sinhgad Technical Education Society’s  NBN Sinhgad Technical Institute Campus,Pune,Maharashtra
Sinhgad Technical Education Society’s Sinhgad College of Engineering,Pune,Maharashtra
Sinhgad Technical Education Society’s Sinhgad College of Pharmacy,Pune,Maharashtra
Sinhgad Technical Education Society’s Smt. Kashibai Navale College of Engineering,Pune,Maharashtra
Sinhgad Technical Education Society’s,Pune,Maharashtra
Sinhgad Technical Education Society’s Smt. Kashibai Navale College of Pharmacy,Pune,Maharashtra
Sipajhar College,Darrang,Assam
Sipna College of Engineering & Technology,Amravati,Maharashtra
Sir C.R. Reddy College for Women,West Godavari,Andhra Pradesh
Sir C.R. Reddy College of Engineering,West Godavari,Andhra Pradesh
SIR C.R. Reddy College of Pharmaceutical Sciences,Chittoor,Andhra Pradesh
Sir C.R.R. College,West Godavari,Andhra Pradesh
Sir Chhotu Ram Govt. College for Women,,Haryana
Sir CRR College of Law,West Godavari,Andhra Pradesh
Sir CV Raman Institute of Technology and Sciences,,Andhra Pradesh
Sir Ganesh Dutta Memorial College,Patna,Bihar
Sir Gurudas Mahavidyalaya,,West Bengal
Sir H.S. Gour Mahavidyalaya,,Madhya Pradesh
Sir Issac Newton College of Engineering and Technology,Nagapattinam,Tamil Nadu
Sir J.P. Mahila Mahavidyalaya,Jaunpur,Uttar Pradesh
Sir K.P. College of Commerce,,Gujarat
Sir Krishna Santsang Girls College,,Rajasthan
Sir L.A. Shah Law College,,Gujarat
Sir M. Visvesvaraya Institute of Technology,Bangalore,Karnataka
Sir M.U. Degree College,,Uttar Pradesh
Sir M.U. Teachers Training College,,Uttar Pradesh
Sir M.V. Govt. Arts & Commerce College,,Karnataka
Sir M.V. Govt. Science College,,Karnataka
Sir Madanlal Institute of Education,,Uttar Pradesh
Sir P.P. Institute of Science,,Gujarat
Sir P.T. Science College,,Gujarat
Sir Parashurambhu College,Pune,Maharashtra
Sir Sayyed College of Arts Commerce & Science,,Maharashtra
Sir Syed College,,Kerala
Sir Theagaraya College,,Tamil Nadu
Sir Vithaldas Thackersey College of Home Science (Autonomous),,Maharashtra
Sir. J.J. College of Architecture,,Maharashtra
Siratul Mustakim Degree College,Sultanpur,Uttar Pradesh
SIRDA Institute of Engineering Technology,Mandi,Himachal Pradesh
Siri PSG Arts & Science College for Women,,Tamil Nadu
Sirpur Kagaznagar Employees' Degree College,,Telangana
Sirsa College of Science & Technology,,Uttar Pradesh
Sirsi Sadat Degree College,,Uttar Pradesh
Sirtaj Singh Humela Devi Shikshan Evam Prashikshan Mahavidyalaya,,Uttar Pradesh
Sissi Borgoan College,Dhemaji,Assam
Sister Nibedita Government General Degree College for Girls,Kolkata,West Bengal
Sita Devi Girls Mahavidyalaya,,Uttar Pradesh
Sita Devi Mahavidyalaya,Bara Banki,Uttar Pradesh
Sita Ram Modi Government Sanskrit College,,Rajasthan
Sita Ram Singh Ramanand Singh Smarak Mahavidyalaya,,Uttar Pradesh
Sita Subaraju Memorial College,,Karnataka
Sitabai Arts College to Sitabai Arts Commerce & Science College,,Maharashtra
Sitadevi Ratanchand Nahou Adarsh College,Bangalore,Karnataka
Sitalkuchi College,,West Bengal
Sitananda College,,West Bengal
Sitapur Shiksha Sansthan,,Uttar Pradesh
Sitapur Shiksha Sansthan,,Uttar Pradesh
Sitara Banno Memorial Degree College,,Uttar Pradesh
Sitaram Jajoo Government Girls College,Neemuch,Madhya Pradesh
Sitaram Samarpan Mahavidyalaya,,Uttar Pradesh
Sitaram Singh Mahavidyalaya,,Uttar Pradesh
Siva Sivani Degree College,,Telangana
Sivananda Sharma Memorial R.V. 1st Grade College,Bangalore,Karnataka
Sivanath Sastri College,,West Bengal
Sivanthi Aditanar College,,Tamil Nadu
Siya Ram Kusturi Devi College of Education,,Uttar Pradesh
Siyaram Shyamadevi Mahavidyalaya,,Uttar Pradesh
SJAVS K.R. Balad Arts and Commerce College,,Karnataka
SJB Institute of Technnology,Bangalore,Karnataka
SJC Institute of Technology,,Karnataka
SJMV Sangha's Arts and Comm. College,,Karnataka
SJMVS Arts and Comm. College For Women,,Karnataka
SJVP College of Education,Davanagere,Karnataka
SKN Sinhgad College of Engineering,Solapur,Maharashtra
SKP Engineering College,,Tamil Nadu
Slopeland College of Teachers Education,,Manipur
SLS MAVMM Ayira Vaisyar College,Madurai,Tamil Nadu
Sm. R.M. Prajapati Arts College,,Gujarat
Smarat Ashok Technological Institute,,Madhya Pradesh
SMBT Dental College & Hospital,,Maharashtra
SMBT Institute of Dental Sciences & Research,Nashik,Maharashtra
SMBT Sevabhavi Trust’s S.M.B.T. Institute of Medical Sciences & Research Centre,Nashik,Maharashtra
SML Govt. Degree College,Kurnool,Andhra Pradesh
Smrati Mahavidyalaya,Lakhimpur,Uttar Pradesh
Smriti Patel Mahavidyalaya,,Uttar Pradesh
SMS First Grade College of Arts & Comm.,,Karnataka
Smt Addepalli Mahalaxmi Devi College of Education for Women,West Godavari,Andhra Pradesh
Smt Radhabai Sarda Arts Commerce & Science College,,Maharashtra
Smt. & Shri G.S. Akkihal Commerce College,Dharwad,Karnataka
Smt. & Sri Y.E. Rangaiah Shetty  Govt. First Grade College,,Karnataka
Smt. A. Shyamala Devi Degree College for Women,,Telangana
Smt. A.P. Patel Arts & Late Shri N.P. Patel Commerce College,,Gujarat
Smt. A.S. Chaudhary Mahila Arts and Home Science College,,Gujarat
Smt. Ahalyabahi Appangonda Patil College of Arts & Comm. For Women,,Karnataka
Smt. Ahalyabai Appangonda Patil College of Arts & Commerce for Women,,Karnataka
Smt. Akkatai Ramgonda Patil Kanya Mahavidyalaya,,Maharashtra
Smt. Allum Sumangalamma Memorial College for Women,,Karnataka
Smt. Aruna Asaf Ali Govt. Post Graduate College,,Haryana
Smt. B.C. Jalundhwala College of Education,,Gujarat
Smt. B.D. Jain Girls Degree College,,Uttar Pradesh
Smt. B.V.P.P. College of Education,,Gujarat
Smt. Basavarama Tarakam Memorial Law College (Eve.),Y.S.R.,Andhra Pradesh
Smt. Bhagirathi Devi Memorial Degree College,Moradabad,Uttar Pradesh
Smt. Bhudevi Khushaliram Degree College,,Uttar Pradesh
Smt. Bhudevi Mahavidyalaya,,Uttar Pradesh
Smt. Binzani Mahila Mahavidyalaya,,Maharashtra
Smt. C.B. Shah Mahila Mahavidyalaya,,Maharashtra
Smt. C.C. Mahila Arts & Smt. Sheth C.N. Commerce College,,Gujarat
Smt. C.D.J. Rofel arts and J.S.R.A. Rofel Commerce college,,Gujarat
Smt. C.P. Choksi Arts and Shree P.L. Choksi Commerce College,,Gujarat
Smt. C.R. Gardi Arts College,,Gujarat
Smt. Chandibai Himathamal Mansukhani College,,Maharashtra
Smt. Chandrawati Devi Mahila Mahavidyalaya,,Uttar Pradesh
Smt. Dan Kuwar Mahila Mahavidyalaya,,Maharashtra
Smt. Dashrath Devi Mahavidyalaya,,Uttar Pradesh
Smt. Dhanpata Maurya Smarak Mahavidyalaya,,Uttar Pradesh
Smt. Dhanraji Devi Mahila Degree College,,Uttar Pradesh
Smt. Dharamwati Devi Mahavidyalaya,Aligarh,Uttar Pradesh
Smt. Dilawari Devi Kisan Kanya Degree College,,Uttar Pradesh
Smt. Draupadi Devi Tripathi Degree College,,Uttar Pradesh
Smt. Dulari Radhey Shyam Degree College,,Uttar Pradesh
Smt. Durga Devi Sharma Charitable Trust's Chandrabhan Sharma College of Arts Commerce & Science,new panvel,Maharashtra
Smt. Durga Devi Sharma Charitable Trust’s Chandrabhan Sharma College of Arts Commerce & Science,Mumbai,Maharashtra
Smt. Durgawati Devi Mahavidyalaya,Allahabad,Uttar Pradesh
Smt. Fulehra Smarak Mahila P.G. College,,Uttar Pradesh
Smt. G.D. Saharia Government Sanskrit College,,Rajasthan
Smt. G.J. Sheth Commerce College,,Gujarat
Smt. G.S. College,Krishna,Andhra Pradesh
Smt. Genda Devi Mahavidyalaya,,Uttar Pradesh
Smt. Giriyamma R. Kanthappa Shresti First Grade Women's College,,Karnataka
Smt. Girja Devi Mahila Mahavidhyalay,Fatehpur,Uttar Pradesh
Smt. Godavaribai Ganpatrao Khadse College,,Maharashtra
Smt. Gomati Devi Mahavidyalaya,,Rajasthan
Smt. Gomti Devi Chhote Lal Bind Mahavidyalaya,Allahabad,Uttar Pradesh
Smt. Gouramma Kom Basavanneppa Ankalkoti Government First Grade College,,Karnataka
Smt. Gowramma and Sri D.K. Kempegowda Government Degree College,Ramanagara,Karnataka
Smt. H.B. Jasani Arts and N.K. Jasani Commerce College,,Gujarat
Smt. Harshaben Chhaganbhai Patel Arts & Commerce College,,Gujarat
Smt. Heerabai Adiveppa Nandi Arts College,,Karnataka
Smt. Honnuramma Late M. Siddappa Government First Grade College,,Karnataka
Smt. I.S. Yadawad  Government First Grade College,,Karnataka
Smt. Indira Gandhi Government First Grade Women’s College,,Karnataka
Smt. Indira Gandhi Mahavidyalaya,,Uttar Pradesh
Smt. Indira Mahadev Beharay College of Arts Shriman Chandulal Sheth College of Commerce and  Shrimati Shobhanatai Chandulal Sheth College of Science,,Maharashtra
Smt. J. Devi Mahila Mahavidyalaya,,Uttar Pradesh
Smt. J.A. Patel Mahila Arts Commerce and Home Science College,,Gujarat
Smt. J.C. Dhanak Arts and Commerce College,,Gujarat
Smt. J.J. Kundalia Arts and Commerce College,,Gujarat
Smt. J.J. Kundalia B.Ed College,,Gujarat
Smt. J.J. Kundalia Commerce College,,Gujarat
Smt. J.P. Shroff arts College,,Gujarat
Smt. Jagwanti Devi Hiranand Mahavidyalaya,,Uttar Pradesh
Smt. Jaipatti Devi Smarak Mahavidyalaya,,Uttar Pradesh
Smt. Jaldhara Devi Mahavidyalaya,Hatras,Uttar Pradesh
Smt. Janki Rampal Mahavidyalaya,Jaunpur,Uttar Pradesh
Smt. Jawala Devi College of Education,Fatehgarh Sahib,Punjab
Smt. Jayaben Dhirajlal Thakkar (Pumpwala) B.Ed. College – Radhanpur,,Gujarat
Smt. K.C.M. Shah B.Ed. College,,Gujarat
Smt. K.L. Tiwari College of Architecture,Palghar,Maharashtra
Smt. K.L. Tiwari Degree College of Commerce & Science,Palghar,Maharashtra
Smt. K.S.N. Kansagra Mahila College,,Gujarat
Smt. Kailashi Devi R. Saroj Mahavidyalaya,,Uttar Pradesh
Smt. Kamaladevi Gauridutt Mittal College of Arts and Commerce,,Maharashtra
Smt. Kamla Ram Udit Mahavidyalaya,,Uttar Pradesh
Smt. Kandukuri Rajyalakshmi College for Women,East Godavari,Andhra Pradesh
Smt. Kapila Khandvala College of Education,,Maharashtra
Smt. Kasturbabai Walchand College of Arts and Science,,Maharashtra
Smt. Kesha Devi Mahila Mahavidyalaya,,Uttar Pradesh
Smt. Kesharbai Lahoti Mahavidyalaya,,Maharashtra
Smt. Keshri Devi Lohia Government Girls College,Churu,Rajasthan
Smt. Kishoritai Bhoyar College of Pharmacy,Nagpur,Maharashtra
Smt. Kokilabai Gawande Mahila Mahavidyalaya,,Maharashtra
Smt. Krishna Mahavidyalaya,,Uttar Pradesh
Smt. Kusumtai Rajarambapu Patil Kanya Mahavidyalaya,,Maharashtra
Smt. Laxmi Devi Mahila Educational Institute,,Uttar Pradesh
Smt. Laxmibai Radha Kishan Toshinwal College of Commerce,,Maharashtra
Smt. Laxmiben & Sri Chimanlal Mehta Arts College,,Gujarat
Smt. Leela Devi College,,Uttar Pradesh
Smt. Longshree Devi Degree College,,Uttar Pradesh
Smt. M.C. Desai Arts and Commerce College,,Gujarat
Smt. M.M. Shah College of Education,,Gujarat
Smt. M.M. Shah Mahila Arts College,Mehsana,Gujarat
Smt. M.N.K. Dalal Education College for Women,,Gujarat
Smt. M.P.S. Govt. College For Women,Chittoor,Andhra Pradesh
Smt. M.T. Dhamsania Commerce College,,Gujarat
Smt. Mahadevi Mahavidyalaya,,Uttar Pradesh
Smt. Manglaben Chunilal Desai Arts and Commerce College,,Gujarat
Smt. Maniben M.P. Shah Women's College of Arts & Commerce,,Maharashtra
Smt. Manorama Mahavidyalaya,,Uttar Pradesh
Smt. Margshri Kanya Mahavidyalaya,Firozabad,Uttar Pradesh
Smt. Mathubai Garware Kanya Mahavidyalaya,,Maharashtra
Smt. Meenalben Mehta College Panchgani (Arts Commerce and Science),,Maharashtra
Smt. Mithibai Motiram K. College of Commerce & Economics,,Maharashtra
Smt. Mithlesh Sharma Degree College,Hatras,Uttar Pradesh
Smt. N.C. Gandhi & B.V. Gandhi Mahila Arts & Commerce College,,Gujarat
Smt. N.D. (P.G.) College,Agra,Uttar Pradesh
Smt. N.P.S. Govt. Degree College for Women,Chittoor,Andhra Pradesh
Smt. Nagarathnamma College of Nursing,Bangalore,Karnataka
Smt. Nankibai Wadhwani Kala Mahavidyalaya,,Maharashtra
Smt. Nathiba Hargovandas Lakhmichand Municipal Medical College,,Gujarat
Smt. Neelamma K.A. Sathyanarayana Setty Government First Grade College,Bangalore,Karnataka
Smt. Neetu Devi Bind Mahavidyalaya,,Uttar Pradesh
Smt. Om Vati Mahvidyalaya,Jalaun,Uttar Pradesh
Smt. P.N. Dosthi Women's College of Arts and Kumari U.R. Shah Women's College of Commerce & Dr. B.N. Mahendra College of Home Science,,Maharashtra
Smt. P.N.R. Shah Mahila Arts and Commerce College,,Gujarat
Smt. Panau Devi Mahavidyalaya,,Uttar Pradesh
Smt. Parvatiben Puranchand Patil Arts College,,Gujarat
Smt. Pramila Gokuldas Daga Girls College,,Chhattisgarh
Smt. Prem Lata Maya Devi Aggarwal Girls Degree College,,Uttar Pradesh
Smt. Pushpa Devi Mahavidyalaya,Kaushambi,Uttar Pradesh
Smt. Pushpatai Hiray Art Science and Commerce Mahila Mahavidyalaya,,Maharashtra
Smt. Putabenshah College of Education,,Maharashtra
Smt. R.D. Shah Arts College And Smt. V.D. Shah Commerce College,,Gujarat
Smt. R.P. Bhalodia Mahila Arts and Commerce& Home Science College,,Gujarat
Smt. R.P. Chauhan Arts & Smt. J.K. Shah & Shri K.D. Shah Commerce College,,Gujarat
Smt. R.R. Patel Mahila Arts and Commerce College,,Gujarat
Smt. R.S. Patel College of Physical Education,,Gujarat
Smt. Radhadevi Goenka College for Women,,Maharashtra
Smt. Radhikatai Pandav College of Engineering,Nagpur,Maharashtra
Smt. Radhikatai Pandav College of Engineering,,Maharashtra
Smt. Raghuraji Devi Mahila Mahavidyalaya,,Uttar Pradesh
Smt. Rajdei Singh Mahila Mahavidyalaya,Jaunpur,Uttar Pradesh
Smt. Rajkamal Baburao Tidke Mahavidyalaya,,Maharashtra
Smt. Rajrani Agnihotri Degree College,,Uttar Pradesh
Smt. Ram Shree Shiksha Mahila Mahavidyalaya,,Uttar Pradesh
Smt. Rama Agrahari Mahila Mahavidyalaya,,Uttar Pradesh
Smt. Ramachopra S.D. Kanya Mahavidyalya,,Punjab
Smt. Ramadevi Mahila Mahavidyalaya,,Uttar Pradesh
Smt. Ramdulari College,,Uttar Pradesh
Smt. Ramdulari Memorial Kanya Mahavidyalaya,,Uttar Pradesh
Smt. Rasilaben Ranchhodbhai Haribhai Patel Mahila Arts College,,Gujarat
Smt. Ratnaprabhadevi Mohite-Patil College of Home Science for Women,,Maharashtra
Smt. Rewaben Manoharbhai Patel Mahila Kala Mahavidyalaya,,Maharashtra
Smt. Roshan Kunwari - Kusumlata Degree College,,Uttar Pradesh
Smt. Rudramba M.P. Prakash Government First Grade College,,Karnataka
Smt. Rukmini Shedtihi Memorial National Govt. Grade College,,Karnataka
Smt. S.D.C.L.B. Government Girls College,,Rajasthan
Smt. S.G. Rao College of Teachers Education,,Gujarat
Smt. S.H. & C.R. Gradi Arts and Comm. College,,Gujarat
Smt. S.H. Gardi Arts and Smt. C.R. Gardi Commerce College,,Gujarat
Smt. S.I. Patel Ipcowala College of Commerce,,Gujarat
Smt. S.I. Patel Ipcowala College of Education,,Gujarat
Smt. S.M. Panchal Science College,,Gujarat
Smt. S.R. Mehta Arts College,,Gujarat
Smt. S.S. Ajmera Municipal Law College,,Gujarat
Smt. Sabitaben Chunibhai Patel & F.K. Commerce College,,Gujarat
Smt. Sadguna C.U. Arts College for Girls,,Gujarat
Smt. Sadguna C.U. Shah Home Science and C.U. Shah Arts and Commerce Mahila College,,Gujarat
Smt. Salunkabai Raut Arts & Commerce College,,Maharashtra
Smt. Saraladevi Sathishchandra Agarwal Govt. First Grade College,,Karnataka
Smt. Sarlaben Babubhai Patel Arts and Shri Rambhai Nathabhai Amin Commerce College,,Gujarat
Smt. Satyawati Devi Institute of Education & Technology,,Uttar Pradesh
Smt. Savitri Devi Mahila Mahavidyalaya,Sant Kabir Nagar,Uttar Pradesh
Smt. Shakuntalabai Dhabekar Mahavidyalaya,,Maharashtra
Smt. Sharda Devi Jawala Prasad Agarwal Kanya Degree College,,Uttar Pradesh
Smt. Sharda Johari Nagar Palika Kanya Mahavidyalaya,,Uttar Pradesh
Smt. Shiv Dulari Singh Mahila Degree College,,Uttar Pradesh
Smt. Shyama Devi Harsh Mahila Mahavidyalaya.,Sultanpur,Uttar Pradesh
Smt. Sitabai Mangilal Agarwal Institute of Management,,Maharashtra
Smt. Somavva Channabasappa Angadi Government First Grade College,,Karnataka
Smt. Sunder Dei Balika Mahavidyalaya,Sant Kabir Nagar,Uttar Pradesh
Smt. Surajdevi Ramchandra Mohta Mahila Mahavidyalaya,,Maharashtra
Smt. Surajmukhi Mahavidhyalaya,,Uttar Pradesh
Smt. Sushila Devi Mathur Kanya Mahavidyalaya,,Rajasthan
Smt. Sushilaben Ramniklal Mehta Arts College,,Gujarat
Smt. Sushiladevi Deshmukh Senior  College,,Maharashtra
Smt. Sushiladevi Malharrao Desai Kanya Mahavidyalaya,,Maharashtra
Smt. T. J. Patel Commerce College (English Medium),,Gujarat
Smt. Tapaben Sunderlal Raichand Commerce College,,Gujarat
Smt. Tara Devi Mahavidyalay,,Uttar Pradesh
Smt. Ullasben Gardhandas College of Education,,Gujarat
Smt. Ushaben Chandrakant Thakar Women’s College,Nagpur,Maharashtra
Smt. V.D. Gardi Law College,,Gujarat
Smt. V.D. Ghelani Mahila College Arts College,,Gujarat
Smt. V.H.D. Central Institute of Home Sciences,,Karnataka
Smt. V.P. Kapadia Mahila Arts College,,Gujarat
Smt. V.R. Bhakta College of Education,,Gujarat
Smt. Vatsalebai Naik Mahila Mahavidyalaya,,Maharashtra
Smt. Velagapudi Durgamba Siddhartha Law College,Vijayawada,Andhra Pradesh
Smt. Vidyawati College of Education.,Jhansi,Uttar Pradesh
Smt. Vidyawati College of Law,Saharanpur,Uttar Pradesh
Smt. Vijayarje Scindia Degree College,,Madhya Pradesh
Smt. Vimala Devi Mahavidyalaya,Allahabad,Uttar Pradesh
Smt. Vimlaben Khimji Tejookaya Arts Science and Commerce College,,Maharashtra
Smt.Gujarati Devi Mahavidyalya,Azamgarh,Uttar Pradesh
SMT.Kamla Devi G.D. Mittal Mahila Mahavidyalaya,,Rajasthan
Smt.Sushma Swaraj Govt. College for Girls,,Haryana
Sneh Lata Gupta Memorial Degree College,,Uttar Pradesh
Sngap Syiem College,,Meghalaya
SNJB’s Late Sau. Kantabai Bhavarlalji Jain College of Engineering,Nashik,Maharashtra
SNS College of Engineering,Coimbatore,Tamil Nadu
SNS College of Technology,Coimbatore,Tamil Nadu
Soch Kral Memorial College of Education Trainings,Kashmir,Jammu and Kashmir
Social and Cultural Association’s Smt. Narmadabai Nago Chaudhari Arts Commerce & Science College,,Maharashtra
Social Science College,Pune,Maharashtra
Social Welfare Residential Government Degree College for Girls,Krishna,Andhra Pradesh
Society for Computer Technology & Research’s Pune Institute of Computer Technology,Pune,Maharashtra
Softvision College,,Madhya Pradesh
Soghra College,,Bihar
Sohanlal D.A.V. College of Education,,Haryana
Sohela College,,Odisha
Sohra Government College,,Meghalaya
Solamalai College of Engineering,Madurai,Tamil Nadu
Sona College of Technology,Salem,Tamil Nadu
Sonada Degree College,,West Bengal
Sonadevi Sethia Girls College,,Rajasthan
Sonamai Shikshan Prasarak Mandal’s Arts & Science Mahila College  Shahada Dist. Nandurbar-425 409,,Maharashtra
Sonamati Mahavidyalaya,Kanpur Nagar,Uttar Pradesh
Sonamukhi College,,West Bengal
Sonapur College,Kamrup,Assam
Sonari College,Sivaganga,Assam
Sonari Commerce College,Sivasagar,Assam
Sonarpur Mahavidyalaya,,West Bengal
Sone Shri Smarak Balika Mahavidyalaya,,Uttar Pradesh
Sonelal Memorial Mahavidyalaya,,Uttar Pradesh
Sonepur College,,Odisha
Sonopant Dandekar College of Arts Commerce & Science,,Maharashtra
Sonpati Devi Mahila Mahavidyalaya,,Uttar Pradesh
Sontoli Anchalik College,Kamrup,Assam
Sophia College of Women,,Maharashtra
Sophia Girls College,,Rajasthan
Soran Singh Roria College of Education,Aligarh,Uttar Pradesh
SOS J.N. Kaul Institute of Education,Nainital,Uttarakhand
Sou. Mangaltai Ramchandra Jagtap Mahila Mahavidyalaya,,Maharashtra
Sou. Nirmalatai Thopte College of Education,Pune,Maharashtra
Sou. Suvarnlata Gandhi Mahavidyalaya,,Maharashtra
Soundarya Institute of Management and Science,,Karnataka
South Asian Institute of Rural & Agricultural Management,Imphal West,Manipur
South Calcutta Girls' College,,West Bengal
South Calcutta Law College,,West Bengal
South East Manipur College,,Manipur
South Indian Children’s Education Society’s Degree College of Arts Science and Commerce,Thane,Maharashtra
South Indian Education Society’s College of Commerce & Economics,,Maharashtra
South Konkan Education Society’s Rani Parvati Devi College of Business Administration,,Karnataka
South Malda College,,West Bengal
Southfield College,,West Bengal
Sovarani Memorial College,,West Bengal
Sownarayan Rameshwar Fatepuria College,,West Bengal
SPACES Degree College,,Andhra Pradesh
Sparsh Mahavidyalaya,,Uttar Pradesh
Spectrum College of Education,Raipur,Chhattisgarh
Sphoorthy Engineering College,,Telangana
Spirits Degree College,,Andhra Pradesh
Sponsored Teachers Training College,,West Bengal
Springdale College of Management Studies,,Uttar Pradesh
Sr. N.K. Mehta & Smt. M.F. Dani Malvan Arts College,,Gujarat
SRC (Smt. Rajrani Chauhan) Law College,,Uttar Pradesh
Sree Abiraami Arts and Science College for Women,Vellore,Tamil Nadu
Sree Amman Arts & Science College,Erode,Tamil Nadu
Sree Anantha Padmanabha Arts  Science  & Commerce College,,Telangana
Sree Ayyappa College,,Kerala
Sree Ayyappa College for Women,,Tamil Nadu
Sree Buddha College of Engineering,,Kerala
Sree Buddha College of Engineering,Alappuzha,Karnataka
Sree Cauvery First Grade College,Mysore,Karnataka
Sree Chaitanya College,,West Bengal
Sree Chaitanya College of Engineering,Karimnagar,Telangana
Sree Chaitanya Mahavidyalaya,,West Bengal
Sree Dattha Group of Institutions,Hyderabad,Telangana
Sree Dattha Institute of Engineering and Science,Rangareddy,Telangana
Sree Dattha Institute of Pharmacy,Rangareddy,Telangana
Sree Devi Kumari Women's College,,Tamil Nadu
Sree Ganesh Prasad Varnee Degree College,,Madhya Pradesh
Sree Gokulam Arts & Science College,Kozhikode,Kerala
Sree Kerala Varma College,,Kerala
Sree Krishna College,,Kerala
Sree Manjunathaswamy First Grade College,Davanagere,Karnataka
Sree Narayan College,,Kerala
Sree Narayana Arts and Science College,Kottayam,Kerala
Sree Narayana College,,Kerala
Sree Narayana College,,Kerala
Sree Narayana College,,Kerala
Sree Narayana College,,Kerala
Sree Narayana College,,Kerala
Sree Narayana College,,Kerala
Sree Narayana College,,Kerala
Sree Narayana College for Women,,Kerala
Sree Narayana Guru College,,Tamil Nadu
Sree Narayana Guru College of Commerce,,Maharashtra
Sree Narayana Training College,,Kerala
Sree Nataraja Rasidealial Girst Grade College For Women,Mysore,Karnataka
Sree Neelakanta Govt. Sanskrit College,,Kerala
Sree Padmavathi Women's Degree and PG College,Chittoor,Andhra Pradesh
Sree Rama Engineering College,,Andhra Pradesh
Sree Ramu College of Arts & Science,,Tamil Nadu
Sree Sakthi Engineering College,Coimbatore,Tamil Nadu
Sree Sankara College,,Kerala
Sree Sankara College,,Kerala
Sree Sankara Vidyapeedom College,,Kerala
Sree Saraswathi Thiagaraja College,,Tamil Nadu
Sree Sastha Institute of Engineering and Technology,Chennai,Tamil Nadu
Sree Sevugan Annamalai College,Sivagangai,Tamil Nadu
Sree Shivaji Arts Comm. & Science College,,Maharashtra
Sree Siddaganga College of Arts Science & Commerce,,Karnataka
Sree Siddaganga College of Education,,Karnataka
Sree Siddaganga First Grade College of Arts and Commerce,Nelamangala,Karnataka
Sree Sowdambika College of Engineering,,Tamil Nadu
Sree Vahini Institute of Science and Technology,Krishna,Andhra Pradesh
Sree Venkateswara College of Engineering,,Andhra Pradesh
Sree Vidyadhi Raja N.S.S. College,,Kerala
Sree Vidyaniketan College of Pharmacy,Chittoor,Andhra Pradesh
Sree Vidyanikethan Engineering College,Chittoor,Andhra Pradesh
Sree Vidyanikethan Institute of  Management  Andhra Pradesh,Chittoor,Andhra Pradesh
Sree Vivekananda College,,Kerala
Sreekavitha Engineering College,Khammam,Andhra Pradesh
Sreekrishnapuram V.T. Bhattathiripat College,,Kerala
Sreenidhi Institute of Science and Technology,,Telangana
Sreenivasa Institute of Technology and Management Studies (SITAMS),Chittoor,Andhra Pradesh
Sreeram College,,Odisha
Sresakthimayeil Institute of Nursing & Research,,Tamil Nadu
Sreyas Institute of Engineering and Technology,Hyderabad,Telangana
"Sri 	Adichunchanagiri College of Education",,Karnataka
Sri A.B.R. Govt. Degree College,Guntur,Andhra Pradesh
Sri A.S.N.M. Govt. College,West Godavari,Andhra Pradesh
Sri Adi Chunchanagiri Women’s College,,Tamil Nadu
Sri Adichunchanagiri College of Pharmacy,Mandya,Karnataka
Sri Adichunchanagiri First Grade College,,Karnataka
Sri Adichunchanagiri First Grade College of Arts and Commerce,,Karnataka
Sri Adinasayana Mahila Kalasala,Anantkala,Andhra Pradesh
Sri Aditya Degree College,Bhimavaram,Andhra Pradesh
Sri Aditya Degree College,,Andhra Pradesh
Sri Agrasen Girls College,,Rajasthan
Sri Agrasen P.G. College of Education (CTE),,Rajasthan
Sri Akilandeswari Women’s College (Day),,Tamil Nadu
Sri Anant Ram Dwivedi Mahavidyalaya,,Uttar Pradesh
Sri Ankal Reddy Memorial Degree College,Kurnool,Andhra Pradesh
Sri Ankala Reddy Memorial College of Education,Kurnool,Andhra Pradesh
Sri Arali Siddlingappa Basappa Government First Grade College,,Karnataka
Sri Aravindar Arts & Science College,,Tamil Nadu
Sri Arvind Mahila College,Patna,Bihar
Sri Aurobindo College,Bangalore,Karnataka
Sri Aurobindo General Degree College (English Medium),,Tripura
Sri Avadh Raj Singh Smarak Mahavidyalaya,Gonda,Uttar Pradesh
Sri B.C.S.S. Arts & V.S. Commerce College,,Karnataka
Sri B.P. Brahmbhatt Arts and M.H. Guru Commerce College,,Gujarat
Sri Badri Prasad Mahavidyalaya,,Uttar Pradesh
Sri Baijnath Singh Mahavidyalaya,,Uttar Pradesh
Sri Baijnatha Shivkala Mahavidyalaya,,Uttar Pradesh
Sri Balamurugan Arts and Science College,Salem,Tamil Nadu
Sri Baldev PG College,,Uttar Pradesh
Sri Baldev Ram Mirdha Govt. College,,Rajasthan
Sri Bhagawan Mahaveer Jain College,Bangalore,Karnataka
Sri Bhagawan Mahaveer Jain First Grade College,,Karnataka
Sri Bharat Pati Mahavidyalaya,,Odisha
Sri Bharathi Arts and Science College for Women,Pudukkottai,Tamil Nadu
Sri Bhavananda Balika Mahavidyalaya,,Uttar Pradesh
Sri Bhiyalal Ramveer Singh Mahavidyalaya,Farrukhabad,Uttar Pradesh
Sri Bhuvanendra College,,Karnataka
Sri Bijivemula Veera Reddy Degree College,Y.S.R.,Andhra Pradesh
Sri Bodan Ram Mahavidyalaya,,Uttar Pradesh
Sri Brij Behari Degree College,,Uttar Pradesh
Sri Chaitanya Institute of Technology and Research,,Telangana
Sri Channamallappa Channaveerappa Hebbal Government First Grade College,,Karnataka
Sri Chaparala Satyanarayana Kalasala,Krishna,Andhra Pradesh
Sri Chatrapati Shivaji Maharaj Arts & Science First Grade College,,Karnataka
Sri Chintalapati Vara Prasada Murthy Raju Government Degree College,West Godavari,Andhra Pradesh
Sri Chitragupta Post - Graduate College,,Uttar Pradesh
Sri Chittem Narsi Reddy Memorial  Government College,,Telangana
Sri D. Devaraja Govt. First. Grade College,Mysore,Karnataka
Sri D.N.R. Govt. Degree College for Women,West Godavari,Andhra Pradesh
Sri Dharmasthala Manjunatheswara College,,Karnataka
Sri Dharmsthala Manjunatheswara Law College,,Karnataka
Sri Dhavala College,,Karnataka
Sri Diamond Degree College,,Uttar Pradesh
Sri Durga Malleswara Siddhartha Mahila Kalasala,Krishna,Andhra Pradesh
Sri Durgeshwar Mahila Sanskrit Andhra Kalasala,,Telangana
Sri Durgpal Singh Mahavidyalya,,Uttar Pradesh
Sri Eshwar College of Engineering,Coimbatore,Tamil Nadu
Sri Faiyaz Hussain Degree College,,Uttar Pradesh
Sri Faruq Hussain  Degree College,,Uttar Pradesh
Sri G.H.R. & M.C.M.R. Degree College,Guntur,Andhra Pradesh
Sri G.K. & C.K. Bosmia Arts and Commerce College,,Gujarat
Sri G.V.G. Visalakshi College for Women,,Tamil Nadu
Sri Gadadhar Acharya Jana College,Patna,Bihar
Sri Gajendra Singh Meera Devi Mahavidyalaya,Kannauj,Uttar Pradesh
Sri Ganesh College of Arts & Science,Salem,Tamil Nadu
Sri Ganesh Rai Post - Graduate College,,Uttar Pradesh
Sri Ganga Memorial Girls Degree College,,Uttar Pradesh
Sri Gangaram Bansidhar Mahavidyalaya,Jalaun,Uttar Pradesh
Sri Ghanshyam Dubey Degree College,,Uttar Pradesh
Sri Girraj Maharaj College of Law & Professional Studies,,Uttar Pradesh
Sri Gokarnathesheara College,,Karnataka
Sri Gowthami Degree & P.G. College,Prakasam,Andhra Pradesh
Sri Guraijada Apparao Govt. Degree College,Visakhapatnam,Andhra Pradesh
Sri Guru Ayyappaswamy First Grade Arts College,,Karnataka
Sri Guru Budhiswami Mahavidyalaya,,Maharashtra
Sri Guru Gobind Singh College,,Chandigarh
Sri Guru Govind Singh College of Commerce,,Delhi
Sri Guru Hari Singh College,,Haryana
Sri Guru Harkrishan Sahib Khalsa College,Ambala,Haryana
Sri Guru Nanak Dev Khalsa College,,Delhi
Sri Gurukul Mahavidyalaya,Gorakhpur,Uttar Pradesh
Sri H.D. Devegowda Government First Grade College,,Karnataka
Sri Hanumat Shikshan Sansthan Prashikshan Mahavidyalaya,,Uttar Pradesh
Sri Hari Degree College,,Andhra Pradesh
Sri Harihar Ji Mahavidyalaya,,Uttar Pradesh
Sri Harihar Rajmati Sanskrit Mahavidyalaya,,Uttar Pradesh
Sri Harihar Sanskrit Mahavidyalaya,,Bihar
Sri Heeranand Mahavidyalaya,Hamirpur,Uttar Pradesh
Sri Hemadri B.Ed. College,Kolar,Karnataka
Sri Honnadevi Government First Grade College,Tumkur,Karnataka
Sri Indu College of Engineering and Technology,,Telangana
Sri Indu Institute of Engineering & Technology,Rangareddy,Telangana
Sri Indu Institute of Management,Rangareddy,Telangana
Sri Indu Institute of Pharmacy,Rangareddy,Telangana
Sri Indu P.G. College,Hyderabad,Telangana
Sri Jagadguru Chandrashekhara Bharathi Memorial College,,Karnataka
Sri Jagadguru Murugharajendra College of Arts Science and Commerce,,Karnataka
Sri Jagadguru Renukacharya College of Science Arts and Commerce,,Karnataka
Sri Jagadguru Tontadarya Govt. First Grade College,Gadag,Karnataka
Sri Jaganath Mahavidyalaya,,Odisha
Sri Jagannath Veda Karmakanda Mahavidyalaya,Puri,Odisha
Sri Jagdamba Degree College,,Uttar Pradesh
Sri Jagdish Narayan Mahendra Prasad Mahavidyalaya,,Uttar Pradesh
Sri Jai Narayan Mahavidyalay,Ballia,Uttar Pradesh
Sri Jamuna Prasad Maurya Shikshan Prashikshan Santhan,Varanasi,Uttar Pradesh
Sri Jatangi Rameshwara Rural First Grade College,Chitradurga,Karnataka
Sri Jayachamarajendra College of Engineering,Mysore,Karnataka
Sri Jaydev College of Education & Technology,,Odisha
Sri K Puttaswamy First Grade College,Mysore,Karnataka
Sri K. Venkatapatheppa College of Physical Education,Chikkaballapura,Karnataka
Sri K.H. Patil Government First Grade College,,Karnataka
Sri K.L. Shastri Girls Degree College,,Uttar Pradesh
Sri Kakatiya Degree College,,Telangana
Sri Kalavara Varadaraja M. Shetty Government First Grade College,Udupi,Karnataka
Sri Kalayan Government Shastri Sanskrit College,,Rajasthan
Sri Kaliswari College,,Tamil Nadu
Sri Kaliswari Institute of Management and Technology,,Tamil Nadu
Sri Kalleshwara First Grade College,,Karnataka
Sri Kanyaka Parameswari Arts and Science College for Women,Chennai,Tamil Nadu
Sri Kasu Brahmananda Reddy Govt. Degree College,Guntur,Andhra Pradesh
Sri Kolli Nageshwara Rao Gangaiah Govt. First Grade College,,Karnataka
Sri Komal Shahu Smarak Mahavidyalaya,,Uttar Pradesh
Sri Krishna Adithya College of Arts and Science,Coimbatore,Tamil Nadu
Sri Krishna Arts and Science College,,Tamil Nadu
Sri Krishna Brahamacharya Ashram Adarsh  Sanskrit Mahavidyalaya,,Uttar Pradesh
Sri Krishna College,,West Bengal
Sri Krishna College of Engineering and Technology,Coimbatore,Tamil Nadu
Sri Krishna College of Technology,Coimbatore,Tamil Nadu
Sri Krishna Degree College,Bangalore,Karnataka
Sri Krishna Dutt Academy,Lucknow,Uttar Pradesh
Sri Krishna Institute of Technology,Bangalore,Karnataka
Sri Krishna Janka Devi Mahavidyalaya,,Uttar Pradesh
Sri Krishna Janka Devi Mahavidyalaya,,Uttar Pradesh
Sri Krishnan Degree College,,Uttar Pradesh
Sri Kumara Gurupara Swamigal Arts College,,Tamil Nadu
Sri Kuvempu Mahavidyalaya,,Karnataka
Sri L.N. Hindu College,,Haryana
Sri Lakshmi College of Arts & Science,Viluppuram,Tamil Nadu
Sri Lakshmi Narsimha Swamy College,,Telangana
Sri Lakshmi Srinivasa Degree College,Y.S.R.,Andhra Pradesh
Sri Lalta Prasad Tiwari Smarak Mahavidyalaya,,Uttar Pradesh
Sri Laxmi Kishori Mahavidyalaya,Sitamarhi,Bihar
Sri Lazminaresmta Sanskrit Andhra Kalasala,,Telangana
Sri maa Mahila Mahavidyalaya,,Odisha
Sri Maddaneswara Government First Grade College,,Karnataka
Sri Mahadeswara College for Arts & Science,,Karnataka
Sri Mahant  Ramashray Degree College,,Uttar Pradesh
Sri Mahaveera College,,Karnataka
Sri Mahavir Prasad Mahila Mahavidyalaya,,Uttar Pradesh
Sri Mahavir Singh Smarak Mahavidyalaya,,Uttar Pradesh
Sri Majety Guravaiah Degree College,Guntur,Andhra Pradesh
Sri Manakula Vinayagar Engineering College,,Puducherry
Sri Manakula Vinayagar Medical College and Hospital,,Puducherry
Sri Maruthi First Grade College,,Karnataka
Sri Maruthi First Grade College,,Karnataka
Sri Mathura Prasad Mishra Mahavidyalaya,,Uttar Pradesh
Sri Meenakshi Government Arts College for Women,,Tamil Nadu
Sri Mittapalli College of Engineering,Guntur,Andhra Pradesh
Sri Muralidhar Bhagwat Lal Mahavidyalaya,,Uttar Pradesh
Sri Muthukumaran Institute of Technology,Chennai,Tamil Nadu
Sri Naraheji Mahavidyalaya,Ballia,Uttar Pradesh
Sri Narayan Singh Mahavidyalaya,,Uttar Pradesh
Sri Narpati Singh Mahavidyalaya,Sant Kabir Nagar,Uttar Pradesh
Sri Natarja Residential F.G. College for Women,Mysore,Karnataka
Sri Nath Baba Jangali Baba Mahavidyalaya,,Uttar Pradesh
Sri Neelam Sanjeeva Reddy Arts Science & Commerce College,Kurnool,Andhra Pradesh
Sri Nehru Mahavidyalaya College of Arts & Science,,Tamil Nadu
Sri Omar Vaish Vidyapeeth Lala Purushottam Das Jewellers Mahavidyalaya,,Uttar Pradesh
Sri P.P.S. College,,Uttar Pradesh
Sri Padmavathi Mahila Kalasala,,Telangana
Sri Padmavathi School of Pharmacy,,Andhra Pradesh
Sri Padum Singh Mahavidhyalaya,,Uttar Pradesh
Sri Palakondraya Swamy Degree College,,Andhra Pradesh
Sri Paramakalyani College,,Tamil Nadu
Sri Parasakthi College for Women,,Tamil Nadu
Sri Parasnath Institute of Education and Technology,Moradabad,Uttar Pradesh
Sri Poornaparajana College,,Karnataka
Sri Poornaparajna Evening College,,Karnataka
Sri Pratap College,Kashmir,Jammu and Kashmir
Sri Puttu Singh Mahavidyalaya,Auraiya,Uttar Pradesh
Sri R.N. Deshpande Government First Grade College,Gadag,Karnataka
Sri R.P.S. College,Muzaffarpur,Bihar
Sri Raajaraajan College of Engineering and Technology,karaikudi,Tamil Nadu
Sri Rachapudy Nagabhushanam Degree and P.G College,Y.S.R.,Andhra Pradesh
Sri Raghukul Mahila Vidyapeeth,Gonda,Uttar Pradesh
Sri Raghuveer Singh Yadav Mahavidyalay,,Uttar Pradesh
Sri Rakhant Baba Mahavidyalaya,,Uttar Pradesh
Sri Ram Chandra Mahavidyalaya,,Uttar Pradesh
Sri Ram Dawar Pandey Mahavidyalaya,,Uttar Pradesh
Sri Ram Degree College,Gajapati,Odisha
Sri Ram Engineering College,,Tamil Nadu
Sri Ram Janki Mahavidyalaya,,Uttar Pradesh
Sri Ram Kishun College,,Uttar Pradesh
Sri Ram Kripal Singh Tallukedar Mahavidyalaya,Kaushambi,Uttar Pradesh
Sri Ram Sahay Singh Kanya Mahavidyalaya,Basti,Uttar Pradesh
Sri Ram Singh Gulariya Mahavidyalaya,,Uttar Pradesh
Sri Ram Singh Mahavidyalaya,,Uttar Pradesh
Sri Ram Swaroop Tiwari Janta Mahavidyalaya,,Uttar Pradesh
Sri Rama Chandra Sanskrit College,,Odisha
Sri Ramakrishna College of Arts & Science,Coimbatore,Tamil Nadu
Sri Ramakrishna College of Arts & Science for Women,,Tamil Nadu
Sri Ramakrishna Engineering College,,Tamil Nadu
Sri Ramakrishna Institute of Technology,,Tamil Nadu
Sri Ramakrishna Mahavidyalaya,,Uttar Pradesh
Sri Ramakrishna Mission Vidyalaya College of Arts & Science,,Tamil Nadu
Sri Ramakrishna Mission Vidyalaya College of Education,,Tamil Nadu
Sri Ramakrishna Mission Vidyalaya Maruthi College of Physical Education,Coimbatore,Tamil Nadu
Sri Ramakrishna Sarda Vidyamahapitha,,West Bengal
Sri Ramalinga Sowdambigai College of Science and Commerce,,Tamil Nadu
Sri Ramanand Kailash Chand Pengoria College,,Uttar Pradesh
Sri Ramashray Jagdamba Gramin Mahavidyalaya,,Uttar Pradesh
Sri Rambhapuri Jagadguru Veeragangadhar Arts and Commerce College,,Karnataka
Sri Ramchandra Arts & Science College,,Telangana
Sri Ramchandra Arts & Science College,,Telangana
Sri Ramkrishna Degree College,Kurnool,Andhra Pradesh
Sri Ramkrishna Sarda Siksha Mandir,,West Bengal
Sri Ramnath Yadav Subhawati Devi Mahavidyalaya,,Uttar Pradesh
Sri Rang Shikshan Mahavidyalaya,,Gujarat
Sri Ranganathar Institute of Engineering and Technology,Coimbatore,Tamil Nadu
Sri Rangapoopathi College of Engineering,,Tamil Nadu
Sri Ravinath Singh Degree College,,Uttar Pradesh
Sri Ravuri Kanakaiah Memorial Law College,Chittoor,Andhra Pradesh
Sri Rayalaseema Christian College of Education,Kurnool,Andhra Pradesh
Sri Renugambal College of Education,,Tamil Nadu
Sri S.H. Kelkar College of Arts & Commerce & Science,,Maharashtra
Sri S.J.V.P. Arudhya College,,Karnataka
Sri Sai Baba National Degree College,Anantapur,Andhra Pradesh
Sri Sai Bharath College of Arts and Science,,Tamil Nadu
Sri Sai College for Women,Bangalore,Karnataka
Sri Sai College of Education,,Punjab
Sri Sai Degree & P.G. College,,Andhra Pradesh
Sri Sai Institute of Technology and Science,,Andhra Pradesh
Sri Sai Raghavendra Degree College,Nizamabad,Telangana
Sri Sai Ram Engineering College,,Tamil Nadu
Sri Sai Ram Institute of Technology,Chennai,Tamil Nadu
Sri Sai Shivram Girls Educational Institute,,Uttar Pradesh
Sri Sairam College of Engineering,Bangalore,Karnataka
Sri Sanatan Dharam Prakash Chand Girls College,,Uttarakhand
Sri Sankara Arts & Science College,,Tamil Nadu
Sri Sankara Bhagavathi Arts & Science College,Thoothukkudi,Tamil Nadu
Sri Sankara's College of Education,Kurnool,Andhra Pradesh
Sri Sankaranandagiri Swamy College,Anantapur,Andhra Pradesh
Sri Sankat Mochan Uchch Shiksha Evam Takniki Mahavidyalaya,Varanasi,Uttar Pradesh
Sri Sanskrit Mahavidyalaya,,Uttar Pradesh
Sri Sarada College for Women,,Tamil Nadu
Sri Sarada College for Women,Salem,Tamil Nadu
Sri Sarada College of Education,Salem,Tamil Nadu
Sri Sarada College of Education for Women,Tirunelveli,Tamil Nadu
Sri Sarada College of Physical Education for Women,Salem,Tamil Nadu
Sri Sarada Mahavidyalayam Arts and Science College for Women,,Tamil Nadu
Sri Sarada Nicketan College of Science for Women,,Tamil Nadu
Sri Sarada Niketan College for Women,Sivagangai,Tamil Nadu
Sri Saraswathi College of Education,Anantapur,Andhra Pradesh
Sri Sarvajna College of Education,,Karnataka
Sri Sarvodaya College,Sri Potti Sriramulu Nellore,Andhra Pradesh
Sri Sathguru Sangeetha Vidyalayam,,Tamil Nadu
Sri Sathya Sai Arts & Science College,Thiruvananthapuram,Kerala
Sri Sathya Sai College for Women,,Madhya Pradesh
Sri Satya Sai Government Degree College,Anantapur,Andhra Pradesh
Sri Satyadev Degree College,Allahabad,Uttar Pradesh
Sri Shakthi Institute of Engineering and Technology,,Tamil Nadu
Sri Shanmugha College of Engineering and Technology,Salem,Tamil Nadu
Sri Sharda Institute of Professional Studies,Lucknow,Uttar Pradesh
Sri Sharda Mahavidyalaya,,Uttar Pradesh
Sri Shirdi Sai Womens Degree College,,Andhra Pradesh
Sri Shiv Raj Singh Mahavidyalaya,Hardoi,Uttar Pradesh
Sri Shivaji Education Society Amravati's Science College,,Maharashtra
Sri Shivalingeswar Women College,,Karnataka
Sri Shrinivas Sarowagi College,,Madhya Pradesh
Sri Siddaganga College of Arts Science & Commerce For Women,,Karnataka
Sri siddaganga Evening College,,Karnataka
Sri Siddhartha College of Education,,Karnataka
Sri Siddhartha First Grade College,,Karnataka
Sri Siddhartha Institute of Management Studies,Tumkur,Karnataka
Sri Siddorameswar Degree College,,Karnataka
Sri Sikshayatan College,,West Bengal
Sri Sivani College of Engineering,Srikakulam,Andhra Pradesh
Sri Sivasubramaniya Nadar College  of  Engineering,,Tamil Nadu
Sri Sri Bayababa Mahavidyalaya,,Odisha
Sri Sri Dhabaleswar Mahavidyalaya,,Odisha
Sri Sri Jagannath Mahavidyalaya,,Odisha
Sri Sri Jagannath Mahavidyalaya,,Odisha
Sri Sri Shivaligeswara Swamy Govt. First Grade College,,Karnataka
Sri Subramaniaswamy Government Arts College,,Tamil Nadu
Sri Sudrishti Baba Degree College,,Uttar Pradesh
Sri Sunflower College of Engineering & Technology,Krishna,Andhra Pradesh
Sri Suraj Datt Kanti Devi Mahila Mahavidyalaya,Rae Bareli,Uttar Pradesh
Sri T.V. Venkataswamy First Grade College,,Karnataka
Sri Tarachand Degree College,,Uttar Pradesh
Sri Tika Ram Kanya Mahavidyalaya,,Uttar Pradesh
Sri Tilakdhari Atarwas Mahavidyalaya,,Uttar Pradesh
Sri Tirupati Balaji Mahavidyalaya,Etawah,Uttar Pradesh
Sri Uma Mahashwar Govt. Degree College,,Telangana
Sri Umapragathi First Grade College,Tumkur,Karnataka
Sri V.R. Patel Colleg of Commerce,,Gujarat
Sri Vaishnavi Degree College,,Andhra Pradesh
Sri Varshneya College,,Uttar Pradesh
Sri Vasantrao Naik Mahavidyalaya,Amravati,Maharashtra
Sri Vasari Bommidala Govt. Degree College,Kurnool,Andhra Pradesh
Sri Vasavi Arts Commerce & Science College,Kurnool,Andhra Pradesh
Sri Vasavi Engineering College,West Godavari,Andhra Pradesh
Sri Vasavi Institute of Engineering & Technology,Krishna,Andhra Pradesh
Sri Vasavi Institute of Pharmaceutical Sciences,West Godavari,Andhra Pradesh
Sri Veer Balika College,,Rajasthan
Sri Venkataramana Women’s College,,Karnataka
Sri Venkataramanaswamy College,,Karnataka
Sri Venkatesa Perumal College of Engineering & Technology,Chittoor,Andhra Pradesh
Sri Venkateshwara Arts College for Men,Chittoor,Andhra Pradesh
Sri Venkateshwara College,,Telangana
Sri Venkateshwara College of Arts and Sci.,,Tamil Nadu
Sri Venkateshwara College of Engineering,Bangalore,Karnataka
Sri Venkateshwara Govt. Arts & Science College,,Telangana
Sri Venkateshwara Govt. Oriental College,,Telangana
Sri Venkateshwara Oriental College,Chittoor,Andhra Pradesh
Sri Venkateshwara University College of Engineering,Chittoor,Andhra Pradesh
Sri Venkateshwaraa Dental College,,Puducherry
Sri Venkateshwaraa Medical College Hospital & Research Centre,,Puducherry
Sri Venkateswara & Sri Satyadeva Degree College,Guntur,Andhra Pradesh
Sri Venkateswara College of Arts and Computer Sciences,,Andhra Pradesh
Sri Venkateswara College of Education,,Karnataka
Sri Venkateswara College of Engineering,Chittoor,Andhra Pradesh
Sri Venkateswara College of Engineering,Sriperumbudur,Tamil Nadu
Sri Venkateswara College of Engineering and Technology,Chittoor,Andhra Pradesh
Sri Venkateswara College of Engineering and Technology,,Tamil Nadu
Sri Venkateswara College of Pharmacy,Chittoor,Andhra Pradesh
Sri Venkateswara Degree College,Guntur,Andhra Pradesh
Sri Venkateswara Degree College,Guntur,Andhra Pradesh
Sri Venkateswara Degree College,Anantapur,Andhra Pradesh
Sri Venkateswara Engineering College,,Andhra Pradesh
Sri Venkateswara Institute of Technology,Anantapur,Andhra Pradesh
Sri Venkateswaraa College of Technology,,Tamil Nadu
Sri Vidya Mandir Arts & Science College,,Tamil Nadu
Sri Vijay Vidyalaya College of Arts and Science,,Tamil Nadu
Sri Vinayaga College of Arts and Science,Viluppuram,Tamil Nadu
Sri Visweswara Sanskrit Andhra Kalasala,,Telangana
Sri Vivekananda Arts & Science College,Prakasam,Andhra Pradesh
Sri Vivekananda Degree College for Women,,Andhra Pradesh
Sri Vyasa N.S.S. College,,Kerala
Sri Y.N. College,West Godavari,Andhra Pradesh
Sri Y.S. Reddy Memorial Degree College,Y.S.R.,Andhra Pradesh
Sri Y.V. Nagi Reddy Degree College,,Andhra Pradesh
Sri YKR & K Government Degree College,,Andhra Pradesh
Sri. T.V. Venkataswamy College of Education,Tumkur,Karnataka
Sridevi Women’s Engineering College,Hyderabad,Telangana
Srijan Mahavidyalaya,,Uttar Pradesh
Sriji College,Ongole,Andhra Pradesh
Srikrupa Institute of Pharmaceutical Sciences,,Telangana
Srimad Andavan Arts and Science College,,Tamil Nadu
Srimath Sivagnana Balaya Swamigal Tamil Arts and Science College,,Tamil Nadu
Srimathi D.N. Bhat Vaishnav College for Women,,Tamil Nadu
Srimathi Indira Gandhi College,,Tamil Nadu
Srimati Shanti Devi Degree College,Agra,Uttar Pradesh
Srimati Vanshraji Devi Shikshan Prashikshan Mahila Mahavidyalay,Sant Kabir Nagar,Uttar Pradesh
Srinagar College of Education,Kashmir,Jammu and Kashmir
Srinagar Women’s College,Kashmir,Jammu and Kashmir
Srinath Ramnath Mahavidyalaya,Allahabad,Uttar Pradesh
Srinath Sanskrit Mahavidyala,,Uttar Pradesh
Srinibas College,,Odisha
Srinivas College of Hotel Management,,Karnataka
Srinivas Institute of Management Studies,,Karnataka
Srinivasa Institute of Engineering & Technology,East Godavari,Andhra Pradesh
Srinivasa Institute of Technology and Science,,Andhra Pradesh
Srinivasa Ramanujan Institute of Technology,Anantapur,Andhra Pradesh
Srinivasan College of Arts & Science,Perambalur,Tamil Nadu
Srinivasarao College of Pharmacy,Visakhapatnam,Andhra Pradesh
Sripat Singh College,,West Bengal
Sriram Chandra Bhanj +3 (Degree) College,,Odisha
Srisaila College of Education,,Karnataka
Srishti Balika Shikshan Sansthan,,Uttar Pradesh
SRK Institute of Technology,Krishna,Andhra Pradesh
SRM TRP Engineering College,Tiruchirappalli,Tamil Nadu
SRM Valliammai Engineering College,Kancheepuram,Tamil Nadu
SRNK Government Degree College,,Telangana
SRR & CVR (Govt.) College,Vijayawada,Andhra Pradesh
Srri Hagadguru Murugharajendra Arts College for Women,,Karnataka
Srusti Academy of Management,,Odisha
SS College of Engineering,Udaipur,Rajasthan
SSM College of Engineering,Baramula,Jammu and Kashmir
SSM Institute of Engineering and Technology,Dindigul,Tamil Nadu
SSS College of Education (B.Ed.),Nanded,Maharashtra
ST Xavier’s College of Management & Technology,Patna,Bihar
St.  John's College,,Uttar Pradesh
St. Agnes College,,Karnataka
St. Albert College,,Kerala
St. Aloysious College,,Kerala
St. Aloysius College,,Karnataka
St. Aloysius College,,Kerala
St. Aloysius College,,Madhya Pradesh
St. Aloysius Degree College,,Karnataka
St. Aloysius Evening College,,Karnataka
ST. Aloysius Institute of Technology,Jabalpur,Madhya Pradesh
St. Andrew College of Arts Science & Commerce,,Maharashtra
St. Andrew's College,,Uttar Pradesh
St. Ann's College for Women,Hyderabad,Telangana
St. Ann's College of Education,,Telangana
St. Ann’s College for Women,Guntur,Andhra Pradesh
St. Ann’s College for Women,Visakhapatnam,Andhra Pradesh
St. Ann’s College of Engineering and Technology,Prakasam,Andhra Pradesh
St. Anne’s Arts and Science College,Chennai,Tamil Nadu
St. Anne’s College of Engineering and Technology,Cuddalore,Tamil Nadu
St. Anne’s Degree College,Kodagu,Karnataka
St. Anne’s Degree College for Women,Bangalore,Karnataka
St. Anne’s First Grade College for Women,Bangalore,Karnataka
St. Annes College of Education,,Karnataka
St. Anthony's College,,Meghalaya
St. Antony’s College,Idukki,Kerala
St. Antony’s College of Arts and Sciences for Women,Dindigul,Tamil Nadu
St. Bede's College,,Himachal Pradesh
St. Berchuman's College,,Kerala
St. Christopher's College of Education,Chennai,Tamil Nadu
St. Claret College,Bangalore,Karnataka
St. Columbas' College,,Jharkhand
St. Cyril's College,,Kerala
St. Dominic's College,,Kerala
St. Edmunds College,,Meghalaya
St. Francies College for Women,,Telangana
St. Francies De Sales College,,Maharashtra
St. Francis College,Bangalore,Karnataka
St. Francis College,Bangalore,Karnataka
St. Francis De Sales College,West Siang,Arunachal Pradesh
St. Francis de Sales College,Bangalore,Karnataka
St. Francis Institute of Management and Research,,Maharashtra
St. Francis Institute of Technology,Mumbai,Maharashtra
St. Francis Institute of Technology,Mumbai,Maharashtra
St. Geogories College,,Kerala
St. George College,Nagpur,Maharashtra
St. George's College,,Kerala
St. Gonsalo Garcia College of Arts & Comm.,,Maharashtra
St. Ignatius College of Educaction,,Tamil Nadu
St. Jerome’s College of Arts and Science,Kanniyakumari,Tamil Nadu
St. John College,,Nagaland
St. John's College,,Tamil Nadu
St. John's College,,Kerala
St. John's Medical College,,Karnataka
St. John’s College of Arts & Science,,Tamil Nadu
St. Johns College of Engineering & Technology,Kurnool,Andhra Pradesh
St. Johns College of Pharmaceutical Sciences Yerrakota  Yemmiganur-518 360  Dist. Kurnool,Kurnool,Andhra Pradesh
St. Josep's Teachers College of Education,Mysore,Karnataka
St. Joseph College of Arts and Commerce,,Maharashtra
St. Joseph College of Teacher Education for Women,,Kerala
St. Joseph College,Ukhrul,Manipur
St. Joseph Engineering College,,Karnataka
St. Joseph Girls Degree College,,Uttar Pradesh
St. Joseph Mahavidhyalaya,,Uttar Pradesh
St. Joseph Vaz College,,Goa
St. Joseph's College,,Kerala
St. Joseph's College,Bangalore,Karnataka
St. Joseph's College,Thrissur,Kerala
St. Joseph's College,,Kerala
ST. Joseph's College,,Tamil Nadu
St. Joseph's College,,West Bengal
St. Joseph's College,,Nagaland
ST. Joseph's College for Women,,Kerala
St. Joseph's College for Women,Visakhapatnam,Andhra Pradesh
St. Joseph's College of Commerce,,Karnataka
St. Joseph's College of Education for Women,Guntur,Andhra Pradesh
St. Joseph's Degree College,Kurnool,Andhra Pradesh
St. Joseph's Evening College,,Karnataka
St. Joseph's Training College,,Kerala
St. Joseph’s Academy of Higher Education & Research,,Kerala
St. Joseph’s Arts and Science College for Women,Sivagangai,Tamil Nadu
St. Joseph’s College,Hassan,Karnataka
St. Joseph’s College,,Jharkhand
St. Joseph’s College  (Arts & Science),Chennai,Tamil Nadu
St. Joseph’s College for Women,Tiruppur,Tamil Nadu
St. Joseph’s College for Women,,Uttar Pradesh
St. Joseph’s College of Arts & Science,,Tamil Nadu
St. Joseph’s College of Arts & Science for Women,Krishnagiri,Tamil Nadu
St. Joseph’s College of Engineering,Chennai,Tamil Nadu
St. Joseph’s Commerce College,Dharwad,Karnataka
St. Joseph’s Degree & PG College,,Telangana
St. Joseph’s Institute of Technology,Chennai,Tamil Nadu
ST. Josephs College of Engineering and Technology,,Kerala
St. Jude's College,,Tamil Nadu
St. Justin Arts and Science College for Women,Sivaganga,Tamil Nadu
St. Justin's College of Education,,Tamil Nadu
St. Mark Educational Institution Society Group of Institutions,Anantapur,Andhra Pradesh
St. Mark. N.T.R. College of Education,,Andhra Pradesh
St. Martin’s Engineering College,,Telangana
St. Mary's College,,Meghalaya
St. Mary's College,,Tamil Nadu
St. Mary's College,,Kerala
St. Mary's College,,Kerala
St. Mary's College,,Karnataka
St. Mary’s  Group of Institutions Guntur for Women,Guntur,Andhra Pradesh
St. Mary’s  Women’s Engineering College,Guntur,Andhra Pradesh
St. Mary’s Centenary College of Management,,Telangana
St. Mary’s Centenary Degree College,,Telangana
St. Mary’s College,,Kerala
St. Mary’s College of Teacher Education,,Meghalaya
St. Mary’s College,,Telangana
St. Mary’s Engineering College,,Telangana
St. Mary’s Group of Institutions,,Telangana
St. Michael College of Engineering and Technology,,Tamil Nadu
St. Michael's College,,Kerala
St. Mira's College of Girls,Pune,Maharashtra
St. Mother Theresa Engineering College,,Tamil Nadu
St. Paul Institute of Professional Studies,Indore,Madhya Pradesh
St. Paul Institute of Professional Studies,Indore,Madhya Pradesh
St. Paul's C.M. College,,West Bengal
ST. Paul's College,,Kerala
St. Paul’s College of Arts and Science for Women,Coimbatore,Tamil Nadu
St. Paul’s College of Education,Prakasam,Andhra Pradesh
St. Pauls College of Pharmacy,Rangareddy,Telangana
St. Peter Degree College  St Peter Educational Premises,,Maharashtra
St. Peter's College,,Kerala
St. Peter’s College of Engineering and Technology,Chennai,Tamil Nadu
St. Peter’s Engineering College,Rangareddy,Telangana
St. Peter’s Institute of Pharmaceutical Sciences,,Telangana
St. Philomena's College,Mysore,Karnataka
St. Philomena's College,,Karnataka
St. Pious X Degree & PG College for Women,,Telangana
St. Pius Xth College,,Kerala
St. R.C. College of Higher Education,,Uttar Pradesh
St. Stephen's College,,Delhi
St. Stephen's College,,Kerala
St. Stephen's College,,Kerala
St. Tereasa's Institute of Education,,Maharashtra
St. Teresa Degree College for Women,Bangalore,Karnataka
St. Teresa's College,,Kerala
St. Thomas College,,Kerala
St. Thomas College,,Kerala
St. Thomas College,,Kerala
St. Thomas College,Dakshina Kannada,Karnataka
St. Thomas College,,Kerala
St. Thomas College,,Chhattisgarh
St. Thomas College of Engineering & Technology,,Kerala
St. Thomas College of Teacher Education,,Kerala
St. Vencent College of Commerce,Pune,Maharashtra
St. Vincent Pallotti College,,Chhattisgarh
St. Vincent Pallotti College of Engineering & Technology,Nagpur,Maharashtra
St. Wilfred’s College for Girls,,Rajasthan
St. Wilfred’s P.G. College,,Rajasthan
St. Xavier College,,Nagaland
St. Xavier College,Senapati,Manipur
St. Xavier's College,,Gujarat
St. Xavier's College,,Jharkhand
St. Xavier's College,,Maharashtra
St. Xavier's College,,Kerala
St. Xavier's College,,Goa
St. Xavier's College,,Kerala
St. Xavier's College,,West Bengal
St. Xavier's College,,Tamil Nadu
St. Xavier's College for Women,,Kerala
St. Xavier's College Jaipur,Jaipur,Rajasthan
St. Xavier's College of Education,,Tamil Nadu
St. Xavier's College of Education,Patna,Bihar
St. Xavier's Institute of Education,,Maharashtra
St. Xavier’s Catholic College of Engineering,Kanniyakumari,Tamil Nadu
St. Xavier’s College,Latehar,Jharkhand
St. Xavier’s College,Dumka,Jharkhand
St. Xavier’s College,Simdega,Jharkhand
St. Xavier’s PG College,,Rajasthan
Standard College,,Manipur
Stani Memorial P.G CollegeSMPGC Campus,,Rajasthan
Stanlay Medical College,,Tamil Nadu
Stanley College of Engineering & Technology for Women,Hyderabad,Telangana
State Ayurvedic College,,Uttar Pradesh
State College of Teacher Education,,Nagaland
State Institute of Physical Education for Women,,West Bengal
Stella Maris College,,Tamil Nadu
Stella Mary’s College of Engineering,Kanyakumari,Tamil Nadu
Stella Matutina College of Education,,Tamil Nadu
Stephens Institute of Paramedical Sciences,Jammu,Jammu and Kashmir
Stewart Science College,,Odisha
Sth. Bankatswami Mahavidyalaya,,Maharashtra
Subanarakha Mahavidyalaya,,West Bengal
Subansiri College,Lakhimpur,Assam
Subarnarekha Mahavidyalaya,,Odisha
Subbalakshmi Lakshmipathy  College of Science,,Tamil Nadu
Subedar Singh Mahavidyalaya,Sultanpur,Uttar Pradesh
Subhadara Devi Mularam Krishak Mahavidyalaya,,Uttar Pradesh
Subhadra Educational Society’s S.N.B.P. College,Pune,Maharashtra
Subhadra Mahatap College,,Odisha
Subhan Institute of Educational Technology and College of Education,Kashmir,Jammu and Kashmir
Subharam Government Degree College,Chittoor,Andhra Pradesh
Subhas Bose Institute of Hotel Management.,Kolkata,West Bengal
Subhas Chandra Bose Covtenary College,,West Bengal
Subhash Chandra Bose Institute of Higher Education,Lucknow,Uttar Pradesh
Subhash Chandra Bose P.G. College,,Uttar Pradesh
Subhash Chandra Mahavidyalaya,Varanasi,Uttar Pradesh
Subhash Chandra Snatak Mahavidyalaya,Gonda,Uttar Pradesh
Subhash Smarak Degree College,Rampur,Uttar Pradesh
Subhwanti Institute of Education,Siwan,Bihar
Sudam Charan Degree College,,Odisha
Sudama Devi Mahila Mahavidyalaya,Chandauli,Uttar Pradesh
Sudarshan Degree College,Lalitpur,Uttar Pradesh
Sudha Devi Mahavidyalaya,Varanasi,Uttar Pradesh
Sudha Rustagi College of Dental Sciences and Research,Faridabad,Haryana
Sudha Sureshbhai Maniar College of Computer and Management,Nagpur,Maharashtra
Sudhagad Education Society’s Sheth J.N. Paliwala Commerce College Science & Arts College,,Maharashtra
Sudhakar Mahila P.G. College,,Uttar Pradesh
Sudhakar Singh Foundation Mahavidyalaya,Jaunpur,Uttar Pradesh
Sudharsan College of Arts and Science,Pudukkottai,Tamil Nadu
Sudhiranjan Lahari Mahavidyalaya,,West Bengal
Suganthi Devadason Marine Research Institute,,Tamil Nadu
Suguna College of Engineering,Coimbatore,Tamil Nadu
Sugwanti Smarak Mahavidyalaya,Mau,Uttar Pradesh
Sujatha Degree & P.G. College for Women,,Telangana
Sukanta Mahavidyalaya,,West Bengal
Sukdev Singh Lavkush Mahavidyalaya,,Uttar Pradesh
Sukhai Singh Mahavidyalaya,,Uttar Pradesh
Sukhdai Smarak Mahavidyalaya,,Uttar Pradesh
Sukhdeo Sahay Madheshwar Sahay Degree College,Palamu,Jharkhand
Sukhdev Kisan Degree College,,Uttar Pradesh
Sukhmaya Mahila P.G. College,,Uttar Pradesh
Sukhram Singh Mahavidyalaya,,Uttar Pradesh
Sukinda College,,Odisha
Sukruli Degree College,,Odisha
Sukumar Sengupta Mahavidyalaya,Paschim Medinipur,West Bengal
Sukus Mission College (Arts),,Nagaland
Sullamussalam Arabic College,,Kerala
Sullamussalam Science College,,Kerala
Sultan-Ul-Uloom College of Pharmacy,Hyderabad,Telangana
Sultanat Bahadur P.G. College,,Uttar Pradesh
Suman Satyanarayan Janhit Mahavidyalaya,Unnao,Uttar Pradesh
Sumathi Reddy Institute of Technology for Women,,Telangana
Sumitra Mahavidyalaya,,Uttar Pradesh
Sun College of Engineering and Technology,Kanyakumari,Tamil Nadu
Sunbeam College for Women,,Uttar Pradesh
Sunbeam Women’s College Varuna 904/1 Central Jail Road Sikraul Varanasi – 221 002 Uttar Pradesh,Varanasi,Uttar Pradesh
Sundarabai B. Patil Women’s College of Education,,Karnataka
Sunder Singh College,,Bihar
Sunderban Hazi Desarat College,,West Bengal
Sunderban Mahavidyalaya,,West Bengal
Sunderrao Solanke Mahavidyalaya,,Maharashtra
Sundershan College,Rewa,Madhya Pradesh
Sundra Vati Mahila College,,Bihar
Sunniyya Arabic College,,Kerala
Supreme Knowledge Foundation Group of Institutions,,West Bengal
Suraj Bhan College,Pilibhit,Uttar Pradesh
Suraj Gyan Mahavidyalaya,Jalaun,Uttar Pradesh
Surajmal College,,Odisha
Surajmal Saha Mahavidyalaya,Puri,Odisha
Surana College,,Karnataka
Surana College,,Karnataka
Surat Pandey Degree College,,Jharkhand
Suratgarh P.G. College,,Rajasthan
Suren Das College,Kamrup,Assam
Surendra Prasad Shukla Mahila Mahavidyalaya,,Uttar Pradesh
Surendranath College,,West Bengal
Surendranath College for Women,,West Bengal
Surendranath Evening College,Kolkata,West Bengal
Surendranath Law College,,West Bengal
Suresh Chandra Mishra Mahavidyalaya,,Uttar Pradesh
Suresh Kumar Singh Shiv Prasad Mahavidyalaya,Hardoi,Uttar Pradesh
Suri Vidyasagar College,,West Bengal
Surjan Devi Anusuiya Devi Degree College,Lucknow,Uttar Pradesh
Surya Baksh Pal Smarak Degree College,,Uttar Pradesh
Surya Bali Yadav Mahavidyalaya,,Uttar Pradesh
Surya College of Education,Jammu,Jammu and Kashmir
Surya Engineering College,Erode,Tamil Nadu
Surya Sen Mahavidyalaya,,West Bengal
Surya Sen Mahavidyalaya,,West Bengal
Suryadatta Education Foundation Suryadatta Institute of Business Management & Technology,Pune,Maharashtra
Suryadatta Education Foundation Suryadatta Institute of Management & Mass Communicatioin,Pune,Maharashtra
Suryadatta Education Foundation’s Suryadatta College of Hospitality Management & Travel Tourism (SCHMTT),Pune,Maharashtra
Suryadatta Education Foundation’s Suryadatta College of Management Information Research & Technology (SCMIRT),Pune,Maharashtra
Suryaddataa Education Foundation’s SCMIRT Night College,Pune,Maharashtra
Suryamukhi Dinesh Ayurved Medical College and Hospital,,Jharkhand
Suryapal Singh Patel Mahavidyalaya,,Uttar Pradesh
Suryodaya College of Engineering & Technology,Nagpur,Maharashtra
Susana Methodist Girls’ B.Ed. College,,Uttarakhand
Sushalavati Government Women's College,,Odisha
Sushant Teachers Training College,Muzaffarpur,Bihar
Sushil Institute of Management & Technology,Meerut,Uttar Pradesh
Sushil Kar College,,West Bengal
Sushil Verma Memorial Girls Degree College,Lakhimpur,Uttar Pradesh
Sushila Devi Mahavidyalaya,Allahabad,Uttar Pradesh
Sushila Rai Mahila Mahavidyalaya,Azamgarh,Uttar Pradesh
SVE Socity's Arts and Commerce,,Karnataka
SVR Engineering College,Kurnool,Andhra Pradesh
SVS College of Engineering,Coimbatore,Tamil Nadu
SVS Group of Institutions,Warangal,Telangana
Sw. Badan Singh Kushwaha Kanya Mahavidyalaya,Kanpur Nagar,Uttar Pradesh
Sw. Badan Singh Kushwaha Smarak Mahavidyalaya,Kanpur Nagar,Uttar Pradesh
Sw. Bhagawanti Devi Degree College,,Uttar Pradesh
Sw. Chandrashekhar Ji Poorva Pradhanmantri Smarak Mahavidyalaya,Ghazipur,Uttar Pradesh
Sw. Daya Shankar Patel Mahavidyalaya,,Uttar Pradesh
Sw. Dhanraj Singh Mahavidyalaya,,Uttar Pradesh
Sw. Dileep Kumar Smarak Mahavidyalaya,,Uttar Pradesh
Sw. Haripal Singh Mahavidyalaya,Fatehpur,Uttar Pradesh
Sw. Kripa Shankar Tiwari Mahavidyalaya,,Uttar Pradesh
Sw. Krishna Devi Shankar Singh Mahila Shikshan Sansthan,Kanpur Dehat,Uttar Pradesh
Sw. Mahadev Prasad Smarak Mahila Mahavidyalaya,,Uttar Pradesh
Sw. Malti Singh Mahavidyalaya,Jaunpur,Uttar Pradesh
Sw. Pandit Nawal Kishore Sharma Government P.G. College,,Rajasthan
Sw. Pt. Ramdular Pandey Mahavidyalaya,,Uttar Pradesh
Sw. Shri Baburam Mahavidyalaya,Hamirpur,Uttar Pradesh
Sw. Shri Ram Bharose Lal Verma Government Shastri Sanskrit College,,Rajasthan
Sw. Smt. Indira Gandhi Shaskiya Kanya Mahavidyalaya,,Madhya Pradesh
Sw. Sunder Lal Shivhare Degree College,Hamirpur,Uttar Pradesh
Sw. Tilak Raj Singh Mahavidyalaya,Kaushambi,Uttar Pradesh
Sw. Yashoda Kanya Mahavidyalaya,,Uttar Pradesh
Swa. Sawarkar Mahavidyalaya,,Maharashtra
Swahid Maniram Dewan College,Sivaganga,Assam
Swahid Peoli Phukon College,Sivaganga,Assam
Swahid Smriti Mahavidyalaya,Nalbari,Assam
Swami Avdhutanand Mahavidyalaya,Mainpuri,Uttar Pradesh
Swami Basudevacharya Anugraha Narayan College,,Bihar
Swami Dayanand Degree College,Bareilly,Uttar Pradesh
Swami Dayananda College of Arts and Science,,Tamil Nadu
Swami Devanand P.G. College,,Uttar Pradesh
Swami Dhananjoy Das Kathiababa Mahavidyalaya,Bankura,West Bengal
Swami Dharnidhar College,,Bihar
Swami Educational Complex Mahavidyalaya,,Uttar Pradesh
Swami Ganga Girl Janta Girls College,,Punjab
Swami Girishanand Degree College,,Uttar Pradesh
Swami Jaidev Yogiraj Mahavidhyalaya,Shahjahanpur,Uttar Pradesh
Swami Kalyan Dev Degree College,,Uttar Pradesh
Swami Kalyan Dev Mahila Mahavidyalaya,Bijnor,Uttar Pradesh
Swami Kalyananand Mahavidyalaya,,Uttar Pradesh
Swami Karapatry Jee Maharaj Government Degree College,,Uttar Pradesh
Swami Keshvanand Institute of Technology,Jaipur,Rajasthan
Swami Keshwanand Gramothan Vidyapeeth,,Rajasthan
Swami Muktanand College of Science,,Maharashtra
Swami Niswambalananda Girls College,,West Bengal
Swami Premanand Mahavidyalaya,,Punjab
Swami Ramanand Teerth Mahavidyalaya,,Maharashtra
Swami Ramanand Teerth Rural Medical College,,Maharashtra
Swami Ramprapannacharya Madrasi Swami Raghwacharya Ramanuj Sanskrit Mahavidyalaya,Mathura,Uttar Pradesh
Swami Sahajanand College,,Jharkhand
Swami Sahajanand College of Arts,Bhavnagar,Gujarat
Swami Sahajanand College of Commerce & Management,,Gujarat
Swami Sahajanand College of Computer Science,,Gujarat
Swami Sahajanand College of Information Technology,,Gujarat
Swami Sahajanand Institute of Commerce,Bhavnagar,Gujarat
Swami Sahajanand Janta Mahavidyalaya,,Uttar Pradesh
Swami Sahajanand Mahavidyalaya,,Uttar Pradesh
Swami Sahajanand Snatkottar Mahavidyalaya,,Uttar Pradesh
Swami Satyamitranand Mahavidyalaya,,Uttar Pradesh
Swami Sharan Mahavidyalaya,Chandauli,Uttar Pradesh
Swami Shraddhanand College,,Delhi
Swami Shri Swaroopanand Saraswati Mahavidyalaya,,Chhattisgarh
Swami Shukdevanand College,,Uttar Pradesh
Swami Shukhdavanand Law College,,Uttar Pradesh
Swami Swantantra Nand Memorial College,,Punjab
Swami Swaroopanand Institute of Management & Technology,,Uttar Pradesh
Swami Vivekanand  Mahavidyalaya,Ambedkar Nagar,Uttar Pradesh
Swami Vivekanand College of Computer Science,,Gujarat
Swami Vivekanand College of Higher Education,Unnao,Uttar Pradesh
Swami Vivekanand College of Higher Education,Pilibhit,Uttar Pradesh
Swami Vivekanand Education Trust M.Ed. College,,Gujarat
Swami Vivekanand Governemnt College,,Uttarakhand
Swami Vivekanand Government College,Agar Malwa,Madhya Pradesh
Swami Vivekanand Government College,Ujjain,Madhya Pradesh
Swami Vivekanand Government College,,Rajasthan
Swami Vivekanand Govt. College,,Madhya Pradesh
Swami Vivekanand Govt. College,,Madhya Pradesh
Swami Vivekanand Govt. College,,Madhya Pradesh
Swami Vivekanand Govt. College,,Himachal Pradesh
Swami Vivekanand Govt. P.G. College,,Madhya Pradesh
Swami Vivekanand Homoeopathic Medical College & Hospital,,Gujarat
Swami Vivekanand Mahavidyalaya,,Uttar Pradesh
Swami Vivekanand Mahavidyalaya,,Maharashtra
Swami Vivekanand Mahavidyalaya,,Uttar Pradesh
Swami Vivekanand Mahavidyalaya,Jhansi,Uttar Pradesh
Swami Vivekanand Mahavidyalaya,Banda,Uttar Pradesh
Swami Vivekanand Mahavidyalaya,,Uttar Pradesh
Swami Vivekanand Mahavidyalaya,,Maharashtra
Swami Vivekanand Mahila Mahavidyalaya,Lucknow,Uttar Pradesh
Swami Vivekanand S.S. Mahavidyalaya,,Uttar Pradesh
Swami Vivekanand Vidyaprasarak Mandal’s College of Commerce,North Goa,Goa
Swami Vivekananda College,,Madhya Pradesh
Swami Vivekananda Institute of Science & Technology,South Twenty Four Parganas,West Bengal
Swami Vivekananda Institute of Technology,,Telangana
Swami Vivekananda Mahavidyalaya,West Tripura,Tripura
Swami Vivekananda Mahavidyalaya,,Maharashtra
Swami Vivekananda Memorial College,,Odisha
Swami Vivekananda Sarvodya Bank College of Education,,Gujarat
Swami Vivkeanand Sr. College,,Maharashtra
Swami Yogananda Giri College,Kokrajhar,Assam
Swamy Vivekanand Adarsh Mahavidyalaya,,Madhya Pradesh
Swantantra Sanik Late Kanhaiyalalji Ramchandra Inani Mahavidyalaya,,Maharashtra
Swantatrya Sainik Suryabhanji Pawar Art’s College,,Maharashtra
Swar Mahila Mahavidyalaya,Rampur,Uttar Pradesh
Swarg Mandir Kanya Mahavidyalaya,,Madhya Pradesh
Swargiya Balram Singh Smarak Mahavidyalaya.,Ballia,Uttar Pradesh
Swargiya Bishwanath Singh Sharma Mahavidyalaya,,Bihar
Swargiya Nagulal Malviya Government College,Ujjain,Madhya Pradesh
Swargiya Ramvilash Singh Shikshan  Sanstha Mahila Mahavidyalaya,Chandauli,Uttar Pradesh
Swargiya Ramvilash Singh Shikshan Sanstha,Chandauli,Uttar Pradesh
Swargiya Subedar Singh Smriti Mahila Mahavidyalaya,Varanasi,Uttar Pradesh
Swarn Jayanti Mahavidyalaya,,Uttar Pradesh
Swarna Bharathi Institute of Science & Technology,,Telangana
Swarnachuda College,,Odisha
Swarnamoyee Jogendranath Mahavidyalaya,,West Bengal
Swarnandhra College of Engineering & Technology,West Godavari,Andhra Pradesh
Swatantra Girls Degree College,,Uttar Pradesh
Swatantra Sangram Senani Swargiya Parashu Ram Umrao Mahavidyalaya,,Uttar Pradesh
Swatantrata Sangram Senani  Vishram Singh Government P.G. College,,Uttar Pradesh
Swatantrata Sangram Senani Mahendra Degree College,,Uttar Pradesh
Swatantrata Sangram Senani Paramhans Mishra Vanshraji Devi Mahila Mahavidyalaya,Mau,Uttar Pradesh
Swatantrata Sangram Senani Swargiya Sri Pan Singh Bisht Rajkiya Mahavidyalaya,Almora,Uttarakhand
Swatantrata Senani Shri Prabhu Narayan Singh Mahavidyalaya,,Uttar Pradesh
Swatantrya Sainik Shri Kanhaiyalalji Ramchandra Innani Mahavidyalaya,,Maharashtra
Swatantrya Senani Ramrao Awargaonkar Law College,,Maharashtra
Swava College of Arts Science & Comm. Of Management,Bangalore,Karnataka
Swavalambi College of Education,,Maharashtra
Sweekar Academy of Rehabilitation Sciences,,Telangana
Swoddharak Vidyarthi Sansth's Dadasaheb Rawal College,,Maharashtra
Syadwad Institute of Higher Education & Research,,Uttar Pradesh
Syamprasad College (Evening),,West Bengal
Syampur Siddheswari Mahavidyalaya,,West Bengal
Syamsundar College,,West Bengal
Syana Degree College,,Uttar Pradesh
Sydenham College of Commerce and Econnomics,Mumbai,Maharashtra
Syed Ammal Arts & Science College,Ramanathapuram,Tamil Nadu
Syed Ammal Engineering College,Ramanathapuram,Tamil Nadu
Syed Appalaswamy College,Krishna,Andhra Pradesh
Syed Degree College Village Nadwari,,Uttar Pradesh
Syed Hameedha Arts & Science College,Ramanathapuram,Tamil Nadu
Syed Nehal Ahsan Evening College,Patna,Bihar
Symbiosis College of Arts and Commerce,Pune,Maharashtra
Symbiosis Society's Law College,Pune,Maharashtra
Symboyzia Girls College,,Uttar Pradesh
Synergy Institute of Engineering & Technology,,Odisha
Synod College,,Meghalaya
T. John College,Bangalore,Karnataka
T. M. Government College,,Kerala
T. R. C. Law College,Bara Banki,Uttar Pradesh
T. Subbarami Reddy & Balarama Krishna Degree College,Visakhapatnam,Andhra Pradesh
T.B.D.S. Janta College,,Bihar
T.C. College of Arts Science and Commerce,Pune,Maharashtra
T.C. College of Teacher’s Education,,Manipur
T.H.B. College,Sonitpur,Assam
T.J.S Engineering College,,Tamil Nadu
T.K. Madhava Memorial College,,Kerala
T.K.M. College of Arts and Science,,Kerala
T.M. Jacob Memorial Government College,,Kerala
T.M.A.E. Society's College of Education,,Karnataka
T.M.A.E.'S College of Education,,Karnataka
T.M.C.'S Sideswar Arts College,,Karnataka
T.N.B. College,,Bihar
T.N.B. Law College,,Bihar
T.N.D. Mahavidyalaya,,Uttar Pradesh
T.P. College,,Bihar
T.P.D. Malawa College,,Punjab
T.P.S. College,Patna,Bihar
T.P.V. College,Purbi Champaran,Bihar
T.R. Girls College,,Haryana
T.R.C Mahavidyalaya,,Uttar Pradesh
T.R.R. Govt. Degree College,Prakasam,Andhra Pradesh
T.R.S. College of Education and Technology,Kaushambi,Uttar Pradesh
T.S. Bhama College,,Bihar
T.S. Paul Manipur Women's College,,Manipur
T.S.S.'s S.S.R.G. Women College,,Karnataka
T.T. Mahavidyalaya,,Odisha
Taawish College of Education,Jammu,Jammu and Kashmir
Tadipatri Engineering College Kadapa RoadTadipatri (M) Anantapur-515 411 Andhra Pradesh,,Andhra Pradesh
Tagore Arts College,,Puducherry
Tagore College of Education,Jammu,Jammu and Kashmir
Tagore Engineering College,Chennai,Tamil Nadu
Tagore Government College of Education,,Andaman and Nicobar Islands
Tagore Shiksha Mahavidyalaya,Indore,Madhya Pradesh
Tahira Khanam College of Education,Kashmir,Jammu and Kashmir
Tai Golwalkar Mahavidyalaya,Nagpur,Maharashtra
Tai Golwalkar Mahavidyalaya,Nagpur,Maharashtra
Takhatmal Srivallabh Homoeo Medical College,,Maharashtra
Taki Government College,,West Bengal
Takshashila Institute of Management,,Gujarat
Takshashila Mahavidyalaya,,Maharashtra
Takshshila Public Mahavidyalaya,,Uttar Pradesh
Talchar College,,Odisha
Tale Vibhag Shikshan Prasarak Mandal’s D.G. Tatkare Arts & Commerce College,,Maharashtra
Talekchand Mayachand Shah Mahila Arts College,,Gujarat
Talimuddin Niswan (Girls) Degree College,,Uttar Pradesh
Talla Padmavathi College of Engineering,Warangal,Telangana
Tamenglong College,,Manipur
Tamralipta Mahavidyalaya,,West Bengal
Tana Bhagat College,,Jharkhand
Tangala College,Darrang,Assam
Tapi Valley Education Society Women’s College of Education,,Maharashtra
Tara Chand Vedic Putri Degree College,,Uttar Pradesh
Tara Devi Harakh Chand Kankaria Jain College,Kolkata,West Bengal
Tara Govt. College,,Telangana
Tara Tarini College,Ganjam,Odisha
Tarakeshwar Degree College,,West Bengal
Tariq College of Education,Jammu,Jammu and Kashmir
Tarkeshwar Narain Agrawal Teacher’s Training College,Bhojpur,Bihar
Tata College,,Jharkhand
Tathagat Budha Mahila Mahavidyalaya,Etawah,Uttar Pradesh
Tatyasaheb Kore College of Pharmacy,Kolhapur,Maharashtra
Tatyasaheb Kore Institute of Engineering and Technology,Kolhapur,Maharashtra
Tau Devi Lal Government College for Women,,Haryana
Taufiq Memorial Degree College,,Uttar Pradesh
Taywade College,Nagpur,Maharashtra
Teacher Education to Institute of Advanced Studies in Education(IASE),,Tripura
Teacher Training College,Bhagalpur,Bihar
Teacher's Training College,,Jharkhand
Teacher's Training College,,Jharkhand
Teacher's Training College,Muzaffarpur,Bihar
Teachers' Training College,Cachar,Assam
Technical Education & Research Institute,Ghazipur,Uttar Pradesh
Technical Teacher's Training Institute,,Tamil Nadu
Techno Institute of Higher Studies,Lucknow,Uttar Pradesh
Technocrats Institute of Technology,Bhopal,Madhya Pradesh
Technocrats Institute of Technology (Excellence),,Madhya Pradesh
Technocrats Institute of Technology - MBA,Bhopal,Madhya Pradesh
Tecnia Institute of Advanced Studies,,Delhi
Teegala Krishna Reddy Engineering College,Hyderabad,Telangana
Teerthanker Mahaveer Institute of Management and Technology,,Uttar Pradesh
Tehatta Sadananda Mahavidyalaya,,West Bengal
Tejaa Shakthi Institute of Technology for Women,,Tamil Nadu
Telahi Tuwaram Nath College,Lakhimpur,Assam
Telangana Social Welfare Residential Armed Forces Preparatory Degree College for Women,,Telangana
Telangana Social Welfare Residential Degree & PG College of Commerce for Women,,Telangana
Telangana Social Welfare Residential Degree College for Women,,Telangana
Telangana Social Welfare Residential Degree College for Women,,Telangana
Telangana Social Welfare Residential Degree College for Women,,Telangana
Telangana Social Welfare Residential Degree College for Women,,Telangana
Telangana Social Welfare Residential Degree College for Women,Nizamabad,Telangana
Telangana Social Welfare Residential Degree College for Women,,Telangana
Telangana Social Welfare Residential Degree College for Women,,Telangana
Telangana Social Welfare Residential Degree College for Women,,Telangana
Telangana Social Welfare Residential Degree College for Women,,Telangana
Telangana Social Welfare Residential Degree College for Women,,Telangana
Telangana Social Welfare Residential Degree College for Women,Medak,Telangana
Telangana Social Welfare Residential Degree College for Women,Khammam,Telangana
Telangana Social Welfare Residential Degree College for Women,,Telangana
Telangana Social Welfare Residential Degree College for Women,Mahbubnagar,Telangana
Telangana Social Welfare Residential Degree College for Women,,Telangana
Telangana Social Welfare Residential Degree College for Women,,Telangana
Telangana Social Welfare Residential Degree College for Women,,Telangana
Telangana Social Welfare Residential Degree College for Women (Budvel),Malkangiri,Telangana
Telangana Social Welfare Residential Degree College for Women,,Telangana
Telangana Social Welfare Residential Degree College for Womens (Girls),,Telangana
Telangana Social Welfare Residential Degree College for Womens,,Telangana
Telangana Social Welfare Residential Degree College Women,,Telangana
Telangana Social Welfare Residential DegreeCollege for Women,,Telangana
Telangana Tribal Welfare Residential Degree College (Girls),,Telangana
Telangana Tribal Welfare Residential Degree College for Women,,Telangana
Telangana Tribal Welfare Residential Degree  College for Women,,Telangana
Telangana Tribal Welfare Residential Degree College,,Telangana
Telangana Tribal Welfare Residential Degree College (Boys),,Telangana
Telangana Tribal Welfare Residential Degree College (Boys),Adilabad,Telangana
Telangana Tribal Welfare Residential Degree College (Boys),,Telangana
Telangana Tribal Welfare Residential Degree College (Girls),,Telangana
Telangana Tribal Welfare Residential Degree College (Girls),,Telangana
Telangana Tribal Welfare Residential Degree College (Girls),,Telangana
Telangana Tribal Welfare Residential Degree College (Girls),,Telangana
Telangana Tribal Welfare Residential Degree College (Girls)  Asifabad  Dist. Kumrambheem-504 293,,Telangana
Telangana Tribal Welfare Residential Degree College (Girls),,Telangana
Telangana Tribal Welfare Residential Degree College for Boys,Karimnagar,Telangana
Telangana Tribal Welfare Residential Degree College for Men,,Tamil Nadu
Telangana Tribal Welfare Residential Degree College for Men,,Telangana
Telangana Tribal Welfare Residential Degree College for Women,,Telangana
Telangana Tribal Welfare Residential Degree College for Women,,Telangana
Telangana Tribal Welfare Residential Degree College for Women,Nalgonda,Telangana
Telangana Tribal Welfare Residential Degree College for Women.,Medak,Telangana
Telangana Tribal Welfare Residential Degree College of Life Sciences for Women,Nizamabad,Telangana
Telangana Tribal Welfare Residential Degree College of Life Sciences for Womens,Nizamabad,Telangana
Tellakula Jalayya Polisetty Somasundaram College,Guntur,Andhra Pradesh
Tengakhat College,Dibrugarh,Assam
Tentulia Sasan Debasthan College,,Odisha
Tenughat Mahavidyalaya,,Jharkhand
Teresian College,Mysore,Karnataka
TERF’s Academy College of Arts and Science,Tiruppur,Tamil Nadu
Terna Mahavidyalaya (Arts Science & Commerce),,Maharashtra
TET’s Thakur College of Science & Commerce,,Maharashtra
Tetso College,,Nagaland
Texcity Arts & Science College,,Tamil Nadu
Tezpur College,Sonitpur,Assam
Th. Amar Singh Mahavidyalaya,,Uttar Pradesh
Th. Biri Singh Mahavidyalaya,,Uttar Pradesh
Th. Jay Narayan Singh Memorial Degree College,Fatehpur,Uttar Pradesh
Th. Shiv Pratap Singh Mahavidyalaya,Fatehpur,Uttar Pradesh
Th. Tej Singh Mahavidyalaya,Agra,Uttar Pradesh
Thadomal Shahani Engineering College,Mumbai,Maharashtra
Thakur Aidal Singh Smriti Kanya Mahavidyalaya,,Uttar Pradesh
Thakur Anant Singh College of Education,Jammu,Jammu and Kashmir
Thakur Biri Singh Mahavidyalaya,,Uttar Pradesh
Thakur Dharam Singh (TDS) College of Education,Jammu,Jammu and Kashmir
Thakur Educational Trust’s Thakur Institute of Management Studies,,Maharashtra
Thakur Har Narayan Singh Degree College,,Uttar Pradesh
Thakur Jagdev Chand Memorial Govt. Degree College,Hamirpur,Himachal Pradesh
Thakur Kripal Singh Memorial Degree College,,Uttar Pradesh
Thakur Nigamananda Mahavidyalaya,,Odisha
Thakur Panchanan Mahila Mahavidyalaya,,West Bengal
Thakur Rajesh Singh Mahavidyalaya,Etawah,Uttar Pradesh
Thakur Satya Narayan Chandra Pratap Singh Mahavidyalaya,Sultanpur,Uttar Pradesh
Thakur School of Architecture & Planning,Mumbai,Maharashtra
Thakur Sen Negi Govt. College,,Himachal Pradesh
Thakur Yugraj Singh Mahavidyalaya,,Uttar Pradesh
Thakurdeen Pathak Mahila Mahavidyalay,Ambedkar Nagar,Uttar Pradesh
Thakurdin Pathak Smriti Mahavidyalaya,,Uttar Pradesh
Thambal Marik College,,Manipur
Thamirabharani Engineering College,Tirunelveli,Tamil Nadu
Thangal Kunju Musaliar College of Engineering,,Kerala
Thangavelu Engineering College,Chennai,Tamil Nadu
Thanjavur Medical College,,Tamil Nadu
Thanthai Hans Roever College,,Tamil Nadu
Thanthai Periyar Government Institute of Technology,Vellore,Tamil Nadu
Thassim Beevi Abdul Kader College For Women,Ramanathapuram,Tamil Nadu
Thavathiru Santhalinga Adigalar Arts Science and Tamil College,,Tamil Nadu
The Adoni Arts & Science College,Kurnool,Andhra Pradesh
The American College,,Tamil Nadu
The Bharat Education Society’s Sant Gadge Maharaj College of Commerce & Economics,,Maharashtra
The Bhusawal People's Charitable Sanstha's Dadasaheb Devidas Namdeo Bhole College,,Maharashtra
The Bombay Salesian Society’s Don Bosco Institute of Technology,Mumbai,Maharashtra
The City College,,Madhya Pradesh
The Cochin College,,Kerala
The College of Law and Legal Ed.,Shahdol,Madhya Pradesh
The Dale View College of Pharmacy and Research Centre,,Kerala
The Dhansura People's Co-Operative Bank Ltd. Arts & Commerce College,,Gujarat
The Erode College of Pharmacy,,Tamil Nadu
The Ethiraj College for Women,,Tamil Nadu
The Gokhale Education Society's College of Educational Training and Research,,Maharashtra
The Graduate School College for woman,,Jharkhand
The Great Ramswaroop Prakash Kumari Memorial Degree College,Pilibhit,Uttar Pradesh
The Guru Nanak Vidyak Society's College of Arts Science & Commerce,,Maharashtra
The H.N.S. Bank Ltd. Science College,,Gujarat
The Ideal Fine Arts Society College of Visual Art,,Karnataka
The Ideal Teachers’ Training Academy,,Manipur
The Indian College of Arts and Draftmanship,,West Bengal
The Institute of Education Onkarmal Somani College of Education,Mysore,Karnataka
The Institute of Science,Mumbai,Maharashtra
The Jagadguru Renukacharya College of Law,,Karnataka
The Jijamata Mahavidyalaya,,Maharashtra
The K.N.S.B.C. Arts and Commerce College,,Gujarat
The K.P.E. Arts and Commerce College,,Karnataka
The K.P.E. Society's Law College,,Karnataka
The Kavery Engineering College,Salem,Tamil Nadu
The Kavery Engineering College,Salem,Tamil Nadu
The Kelkar Education Trusts Vinayak Ganesh Vaze College of Arts Science and Commerce,,Maharashtra
The Kerala Law Academy Law College,,Kerala
The Lallubhai Motilal College of Pharmacy,,Gujarat
The M.T.B. Arts College,,Gujarat
The Matrix Educational Foundation’s Matrix School of Management Studies,Pune,Maharashtra
The National College,,Karnataka
The National Institute of Engineering,Mysore,Karnataka
The New College,,Maharashtra
The New College,,Tamil Nadu
The New Progressive College of Teacher’s Education,Chennai,Gujarat
The Oxford College of Business Management,Bangalore,Karnataka
The Oxford College of Engineering,,Karnataka
The Oxford College of Hotel Management,,Karnataka
The Oxford College of Nursing,,Karnataka
The Oxford College of Pharmacy,,Karnataka
The Oxford College of Physiotherapy,,Karnataka
The Oxford College of Science,Bangalore,Karnataka
The Oxford Dental College,,Karnataka
The Patidar Gin Science College,,Gujarat
The Poona Dioccsan Education Society's Vidya Bhavan College of Commerce,Pune,Maharashtra
The Quaid-E-Milleth College for Men,,Tamil Nadu
The R.H. E. Society's College of Arts Science & Commerce,,Maharashtra
The Richmond Fellowship Post Graduate College for Psychosocial Rehabilitation,,Karnataka
The Rural College,,Karnataka
The Sarvoday Nagrik Sahkari Bank Ltd.  Mahila Arts College,,Gujarat
The Sethupathy Government Arts College,Ramanathapuram,Tamil Nadu
The Shirpur Education Society's R.C. Patel College of Education,,Maharashtra
The Shirpur Education Society’s H.R. Patel Institute of Pharmaceutical Education & Research,Dhule,Maharashtra
The Shirpur Education Society’s R.C. Patel Institute of Pharmaceutical Education & Research,,Maharashtra
The Shirpur Education Society’s R.C. Patel Institute of Technology,,Maharashtra
The South Indian Association’s The S.I.A. College of Higher Education,,Maharashtra
The Standard Fire Works Rajaratnam College for Women,,Tamil Nadu
The Tehnological Institute of Textile & Sciences,,Haryana
The Tolani Education Society's College of Commerce,,Maharashtra
The Ugar-Sugar Khurad Works Dr. Shiragaonkar Education Trust's Arts and Commerce College,Belgaum,Karnataka
The Vijaya Teachers' College,,Karnataka
Theivanai Ammal College for Women,Viluppuram,Tamil Nadu
Theosophycal Women First Grade College,,Karnataka
Thiagaraja College of Engineering,Madurai,Tamil Nadu
Thiagarajar College,,Tamil Nadu
Thiagarajar College for Preceptors,,Tamil Nadu
Thiagarajar School of Management,Madurai,Tamil Nadu
Thiru A. Govindaswamy Government Arts College,,Tamil Nadu
Thiru Kolangiappar Government Arts College,,Tamil Nadu
Thiru Vi Kalloori Government Arts College,,Tamil Nadu
Thirumala Devaswom Board Medical College,,Kerala
Thiruthangal Nadar College,,Tamil Nadu
Thiruvalluvar Arts and Science College,,Tamil Nadu
Thiruvalluvar College,,Tamil Nadu
Thiruvalluvar College of Engineering and Technology,,Tamil Nadu
Thiruvalluvar Government Arts College,,Tamil Nadu
Thiyagi Dharmakkan Amirtham College of Arts and Science,Ramanathapuram,Tamil Nadu
Thokchom Ibotombi Institute of Teacher Education and Training (TIITET),Bishnupur,Manipur
Thomas Jones Synod College,,Meghalaya
Thong Nokbe College,Karbi Anglong,Assam
Thoubal College,,Manipur
Tihidi Degree College,,Odisha
Tihu College,Nalbari,Assam
Tika Ram College of Education,,Haryana
Tikaram Jagannath Arts Commerce & Science College,Pune,Maharashtra
Tikaram Yadav Smriti Mahavidyalaya,,Uttar Pradesh
Tikrikilla College,,Meghalaya
Tilak Ayurved Mahavidyalaya,Pune,Maharashtra
Tilak College of Education,Pune,Maharashtra
Tilak Degree College,,Uttar Pradesh
Tilak Dhari Mahila Mahavidyalaya,,Uttar Pradesh
Tilak Dhari PG College,,Uttar Pradesh
Tilak Education Society J.K.  College of Science & Commerce,Mumbai,Maharashtra
Tilak Education Society S.K College of Science & Commerce,,Maharashtra
Tilak Ram Saini Girls Degree College,Saharanpur,Uttar Pradesh
Tilkayat Shree Govindlal Government Sanskrit College,,Rajasthan
Tilkayat Shree Govindlal Government Shastri Sanskrit College,,Rajasthan
Tingkhong College,Dibrugarh,Assam
Tinsukia College,Tinsukia,Assam
Tinsukia Commerce College,Dibrugarh,Assam
Tinsukia Law College,Tinsukia,Assam
Tirot Sing Memorial College,,Meghalaya
Tirpude College of Social Work,,Maharashtra
Tirpude Institute of Management Education,,Maharashtra
Tirukkoilur College of Arts and Science,,Tamil Nadu
Tirumala Engineering College,Guntur,Andhra Pradesh
Tirunelveli Medical College,,Tamil Nadu
Tirunelvelli Dakshina Mara Nadar Sangam College,,Tamil Nadu
Tiruppur Kumaran College for Women,,Tamil Nadu
Titus-2 Teacher's Training College,,Kerala
TKR College of Engineering and Technology,Hyderabad,Telangana
TMAE Society's College of Education,,Karnataka
Toc H Institute of Science & Technology,Ernakulam,Kerala
Tolani College of Arts and Science,,Gujarat
Tolani Commerce College,,Gujarat
Tontadarya College of Engineering,,Karnataka
Topiwala National Medical College,,Maharashtra
Toshniwal Arts Commerce & Science College,,Maharashtra
Tranquebar Biship Maniokam Lutheeran College,,Tamil Nadu
Tribal Education Society’s Arts Commerce & Science Mahila Mahavidyalaya,Jalgaon,Maharashtra
Tribhuvan Singh Harihar Singh Degree College,,Uttar Pradesh
Trident Academy of Technology,,Odisha
Trident college of Education,,Uttar Pradesh
Trident Teacher’s Training College,Muzaffarpur,Uttar Pradesh
Trikamjibhai Chatvani Arts & J.V. Gokal Trust Commerce College,,Gujarat
Trilok Chand Degree College,Bareilly,Uttar Pradesh
Trilok Nath Degree College,,Uttar Pradesh
Trimurti Shikshan Sanstha’s Smt. Vimalbai Uttamrao Patil Arts & Late Dr. Bhaskar Sadashiv Desale Science College,,Bihar
Trimuti Shikshan Sanstha's Smt Vimalbai Uttamrao Patil Arts of Late Dr. Bhaskar Sadashiv Desale Science College,,Maharashtra
Trinity College,Jalandhar,Punjab
Trinity College for Women,Namakkal,Tamil Nadu
Trinity College of Engineering and Technology,,Telangana
Trinity Institute of Professional Studies,,Delhi
Trinity Teacher Training College,,Manipur
Tripura Engineering College,,Tripura
Tripura Government Law College,,Tripura
Tripura Institute of Technology,,Tripura
Tripuraneni Siva Prasad Rao & Edupuganti Radha Krishna Rao Govt. Degree College,Krishna,Andhra Pradesh
Trivedi Girls Degree College,,Uttar Pradesh
Triveni Debi Bhalotia College,,West Bengal
Triveni Devi Ganga Shri Mahila Mahavidyalaya,,Uttar Pradesh
TRR Engineering College,,Telangana
Trupti Women's College,,Odisha
Trust Fund College,,Odisha
TSPS Mandal's Ltd. Sindgi C.M. Managuli Arts College,,Karnataka
TTL College of Business Management,Mysore,Karnataka
Tufanganj College,,West Bengal
Tukaram Baburao Kadam College of Arts Science & Commerce,,Maharashtra
Tukaram Krishnaji Kolekar Arts and Commerce College,,Maharashtra
Tula's Institute,Dehradun,Uttarakhand
Tula’s Institute,Dehradun,Uttarakhand
Tula’s InstituteDhoolkot,,Uttarakhand
Tulasi Women's College,,Odisha
Tuli College of Hotel Management,,Maharashtra
Tuli College,Mokokchung,Nagaland
Tuljabhavani Mahavidyalaya,,Maharashtra
Tulsiram Mahavidyalaya,Auraiya,Uttar Pradesh
Tulsiramji Gaikwad Patil College of Engineering and Technology,Nagpur,Maharashtra
Tunga Mahavidyalaya,,Karnataka
Tungnath Maurya Smarak Mahavidyalaya,Gonda,Uttar Pradesh
Tura Government College,,Meghalaya
Turku Hansda Lapsa Hemram Mahavidyalaya,,West Bengal
Tusra Degree College,,Odisha
U.G. Smuruti Mahavidyalaya,,Odisha
U.N. Mehta Arts College,,Gujarat
U.N.S. College,,Odisha
U.P. College,,Bihar
U.R. College,,Bihar
U.S.M.R. First Grade College,,Karnataka
U.V.K. College,,Bihar
Udai Pratap College,,Uttar Pradesh
Udai Pratap Singh Mahavidyalaya,Fatehpur,Uttar Pradesh
Udairaj Singh Rampyari Mahavidyalaya,Azamgarh,Uttar Pradesh
Udala College,,Odisha
Udalguri College,Darrang,Assam
Uday Mahavidyalaya,Faizabad,Uttar Pradesh
Uday Memorial B.Ed. College,Ranchi,Jharkhand
Uday Veer Singh Kanya Mahavidyalaya,,Uttar Pradesh
Udaya School of Engineering,Kanyakumari,Tamil Nadu
Udayanath College of Science & Technology,,Odisha
Udaynarayanpur Madhabilata Mahavidyalaya,,West Bengal
Udhna Citizen Commerce College & S.P.B. College of Business Administration & Smt. Diwaliben Harjibhai Gondalia College of BCA & IT.,Surat,Gujarat
Udit Narain Post Graduate Degree College,,Uttar Pradesh
Udit Narain Rishav Mahavidyalaya,,Uttar Pradesh
Ujani Majuli Kherkatia College,Jorhat,Assam
Ujjain Engineering College,,Madhya Pradesh
Ujjawal Singh Mahavidyalaya,Fatehpur,Uttar Pradesh
Ujwal Gramin Mahavidyalaya,,Maharashtra
UKF College of Engineering & Technology,Kollam,Kerala
Ultra Modern Girls Degree College,Azamgarh,Uttar Pradesh
Uluberia College,,West Bengal
Uma Arts & Nathiba Commerce Mahila College,,Gujarat
Uma Devi Kanya Mahavidyalaya,Pilibhit,Uttar Pradesh
Uma Mahavidyalaya,,Maharashtra
Uma Shikshanshastra Mahavidyalaya (B.Ed.),Solapur,Maharashtra
Uma Vindyavasni Sanskar Mahavidyalaya,Surajpur,Chhattisgarh
Umakant Radhakant Sanskrit Mahavidyalaya,,Bihar
Umamahewaranar Karanthai Arts College,,Tamil Nadu
Umanath Singh Vidhi Mahavidyalaya,Jaunpur,Uttar Pradesh
Umang Geetai College of Women’s Education,Nagpur,Maharashtra
Umashanker Shashtri Mahavidyalaya,,Uttar Pradesh
Umeda Devi Mahavidyalaya,Mirzapur,Uttar Pradesh
Umeschandra College,,West Bengal
Umshyrpi College,,Mizoram
Umshyrpi College,,Meghalaya
Uni Trust Surajba Mahila Arts College,,Gujarat
Union Christian College,,Kerala
Union Christian College,,Meghalaya
Union Christian College,,Karnataka
Union christian Training College,,West Bengal
Unique College of Education,Kashmir,Jammu and Kashmir
Unique Institute of Managemetn and Technology,,Uttar Pradesh
United College,,Manipur
United Institute of Technology,Coimbatore,Tamil Nadu
United Mission Degree College,Bangalore,Karnataka
United Tribal Degree College,Lakhimpur,Assam
Unity College,,Nagaland
Unity College of Teacher Education,,Nagaland
Unity Degree College,,Uttar Pradesh
Universal College of Computer Application,Bangalore,Karnataka
Universal College of Engineering & Technology,Guntur,Andhra Pradesh
Universal P.G. College,,Rajasthan
Universal School of Administration Gururayanapura,,Karnataka
Universal T.T. College,Dausa,Rajasthan
University Arts and Science College,,Telangana
University B.T. & Evening College,,West Bengal
University College,Barnala,Punjab
University College,,Punjab
University College,,Kerala
University College,,Punjab
University College,,Punjab
University College,,Punjab
University College,,Punjab
University College,,Punjab
University College,,Punjab
University College,,Haryana
University College,,Karnataka
University College,,Punjab
University College of Arts,,Karnataka
University College of Education,,Haryana
University College of Education,,Karnataka
University College of Engineering,,Odisha
University College of Engineering,,Telangana
University College of Engineering,Tiruchirappalli,Tamil Nadu
University College of Fine Arts,Davanagere,Karnataka
University College of Fine Arts/Music,,Karnataka
University College of Law,,Telangana
University College of Medical Sciences,,Delhi
University College of Science,,Telangana
University College of Science,,Karnataka
University College of Technology,,Telangana
University Commerce College,,Rajasthan
University Evening College,Mysore,Karnataka
University Evening College,,Karnataka
University Evening Law College,,Rajasthan
University Institute of Engineering & Technology (UIET),,Haryana
University Law College,,Odisha
University Maharaja's College,,Rajasthan
University Maharani's College,,Rajasthan
University Post Graduate College,,Telangana
University Post Graduate College,,Telangana
University Post Graduate College (O.U.),,Telangana
University Post-Graduate College,,Telangana
University Post-Graduate College,,Telangana
University Rajasthan College,,Rajasthan
University Studies In Law,,Rajasthan
Unnamalai Institute of Technology,Thoothukudi,Tamil Nadu
Upadhi Mahavidyalaya,,Uttar Pradesh
Upendra Nath Brahma College,Chirang,Assam
Upendra Pai Memorial College,,Karnataka
Upendranath College,,Odisha
Upendranath College,,Odisha
Urdu Arts (Evening) College,,Telangana
Urmila Devi Degree College,,Uttar Pradesh
Urmila Gramin Shikshan Sansthan Mahavidyalaya,Faizabad,Uttar Pradesh
Urmila Gramin Shikshan Sansthan Mahavidyalaya,,Uttar Pradesh
Urmila Mahavidyalaya,,Uttar Pradesh
Urmila Mahila Mahavidyalaya,,Uttar Pradesh
Ursuline Women Teachers' Training College,,Jharkhand
Urumu Dhanalakshmi College,,Tamil Nadu
Usha Educational Institute,,Uttar Pradesh
Usha Latchumanan College of Education,,Puducherry
Usha Rama College of Engineering & Technology,Krishna,Andhra Pradesh
Usmani Degree College,,Uttar Pradesh
Utikan Kerada Mahabir College,,Odisha
Utkal Sangeet Mahavidyalaya,,Odisha
Utkalmani Gopabandhu Mahavidyalaya,,Odisha
Utkalmani Homoeopathy College,,Odisha
Utkarsh School of Management and Technology,Bareilly,Uttar Pradesh
Uttam Institute of Technology & Management,,Uttar Pradesh
Uttam Memorial College,Raigarh,Chhattisgarh
Uttar Barpeta College,Barpeta,Assam
Uttar Kampith Mahavidyalaya (SR.),Nalbari,Assam
Uttar Pradesh Vastra Prodhogiki Sansthan,,Uttar Pradesh
Uttaranchal (P.G.) College of Bio-Medical Sciences & Hospital,Dehradun,Uttarakhand
Uttari Karnpura Shramik Mahavidyalaya,Ranchi,Jharkhand
V.B. Women College,Kashmir,Jammu and Kashmir
V.B.S. Mahila Mahavidyalaya,Mau,Uttar Pradesh
V.E.T. First Grade College,Bangalore,Karnataka
V.K. Jain College of Education,,Uttar Pradesh
V.K. Krishna Menon College of Commerce and Economics and Sharad Shankar Dighe College of Science,,Maharashtra
V.K.V. Govt. Degree College,East Godavari,Andhra Pradesh
V.L.B. Janaki Ammal Collee of Arts & Science,,Tamil Nadu
V.M. Salgaocar College of Law,,Goa
V.M.V Commerce J.M.T. Arts & J.J.P. Science College,Nagpur,Maharashtra
V.N.B.P. Degree College,Gorakhpur,Uttar Pradesh
V.N.S.B. Ltd. Arts and Commerce College,,Gujarat
V.O. Chidambaram College,,Tamil Nadu
V.O.C. College of Education,Thoothukkudi,Tamil Nadu
V.P. Mandal's Shri S.R.N. Arts & Sh. MBS Commerce College,,Karnataka
V.P. Muthaiah Pillai Meenkashi Ammal Arts and Science College for Women,,Tamil Nadu
V.P.S.C.S.B. Arts Schamrp Science and Samiti's Commerce College,,Karnataka
V.P.S.P.M.S. Arts Commerce and Science College,,Maharashtra
V.R. Arts & Commerce College,,Madhya Pradesh
V.R. College,Sri Potti Sriramulu Nellore,Andhra Pradesh
V.R. College of Engineering,,Maharashtra
V.R. Sidhartha Engineering College,Krishna,Andhra Pradesh
V.R.A. lodhi Govt. Arts and Commerce,,Chhattisgarh
V.R.S. & Y.R.N. College,Prakasam,Andhra Pradesh
V.R.S. College of Engineering and Technology,Viluppuram,Tamil Nadu
V.R.S. Degree College,Y.S.R.,Andhra Pradesh
V.S. Lakshmi Women’s Degree College & P.G. College,Kakinada,Andhra Pradesh
V.S. Patel College of Arts & Science,,Gujarat
V.S. Sivalingam Chettiar Government Arts College,Sivagangai,Tamil Nadu
V.S.A.V. Degree College,,Uttar Pradesh
V.S.B. Engineering College,Karur,Tamil Nadu
V.S.J. College,,Bihar
V.S.K. Degree College,West Godavari,Andhra Pradesh
V.S.M. College,East Godavari,Andhra Pradesh
V.S.P.M.’s College of Physiotherapy,Nagpur,Maharashtra
V.S.R. & N.V.R. College,Guntur,Andhra Pradesh
V.S.R. Govt. Degree College,Krishna,Andhra Pradesh
V.S.S. College,Jalna,Maharashtra
V.S.S. Medical College,,Odisha
V.T. Choksi Sarvajnik College of Education,,Gujarat
V.T. Choksi Sarvajnik Law College,,Gujarat
V.T.J.M. & I.V.T.R. Degree College,Guntur,Andhra Pradesh
V.V. & M. Degree College,Prakasam,Andhra Pradesh
V.V. College,,Uttar Pradesh
V.V. Giri Government Kalasala,West Godavari,Andhra Pradesh
V.V. Mandal's arts Science and Commerce College,,Maharashtra
V.V. Vanniaperumal College For Women,,Tamil Nadu
V.V.K. Degree College,,Uttar Pradesh
V.V.N. Degree College,Bangalore,Karnataka
V.V.P. Engineering College,Rajkot,Gujarat
V.V.P. Institute of Engineering & Technology,Solapur,Maharashtra
V.V.S.'S S.V.M.  Arts Science & Commerce College,,Karnataka
V.W. Sabha's Arts Science and Commerce College,,Maharashtra
Vaagdevi College of Engineering,,Telangana
Vaagdevi College of Pharmacy,,Telangana
Vaagdevi Degree & PG College,,Telangana
Vaagdevi Engineering College,Warangal,Telangana
Vaagdevi Institute of Technology & Science,,Andhra Pradesh
Vaagdevi Pharmacy College,,Telangana
Vaageswari College of Engineering,,Telangana
Vagdevi Degree College,,Andhra Pradesh
Vagishwari Rambari Mahila Degree College,,Uttar Pradesh
Vai. Dhunda Maharaj Deglukar College,,Maharashtra
Vaidic Mahavidyalaya,,Uttar Pradesh
Vaidya Shri M.M. Patel College of Education,,Gujarat
Vaikunta Baliga Law College,,Karnataka
Vaish Arya Kanya Mahavidyalaya,,Haryana
Vaish Arya Shikshan Mahila Mahavidyalaya,Jhajjar,Haryana
Vaish College,,Haryana
Vaish College,,Haryana
Vaish College of Education,,Haryana
Vaish Girls College,,Haryana
Vaish Mahila Mahavidyalaya,,Haryana
Vaishali Mahila College,Vaishali,Bihar
Vaishanavi Degree College,Allahabad,Uttar Pradesh
Vaishno Devi Prashikshan Mahavidyalaya,,Uttar Pradesh
Valia Chhaganlal Laljibhai College of Commerce & Valia Lilavantiben Chhaganlal College of Arts,,Maharashtra
Vallabh Govt. College,,Himachal Pradesh
Vallabhbhai Patel Chest Institute,,Delhi
Vallurupalli Nageshwara Rao Vignana Jyothi Institute of Engineering & Technology,Hyderabad,Telangana
Valluvar College of Science & Management,Karur,Tamil Nadu
Vananchal College,,Jharkhand
Vanashree Arts College,,Maharashtra
Vanasthali Degree College,,Uttar Pradesh
Vanavarayar Institute of Agriculture,,Tamil Nadu
Vani Sakkare Government First Grade College,,Karnataka
Vanijya Mahavidyalaya,Patna,Bihar
Vanita Vishram Women’s College of Commerce,Surat,Gujarat
Vankisannarudrappa Law College,,Karnataka
Vanvasi Mahila Mahavidyalaya,,Uttar Pradesh
Vardhaman College,,Uttar Pradesh
Vardhaman College of Engineering,,Telangana
Vardhman Mahavir College,Nalanda,Bihar
Vardhman Mahavir Medical College & Safdarjung Hospital,New Delhi,Delhi
Vasant College of Education,,Maharashtra
Vasant Kanya Mahavidyalay,Varanasi,Uttar Pradesh
Vasant Mahavidyalaya,,Maharashtra
Vasanta College for Women,Varanasi,Uttar Pradesh
Vasantdada Patil Pratishthan’s College of Engineering and Visual Arts,,Maharashtra
Vasantrao Kale Mahavidyalaya,,Maharashtra
Vasantrao Naik Arts Science & Commerce College,,Maharashtra
Vasantrao Naik Govt. Institute of Arts & Social Science,,Maharashtra
Vasantrao Naik Mahavidyalaya,,Maharashtra
Vasantraodada Patil Institute of Management Studies and Research,Sangli,Maharashtra
Vasavi College of Education,,Puducherry
Vasavi College of Engineering,,Telangana
Vasavi Mahila Kalasala,Kurnool,Andhra Pradesh
Vasireddy Venkatadri Institute of Technology,Guntur,Andhra Pradesh
Vasundhara College of Arts & Science,,Maharashtra
Vasundhara Kala Mahavidyalaya,,Maharashtra
Vasundhara Mahila P.G. Mahavidyalaya,,Rajasthan
Vector Control Research Centre,,Puducherry
Vedang Institute of Technology,Khordha,Odisha
Vedant Institute of Education & Technology,,Bihar
Vedanta P.G. Girl’s College,,Rajasthan
Vedavathi Government First Grade College,Chitradurga,Karnataka
Vedavyasa College of Architecture,Malappuram,Kerala
Vedic Kanya P.G.Mahavidyalaya,,Rajasthan
Vedik Balika P.G. Mahavidyalaya,,Rajasthan
Vedyas Mahavidyalaya,,Odisha
Veena Memorial P.G. College,,Rajasthan
Veena Sudhakar Ojha Mahavidyalaya,,Uttar Pradesh
Veena Vadini Teacher’s Training Institute,,Madhya Pradesh
Veer Abdul Hameed Smarak Mahavidyalaya,,Uttar Pradesh
Veer Bahadur Singh Memorial Mahavidyalaya,,Uttar Pradesh
Veer Bala Kali Bai Government Girls College,,Rajasthan
Veer Balidani Nayak Government PG College Sendhwa,Barwani,Madhya Pradesh
Veer Kunwar Degree College,Bijnor,Uttar Pradesh
Veer Kunwar Singh Mahila College,,Bihar
Veer Savarkau Govt. College,,Madhya Pradesh
Veer Shaheed Kesari Chand Rajkiya Mahavidyalaya,Dehradun,Uttarakhand
Veer Wajekar Arts Science Comm. College,,Maharashtra
Veerangana Avanti Bai Mahila Mahavidyalaya,,Uttar Pradesh
Veerangana Avantibai Mahavidyalaya,Shahjahanpur,Uttar Pradesh
Veerangana Maharani Laxmi Bai Government Girls Degree College,,Uttar Pradesh
Veerangana Rani Awanti Bai Lodhi Rajkiya  Mahila Mahavidyalaya,,Uttar Pradesh
Veerangna Jhalkari Bai Government Girls College,,Madhya Pradesh
Veerbhumi Govt. P.G. College,,Uttar Pradesh
Veerkhand Mahavidhyalaya,Aligarh,Uttar Pradesh
Veermata Jijabai Technical Institute,,Maharashtra
Veetrag Swami Kalyan Dev Degree College,,Uttar Pradesh
Vel Tech High Tech Dr. Rangarajan Dr. Sakunthala Engineering College,,Tamil Nadu
Vel Tech Multi Tech Dr. Rangarajan Dr. Sakunthala Engineering College,,Tamil Nadu
Vel's College of Science,,Tamil Nadu
Velaballary Channabasaveshwar Education Society’s Arts and Commerce college,,Karnataka
Velalar College of Engineering and Technology,,Tamil Nadu
Velammal College of Engineering and Technology,Madurai,Tamil Nadu
Velammal Engineering College,Chennai,Tamil Nadu
Vellalar College for Women,,Tamil Nadu
Vellu Thampi Memorial N.S.S. College,,Kerala
Velumanoharan Arts and Science,Ramanathapuram,Tamil Nadu
Vemalpalli Kodanda Ramayya College,Buddevaram,Andhra Pradesh
Vemana Institute of Technology,,Karnataka
Vemu Institute of Technology,Chittoor,Andhra Pradesh
Venkatesh Mahajan Senior College,,Maharashtra
Venkateshwara Institute of Computer Science and Technology,,Uttar Pradesh
Venutai Chavan College,Satara,Maharashtra
Verma Shyam Dulari Mahavidyalaya,Azamgarh,Uttar Pradesh
Verrasaiva College,,Karnataka
Vesaka Patel College,,Odisha
Vet Institute of Arts and Science (Co-Education) College,Erode,Tamil Nadu
Vethathiri Maharishi College of Yoga,,Tamil Nadu
Vickram College of Engineering,Sivaganga,Tamil Nadu
Victor Public College,,Uttar Pradesh
Victoria College of Education,Indore,Madhya Pradesh
Victoria College of Education,Bhopal,Madhya Pradesh
Victoria Institute,,West Bengal
Vidarbha Arts & Commerce College,,Maharashtra
Vidarbha Ayurved Mahavidyalaya,,Maharashtra
Vidarbha Institute of Technology,,Maharashtra
Vidhya Deep Degree College,Saharanpur,Uttar Pradesh
Vidhyaa Giri College of Arts and Science,Sivaganga,Tamil Nadu
Vidhyashree Parth Mahavidylaya,Bareilly,Uttar Pradesh
Vidhyasthali Institute of Technology Science and Management.,Jaipur,Rajasthan
Vidnyan Mahavidyalaya,Solapur,Maharashtra
Vidnyan Mahavidyalaya,,Maharashtra
Viduttma Kanya Mahavidyalaya,,Uttar Pradesh
Vidya Bharati College,Kamrup,Assam
Vidya Bharati Mahavidyalaya,,Maharashtra
Vidya bhawan G.S. Teachers' Training College,,Rajasthan
Vidya Bhawan Mahila Mahavidyalaya,,Bihar
Vidya Bhawan Rural Institute,,Rajasthan
Vidya College of Engineering,,Uttar Pradesh
Vidya Devi Kanya Mahavidyalaya,Saharanpur,Uttar Pradesh
Vidya Devi Mahavidyalaya,Shahjahanpur,Uttar Pradesh
Vidya First Grade College,,Karnataka
Vidya Institute of Creative Teaching,,Uttar Pradesh
Vidya Institute of Fashion Technology,,Uttar Pradesh
Vidya Jyothi Degree & P.G. College,,Telangana
Vidya Jyothi Institute of Technology,,Telangana
Vidya Mandir Degree College,,Uttar Pradesh
Vidya Prabodhini College of Commerce Education,,Goa
Vidya Prasarak Mandal's K.G. Joshi Arts & N.G. Bedekar College of Commerce,,Maharashtra
Vidya Prasarak Mandal’s Dr. V.N. Bedekar Institute of Management Studies,Thane,Maharashtra
Vidya Prasarak Mandal’s Kinhavali Arts Commerce & Science College,Thane,Maharashtra
Vidya Prasark Mandal's Thane Municipal Council Law College,,Maharashtra
Vidya Pratishthan (Maharashtra)’s College of Education,,Maharashtra
Vidya Pratishthan's Arts Science & Commerce College,Pune,Maharashtra
Vidya Pratishthan’s Institute of Information Technology,Pune,Maharashtra
Vidya Pratishthan’s Kamalnayan Bajaj Institute of Engineering & Technology,Pune,Maharashtra
Vidya School of Business,,Uttar Pradesh
Vidya Vardhak Sangh’s Arts and Commerce College,,Karnataka
Vidya Vardhaka Sangha First Grade College,,Karnataka
Vidya Vikas Art’s Commerce & Science College,,Maharashtra
Vidya Vikas Education Society’s Vikas Night College of Arts Science and Commerce,,Maharashtra
Vidya Vikas Mandal's Shree Damodar College of Commerce and Economics,,Goa
Vidya Vikas Mandal’s Arts and Commerce College,,Maharashtra
Vidyaa Vikas College of Engineering and Technology,Namakkal,Tamil Nadu
Vidyaa Vikas College of Engineering and Technology,Namakkal,Tamil Nadu
Vidyabharati   Foundation’s IBMR BBA BCA B.Com. P.G. Studies in Commerce and Management College,,Karnataka
Vidyabharti College,Wardha,Maharashtra
Vidyabharti Trust College of Business Computer-Science & Research,,Gujarat
Vidyabharti Trust College of Master in Computer Application,Surat,Gujarat
Vidyalankar Institute of Technology,Mumbai,Maharashtra
Vidyalankar School of Information Technology,Mumbai,Maharashtra
Vidyanagar College,,West Bengal
Vidyaniketan Mahavidyalaya,,Maharashtra
Vidyant Hindu Degree College,,Uttar Pradesh
Vidyarthi P.G. College,,Uttar Pradesh
Vidyasagar College,,West Bengal
Vidyasagar College for Women,,West Bengal
Vidyasagar College of Arts & Science,,Tamil Nadu
Vidyasagar Kala Mahavidyalaya,,Maharashtra
Vidyasagar Mahavidyalaya,,West Bengal
Vidyasagar Metropolitan College,,West Bengal
Vidyasagar School of Social Work,,West Bengal
Vidyasagar Teachers' Training College,,West Bengal
Vidyavardhaka College of Engineering,Mysore,Karnataka
Vidyavardhaka Law College,Mysore,Karnataka
Vidyavardhika F.G. College,Mysore,Karnataka
Vidyavardhini’s College of Engineering & Technology,Palghar,Maharashtra
Vidyavati Mukand Lal Girls College,,Uttar Pradesh
Vidyawati Devi Mahavidhyalaya,Kushinagar,Uttar Pradesh
Vidyawati Devi Mahavidyalaya,Allahabad,Uttar Pradesh
Vidyodaya College of Arts and Commerce,Mysore,Karnataka
Vidyodaya Law college,,Karnataka
Vidyottama Kanya Mahavidyalaya,,Uttar Pradesh
Vignan Degree College,Guntur,Andhra Pradesh
Vignan Institute of Pharmaceutical Technology,Visakhapatnam,Andhra Pradesh
Vignan Institute of Technology & Science,,Telangana
Vignan Pharmacy College,Guntur,Andhra Pradesh
Vignan's Institute of Management and Technology for Women,Anantapur,Andhra Pradesh
Vignan’s Institute of Engineering for Women,Visakhapatnam,Andhra Pradesh
Vignan’s Institute of Information Technology,Visakhapatnam,Andhra Pradesh
Vignan’s Institute of Management and Technology for Women,,Telangana
Vignan’s Lara Institute of Technology & Science,Guntur,Andhra Pradesh
Vignan’s Nirula Institute of Technology & Science for Women,,Andhra Pradesh
Vignana Bharathi Institute of Technology,,Telangana
Vijaneshwara Government Law College (Martur),,Karnataka
Vijay College of Education,,Uttar Pradesh
Vijay College of Education for Women,,Telangana
Vijay College of Fine Arts,,Karnataka
Vijay Degree College,,Uttar Pradesh
Vijay Shikshan Prasarak Mandal’s Dagdojirao Deshmukh Arts Commerce and Science College,,Maharashtra
Vijay Singh Pathik Rajkiya Mahavidyalaya,,Uttar Pradesh
Vijay Vidrohi Krantikari Shikshan Sansthan,,Uttar Pradesh
Vijaya College,,Karnataka
Vijaya College,,Karnataka
Vijaya First Grade College,,Karnataka
Vijaya Institute of Pharmaceutical Sciences for Women,,Andhra Pradesh
Vijaya Institute of Pharmaceutical Sciences for Women,Vijayawada,Andhra Pradesh
Vijaya Institute Technology for Women,,Andhra Pradesh
Vijaya Mahantesh Krupaposhit S.R. Vastrad Arts Science & Vijay Shankarappa Bellihal Commerce College,,Karnataka
Vijaya Raje Government Girls Post-Graduate College,,Madhya Pradesh
Vijayam Science and Arts Degree College,Chittoor,Andhra Pradesh
Vijayanagar College,,Karnataka
Vijayaraje Institute of Science & Management,Gwalior,Madhya Pradesh
Vijaygarh Jyotish Ray College,,West Bengal
Vijaynagar Arts College,,Gujarat
Vikas College of Engineering & Technology,Krishna,Andhra Pradesh
Vikas College of Engineering & Technology,,Andhra Pradesh
Vikas Group of Institutions,,Andhra Pradesh
Vikas Parishad’s Mandre College of Commerce Economics and Management,,Goa
Vikayal Vikrama Rai Mahila Mahavidyalaya,Azamgarh,Uttar Pradesh
Vikram Dev College,,Odisha
Vikram Singh Kanya Mahavidyalaya.,Chandauli,Uttar Pradesh
Vikram Singh Kanya Mahavidyalya,,Uttar Pradesh
Vikramjit Singh Sanatan Dharam College,,Uttar Pradesh
Villa Marie Degree College for Women,Hyderabad,Telangana
Vimal Jyothi Engineering College,Kannur,Kerala
Vimal Muni College of Education,Jammu,Jammu and Kashmir
Vimala College,,Kerala
Vimla Devi Harihar Singh Smarak Mahila Mahavidyalaya,Bara Banki,Uttar Pradesh
Vimla Ramashankar Mahavidyalaya,Ghazipur,Uttar Pradesh
Vimla Rani Bhargava Degree College,,Uttar Pradesh
Vimla Vikram Mahavidyalaya,,Uttar Pradesh
Vimla Yadav Mahavidyalaya,,Uttar Pradesh
Vinayak College,Bijnor,Uttar Pradesh
Vinayak College,,Rajasthan
Vinayak P.G. College,Sikar,Rajasthan
Vinayak Vidyapeeth,,Uttar Pradesh
Vinayakrao Patil Mahavidyalaya,,Maharashtra
Vinda Pal Ugrasen Pal Mahavidyalaya,Sant Kabir Nagar,Uttar Pradesh
Vindhya Gurukul College,Mirzapur,Uttar Pradesh
Vindhya Kanya Mahavidyalaya,,Uttar Pradesh
Vindhya Mahila Mahavidhyalaya,Mirzapur,Uttar Pradesh
Vindhya Vasini (+3) College,,Odisha
Vindhyachal Ji (Girls) College,Ghazipur,Uttar Pradesh
Vindhyanchal College,Satna,Madhya Pradesh
Vindhyavasini Mahavidhyalaya,Mirzapur,Uttar Pradesh
Vindhyavasini Prasad Vidyakant Pandit Mahavidyalaya,Allahabad,Uttar Pradesh
Vinijya Mahavidyalaya,Satna,Madhya Pradesh
Vinod Kumar Mahila Mahavidyalaya,Sultanpur,Uttar Pradesh
Vinodani College,,Rajasthan
Vinutana Shikshana Seva Samsthe,,Bihar
Vipra Arts Commerce and Physical Education Mahavidyalaya,,Chhattisgarh
Vir Bahadur Singh Degree College,,Uttar Pradesh
Vir Bahadur Singh Government Degree College,,Uttar Pradesh
Vir Hanumanjew Degree Mahavidyalaya,Kendrapara,Odisha
Virangana Avanti Bai Govt. College,,Chhattisgarh
Virangana Avanti Bai Lodhi Degree College,Hardoi,Uttar Pradesh
Virangna Avantibai Government Degree College,,Uttar Pradesh
Virendra Bahadur Mahila Mahavidyalaya,Pratapgarh,Uttar Pradesh
Virendra Mahavidyalaya,Ghazipur,Uttar Pradesh
Virendra Mithileshwar Mahavidyalaya,Siddharthnagar,Uttar Pradesh
Virendra Nath Shukla Institute of Education & Technlogy,,Uttar Pradesh
Virendra Singh Ramvati Memorial Mahavidyalaya,Hardoi,Uttar Pradesh
Virudhunagar Hindu Nadars Senthikumara Nadar College,,Tamil Nadu
Visakha Govt. Degree College for Women's,Visakhapatnam,Andhra Pradesh
Visakha Institute of Engineering and Technology,Visakhapatnam,Andhra Pradesh
Vishal Kanya Degree College,Bareilly,Uttar Pradesh
Visheshwar Dayal Mahavidyalaya,Sitapur,Uttar Pradesh
Vishnu Institute of Pharmaceutical Education & Research,Medak,Telangana
Vishnu Institute of Technology,West Godavari,Andhra Pradesh
Vishveshwarya Group of Institutions,,Uttar Pradesh
Vishveswarya College of Law,,Uttar Pradesh
Vishwa Bharathi College of Engineering,,Telangana
Vishwa Bharathi P.G. College of Engineering & Management,,Telangana
Vishwa Nath Prasad Mahavidyalaya,,Uttar Pradesh
Vishwa Nath Rai Kakand Degree College,,Uttar Pradesh
Vishwa Vishwani Institute of Systems and Management,Hyderabad,Telangana
Vishwa Vishwani School of Business,,Telangana
Vishwakarma Mahavidyalaya,Aligarh,Uttar Pradesh
Vishwanath Singh Mahavidyalaya,,Uttar Pradesh
Vishwanathrao Deshpande Rural Institute of Technology,,Karnataka
Vishwashanti Foundation’s Oxford College of Commerce,,Karnataka
Vishwashanti Foundation’s Oxford College of Computer Applications,,Karnataka
Vishwasrao Naik Arts Commerce and Baba Naik Science Mahavidyalaya,,Maharashtra
Vishwavidyalaya Engineering College,Surguja,Chhattisgarh
Vishweshwar Education Society’s Western College of Commerce and Business Management,,Maharashtra
Visthapit Mahavidyalaya,,Jharkhand
Visvesvaraya College of Engineering & Technology,,Telangana
Visveswarapura College of Arts and Commerce,,Karnataka
Visveswarapura College of Science,,Karnataka
Visveswarapura Evening College of Arts & Commerce,,Karnataka
Visvodaya Engineering College,Sri Potti Sriramulu Nellore,Andhra Pradesh
Visvodaya Govt. College,Sri Potti Sriramulu Nellore,Andhra Pradesh
Viswajyothi College of Engineering & Technology,Ernakulam,Kerala
Viswam Engineering College,Chittoor,Andhra Pradesh
Viswavani College of Education,Kurnool,Andhra Pradesh
Vithalrao Patil Mahavidyalaya (Arts Commerce & Science),,Maharashtra
Vithalrao Shinde Arts College,,Maharashtra
Vitthalbhai Patel and Rajratna P.T. Patel Science College,,Gujarat
Vivek College of Education,,Uttar Pradesh
Vivek College of Law,Bijnor,Uttar Pradesh
Vivek Education Soceity’s Vivek College of Commerce,,Maharashtra
Vivek P.G. Mahavidyalaya,Jaipur,Rajasthan
Vivek Vardhini (Afternoon) College of Arts,,Telangana
Vivek Vardhini College,,Telangana
Vivekanand Arts College,,Gujarat
Vivekanand Arts  Sardar Dalipsingh Commerce & Science College,,Maharashtra
Vivekanand Colleg of Arts Science and Commerce,,Karnataka
Vivekanand College,,Maharashtra
Vivekanand College,,West Bengal
Vivekanand College for Women,,West Bengal
Vivekanand College of Commerce,,Gujarat
Vivekanand College of Education,,Gujarat
Vivekanand College of Law,,Gujarat
Vivekanand College of Law,,Gujarat
Vivekanand College of Nursing,Moradabad,Uttar Pradesh
Vivekanand Education Society Institute of Management Studies & Research 495-497,Mumbai,Maharashtra
Vivekanand Education Society's College of Arts Science & Commerce,,Maharashtra
Vivekanand Education Society’s College of Pharmacy,Mumbai,Maharashtra
Vivekanand Education Society’s Institute of Technology,Mumbai,Maharashtra
Vivekanand Education Society’s College of Architecture,Mumbai,Maharashtra
Vivekanand Gramoudyog M. Degree College,,Uttar Pradesh
Vivekanand Institute of Hotel & Tourism Management,,Gujarat
Vivekanand Institute of Management and Technology,,Uttar Pradesh
Vivekanand Institute of Technology & Science,,Uttar Pradesh
Vivekanand Law College,,Karnataka
Vivekanand Mahavidyalaya,,Uttar Pradesh
Vivekanand Mahavidyalaya,,Maharashtra
Vivekanand Mahavidyalaya,,Uttar Pradesh
Vivekanand Mahavidyalaya,Raipur,Chhattisgarh
Vivekanand Setavarsiki Mahavidyalaya,,West Bengal
Vivekanand Vinijya Mahavidyalaya,,Gujarat
Vivekananda College,,Tamil Nadu
Vivekananda College,,West Bengal
Vivekananda College,,Delhi
Vivekananda College,,West Bengal
Vivekananda College,,Tamil Nadu
Vivekananda College of Arts & Science for Women,,Tamil Nadu
Vivekananda College of Education,Aligarh,Uttar Pradesh
Vivekananda College of Education,Jammu,Jammu and Kashmir
Vivekananda College of Education,,Karnataka
Vivekananda Degree College,,Karnataka
Vivekananda Institute of Education,Raipur,Chhattisgarh
Vivekananda Institute of Management Studies,Coimbatore,Tamil Nadu
Vivekananda Institute of Professional Studies,New Delhi,Delhi
Vivekananda Institute of Social Work And Social Sciences (VISWASS),,Odisha
Vivekananda Mahavidyalaya,,West Bengal
Vivekananda Mahavidyalaya,,West Bengal
Vivekananda Mission Mahavidyaloaya,,West Bengal
Vivekanandha Arts & Science College for Women,Salem,Tamil Nadu
Vivekanandha College for Women,Namakkal,Tamil Nadu
Vivekanandha College of Arts and Science for Women,,Tamil Nadu
Vivekanandha College of Engineering for Women,,Tamil Nadu
Vivekanandha College of Technology for Women,Namakkal,Tamil Nadu
Vivekanandha Institute of Engineering and Technologyfor Women,Namakkal,Tamil Nadu
Vivekanandha Institute of Information and Management Studies,Namakkal,Tamil Nadu
Vivekannanda Govt. College,,Telangana
VKR VNB & AGK College of Engineering,,Andhra Pradesh
VMV Commerce JMT Arts & JJP Science College,,Maharashtra
VNS Institute of Management,,Madhya Pradesh
Voorhees College,,Tamil Nadu
VSB College of Engineering Technical Campus,Coimbatore,Tamil Nadu
VSM College of Engineering,East Godavari,Andhra Pradesh
VSPM’s Dental College & Research Center,Nagpur,Maharashtra
VSPM’s Madhuribai Deshmukh Institute  of Nursing Education,Nagpur,Maharashtra
VVS'S Shri Khasgastesh College of Arts & Commerce,,Karnataka
Vyas Institute of Engineering and Technology,Jodhpur,Rajasthan
Vyasa Arts & Science Women’s College,,Tamil Nadu
Vyasnagar College,,Odisha
Vyavasayi Vidya Pratishthan Sanchalit Indubhai Parekh School of Architecture,Rajkot,Gujarat
Vysya College,Salem,Tamil Nadu
W.K. Bhagini Seva Mandal's Arts & Commerce College for women,,Maharashtra
Wada Nirmiti Educational Society Wada College of Management & Science,Palghar,Maharashtra
Wada Nirmiti Educational Society’s Vidya Varidhi Degree College of Arts Commerce & Science,,Maharashtra
Waghire College of Arts Commerce and Science,Pune,Maharashtra
Waikhom Mani Girl's College,,Manipur
Wainganga College of Engineering and Management,Nagpur,Maharashtra
Walchand College of Arts and Science,,Maharashtra
Walchand College of Engineering,,Maharashtra
Walchand Institute of Technology,,Maharashtra
Walther Degree College,,Uttar Pradesh
Wangcha Rajkumar Govt. College,,Arunachal Pradesh
Wangkhao Government College,,Nagaland
Warana Mahavidyalaya,Sangli,Maharashtra
Wassem Turki Muslim Degree College,,Uttar Pradesh
Wavoo Wajeeha Women’s College of Arts & Science,Thoothukkudi,Tamil Nadu
Waymade College of Education (English Medium),,Gujarat
Wazir Ram Singh Government College,,Himachal Pradesh
Weeta College of Education,Kashmir,Jammu and Kashmir
Wesley Degree College (Co-Eduation),,Telangana
West Goalpara College,Goalpara,Assam
West Godavari Institute of Science and Engineering (PD),,Andhra Pradesh
West Silchar College,Cachar,Assam
Western College,,Manipur
Williamnagar Government College,,Meghalaya
Willingdon College,,Maharashtra
Wilson College,,Maharashtra
Wilsonia Degree College,,Uttar Pradesh
Wisdom Education College,Moradabad,Uttar Pradesh
Wisdom Women’s College of Arts and Science,,Tamil Nadu
WMO Arts & Science College,,Kerala
Women College of Home Science & BCA,,Gujarat
Women's Christian College,,Tamil Nadu
Women's Christian College,,West Bengal
Women's Christian College,,Tamil Nadu
Women's College,,Odisha
Women's College,,Odisha
Women's College,,Odisha
Women's College,Tinsukia,Assam
Women's College,,Tripura
Women's College,,West Bengal
Women's College,,Odisha
Women's College,Cachar,Assam
Women's College,,Telangana
Women's College,,Meghalaya
Women's College of Arts Commerce & Computer Application,,Maharashtra
Women’s College,,Odisha
Women’s College of Arts and Commerce,,Maharashtra
Women’s University College of Education,,Tamil Nadu
Wular Valley College of Education,Kashmir,Jammu and Kashmir
Xavier Institute of Engineering,Mumbai,Maharashtra
XITE Gamharia,Saraikela-Kharsawan,Jharkhand
Y.A. Govt. College for Women,Prakasam,Andhra Pradesh
Y.D.D. Govt. First Grade College,,Karnataka
Y.K. College,,Manipur
Y.M.C.A. College of Physical Education,,Tamil Nadu
Y.S.L. College of Education,,Uttar Pradesh
Y.V. Rao Siddhartha College of Education,Krishna,Andhra Pradesh
Yadaorao Poshattiwar Arts College,,Maharashtra
Yadav Deshmukh V.D. Arts & Commerce college,,Maharashtra
Yadava College,,Tamil Nadu
Yadunandan – Pavitri Degree College,,Bihar
Yadunandan College,,Bihar
Yairipok Universal College,Thoubal,Manipur
Yashaswi Education Society’s International Institute of Management Science,Pune,Maharashtra
Yashavantrao Chavan Institute of Science,,Maharashtra
Yashawantrao Chavan College,,Maharashtra
Yashika Kanya Degree College,Moradabad,Uttar Pradesh
Yashoda Girls Arts & Commerce College,,Maharashtra
Yashoda Mahavidyalaya,Jaunpur,Uttar Pradesh
Yashoda Nandan Haribans Mahavidyalaya,,Uttar Pradesh
Yashraj Institute of Professional Studies,,Uttar Pradesh
Yashvant Rao Meghawale Government College,Dhamtari,Chhattisgarh
Yashwant Mahavidyalaya,,Maharashtra
Yashwant Rao Chavan College of Arts Commerce & Science,,Maharashtra
Yashwant Rao Chavan Mahavidyalaya,,Maharashtra
Yashwantrao Chavan Arts and Commerce College,,Maharashtra
Yashwantrao Chavan Arts and Science Mahavidyalaya,,Maharashtra
Yashwantrao Chavan College of Science,,Maharashtra
Yashwantrao Chavan Mahavidyalaya,,Maharashtra
Yashwantrao Chavan Mahavidyalaya,,Maharashtra
Yashwantrao Chavan Mahavidyalaya,,Maharashtra
Yashwantrao Chavan School of Social Work,,Maharashtra
Yashwantrao Chavan Shikshan Prasarak Mandal’s Dadasaheb Digamber Shankar Patil Arts Commerce & Science College,,Maharashtra
Yashwantrao Chavan Warana Mahavidyalaya,,Maharashtra
Yashwantrao Chawhan Mahavidyalaya,,Maharashtra
Yashwantrao Gudadhe (Patil) Memorial College of Arts Commerce and Science,,Maharashtra
Yashwantrao Mohite College of Arts Science and Commerce,Pune,Maharashtra
Yasin Meo College,,Haryana
Yerneni Venkata Nageswara Rao Govt Degree College,Krishna,Andhra Pradesh
Yeshwant College of Information Technology,,Maharashtra
Yeshwant Mahavidyalaya,,Maharashtra
Yeshwant Mahavidyalaya,,Maharashtra
Yeshwantrao Chavan College of Engineering,,Maharashtra
Yingli College,,Nagaland
YMS Degree College,,Uttar Pradesh
Yogender Mahavidyalaya,Azamgarh,Uttar Pradesh
Yogeshwari Mahavidyalaya,,Maharashtra
Yogiji Maharaj Mahavidyalaya Mahila Arts & Commerce College,,Gujarat
Yogiraj Shri Krishna Mahavidyalaya,Aligarh,Uttar Pradesh
Yogoda Satsanga Mahavidyalaya,,Jharkhand
Yogoda Satsanga Palpara Mahavidyalaya,Purba Medinipur,West Bengal
Younus College of Engineering & Technology,,Kerala
Youth Education and Welfare Society’s National Senior College,Nashik,Maharashtra
YSR Vivekananda Government Degree College,,Andhra Pradesh
Yuvakshetra Institute of Management Studies,,Kerala
Yuvaraja’s College (Autonomous),Mysore,Karnataka
Yuvraj Dutt (PG) College,,Uttar Pradesh
Yuvraj Subhaghsinghji Arts and Sri K.S. Commerce College,,Gujarat
Z.A. Islamic College,,Bihar
Z.F. Wadia Women's College & N.K. Johata College of Commerce,,Gujarat
Zagdu Singh Charitable Trust’s Thakur College of Engineering & Technology,Mumbai,Maharashtra
Zagdu Singh Charitable Trust’s Thakur Institute of Management Studies & Research,Mumbai,Maharashtra
Zakir Hussain College (Evening Classes),,Delhi
Zakir Hussain Delhi College,,Delhi
Zamorin's Guruvayurappan College,,Kerala
Zeal Education Society’s Zeal College of Engineering and Research,Pune,Maharashtra
Zirtri Government Women's College,,Mizoram
Zisaji Presidency College,,Nagaland
Zunhebota Govt. College,,Nagaland
Zunheboto Government College,,Nagaland
